num_crops,global_id,identity_key,label,true_label,camera,camera_id,scene,object_type,is_occluded,occluded_crop_ratio,start_frame,end_frame,example_crop_path,track_id,cluster_label,cluster_as_identity,cluster_purity,is_noise,is_misclustered,x,y,x3d,y3d,z3d
61,Person_0000,Hospital_000__Person_0000,0,0,Camera,0,Hospital_000,Person,1,0.4918032786885246,0,4200,/pfs/data6/home/st/st_us-053000/st_st191959/DL-Lab/DataSet/MTMC_Tracking_2025_Preprocessed/val/Hospital_000/crops/Person_0000/Camera/Person_0000_Camera_f000000_r003.jpg,None,32,Hospital_000__Person_0000,0.6086956521739131,False,False,0.6922187,-0.22563675,0.6922177,-0.22563693,-0.04275182
336,Person_0000,Hospital_000__Person_0000,0,0,Camera_03,13,Hospital_000,Person,1,0.6666666666666666,0,7950,/pfs/data6/home/st/st_us-053000/st_st191959/DL-Lab/DataSet/MTMC_Tracking_2025_Preprocessed/val/Hospital_000/crops/Person_0000/Camera_03/Person_0000_Camera_03_f000000_r006.jpg,None,32,Hospital_000__Person_0000,0.6086956521739131,False,False,0.4688178,-0.24719843,0.46881777,-0.2472024,-0.06518604
3,Person_0000,Hospital_000__Person_0000,0,0,Camera_04,14,Hospital_000,Person,0,0.0,270,5850,/pfs/data6/home/st/st_us-053000/st_st191959/DL-Lab/DataSet/MTMC_Tracking_2025_Preprocessed/val/Hospital_000/crops/Person_0000/Camera_04/Person_0000_Camera_04_f000270_r003.jpg,None,32,Hospital_000__Person_0000,0.6086956521739131,False,False,0.7535086,-0.1597724,0.7535083,-0.15976542,-0.1068962
447,Person_0000,Hospital_000__Person_0000,0,0,Camera_05,15,Hospital_000,Person,1,0.6532438478747203,300,8970,/pfs/data6/home/st/st_us-053000/st_st191959/DL-Lab/DataSet/MTMC_Tracking_2025_Preprocessed/val/Hospital_000/crops/Person_0000/Camera_05/Person_0000_Camera_05_f000300_r003.jpg,None,32,Hospital_000__Person_0000,0.6086956521739131,False,False,0.5929569,-0.21499136,0.5929566,-0.2150002,-0.02038855
736,Person_0000,Hospital_000__Person_0000,0,0,Camera_06,16,Hospital_000,Person,1,0.6657608695652174,0,8940,/pfs/data6/home/st/st_us-053000/st_st191959/DL-Lab/DataSet/MTMC_Tracking_2025_Preprocessed/val/Hospital_000/crops/Person_0000/Camera_06/Person_0000_Camera_06_f000000_r004.jpg,None,32,Hospital_000__Person_0000,0.6086956521739131,False,False,0.39019635,-0.24521561,0.3901963,-0.245219,-0.031806123
291,Person_0000,Hospital_000__Person_0000,0,0,Camera_08,18,Hospital_000,Person,1,0.4329896907216495,270,8970,/pfs/data6/home/st/st_us-053000/st_st191959/DL-Lab/DataSet/MTMC_Tracking_2025_Preprocessed/val/Hospital_000/crops/Person_0000/Camera_08/Person_0000_Camera_08_f000270_r003.jpg,None,32,Hospital_000__Person_0000,0.6086956521739131,False,False,0.6195451,-0.24002749,0.619545,-0.24004428,0.008374234
875,Person_0000,Hospital_000__Person_0000,0,0,Camera_09,19,Hospital_000,Person,1,0.6651428571428571,150,8970,/pfs/data6/home/st/st_us-053000/st_st191959/DL-Lab/DataSet/MTMC_Tracking_2025_Preprocessed/val/Hospital_000/crops/Person_0000/Camera_09/Person_0000_Camera_09_f000150_r005.jpg,None,32,Hospital_000__Person_0000,0.6086956521739131,False,False,0.45484957,-0.2926327,0.4548496,-0.29263636,-0.058810934
11,Person_0000,Hospital_000__Person_0000,0,0,Camera_20,30,Hospital_000,Person,1,0.5454545454545454,1020,4230,/pfs/data6/home/st/st_us-053000/st_st191959/DL-Lab/DataSet/MTMC_Tracking_2025_Preprocessed/val/Hospital_000/crops/Person_0000/Camera_20/Person_0000_Camera_20_f001020_r003.jpg,None,32,Hospital_000__Person_0000,0.6086956521739131,False,False,0.6416352,-0.13762559,0.64163464,-0.13762093,-0.24391596
756,Person_0000,Hospital_000__Person_0000,0,0,Camera_22,32,Hospital_000,Person,1,0.6613756613756614,210,8970,/pfs/data6/home/st/st_us-053000/st_st191959/DL-Lab/DataSet/MTMC_Tracking_2025_Preprocessed/val/Hospital_000/crops/Person_0000/Camera_22/Person_0000_Camera_22_f000210_r004.jpg,None,32,Hospital_000__Person_0000,0.6086956521739131,False,False,0.51728547,-0.2415925,0.51728547,-0.24159956,-0.031545877
2,Person_0000,Hospital_000__Person_0000,0,0,Camera_23,33,Hospital_000,Person,0,0.0,3660,4200,/pfs/data6/home/st/st_us-053000/st_st191959/DL-Lab/DataSet/MTMC_Tracking_2025_Preprocessed/val/Hospital_000/crops/Person_0000/Camera_23/Person_0000_Camera_23_f003660_r006.jpg,None,32,Hospital_000__Person_0000,0.6086956521739131,False,False,0.6627007,-0.20481119,0.6627007,-0.20480438,-0.083038
805,Person_0000,Hospital_000__Person_0000,0,0,Camera_24,34,Hospital_000,Person,1,0.6658385093167701,0,8970,/pfs/data6/home/st/st_us-053000/st_st191959/DL-Lab/DataSet/MTMC_Tracking_2025_Preprocessed/val/Hospital_000/crops/Person_0000/Camera_24/Person_0000_Camera_24_f000000_r011.jpg,None,32,Hospital_000__Person_0000,0.6086956521739131,False,False,0.5372337,-0.23276688,0.53723377,-0.23277435,-0.028136874
738,Person_0000,Hospital_000__Person_0000,0,0,Camera_26,36,Hospital_000,Person,1,0.6666666666666666,240,8970,/pfs/data6/home/st/st_us-053000/st_st191959/DL-Lab/DataSet/MTMC_Tracking_2025_Preprocessed/val/Hospital_000/crops/Person_0000/Camera_26/Person_0000_Camera_26_f000240_r003.jpg,None,32,Hospital_000__Person_0000,0.6086956521739131,False,False,0.4863855,-0.2579516,0.48638573,-0.2579623,-0.025172736
105,Person_0000,Hospital_000__Person_0000,0,0,Camera_27,37,Hospital_000,Person,1,0.05714285714285714,270,8970,/pfs/data6/home/st/st_us-053000/st_st191959/DL-Lab/DataSet/MTMC_Tracking_2025_Preprocessed/val/Hospital_000/crops/Person_0000/Camera_27/Person_0000_Camera_27_f000270_r002.jpg,None,32,Hospital_000__Person_0000,0.6086956521739131,False,False,0.69869703,-0.22188674,0.69869673,-0.22190076,0.025230912
57,Person_0000,Hospital_000__Person_0000,0,0,Camera_31,41,Hospital_000,Person,1,0.6666666666666666,0,4140,/pfs/data6/home/st/st_us-053000/st_st191959/DL-Lab/DataSet/MTMC_Tracking_2025_Preprocessed/val/Hospital_000/crops/Person_0000/Camera_31/Person_0000_Camera_31_f000000_r002.jpg,None,32,Hospital_000__Person_0000,0.6086956521739131,False,False,0.32227653,-0.26546636,0.3222766,-0.265473,-0.039385717
1,Person_0001,Hospital_000__Person_0001,1,1,Camera_03,13,Hospital_000,Person,0,0.0,6720,6720,/pfs/data6/home/st/st_us-053000/st_st191959/DL-Lab/DataSet/MTMC_Tracking_2025_Preprocessed/val/Hospital_000/crops/Person_0001/Camera_03/Person_0001_Camera_03_f006720_r005.jpg,None,-1,NOISE,0.0,True,False,0.60622084,-0.11160485,0.6062205,-0.11158552,-0.23547362
325,Person_0001,Hospital_000__Person_0001,1,1,Camera_04,14,Hospital_000,Person,1,0.6646153846153846,150,8970,/pfs/data6/home/st/st_us-053000/st_st191959/DL-Lab/DataSet/MTMC_Tracking_2025_Preprocessed/val/Hospital_000/crops/Person_0001/Camera_04/Person_0001_Camera_04_f000150_r002.jpg,None,45,Hospital_000__Person_0001,1.0,False,False,0.48810518,-0.46683303,0.48810512,-0.46682566,-0.10987762
115,Person_0001,Hospital_000__Person_0001,1,1,Camera_07,17,Hospital_000,Person,1,0.5565217391304348,210,8970,/pfs/data6/home/st/st_us-053000/st_st191959/DL-Lab/DataSet/MTMC_Tracking_2025_Preprocessed/val/Hospital_000/crops/Person_0001/Camera_07/Person_0001_Camera_07_f000210_r000.jpg,None,45,Hospital_000__Person_0001,1.0,False,False,0.5528107,-0.42001843,0.5528102,-0.42000526,-0.13608979
414,Person_0001,Hospital_000__Person_0001,1,1,Camera_10,20,Hospital_000,Person,1,0.6666666666666666,0,8970,/pfs/data6/home/st/st_us-053000/st_st191959/DL-Lab/DataSet/MTMC_Tracking_2025_Preprocessed/val/Hospital_000/crops/Person_0001/Camera_10/Person_0001_Camera_10_f000000_r001.jpg,None,45,Hospital_000__Person_0001,1.0,False,False,0.37639782,-0.46704125,0.37639776,-0.4670435,-0.038767625
561,Person_0001,Hospital_000__Person_0001,1,1,Camera_16,26,Hospital_000,Person,1,0.6666666666666666,0,8460,/pfs/data6/home/st/st_us-053000/st_st191959/DL-Lab/DataSet/MTMC_Tracking_2025_Preprocessed/val/Hospital_000/crops/Person_0001/Camera_16/Person_0001_Camera_16_f000000_r001.jpg,None,45,Hospital_000__Person_0001,1.0,False,False,0.36586022,-0.5098619,0.36586016,-0.5098575,-0.077071995
8,Person_0001,Hospital_000__Person_0001,1,1,Camera_19,29,Hospital_000,Person,0,0.0,4800,8850,/pfs/data6/home/st/st_us-053000/st_st191959/DL-Lab/DataSet/MTMC_Tracking_2025_Preprocessed/val/Hospital_000/crops/Person_0001/Camera_19/Person_0001_Camera_19_f004800_r002.jpg,None,45,Hospital_000__Person_0001,1.0,False,False,0.6971872,-0.41715956,0.6971868,-0.41714108,-0.10502486
697,Person_0001,Hospital_000__Person_0001,1,1,Camera_21,31,Hospital_000,Person,1,0.6140602582496413,0,8970,/pfs/data6/home/st/st_us-053000/st_st191959/DL-Lab/DataSet/MTMC_Tracking_2025_Preprocessed/val/Hospital_000/crops/Person_0001/Camera_21/Person_0001_Camera_21_f000000_r002.jpg,None,45,Hospital_000__Person_0001,1.0,False,False,0.53759277,-0.4367312,0.5375924,-0.43672523,-0.12852764
275,Person_0001,Hospital_000__Person_0001,1,1,Camera_23,33,Hospital_000,Person,1,0.6545454545454545,0,6750,/pfs/data6/home/st/st_us-053000/st_st191959/DL-Lab/DataSet/MTMC_Tracking_2025_Preprocessed/val/Hospital_000/crops/Person_0001/Camera_23/Person_0001_Camera_23_f000000_r004.jpg,None,45,Hospital_000__Person_0001,1.0,False,False,0.47487605,-0.46305838,0.47487572,-0.46305567,-0.12473988
7,Person_0001,Hospital_000__Person_0001,1,1,Camera_24,34,Hospital_000,Person,0,0.0,420,6720,/pfs/data6/home/st/st_us-053000/st_st191959/DL-Lab/DataSet/MTMC_Tracking_2025_Preprocessed/val/Hospital_000/crops/Person_0001/Camera_24/Person_0001_Camera_24_f000420_r008.jpg,None,45,Hospital_000__Person_0001,1.0,False,False,0.7217969,-0.3449217,0.7217967,-0.3449006,-0.13355462
144,Person_0001,Hospital_000__Person_0001,1,1,Camera_25,35,Hospital_000,Person,1,0.6666666666666666,3360,6720,/pfs/data6/home/st/st_us-053000/st_st191959/DL-Lab/DataSet/MTMC_Tracking_2025_Preprocessed/val/Hospital_000/crops/Person_0001/Camera_25/Person_0001_Camera_25_f003360_r001.jpg,None,45,Hospital_000__Person_0001,1.0,False,False,0.47709668,-0.45959774,0.47709644,-0.4595982,-0.08631132
82,Person_0001,Hospital_000__Person_0001,1,1,Camera_28,38,Hospital_000,Person,1,0.14634146341463414,420,7470,/pfs/data6/home/st/st_us-053000/st_st191959/DL-Lab/DataSet/MTMC_Tracking_2025_Preprocessed/val/Hospital_000/crops/Person_0001/Camera_28/Person_0001_Camera_28_f000420_r003.jpg,None,45,Hospital_000__Person_0001,1.0,False,False,0.58632505,-0.4265268,0.58632463,-0.42651334,-0.13764031
589,Person_0001,Hospital_000__Person_0001,1,1,Camera_29,39,Hospital_000,Person,1,0.66553480475382,90,8970,/pfs/data6/home/st/st_us-053000/st_st191959/DL-Lab/DataSet/MTMC_Tracking_2025_Preprocessed/val/Hospital_000/crops/Person_0001/Camera_29/Person_0001_Camera_29_f000090_r001.jpg,None,45,Hospital_000__Person_0001,1.0,False,False,0.4435275,-0.47685626,0.44352725,-0.4768518,-0.09794465
69,Person_0001,Hospital_000__Person_0001,1,1,Camera_30,40,Hospital_000,Person,1,0.6666666666666666,5670,6630,/pfs/data6/home/st/st_us-053000/st_st191959/DL-Lab/DataSet/MTMC_Tracking_2025_Preprocessed/val/Hospital_000/crops/Person_0001/Camera_30/Person_0001_Camera_30_f005670_r002.jpg,None,45,Hospital_000__Person_0001,1.0,False,False,0.34812278,-0.46345648,0.34812275,-0.46346834,-0.04514676
12,Person_0002,Hospital_000__Person_0002,2,2,Camera,0,Hospital_000,Person,1,0.6666666666666666,0,90,/pfs/data6/home/st/st_us-053000/st_st191959/DL-Lab/DataSet/MTMC_Tracking_2025_Preprocessed/val/Hospital_000/crops/Person_0002/Camera/Person_0002_Camera_f000000_r000.jpg,None,-1,NOISE,0.0,True,False,-0.09199947,-0.07969629,-0.091999345,-0.07971299,-0.029450983
293,Person_0002,Hospital_000__Person_0002,2,2,Camera_03,13,Hospital_000,Person,1,0.6075085324232082,1440,8970,/pfs/data6/home/st/st_us-053000/st_st191959/DL-Lab/DataSet/MTMC_Tracking_2025_Preprocessed/val/Hospital_000/crops/Person_0002/Camera_03/Person_0002_Camera_03_f001440_r000.jpg,None,56,Hospital_000__Person_0002,0.9411764705882353,False,False,0.6410891,-0.024527496,0.64108896,-0.024529012,-0.0059161102
303,Person_0002,Hospital_000__Person_0002,2,2,Camera_04,14,Hospital_000,Person,1,0.5478547854785478,480,8970,/pfs/data6/home/st/st_us-053000/st_st191959/DL-Lab/DataSet/MTMC_Tracking_2025_Preprocessed/val/Hospital_000/crops/Person_0002/Camera_04/Person_0002_Camera_04_f000480_r000.jpg,None,56,Hospital_000__Person_0002,0.9411764705882353,False,False,0.68037605,0.010129797,0.68037593,0.0101308115,-0.016808676
178,Person_0002,Hospital_000__Person_0002,2,2,Camera_05,15,Hospital_000,Person,1,0.5617977528089888,3780,8850,/pfs/data6/home/st/st_us-053000/st_st191959/DL-Lab/DataSet/MTMC_Tracking_2025_Preprocessed/val/Hospital_000/crops/Person_0002/Camera_05/Person_0002_Camera_05_f003780_r000.jpg,None,56,Hospital_000__Person_0002,0.9411764705882353,False,False,0.6129588,-0.05374519,0.6129587,-0.053751748,-0.0419204
30,Person_0002,Hospital_000__Person_0002,2,2,Camera_07,17,Hospital_000,Person,1,0.6666666666666666,510,780,/pfs/data6/home/st/st_us-053000/st_st191959/DL-Lab/DataSet/MTMC_Tracking_2025_Preprocessed/val/Hospital_000/crops/Person_0002/Camera_07/Person_0002_Camera_07_f000510_r000.jpg,None,56,Hospital_000__Person_0002,0.9411764705882353,False,False,0.59438115,0.0065606413,0.59438086,0.006564669,-0.10089223
531,Person_0002,Hospital_000__Person_0002,2,2,Camera_08,18,Hospital_000,Person,1,0.6666666666666666,810,8970,/pfs/data6/home/st/st_us-053000/st_st191959/DL-Lab/DataSet/MTMC_Tracking_2025_Preprocessed/val/Hospital_000/crops/Person_0002/Camera_08/Person_0002_Camera_08_f000810_r000.jpg,None,56,Hospital_000__Person_0002,0.9411764705882353,False,False,0.49512246,-0.019526621,0.4951225,-0.019542055,-0.0045217606
15,Person_0002,Hospital_000__Person_0002,2,2,Camera_16,26,Hospital_000,Person,1,0.6666666666666666,360,480,/pfs/data6/home/st/st_us-053000/st_st191959/DL-Lab/DataSet/MTMC_Tracking_2025_Preprocessed/val/Hospital_000/crops/Person_0002/Camera_16/Person_0002_Camera_16_f000360_r000.jpg,None,56,Hospital_000__Person_0002,0.9411764705882353,False,False,0.48557085,-0.045856442,0.4855708,-0.045861114,-0.017733261
426,Person_0002,Hospital_000__Person_0002,2,2,Camera_18,28,Hospital_000,Person,1,0.6666666666666666,780,8760,/pfs/data6/home/st/st_us-053000/st_st191959/DL-Lab/DataSet/MTMC_Tracking_2025_Preprocessed/val/Hospital_000/crops/Person_0002/Camera_18/Person_0002_Camera_18_f000780_r000.jpg,None,56,Hospital_000__Person_0002,0.9411764705882353,False,False,0.44157404,-0.04410513,0.441574,-0.04411251,-0.022384923
732,Person_0002,Hospital_000__Person_0002,2,2,Camera_19,29,Hospital_000,Person,1,0.6311475409836066,540,8970,/pfs/data6/home/st/st_us-053000/st_st191959/DL-Lab/DataSet/MTMC_Tracking_2025_Preprocessed/val/Hospital_000/crops/Person_0002/Camera_19/Person_0002_Camera_19_f000540_r001.jpg,None,56,Hospital_000__Person_0002,0.9411764705882353,False,False,0.58394563,-0.03994035,0.58394545,-0.03994036,-0.0653657
24,Person_0002,Hospital_000__Person_0002,2,2,Camera_21,31,Hospital_000,Person,1,0.6666666666666666,330,540,/pfs/data6/home/st/st_us-053000/st_st191959/DL-Lab/DataSet/MTMC_Tracking_2025_Preprocessed/val/Hospital_000/crops/Person_0002/Camera_21/Person_0002_Camera_21_f000330_r000.jpg,None,56,Hospital_000__Person_0002,0.9411764705882353,False,False,0.59544647,-0.07423129,0.5954461,-0.07422405,-0.11417912
277,Person_0002,Hospital_000__Person_0002,2,2,Camera_22,32,Hospital_000,Person,1,0.5848375451263538,2640,8970,/pfs/data6/home/st/st_us-053000/st_st191959/DL-Lab/DataSet/MTMC_Tracking_2025_Preprocessed/val/Hospital_000/crops/Person_0002/Camera_22/Person_0002_Camera_22_f002640_r001.jpg,None,56,Hospital_000__Person_0002,0.9411764705882353,False,False,0.6276572,-0.052261394,0.6276568,-0.052270662,-0.0053030686
34,Person_0002,Hospital_000__Person_0002,2,2,Camera_23,33,Hospital_000,Person,1,0.5882352941176471,0,390,/pfs/data6/home/st/st_us-053000/st_st191959/DL-Lab/DataSet/MTMC_Tracking_2025_Preprocessed/val/Hospital_000/crops/Person_0002/Camera_23/Person_0002_Camera_23_f000000_r000.jpg,None,56,Hospital_000__Person_0002,0.9411764705882353,False,False,0.5999167,-0.027650412,0.59991634,-0.02764842,-0.032639965
340,Person_0002,Hospital_000__Person_0002,2,2,Camera_24,34,Hospital_000,Person,1,0.5058823529411764,0,8970,/pfs/data6/home/st/st_us-053000/st_st191959/DL-Lab/DataSet/MTMC_Tracking_2025_Preprocessed/val/Hospital_000/crops/Person_0002/Camera_24/Person_0002_Camera_24_f000000_r000.jpg,None,56,Hospital_000__Person_0002,0.9411764705882353,False,False,0.65146893,-0.047096685,0.6514688,-0.047099367,-0.033771884
143,Person_0002,Hospital_000__Person_0002,2,2,Camera_26,36,Hospital_000,Person,1,0.6573426573426573,3900,8850,/pfs/data6/home/st/st_us-053000/st_st191959/DL-Lab/DataSet/MTMC_Tracking_2025_Preprocessed/val/Hospital_000/crops/Person_0002/Camera_26/Person_0002_Camera_26_f003900_r000.jpg,None,56,Hospital_000__Person_0002,0.9411764705882353,False,False,0.52538943,-0.07785629,0.5253893,-0.07785949,-0.034929708
409,Person_0002,Hospital_000__Person_0002,2,2,Camera_27,37,Hospital_000,Person,1,0.6650366748166259,690,8970,/pfs/data6/home/st/st_us-053000/st_st191959/DL-Lab/DataSet/MTMC_Tracking_2025_Preprocessed/val/Hospital_000/crops/Person_0002/Camera_27/Person_0002_Camera_27_f000690_r000.jpg,None,56,Hospital_000__Person_0002,0.9411764705882353,False,False,0.6220524,-0.022214113,0.6220524,-0.022217572,-0.06524831
42,Person_0002,Hospital_000__Person_0002,2,2,Camera_28,38,Hospital_000,Person,1,0.6666666666666666,0,390,/pfs/data6/home/st/st_us-053000/st_st191959/DL-Lab/DataSet/MTMC_Tracking_2025_Preprocessed/val/Hospital_000/crops/Person_0002/Camera_28/Person_0002_Camera_28_f000000_r000.jpg,None,56,Hospital_000__Person_0002,0.9411764705882353,False,False,0.627618,-0.036274172,0.6276177,-0.036271114,-0.03392339
15,Person_0002,Hospital_000__Person_0002,2,2,Camera_29,39,Hospital_000,Person,1,0.6666666666666666,420,570,/pfs/data6/home/st/st_us-053000/st_st191959/DL-Lab/DataSet/MTMC_Tracking_2025_Preprocessed/val/Hospital_000/crops/Person_0002/Camera_29/Person_0002_Camera_29_f000420_r000.jpg,None,56,Hospital_000__Person_0002,0.9411764705882353,False,False,0.5379396,-0.0657047,0.5379396,-0.06569828,-0.10144922
40,Person_0003,Hospital_000__Person_0003,3,3,Camera,0,Hospital_000,Person,1,0.5,930,2760,/pfs/data6/home/st/st_us-053000/st_st191959/DL-Lab/DataSet/MTMC_Tracking_2025_Preprocessed/val/Hospital_000/crops/Person_0003/Camera/Person_0003_Camera_f000930_r005.jpg,None,72,Hospital_000__Person_0003,1.0,False,False,0.6507409,-0.2244281,0.6507407,-0.22442344,0.37064272
300,Person_0003,Hospital_000__Person_0003,3,3,Camera_03,13,Hospital_000,Person,1,0.54,180,8790,/pfs/data6/home/st/st_us-053000/st_st191959/DL-Lab/DataSet/MTMC_Tracking_2025_Preprocessed/val/Hospital_000/crops/Person_0003/Camera_03/Person_0003_Camera_03_f000180_r013.jpg,None,72,Hospital_000__Person_0003,1.0,False,False,0.46496385,-0.2580349,0.46496382,-0.25803164,0.5016836
87,Person_0003,Hospital_000__Person_0003,3,3,Camera_04,14,Hospital_000,Person,1,0.39080459770114945,4200,8940,/pfs/data6/home/st/st_us-053000/st_st191959/DL-Lab/DataSet/MTMC_Tracking_2025_Preprocessed/val/Hospital_000/crops/Person_0003/Camera_04/Person_0003_Camera_04_f004200_r008.jpg,None,72,Hospital_000__Person_0003,1.0,False,False,0.6441741,-0.21861129,0.64417386,-0.21861508,0.423297
134,Person_0003,Hospital_000__Person_0003,3,3,Camera_05,15,Hospital_000,Person,1,0.47761194029850745,0,8370,/pfs/data6/home/st/st_us-053000/st_st191959/DL-Lab/DataSet/MTMC_Tracking_2025_Preprocessed/val/Hospital_000/crops/Person_0003/Camera_05/Person_0003_Camera_05_f000000_r007.jpg,None,72,Hospital_000__Person_0003,1.0,False,False,0.5610648,-0.19289632,0.561065,-0.19290428,0.49818745
266,Person_0003,Hospital_000__Person_0003,3,3,Camera_06,16,Hospital_000,Person,1,0.6541353383458647,150,3420,/pfs/data6/home/st/st_us-053000/st_st191959/DL-Lab/DataSet/MTMC_Tracking_2025_Preprocessed/val/Hospital_000/crops/Person_0003/Camera_06/Person_0003_Camera_06_f000150_r008.jpg,None,72,Hospital_000__Person_0003,1.0,False,False,0.45155486,-0.24388264,0.4515547,-0.24388462,0.508441
287,Person_0003,Hospital_000__Person_0003,3,3,Camera_08,18,Hospital_000,Person,1,0.627177700348432,150,8970,/pfs/data6/home/st/st_us-053000/st_st191959/DL-Lab/DataSet/MTMC_Tracking_2025_Preprocessed/val/Hospital_000/crops/Person_0003/Camera_08/Person_0003_Camera_08_f000150_r008.jpg,None,72,Hospital_000__Person_0003,1.0,False,False,0.46598145,-0.25237048,0.4659814,-0.2523736,0.50697595
198,Person_0003,Hospital_000__Person_0003,3,3,Camera_09,19,Hospital_000,Person,1,0.6666666666666666,0,3690,/pfs/data6/home/st/st_us-053000/st_st191959/DL-Lab/DataSet/MTMC_Tracking_2025_Preprocessed/val/Hospital_000/crops/Person_0003/Camera_09/Person_0003_Camera_09_f000000_r007.jpg,None,72,Hospital_000__Person_0003,1.0,False,False,0.36619774,-0.2717177,0.3661977,-0.2717139,0.4964249
165,Person_0003,Hospital_000__Person_0003,3,3,Camera_18,28,Hospital_000,Person,1,0.6666666666666666,5100,8970,/pfs/data6/home/st/st_us-053000/st_st191959/DL-Lab/DataSet/MTMC_Tracking_2025_Preprocessed/val/Hospital_000/crops/Person_0003/Camera_18/Person_0003_Camera_18_f005100_r002.jpg,None,72,Hospital_000__Person_0003,1.0,False,False,0.3436514,-0.22701418,0.3436515,-0.22701094,0.52223396
433,Person_0003,Hospital_000__Person_0003,3,3,Camera_19,29,Hospital_000,Person,1,0.628175519630485,3780,8970,/pfs/data6/home/st/st_us-053000/st_st191959/DL-Lab/DataSet/MTMC_Tracking_2025_Preprocessed/val/Hospital_000/crops/Person_0003/Camera_19/Person_0003_Camera_19_f003780_r008.jpg,None,72,Hospital_000__Person_0003,1.0,False,False,0.5588324,-0.24008274,0.55883205,-0.24008273,0.44891363
7,Person_0003,Hospital_000__Person_0003,3,3,Camera_20,30,Hospital_000,Person,1,0.5714285714285714,1080,2730,/pfs/data6/home/st/st_us-053000/st_st191959/DL-Lab/DataSet/MTMC_Tracking_2025_Preprocessed/val/Hospital_000/crops/Person_0003/Camera_20/Person_0003_Camera_20_f001080_r001.jpg,None,-1,NOISE,0.0,True,False,0.83235735,-0.09060439,0.83235705,-0.09059838,0.008672245
243,Person_0003,Hospital_000__Person_0003,3,3,Camera_22,32,Hospital_000,Person,1,0.4773662551440329,0,8730,/pfs/data6/home/st/st_us-053000/st_st191959/DL-Lab/DataSet/MTMC_Tracking_2025_Preprocessed/val/Hospital_000/crops/Person_0003/Camera_22/Person_0003_Camera_22_f000000_r006.jpg,None,72,Hospital_000__Person_0003,1.0,False,False,0.44710946,-0.23710443,0.4471095,-0.23710777,0.52820283
1,Person_0003,Hospital_000__Person_0003,3,3,Camera_23,33,Hospital_000,Person,0,0.0,2760,2760,/pfs/data6/home/st/st_us-053000/st_st191959/DL-Lab/DataSet/MTMC_Tracking_2025_Preprocessed/val/Hospital_000/crops/Person_0003/Camera_23/Person_0003_Camera_23_f002760_r002.jpg,None,49,Hospital_000__Person_0011,0.9285714285714286,False,True,0.6888936,-0.3380406,0.68889344,-0.33802244,0.061135083
286,Person_0003,Hospital_000__Person_0003,3,3,Camera_24,34,Hospital_000,Person,1,0.5314685314685315,0,8760,/pfs/data6/home/st/st_us-053000/st_st191959/DL-Lab/DataSet/MTMC_Tracking_2025_Preprocessed/val/Hospital_000/crops/Person_0003/Camera_24/Person_0003_Camera_24_f000000_r015.jpg,None,72,Hospital_000__Person_0003,1.0,False,False,0.49973148,-0.22377186,0.49973154,-0.2237709,0.4792358
147,Person_0003,Hospital_000__Person_0003,3,3,Camera_26,36,Hospital_000,Person,1,0.6394557823129252,0,4800,/pfs/data6/home/st/st_us-053000/st_st191959/DL-Lab/DataSet/MTMC_Tracking_2025_Preprocessed/val/Hospital_000/crops/Person_0003/Camera_26/Person_0003_Camera_26_f000000_r005.jpg,None,72,Hospital_000__Person_0003,1.0,False,False,0.3923109,-0.22688602,0.39231095,-0.22688676,0.5133735
190,Person_0003,Hospital_000__Person_0003,3,3,Camera_27,37,Hospital_000,Person,1,0.6210526315789474,3420,8970,/pfs/data6/home/st/st_us-053000/st_st191959/DL-Lab/DataSet/MTMC_Tracking_2025_Preprocessed/val/Hospital_000/crops/Person_0003/Camera_27/Person_0003_Camera_27_f003420_r014.jpg,None,72,Hospital_000__Person_0003,1.0,False,False,0.5068132,-0.24154478,0.5068132,-0.24154258,0.4261576
169,Person_0003,Hospital_000__Person_0003,3,3,Camera_31,41,Hospital_000,Person,1,0.6627218934911243,990,2700,/pfs/data6/home/st/st_us-053000/st_st191959/DL-Lab/DataSet/MTMC_Tracking_2025_Preprocessed/val/Hospital_000/crops/Person_0003/Camera_31/Person_0003_Camera_31_f000990_r002.jpg,None,72,Hospital_000__Person_0003,1.0,False,False,0.3314193,-0.22844632,0.33141944,-0.2284496,0.5715481
46,Person_0004,Hospital_000__Person_0004,4,4,Camera,0,Hospital_000,Person,1,0.6521739130434783,540,8970,/pfs/data6/home/st/st_us-053000/st_st191959/DL-Lab/DataSet/MTMC_Tracking_2025_Preprocessed/val/Hospital_000/crops/Person_0004/Camera/Person_0004_Camera_f000540_r000.jpg,None,55,Hospital_000__Person_0004,1.0,False,False,0.61496943,-0.03492681,0.6149692,-0.034910195,0.0069606546
235,Person_0004,Hospital_000__Person_0004,4,4,Camera_03,13,Hospital_000,Person,1,0.6638297872340425,180,8970,/pfs/data6/home/st/st_us-053000/st_st191959/DL-Lab/DataSet/MTMC_Tracking_2025_Preprocessed/val/Hospital_000/crops/Person_0004/Camera_03/Person_0004_Camera_03_f000180_r000.jpg,None,55,Hospital_000__Person_0004,1.0,False,False,0.35726738,-0.08527468,0.3572672,-0.08526662,0.08179962
10,Person_0004,Hospital_000__Person_0004,4,4,Camera_04,14,Hospital_000,Person,0,0.0,1530,8550,/pfs/data6/home/st/st_us-053000/st_st191959/DL-Lab/DataSet/MTMC_Tracking_2025_Preprocessed/val/Hospital_000/crops/Person_0004/Camera_04/Person_0004_Camera_04_f001530_r001.jpg,None,-1,NOISE,0.0,True,False,0.7530074,-0.207882,0.7530074,-0.20788409,0.29683116
581,Person_0004,Hospital_000__Person_0004,4,4,Camera_05,15,Hospital_000,Person,1,0.6609294320137694,0,8910,/pfs/data6/home/st/st_us-053000/st_st191959/DL-Lab/DataSet/MTMC_Tracking_2025_Preprocessed/val/Hospital_000/crops/Person_0004/Camera_05/Person_0004_Camera_05_f000000_r000.jpg,None,55,Hospital_000__Person_0004,1.0,False,False,0.57839805,-0.03963724,0.578398,-0.039631434,0.08886883
754,Person_0004,Hospital_000__Person_0004,4,4,Camera_06,16,Hospital_000,Person,1,0.6657824933687002,90,8970,/pfs/data6/home/st/st_us-053000/st_st191959/DL-Lab/DataSet/MTMC_Tracking_2025_Preprocessed/val/Hospital_000/crops/Person_0004/Camera_06/Person_0004_Camera_06_f000090_r000.jpg,None,55,Hospital_000__Person_0004,1.0,False,False,0.26351666,-0.087148085,0.26351643,-0.087140806,0.08593828
352,Person_0004,Hospital_000__Person_0004,4,4,Camera_08,18,Hospital_000,Person,1,0.5113636363636364,0,8880,/pfs/data6/home/st/st_us-053000/st_st191959/DL-Lab/DataSet/MTMC_Tracking_2025_Preprocessed/val/Hospital_000/crops/Person_0004/Camera_08/Person_0004_Camera_08_f000000_r000.jpg,None,55,Hospital_000__Person_0004,1.0,False,False,0.56036013,-0.030698262,0.56036025,-0.030711869,0.16417903
860,Person_0004,Hospital_000__Person_0004,4,4,Camera_09,19,Hospital_000,Person,1,0.6604651162790698,0,8970,/pfs/data6/home/st/st_us-053000/st_st191959/DL-Lab/DataSet/MTMC_Tracking_2025_Preprocessed/val/Hospital_000/crops/Person_0004/Camera_09/Person_0004_Camera_09_f000000_r000.jpg,None,55,Hospital_000__Person_0004,1.0,False,False,0.3140763,-0.10065657,0.3140761,-0.10064727,0.03590727
251,Person_0004,Hospital_000__Person_0004,4,4,Camera_19,29,Hospital_000,Person,1,0.6454183266932271,150,7500,/pfs/data6/home/st/st_us-053000/st_st191959/DL-Lab/DataSet/MTMC_Tracking_2025_Preprocessed/val/Hospital_000/crops/Person_0004/Camera_19/Person_0004_Camera_19_f000150_r001.jpg,None,-1,NOISE,0.0,True,False,0.39956325,-0.14988513,0.39956343,-0.14989923,0.34804592
11,Person_0004,Hospital_000__Person_0004,4,4,Camera_20,30,Hospital_000,Person,1,0.5454545454545454,570,8970,/pfs/data6/home/st/st_us-053000/st_st191959/DL-Lab/DataSet/MTMC_Tracking_2025_Preprocessed/val/Hospital_000/crops/Person_0004/Camera_20/Person_0004_Camera_20_f000570_r000.jpg,None,55,Hospital_000__Person_0004,1.0,False,False,0.535305,-0.034339152,0.53530467,-0.034326795,-0.00097618514
783,Person_0004,Hospital_000__Person_0004,4,4,Camera_22,32,Hospital_000,Person,1,0.6666666666666666,0,8970,/pfs/data6/home/st/st_us-053000/st_st191959/DL-Lab/DataSet/MTMC_Tracking_2025_Preprocessed/val/Hospital_000/crops/Person_0004/Camera_22/Person_0004_Camera_22_f000000_r000.jpg,None,55,Hospital_000__Person_0004,1.0,False,False,0.4016146,-0.06876516,0.40161446,-0.06876413,0.13498975
798,Person_0004,Hospital_000__Person_0004,4,4,Camera_24,34,Hospital_000,Person,1,0.6666666666666666,0,8970,/pfs/data6/home/st/st_us-053000/st_st191959/DL-Lab/DataSet/MTMC_Tracking_2025_Preprocessed/val/Hospital_000/crops/Person_0004/Camera_24/Person_0004_Camera_24_f000000_r001.jpg,None,55,Hospital_000__Person_0004,1.0,False,False,0.450454,-0.049291804,0.45045388,-0.049287964,0.10157519
753,Person_0004,Hospital_000__Person_0004,4,4,Camera_26,36,Hospital_000,Person,1,0.6666666666666666,0,8970,/pfs/data6/home/st/st_us-053000/st_st191959/DL-Lab/DataSet/MTMC_Tracking_2025_Preprocessed/val/Hospital_000/crops/Person_0004/Camera_26/Person_0004_Camera_26_f000000_r000.jpg,None,55,Hospital_000__Person_0004,1.0,False,False,0.37953776,-0.057207778,0.37953776,-0.057206098,0.116438776
178,Person_0004,Hospital_000__Person_0004,4,4,Camera_27,37,Hospital_000,Person,1,0.0898876404494382,0,8880,/pfs/data6/home/st/st_us-053000/st_st191959/DL-Lab/DataSet/MTMC_Tracking_2025_Preprocessed/val/Hospital_000/crops/Person_0004/Camera_27/Person_0004_Camera_27_f000000_r001.jpg,None,55,Hospital_000__Person_0004,1.0,False,False,0.635466,-0.04388024,0.6354658,-0.043885984,0.14523432
630,Person_0005,Hospital_000__Person_0005,5,5,Camera_02,12,Hospital_000,Person,1,0.6349206349206349,0,8970,/pfs/data6/home/st/st_us-053000/st_st191959/DL-Lab/DataSet/MTMC_Tracking_2025_Preprocessed/val/Hospital_000/crops/Person_0005/Camera_02/Person_0005_Camera_02_f000000_r001.jpg,None,89,Hospital_000__Person_0005,1.0,False,False,0.09633534,-0.42726862,0.0963354,-0.42727423,0.09113764
2,Person_0005,Hospital_000__Person_0005,5,5,Camera_03,13,Hospital_000,Person,0,0.0,2160,5130,/pfs/data6/home/st/st_us-053000/st_st191959/DL-Lab/DataSet/MTMC_Tracking_2025_Preprocessed/val/Hospital_000/crops/Person_0005/Camera_03/Person_0005_Camera_03_f002160_r009.jpg,None,65,Hospital_000__Person_0005,1.0,False,False,0.5950024,-0.343562,0.5950021,-0.34355804,0.16768394
123,Person_0005,Hospital_000__Person_0005,5,5,Camera_10,20,Hospital_000,Person,1,0.6666666666666666,0,5100,/pfs/data6/home/st/st_us-053000/st_st191959/DL-Lab/DataSet/MTMC_Tracking_2025_Preprocessed/val/Hospital_000/crops/Person_0005/Camera_10/Person_0005_Camera_10_f000000_r004.jpg,None,89,Hospital_000__Person_0005,1.0,False,False,0.18625562,-0.44633523,0.18625568,-0.44634673,0.1556277
156,Person_0005,Hospital_000__Person_0005,5,5,Camera_12,22,Hospital_000,Person,1,0.6666666666666666,390,7440,/pfs/data6/home/st/st_us-053000/st_st191959/DL-Lab/DataSet/MTMC_Tracking_2025_Preprocessed/val/Hospital_000/crops/Person_0005/Camera_12/Person_0005_Camera_12_f000390_r000.jpg,None,89,Hospital_000__Person_0005,1.0,False,False,-0.13630624,-0.4487243,-0.136306,-0.44874105,0.10661798
554,Person_0005,Hospital_000__Person_0005,5,5,Camera_13,23,Hospital_000,Person,1,0.6064981949458483,0,7890,/pfs/data6/home/st/st_us-053000/st_st191959/DL-Lab/DataSet/MTMC_Tracking_2025_Preprocessed/val/Hospital_000/crops/Person_0005/Camera_13/Person_0005_Camera_13_f000000_r001.jpg,None,89,Hospital_000__Person_0005,1.0,False,False,0.12731119,-0.43161944,0.12731116,-0.43162653,0.09391104
527,Person_0005,Hospital_000__Person_0005,5,5,Camera_17,27,Hospital_000,Person,1,0.5920303605313093,30,7860,/pfs/data6/home/st/st_us-053000/st_st191959/DL-Lab/DataSet/MTMC_Tracking_2025_Preprocessed/val/Hospital_000/crops/Person_0005/Camera_17/Person_0005_Camera_17_f000030_r001.jpg,None,89,Hospital_000__Person_0005,1.0,False,False,0.24190113,-0.42938757,0.24190101,-0.42939186,0.08510101
30,Person_0005,Hospital_000__Person_0005,5,5,Camera_23,33,Hospital_000,Person,1,0.6666666666666666,930,5640,/pfs/data6/home/st/st_us-053000/st_st191959/DL-Lab/DataSet/MTMC_Tracking_2025_Preprocessed/val/Hospital_000/crops/Person_0005/Camera_23/Person_0005_Camera_23_f000930_r008.jpg,None,89,Hospital_000__Person_0005,1.0,False,False,-0.0920816,-0.39308053,-0.09208152,-0.39308634,0.09450814
5,Person_0005,Hospital_000__Person_0005,5,5,Camera_24,34,Hospital_000,Person,0,0.0,60,4950,/pfs/data6/home/st/st_us-053000/st_st191959/DL-Lab/DataSet/MTMC_Tracking_2025_Preprocessed/val/Hospital_000/crops/Person_0005/Camera_24/Person_0005_Camera_24_f000060_r012.jpg,None,65,Hospital_000__Person_0005,1.0,False,False,0.5359639,-0.38772282,0.5359634,-0.38771677,0.20873186
14,Person_0005,Hospital_000__Person_0005,5,5,Camera_28,38,Hospital_000,Person,0,0.0,60,5700,/pfs/data6/home/st/st_us-053000/st_st191959/DL-Lab/DataSet/MTMC_Tracking_2025_Preprocessed/val/Hospital_000/crops/Person_0005/Camera_28/Person_0005_Camera_28_f000060_r007.jpg,None,65,Hospital_000__Person_0005,1.0,False,False,0.5588289,-0.41270053,0.5588288,-0.41270554,0.11722516
27,Person_0006,Hospital_000__Person_0006,6,6,Camera,0,Hospital_000,Person,1,0.6666666666666666,1110,1350,/pfs/data6/home/st/st_us-053000/st_st191959/DL-Lab/DataSet/MTMC_Tracking_2025_Preprocessed/val/Hospital_000/crops/Person_0006/Camera/Person_0006_Camera_f001110_r003.jpg,None,46,Hospital_000__Person_0006,1.0,False,False,0.5642482,-0.24311106,0.5642482,-0.24310723,-0.077454075
23,Person_0006,Hospital_000__Person_0006,6,6,Camera_03,13,Hospital_000,Person,0,0.0,150,3930,/pfs/data6/home/st/st_us-053000/st_st191959/DL-Lab/DataSet/MTMC_Tracking_2025_Preprocessed/val/Hospital_000/crops/Person_0006/Camera_03/Person_0006_Camera_03_f000150_r003.jpg,None,46,Hospital_000__Person_0006,1.0,False,False,0.6270854,-0.23776317,0.6270853,-0.2377467,-0.13585456
36,Person_0006,Hospital_000__Person_0006,6,6,Camera_04,14,Hospital_000,Person,1,0.6666666666666666,2130,2460,/pfs/data6/home/st/st_us-053000/st_st191959/DL-Lab/DataSet/MTMC_Tracking_2025_Preprocessed/val/Hospital_000/crops/Person_0006/Camera_04/Person_0006_Camera_04_f002130_r003.jpg,None,46,Hospital_000__Person_0006,1.0,False,False,0.44127393,-0.30168548,0.4412739,-0.30167872,-0.16722657
27,Person_0006,Hospital_000__Person_0006,6,6,Camera_07,17,Hospital_000,Person,1,0.6666666666666666,2190,2430,/pfs/data6/home/st/st_us-053000/st_st191959/DL-Lab/DataSet/MTMC_Tracking_2025_Preprocessed/val/Hospital_000/crops/Person_0006/Camera_07/Person_0006_Camera_07_f002190_r000.jpg,None,46,Hospital_000__Person_0006,1.0,False,False,0.48598894,-0.25115708,0.48598868,-0.2511482,-0.20500942
180,Person_0006,Hospital_000__Person_0006,6,6,Camera_10,20,Hospital_000,Person,1,0.6666666666666666,1890,7830,/pfs/data6/home/st/st_us-053000/st_st191959/DL-Lab/DataSet/MTMC_Tracking_2025_Preprocessed/val/Hospital_000/crops/Person_0006/Camera_10/Person_0006_Camera_10_f001890_r001.jpg,None,46,Hospital_000__Person_0006,1.0,False,False,0.32053882,-0.35487863,0.3205387,-0.35487267,-0.078704834
569,Person_0006,Hospital_000__Person_0006,6,6,Camera_16,26,Hospital_000,Person,1,0.6608084358523726,210,8670,/pfs/data6/home/st/st_us-053000/st_st191959/DL-Lab/DataSet/MTMC_Tracking_2025_Preprocessed/val/Hospital_000/crops/Person_0006/Camera_16/Person_0006_Camera_16_f000210_r001.jpg,None,46,Hospital_000__Person_0006,1.0,False,False,0.4165641,-0.29431868,0.41656393,-0.294306,-0.13634935
629,Person_0006,Hospital_000__Person_0006,6,6,Camera_21,31,Hospital_000,Person,1,0.6613672496025437,1830,8970,/pfs/data6/home/st/st_us-053000/st_st191959/DL-Lab/DataSet/MTMC_Tracking_2025_Preprocessed/val/Hospital_000/crops/Person_0006/Camera_21/Person_0006_Camera_21_f001830_r001.jpg,None,46,Hospital_000__Person_0006,1.0,False,False,0.44614246,-0.28345755,0.44614246,-0.2834448,-0.13871078
494,Person_0006,Hospital_000__Person_0006,6,6,Camera_23,33,Hospital_000,Person,1,0.6396761133603239,60,8970,/pfs/data6/home/st/st_us-053000/st_st191959/DL-Lab/DataSet/MTMC_Tracking_2025_Preprocessed/val/Hospital_000/crops/Person_0006/Camera_23/Person_0006_Camera_23_f000060_r002.jpg,None,46,Hospital_000__Person_0006,1.0,False,False,0.5009773,-0.25931036,0.5009772,-0.2592968,-0.16439648
34,Person_0006,Hospital_000__Person_0006,6,6,Camera_24,34,Hospital_000,Person,0,0.0,150,3930,/pfs/data6/home/st/st_us-053000/st_st191959/DL-Lab/DataSet/MTMC_Tracking_2025_Preprocessed/val/Hospital_000/crops/Person_0006/Camera_24/Person_0006_Camera_24_f000150_r005.jpg,None,46,Hospital_000__Person_0006,1.0,False,False,0.610226,-0.24384044,0.6102256,-0.2438239,-0.14002179
484,Person_0006,Hospital_000__Person_0006,6,6,Camera_25,35,Hospital_000,Person,1,0.6322314049586777,240,8970,/pfs/data6/home/st/st_us-053000/st_st191959/DL-Lab/DataSet/MTMC_Tracking_2025_Preprocessed/val/Hospital_000/crops/Person_0006/Camera_25/Person_0006_Camera_25_f000240_r001.jpg,None,46,Hospital_000__Person_0006,1.0,False,False,0.47885364,-0.2819169,0.4788536,-0.28190833,-0.12370665
183,Person_0006,Hospital_000__Person_0006,6,6,Camera_28,38,Hospital_000,Person,1,0.37158469945355194,0,7860,/pfs/data6/home/st/st_us-053000/st_st191959/DL-Lab/DataSet/MTMC_Tracking_2025_Preprocessed/val/Hospital_000/crops/Person_0006/Camera_28/Person_0006_Camera_28_f000000_r002.jpg,None,46,Hospital_000__Person_0006,1.0,False,False,0.60424966,-0.2603345,0.6042494,-0.26032102,-0.14624721
168,Person_0006,Hospital_000__Person_0006,6,6,Camera_29,39,Hospital_000,Person,1,0.6666666666666666,1890,7830,/pfs/data6/home/st/st_us-053000/st_st191959/DL-Lab/DataSet/MTMC_Tracking_2025_Preprocessed/val/Hospital_000/crops/Person_0006/Camera_29/Person_0006_Camera_29_f001890_r001.jpg,None,46,Hospital_000__Person_0006,1.0,False,False,0.2433156,-0.33166358,0.24331556,-0.3316508,-0.1505031
228,Person_0006,Hospital_000__Person_0006,6,6,Camera_30,40,Hospital_000,Person,1,0.6666666666666666,3210,8940,/pfs/data6/home/st/st_us-053000/st_st191959/DL-Lab/DataSet/MTMC_Tracking_2025_Preprocessed/val/Hospital_000/crops/Person_0006/Camera_30/Person_0006_Camera_30_f003210_r000.jpg,None,46,Hospital_000__Person_0006,1.0,False,False,0.32139173,-0.3205248,0.3213917,-0.320515,-0.07116493
77,Person_0007,Hospital_000__Person_0007,7,7,Camera,0,Hospital_000,Person,1,0.4675324675324675,390,8730,/pfs/data6/home/st/st_us-053000/st_st191959/DL-Lab/DataSet/MTMC_Tracking_2025_Preprocessed/val/Hospital_000/crops/Person_0007/Camera/Person_0007_Camera_f000390_r005.jpg,None,19,Hospital_000__Person_0007,1.0,False,False,0.68881726,-0.17439525,0.6888166,-0.17439915,-0.30709857
88,Person_0007,Hospital_000__Person_0007,7,7,Camera_01,11,Hospital_000,Person,1,0.2727272727272727,5460,8550,/pfs/data6/home/st/st_us-053000/st_st191959/DL-Lab/DataSet/MTMC_Tracking_2025_Preprocessed/val/Hospital_000/crops/Person_0007/Camera_01/Person_0007_Camera_01_f005460_r001.jpg,None,19,Hospital_000__Person_0007,1.0,False,False,0.64950085,-0.22713637,0.6495003,-0.22714438,-0.35582635
290,Person_0007,Hospital_000__Person_0007,7,7,Camera_03,13,Hospital_000,Person,1,0.6620689655172414,0,8970,/pfs/data6/home/st/st_us-053000/st_st191959/DL-Lab/DataSet/MTMC_Tracking_2025_Preprocessed/val/Hospital_000/crops/Person_0007/Camera_03/Person_0007_Camera_03_f000000_r007.jpg,None,19,Hospital_000__Person_0007,1.0,False,False,0.39897373,-0.22868265,0.39897355,-0.22869384,-0.32809815
9,Person_0007,Hospital_000__Person_0007,7,7,Camera_04,14,Hospital_000,Person,0,0.0,90,4110,/pfs/data6/home/st/st_us-053000/st_st191959/DL-Lab/DataSet/MTMC_Tracking_2025_Preprocessed/val/Hospital_000/crops/Person_0007/Camera_04/Person_0007_Camera_04_f000090_r005.jpg,None,19,Hospital_000__Person_0007,1.0,False,False,0.69713205,-0.27140617,0.69713145,-0.271403,-0.3214859
545,Person_0007,Hospital_000__Person_0007,7,7,Camera_05,15,Hospital_000,Person,1,0.6642201834862386,0,8970,/pfs/data6/home/st/st_us-053000/st_st191959/DL-Lab/DataSet/MTMC_Tracking_2025_Preprocessed/val/Hospital_000/crops/Person_0007/Camera_05/Person_0007_Camera_05_f000000_r006.jpg,None,19,Hospital_000__Person_0007,1.0,False,False,0.57219046,-0.19517787,0.57219005,-0.19519378,-0.3035042
433,Person_0007,Hospital_000__Person_0007,7,7,Camera_06,16,Hospital_000,Person,1,0.6651270207852193,0,8970,/pfs/data6/home/st/st_us-053000/st_st191959/DL-Lab/DataSet/MTMC_Tracking_2025_Preprocessed/val/Hospital_000/crops/Person_0007/Camera_06/Person_0007_Camera_06_f000000_r005.jpg,None,19,Hospital_000__Person_0007,1.0,False,False,0.50099957,-0.23294927,0.5009995,-0.23296817,-0.26264286
172,Person_0007,Hospital_000__Person_0007,7,7,Camera_08,18,Hospital_000,Person,1,0.5116279069767442,90,8490,/pfs/data6/home/st/st_us-053000/st_st191959/DL-Lab/DataSet/MTMC_Tracking_2025_Preprocessed/val/Hospital_000/crops/Person_0007/Camera_08/Person_0007_Camera_08_f000090_r006.jpg,None,19,Hospital_000__Person_0007,1.0,False,False,0.54088736,-0.22445622,0.5408871,-0.22447473,-0.35050136
610,Person_0007,Hospital_000__Person_0007,7,7,Camera_09,19,Hospital_000,Person,1,0.6655737704918033,0,8970,/pfs/data6/home/st/st_us-053000/st_st191959/DL-Lab/DataSet/MTMC_Tracking_2025_Preprocessed/val/Hospital_000/crops/Person_0007/Camera_09/Person_0007_Camera_09_f000000_r005.jpg,None,19,Hospital_000__Person_0007,1.0,False,False,0.424642,-0.20019127,0.424642,-0.2002087,-0.33504683
12,Person_0007,Hospital_000__Person_0007,7,7,Camera_19,29,Hospital_000,Person,1,0.6666666666666666,120,210,/pfs/data6/home/st/st_us-053000/st_st191959/DL-Lab/DataSet/MTMC_Tracking_2025_Preprocessed/val/Hospital_000/crops/Person_0007/Camera_19/Person_0007_Camera_19_f000120_r005.jpg,None,-1,NOISE,0.0,True,False,-0.046457488,-0.14895579,-0.04645732,-0.14897971,-0.19911848
51,Person_0007,Hospital_000__Person_0007,7,7,Camera_20,30,Hospital_000,Person,1,0.6274509803921569,4230,8940,/pfs/data6/home/st/st_us-053000/st_st191959/DL-Lab/DataSet/MTMC_Tracking_2025_Preprocessed/val/Hospital_000/crops/Person_0007/Camera_20/Person_0007_Camera_20_f004230_r002.jpg,None,19,Hospital_000__Person_0007,1.0,False,False,0.44877344,-0.21797773,0.44877303,-0.21798436,-0.34427223
300,Person_0007,Hospital_000__Person_0007,7,7,Camera_22,32,Hospital_000,Person,1,0.6666666666666666,0,8970,/pfs/data6/home/st/st_us-053000/st_st191959/DL-Lab/DataSet/MTMC_Tracking_2025_Preprocessed/val/Hospital_000/crops/Person_0007/Camera_22/Person_0007_Camera_22_f000000_r004.jpg,None,19,Hospital_000__Person_0007,1.0,False,False,0.37258202,-0.25513405,0.37258193,-0.25515088,-0.29809672
1,Person_0007,Hospital_000__Person_0007,7,7,Camera_23,33,Hospital_000,Person,0,0.0,4740,4740,/pfs/data6/home/st/st_us-053000/st_st191959/DL-Lab/DataSet/MTMC_Tracking_2025_Preprocessed/val/Hospital_000/crops/Person_0007/Camera_23/Person_0007_Camera_23_f004740_r007.jpg,None,-1,NOISE,0.0,True,False,0.64310473,-0.10218701,0.64310443,-0.10216298,-0.31332204
469,Person_0007,Hospital_000__Person_0007,7,7,Camera_24,34,Hospital_000,Person,1,0.6652452025586354,0,8970,/pfs/data6/home/st/st_us-053000/st_st191959/DL-Lab/DataSet/MTMC_Tracking_2025_Preprocessed/val/Hospital_000/crops/Person_0007/Camera_24/Person_0007_Camera_24_f000000_r012.jpg,None,19,Hospital_000__Person_0007,1.0,False,False,0.43487346,-0.21685517,0.43487337,-0.2168675,-0.3178082
297,Person_0007,Hospital_000__Person_0007,7,7,Camera_26,36,Hospital_000,Person,1,0.6666666666666666,0,8970,/pfs/data6/home/st/st_us-053000/st_st191959/DL-Lab/DataSet/MTMC_Tracking_2025_Preprocessed/val/Hospital_000/crops/Person_0007/Camera_26/Person_0007_Camera_26_f000000_r003.jpg,None,19,Hospital_000__Person_0007,1.0,False,False,0.3846528,-0.284061,0.38465267,-0.2840839,-0.22718647
73,Person_0007,Hospital_000__Person_0007,7,7,Camera_27,37,Hospital_000,Person,1,0.1643835616438356,90,5880,/pfs/data6/home/st/st_us-053000/st_st191959/DL-Lab/DataSet/MTMC_Tracking_2025_Preprocessed/val/Hospital_000/crops/Person_0007/Camera_27/Person_0007_Camera_27_f000090_r007.jpg,None,19,Hospital_000__Person_0007,1.0,False,False,0.4799377,-0.29126483,0.47993746,-0.29127926,-0.3456134
21,Person_0007,Hospital_000__Person_0007,7,7,Camera_31,41,Hospital_000,Person,1,0.6666666666666666,4470,4650,/pfs/data6/home/st/st_us-053000/st_st191959/DL-Lab/DataSet/MTMC_Tracking_2025_Preprocessed/val/Hospital_000/crops/Person_0007/Camera_31/Person_0007_Camera_31_f004470_r002.jpg,None,-1,NOISE,0.0,True,False,0.81536585,-0.029301511,0.8153659,-0.029306388,0.00522647
240,Person_0008,Hospital_000__Person_0008,8,8,Camera,0,Hospital_000,Person,1,0.5,240,7800,/pfs/data6/home/st/st_us-053000/st_st191959/DL-Lab/DataSet/MTMC_Tracking_2025_Preprocessed/val/Hospital_000/crops/Person_0008/Camera/Person_0008_Camera_f000240_r003.jpg,None,27,Hospital_000__Person_0008,0.9473684210526315,False,False,0.44770122,-0.023129322,0.44770116,-0.023137607,-0.054112904
479,Person_0008,Hospital_000__Person_0008,8,8,Camera_03,13,Hospital_000,Person,1,0.6346555323590815,30,8970,/pfs/data6/home/st/st_us-053000/st_st191959/DL-Lab/DataSet/MTMC_Tracking_2025_Preprocessed/val/Hospital_000/crops/Person_0008/Camera_03/Person_0008_Camera_03_f000030_r005.jpg,None,27,Hospital_000__Person_0008,0.9473684210526315,False,False,0.3258002,-0.025266439,0.3258003,-0.025280096,-0.031201065
29,Person_0008,Hospital_000__Person_0008,8,8,Camera_04,14,Hospital_000,Person,1,0.06896551724137931,1740,2640,/pfs/data6/home/st/st_us-053000/st_st191959/DL-Lab/DataSet/MTMC_Tracking_2025_Preprocessed/val/Hospital_000/crops/Person_0008/Camera_04/Person_0008_Camera_04_f001740_r004.jpg,None,27,Hospital_000__Person_0008,0.9473684210526315,False,False,0.22040598,0.07641583,0.22040603,0.07640776,0.055399712
145,Person_0008,Hospital_000__Person_0008,8,8,Camera_05,15,Hospital_000,Person,1,0.6482758620689655,1740,8970,/pfs/data6/home/st/st_us-053000/st_st191959/DL-Lab/DataSet/MTMC_Tracking_2025_Preprocessed/val/Hospital_000/crops/Person_0008/Camera_05/Person_0008_Camera_05_f001740_r006.jpg,None,27,Hospital_000__Person_0008,0.9473684210526315,False,False,0.4629899,-0.024236692,0.46298993,-0.024260504,0.0033399055
425,Person_0008,Hospital_000__Person_0008,8,8,Camera_06,16,Hospital_000,Person,1,0.6635294117647059,1590,8970,/pfs/data6/home/st/st_us-053000/st_st191959/DL-Lab/DataSet/MTMC_Tracking_2025_Preprocessed/val/Hospital_000/crops/Person_0008/Camera_06/Person_0008_Camera_06_f001590_r006.jpg,None,27,Hospital_000__Person_0008,0.9473684210526315,False,False,0.3157754,-0.011805803,0.31577563,-0.011825916,0.018293528
157,Person_0008,Hospital_000__Person_0008,8,8,Camera_08,18,Hospital_000,Person,1,0.5605095541401274,1830,8970,/pfs/data6/home/st/st_us-053000/st_st191959/DL-Lab/DataSet/MTMC_Tracking_2025_Preprocessed/val/Hospital_000/crops/Person_0008/Camera_08/Person_0008_Camera_08_f001830_r006.jpg,None,27,Hospital_000__Person_0008,0.9473684210526315,False,False,0.31922346,-0.029835194,0.31922358,-0.029848143,-0.025084753
330,Person_0008,Hospital_000__Person_0008,8,8,Camera_09,19,Hospital_000,Person,1,0.6666666666666666,1650,8970,/pfs/data6/home/st/st_us-053000/st_st191959/DL-Lab/DataSet/MTMC_Tracking_2025_Preprocessed/val/Hospital_000/crops/Person_0008/Camera_09/Person_0008_Camera_09_f001650_r004.jpg,None,27,Hospital_000__Person_0008,0.9473684210526315,False,False,0.22581796,-0.036615822,0.22581819,-0.03663078,-0.022048278
33,Person_0008,Hospital_000__Person_0008,8,8,Camera_18,28,Hospital_000,Person,1,0.6666666666666666,2160,2460,/pfs/data6/home/st/st_us-053000/st_st191959/DL-Lab/DataSet/MTMC_Tracking_2025_Preprocessed/val/Hospital_000/crops/Person_0008/Camera_18/Person_0008_Camera_18_f002160_r002.jpg,None,27,Hospital_000__Person_0008,0.9473684210526315,False,False,0.34323147,-0.026906773,0.34323156,-0.026936129,0.013869435
84,Person_0008,Hospital_000__Person_0008,8,8,Camera_19,29,Hospital_000,Person,1,0.6666666666666666,1740,2730,/pfs/data6/home/st/st_us-053000/st_st191959/DL-Lab/DataSet/MTMC_Tracking_2025_Preprocessed/val/Hospital_000/crops/Person_0008/Camera_19/Person_0008_Camera_19_f001740_r005.jpg,None,27,Hospital_000__Person_0008,0.9473684210526315,False,False,0.22577411,-0.021571329,0.22577433,-0.02159111,0.0024467995
49,Person_0008,Hospital_000__Person_0008,8,8,Camera_20,30,Hospital_000,Person,1,0.5306122448979592,3600,5610,/pfs/data6/home/st/st_us-053000/st_st191959/DL-Lab/DataSet/MTMC_Tracking_2025_Preprocessed/val/Hospital_000/crops/Person_0008/Camera_20/Person_0008_Camera_20_f003600_r003.jpg,None,27,Hospital_000__Person_0008,0.9473684210526315,False,False,0.28881744,0.024462473,0.28881735,0.024458127,-0.0416276
269,Person_0008,Hospital_000__Person_0008,8,8,Camera_22,32,Hospital_000,Person,1,0.6617100371747212,1680,8970,/pfs/data6/home/st/st_us-053000/st_st191959/DL-Lab/DataSet/MTMC_Tracking_2025_Preprocessed/val/Hospital_000/crops/Person_0008/Camera_22/Person_0008_Camera_22_f001680_r005.jpg,None,27,Hospital_000__Person_0008,0.9473684210526315,False,False,0.3996008,0.0052653365,0.3996008,0.0052426904,0.002824571
53,Person_0008,Hospital_000__Person_0008,8,8,Camera_23,33,Hospital_000,Person,1,0.18867924528301888,0,7440,/pfs/data6/home/st/st_us-053000/st_st191959/DL-Lab/DataSet/MTMC_Tracking_2025_Preprocessed/val/Hospital_000/crops/Person_0008/Camera_23/Person_0008_Camera_23_f000000_r007.jpg,None,27,Hospital_000__Person_0008,0.9473684210526315,False,False,0.438123,-0.01914423,0.43812305,-0.019143313,-0.024954475
588,Person_0008,Hospital_000__Person_0008,8,8,Camera_24,34,Hospital_000,Person,1,0.6462585034013606,30,8970,/pfs/data6/home/st/st_us-053000/st_st191959/DL-Lab/DataSet/MTMC_Tracking_2025_Preprocessed/val/Hospital_000/crops/Person_0008/Camera_24/Person_0008_Camera_24_f000030_r011.jpg,None,27,Hospital_000__Person_0008,0.9473684210526315,False,False,0.39867994,-0.010755444,0.39868003,-0.01076729,-0.02410896
5,Person_0008,Hospital_000__Person_0008,8,8,Camera_25,35,Hospital_000,Person,0,0.0,120,930,/pfs/data6/home/st/st_us-053000/st_st191959/DL-Lab/DataSet/MTMC_Tracking_2025_Preprocessed/val/Hospital_000/crops/Person_0008/Camera_25/Person_0008_Camera_25_f000120_r001.jpg,None,27,Hospital_000__Person_0008,0.9473684210526315,False,False,0.43492907,0.036858432,0.43492913,0.03685421,0.06868892
225,Person_0008,Hospital_000__Person_0008,8,8,Camera_26,36,Hospital_000,Person,1,0.6666666666666666,1710,8970,/pfs/data6/home/st/st_us-053000/st_st191959/DL-Lab/DataSet/MTMC_Tracking_2025_Preprocessed/val/Hospital_000/crops/Person_0008/Camera_26/Person_0008_Camera_26_f001710_r004.jpg,None,27,Hospital_000__Person_0008,0.9473684210526315,False,False,0.3686482,-0.02563357,0.3686483,-0.025658857,0.045374084
91,Person_0008,Hospital_000__Person_0008,8,8,Camera_27,37,Hospital_000,Person,1,0.5934065934065934,1830,8790,/pfs/data6/home/st/st_us-053000/st_st191959/DL-Lab/DataSet/MTMC_Tracking_2025_Preprocessed/val/Hospital_000/crops/Person_0008/Camera_27/Person_0008_Camera_27_f001830_r007.jpg,None,27,Hospital_000__Person_0008,0.9473684210526315,False,False,0.38687235,0.017397478,0.38687238,0.017392043,-0.057305988
148,Person_0008,Hospital_000__Person_0008,8,8,Camera_28,38,Hospital_000,Person,1,0.6621621621621622,0,1470,/pfs/data6/home/st/st_us-053000/st_st191959/DL-Lab/DataSet/MTMC_Tracking_2025_Preprocessed/val/Hospital_000/crops/Person_0008/Camera_28/Person_0008_Camera_28_f000000_r006.jpg,None,27,Hospital_000__Person_0008,0.9473684210526315,False,False,0.3171764,-0.036963373,0.3171764,-0.036972117,-0.036097698
237,Person_0008,Hospital_000__Person_0008,8,8,Camera_31,41,Hospital_000,Person,1,0.6666666666666666,3990,7020,/pfs/data6/home/st/st_us-053000/st_st191959/DL-Lab/DataSet/MTMC_Tracking_2025_Preprocessed/val/Hospital_000/crops/Person_0008/Camera_31/Person_0008_Camera_31_f003990_r004.jpg,None,27,Hospital_000__Person_0008,0.9473684210526315,False,False,0.2678377,0.06628232,0.26783794,0.066260435,0.079996675
273,Person_0009,Hospital_000__Person_0009,9,9,Camera,0,Hospital_000,Person,1,0.6666666666666666,4980,8970,/pfs/data6/home/st/st_us-053000/st_st191959/DL-Lab/DataSet/MTMC_Tracking_2025_Preprocessed/val/Hospital_000/crops/Person_0009/Camera/Person_0009_Camera_f004980_r004.jpg,None,87,Hospital_000__Person_0009,0.9375,False,False,0.48298058,0.6497798,0.48298025,0.64978415,-0.09828064
336,Person_0009,Hospital_000__Person_0009,9,9,Camera_03,13,Hospital_000,Person,1,0.5178571428571429,180,8970,/pfs/data6/home/st/st_us-053000/st_st191959/DL-Lab/DataSet/MTMC_Tracking_2025_Preprocessed/val/Hospital_000/crops/Person_0009/Camera_03/Person_0009_Camera_03_f000180_r007.jpg,None,87,Hospital_000__Person_0009,0.9375,False,False,0.5287092,0.6663694,0.52870905,0.66636723,-0.06861742
83,Person_0009,Hospital_000__Person_0009,9,9,Camera_04,14,Hospital_000,Person,1,0.14457831325301204,180,7950,/pfs/data6/home/st/st_us-053000/st_st191959/DL-Lab/DataSet/MTMC_Tracking_2025_Preprocessed/val/Hospital_000/crops/Person_0009/Camera_04/Person_0009_Camera_04_f000180_r002.jpg,None,87,Hospital_000__Person_0009,0.9375,False,False,0.52469456,0.694347,0.52469444,0.69433296,-0.079403445
278,Person_0009,Hospital_000__Person_0009,9,9,Camera_05,15,Hospital_000,Person,1,0.60431654676259,0,7950,/pfs/data6/home/st/st_us-053000/st_st191959/DL-Lab/DataSet/MTMC_Tracking_2025_Preprocessed/val/Hospital_000/crops/Person_0009/Camera_05/Person_0009_Camera_05_f000000_r004.jpg,None,87,Hospital_000__Person_0009,0.9375,False,False,0.6184906,0.60460097,0.61849064,0.6045878,-0.111416474
91,Person_0009,Hospital_000__Person_0009,9,9,Camera_06,16,Hospital_000,Person,1,0.6593406593406593,4710,8970,/pfs/data6/home/st/st_us-053000/st_st191959/DL-Lab/DataSet/MTMC_Tracking_2025_Preprocessed/val/Hospital_000/crops/Person_0009/Camera_06/Person_0009_Camera_06_f004710_r008.jpg,None,87,Hospital_000__Person_0009,0.9375,False,False,0.4019583,0.73289853,0.40195814,0.7328901,-0.04778717
498,Person_0009,Hospital_000__Person_0009,9,9,Camera_08,18,Hospital_000,Person,1,0.6506024096385542,0,7950,/pfs/data6/home/st/st_us-053000/st_st191959/DL-Lab/DataSet/MTMC_Tracking_2025_Preprocessed/val/Hospital_000/crops/Person_0009/Camera_08/Person_0009_Camera_08_f000000_r004.jpg,None,87,Hospital_000__Person_0009,0.9375,False,False,0.4783835,0.68428814,0.4783835,0.6842704,-0.01420508
72,Person_0009,Hospital_000__Person_0009,9,9,Camera_09,19,Hospital_000,Person,1,0.6666666666666666,4740,8010,/pfs/data6/home/st/st_us-053000/st_st191959/DL-Lab/DataSet/MTMC_Tracking_2025_Preprocessed/val/Hospital_000/crops/Person_0009/Camera_09/Person_0009_Camera_09_f004740_r008.jpg,None,87,Hospital_000__Person_0009,0.9375,False,False,0.38485643,0.75282943,0.38485652,0.75281847,-0.08283907
174,Person_0009,Hospital_000__Person_0009,9,9,Camera_18,28,Hospital_000,Person,1,0.6666666666666666,2670,7560,/pfs/data6/home/st/st_us-053000/st_st191959/DL-Lab/DataSet/MTMC_Tracking_2025_Preprocessed/val/Hospital_000/crops/Person_0009/Camera_18/Person_0009_Camera_18_f002670_r001.jpg,None,87,Hospital_000__Person_0009,0.9375,False,False,0.4256208,0.7187104,0.42562097,0.71869093,0.0445217
506,Person_0009,Hospital_000__Person_0009,9,9,Camera_19,29,Hospital_000,Person,1,0.6521739130434783,120,7920,/pfs/data6/home/st/st_us-053000/st_st191959/DL-Lab/DataSet/MTMC_Tracking_2025_Preprocessed/val/Hospital_000/crops/Person_0009/Camera_19/Person_0009_Camera_19_f000120_r002.jpg,None,87,Hospital_000__Person_0009,0.9375,False,False,0.52103055,0.6813229,0.5210304,0.68131393,-0.00868334
396,Person_0009,Hospital_000__Person_0009,9,9,Camera_22,32,Hospital_000,Person,1,0.6313131313131313,0,7980,/pfs/data6/home/st/st_us-053000/st_st191959/DL-Lab/DataSet/MTMC_Tracking_2025_Preprocessed/val/Hospital_000/crops/Person_0009/Camera_22/Person_0009_Camera_22_f000000_r003.jpg,None,87,Hospital_000__Person_0009,0.9375,False,False,0.5489983,0.64210254,0.54899824,0.6420954,-0.074454546
47,Person_0009,Hospital_000__Person_0009,9,9,Camera_23,33,Hospital_000,Person,0,0.0,5130,8850,/pfs/data6/home/st/st_us-053000/st_st191959/DL-Lab/DataSet/MTMC_Tracking_2025_Preprocessed/val/Hospital_000/crops/Person_0009/Camera_23/Person_0009_Camera_23_f005130_r003.jpg,None,87,Hospital_000__Person_0009,0.9375,False,False,0.5353658,0.6466161,0.53536564,0.6466144,-0.126187
600,Person_0009,Hospital_000__Person_0009,9,9,Camera_24,34,Hospital_000,Person,1,0.6,0,8970,/pfs/data6/home/st/st_us-053000/st_st191959/DL-Lab/DataSet/MTMC_Tracking_2025_Preprocessed/val/Hospital_000/crops/Person_0009/Camera_24/Person_0009_Camera_24_f000000_r008.jpg,None,87,Hospital_000__Person_0009,0.9375,False,False,0.5533747,0.6452516,0.5533749,0.6452491,-0.0683274
334,Person_0009,Hospital_000__Person_0009,9,9,Camera_26,36,Hospital_000,Person,1,0.6646706586826348,0,7980,/pfs/data6/home/st/st_us-053000/st_st191959/DL-Lab/DataSet/MTMC_Tracking_2025_Preprocessed/val/Hospital_000/crops/Person_0009/Camera_26/Person_0009_Camera_26_f000000_r002.jpg,None,87,Hospital_000__Person_0009,0.9375,False,False,0.4986319,0.67235,0.49863204,0.67233545,-0.02117646
226,Person_0009,Hospital_000__Person_0009,9,9,Camera_27,37,Hospital_000,Person,1,0.6017699115044248,150,7950,/pfs/data6/home/st/st_us-053000/st_st191959/DL-Lab/DataSet/MTMC_Tracking_2025_Preprocessed/val/Hospital_000/crops/Person_0009/Camera_27/Person_0009_Camera_27_f000150_r003.jpg,None,87,Hospital_000__Person_0009,0.9375,False,False,0.5410353,0.6888268,0.5410353,0.68882114,-0.04681513
228,Person_0009,Hospital_000__Person_0009,9,9,Camera_28,38,Hospital_000,Person,1,0.6666666666666666,5100,8850,/pfs/data6/home/st/st_us-053000/st_st191959/DL-Lab/DataSet/MTMC_Tracking_2025_Preprocessed/val/Hospital_000/crops/Person_0009/Camera_28/Person_0009_Camera_28_f005100_r002.jpg,None,87,Hospital_000__Person_0009,0.9375,False,False,0.30378234,0.718268,0.30378237,0.7182653,-0.06284893
4,Person_0010,Hospital_000__Person_0010,10,10,Camera_03,13,Hospital_000,Person,0,0.0,2460,7890,/pfs/data6/home/st/st_us-053000/st_st191959/DL-Lab/DataSet/MTMC_Tracking_2025_Preprocessed/val/Hospital_000/crops/Person_0010/Camera_03/Person_0010_Camera_03_f002460_r003.jpg,None,13,Hospital_000__Person_0010,1.0,False,False,0.6234624,0.23106396,0.6234621,0.23107572,0.4070094
100,Person_0010,Hospital_000__Person_0010,10,10,Camera_04,14,Hospital_000,Person,1,0.66,780,3210,/pfs/data6/home/st/st_us-053000/st_st191959/DL-Lab/DataSet/MTMC_Tracking_2025_Preprocessed/val/Hospital_000/crops/Person_0010/Camera_04/Person_0010_Camera_04_f000780_r002.jpg,None,13,Hospital_000__Person_0010,1.0,False,False,0.18469131,0.2638995,0.18469132,0.2639027,0.5414058
53,Person_0010,Hospital_000__Person_0010,10,10,Camera_07,17,Hospital_000,Person,1,0.37735849056603776,810,3240,/pfs/data6/home/st/st_us-053000/st_st191959/DL-Lab/DataSet/MTMC_Tracking_2025_Preprocessed/val/Hospital_000/crops/Person_0010/Camera_07/Person_0010_Camera_07_f000810_r000.jpg,None,13,Hospital_000__Person_0010,1.0,False,False,0.57644284,0.2663856,0.5764426,0.26639488,0.3940673
283,Person_0010,Hospital_000__Person_0010,10,10,Camera_10,20,Hospital_000,Person,1,0.6643109540636042,0,3660,/pfs/data6/home/st/st_us-053000/st_st191959/DL-Lab/DataSet/MTMC_Tracking_2025_Preprocessed/val/Hospital_000/crops/Person_0010/Camera_10/Person_0010_Camera_10_f000000_r000.jpg,None,13,Hospital_000__Person_0010,1.0,False,False,0.35443628,0.2949497,0.3544362,0.29494783,0.52758163
558,Person_0010,Hospital_000__Person_0010,10,10,Camera_16,26,Hospital_000,Person,1,0.6666666666666666,0,8970,/pfs/data6/home/st/st_us-053000/st_st191959/DL-Lab/DataSet/MTMC_Tracking_2025_Preprocessed/val/Hospital_000/crops/Person_0010/Camera_16/Person_0010_Camera_16_f000000_r000.jpg,None,13,Hospital_000__Person_0010,1.0,False,False,0.4941521,0.25933957,0.49415174,0.2593448,0.4647649
5,Person_0010,Hospital_000__Person_0010,10,10,Camera_19,29,Hospital_000,Person,1,0.4,2790,3210,/pfs/data6/home/st/st_us-053000/st_st191959/DL-Lab/DataSet/MTMC_Tracking_2025_Preprocessed/val/Hospital_000/crops/Person_0010/Camera_19/Person_0010_Camera_19_f002790_r004.jpg,None,13,Hospital_000__Person_0010,1.0,False,False,0.5587077,0.27011603,0.5587076,0.2701314,0.4046791
610,Person_0010,Hospital_000__Person_0010,10,10,Camera_21,31,Hospital_000,Person,1,0.6655737704918033,0,8970,/pfs/data6/home/st/st_us-053000/st_st191959/DL-Lab/DataSet/MTMC_Tracking_2025_Preprocessed/val/Hospital_000/crops/Person_0010/Camera_21/Person_0010_Camera_21_f000000_r000.jpg,None,13,Hospital_000__Person_0010,1.0,False,False,0.52061135,0.28299183,0.5206113,0.28299865,0.43393546
358,Person_0010,Hospital_000__Person_0010,10,10,Camera_23,33,Hospital_000,Person,1,0.6536312849162011,0,8970,/pfs/data6/home/st/st_us-053000/st_st191959/DL-Lab/DataSet/MTMC_Tracking_2025_Preprocessed/val/Hospital_000/crops/Person_0010/Camera_23/Person_0010_Camera_23_f000000_r001.jpg,None,13,Hospital_000__Person_0010,1.0,False,False,0.55098855,0.27320796,0.55098814,0.27321702,0.4242867
8,Person_0010,Hospital_000__Person_0010,10,10,Camera_24,34,Hospital_000,Person,0,0.0,690,7890,/pfs/data6/home/st/st_us-053000/st_st191959/DL-Lab/DataSet/MTMC_Tracking_2025_Preprocessed/val/Hospital_000/crops/Person_0010/Camera_24/Person_0010_Camera_24_f000690_r005.jpg,None,13,Hospital_000__Person_0010,1.0,False,False,0.5753959,0.2605567,0.5753955,0.26056832,0.42609432
372,Person_0010,Hospital_000__Person_0010,10,10,Camera_25,35,Hospital_000,Person,1,0.6666666666666666,1410,8850,/pfs/data6/home/st/st_us-053000/st_st191959/DL-Lab/DataSet/MTMC_Tracking_2025_Preprocessed/val/Hospital_000/crops/Person_0010/Camera_25/Person_0010_Camera_25_f001410_r000.jpg,None,13,Hospital_000__Person_0010,1.0,False,False,0.49972385,0.27028057,0.4997236,0.2702828,0.49841768
47,Person_0010,Hospital_000__Person_0010,10,10,Camera_28,38,Hospital_000,Person,1,0.1702127659574468,690,8310,/pfs/data6/home/st/st_us-053000/st_st191959/DL-Lab/DataSet/MTMC_Tracking_2025_Preprocessed/val/Hospital_000/crops/Person_0010/Camera_28/Person_0010_Camera_28_f000690_r001.jpg,None,13,Hospital_000__Person_0010,1.0,False,False,0.56630135,0.25459513,0.5663009,0.2546025,0.45236155
327,Person_0010,Hospital_000__Person_0010,10,10,Camera_29,39,Hospital_000,Person,1,0.6666666666666666,0,3660,/pfs/data6/home/st/st_us-053000/st_st191959/DL-Lab/DataSet/MTMC_Tracking_2025_Preprocessed/val/Hospital_000/crops/Person_0010/Camera_29/Person_0010_Camera_29_f000000_r000.jpg,None,13,Hospital_000__Person_0010,1.0,False,False,0.49000934,0.3009885,0.4900091,0.30098507,0.5046226
266,Person_0010,Hospital_000__Person_0010,10,10,Camera_30,40,Hospital_000,Person,1,0.6466165413533834,3780,8850,/pfs/data6/home/st/st_us-053000/st_st191959/DL-Lab/DataSet/MTMC_Tracking_2025_Preprocessed/val/Hospital_000/crops/Person_0010/Camera_30/Person_0010_Camera_30_f003780_r000.jpg,None,13,Hospital_000__Person_0010,1.0,False,False,0.44057772,0.2938012,0.44057757,0.29379973,0.51406914
48,Person_0011,Hospital_000__Person_0011,11,11,Camera_03,13,Hospital_000,Person,0,0.0,120,6840,/pfs/data6/home/st/st_us-053000/st_st191959/DL-Lab/DataSet/MTMC_Tracking_2025_Preprocessed/val/Hospital_000/crops/Person_0011/Camera_03/Person_0011_Camera_03_f000120_r011.jpg,None,49,Hospital_000__Person_0011,0.9285714285714286,False,False,0.6765386,-0.3243375,0.6765382,-0.32432616,0.060723066
121,Person_0011,Hospital_000__Person_0011,11,11,Camera_04,14,Hospital_000,Person,1,0.6611570247933884,7350,8970,/pfs/data6/home/st/st_us-053000/st_st191959/DL-Lab/DataSet/MTMC_Tracking_2025_Preprocessed/val/Hospital_000/crops/Person_0011/Camera_04/Person_0011_Camera_04_f007350_r008.jpg,None,49,Hospital_000__Person_0011,0.9285714285714286,False,False,0.34599775,-0.31115812,0.34599784,-0.31115395,-0.056101754
140,Person_0011,Hospital_000__Person_0011,11,11,Camera_07,17,Hospital_000,Person,1,0.6428571428571429,4140,8970,/pfs/data6/home/st/st_us-053000/st_st191959/DL-Lab/DataSet/MTMC_Tracking_2025_Preprocessed/val/Hospital_000/crops/Person_0011/Camera_07/Person_0011_Camera_07_f004140_r002.jpg,None,49,Hospital_000__Person_0011,0.9285714285714286,False,False,0.59927493,-0.21497352,0.5992746,-0.21496098,-0.065323345
271,Person_0011,Hospital_000__Person_0011,11,11,Camera_10,20,Hospital_000,Person,1,0.6642066420664207,780,8820,/pfs/data6/home/st/st_us-053000/st_st191959/DL-Lab/DataSet/MTMC_Tracking_2025_Preprocessed/val/Hospital_000/crops/Person_0011/Camera_10/Person_0011_Camera_10_f000780_r001.jpg,None,49,Hospital_000__Person_0011,0.9285714285714286,False,False,0.2737586,-0.30689856,0.27375865,-0.306894,0.01585084
456,Person_0011,Hospital_000__Person_0011,11,11,Camera_16,26,Hospital_000,Person,1,0.6666666666666666,0,8820,/pfs/data6/home/st/st_us-053000/st_st191959/DL-Lab/DataSet/MTMC_Tracking_2025_Preprocessed/val/Hospital_000/crops/Person_0011/Camera_16/Person_0011_Camera_16_f000000_r003.jpg,None,49,Hospital_000__Person_0011,0.9285714285714286,False,False,0.31153312,-0.34125662,0.3115331,-0.3412517,-0.042371325
35,Person_0011,Hospital_000__Person_0011,11,11,Camera_19,29,Hospital_000,Person,1,0.05714285714285714,4320,8910,/pfs/data6/home/st/st_us-053000/st_st191959/DL-Lab/DataSet/MTMC_Tracking_2025_Preprocessed/val/Hospital_000/crops/Person_0011/Camera_19/Person_0011_Camera_19_f004320_r007.jpg,None,49,Hospital_000__Person_0011,0.9285714285714286,False,False,0.64521897,-0.29289618,0.64521855,-0.29288003,0.009963626
687,Person_0011,Hospital_000__Person_0011,11,11,Camera_21,31,Hospital_000,Person,1,0.6637554585152838,690,8970,/pfs/data6/home/st/st_us-053000/st_st191959/DL-Lab/DataSet/MTMC_Tracking_2025_Preprocessed/val/Hospital_000/crops/Person_0011/Camera_21/Person_0011_Camera_21_f000690_r006.jpg,None,49,Hospital_000__Person_0011,0.9285714285714286,False,False,0.47898486,-0.29225263,0.47898468,-0.29224408,-0.037558235
452,Person_0011,Hospital_000__Person_0011,11,11,Camera_23,33,Hospital_000,Person,1,0.6637168141592921,0,7260,/pfs/data6/home/st/st_us-053000/st_st191959/DL-Lab/DataSet/MTMC_Tracking_2025_Preprocessed/val/Hospital_000/crops/Person_0011/Camera_23/Person_0011_Camera_23_f000000_r010.jpg,None,49,Hospital_000__Person_0011,0.9285714285714286,False,False,0.532548,-0.2990023,0.53254807,-0.29899666,-0.023471843
66,Person_0011,Hospital_000__Person_0011,11,11,Camera_24,34,Hospital_000,Person,1,0.030303030303030304,120,7050,/pfs/data6/home/st/st_us-053000/st_st191959/DL-Lab/DataSet/MTMC_Tracking_2025_Preprocessed/val/Hospital_000/crops/Person_0011/Camera_24/Person_0011_Camera_24_f000120_r016.jpg,None,49,Hospital_000__Person_0011,0.9285714285714286,False,False,0.66986287,-0.3114034,0.6698625,-0.31139198,0.06600406
281,Person_0011,Hospital_000__Person_0011,11,11,Camera_25,35,Hospital_000,Person,1,0.6548042704626335,450,7050,/pfs/data6/home/st/st_us-053000/st_st191959/DL-Lab/DataSet/MTMC_Tracking_2025_Preprocessed/val/Hospital_000/crops/Person_0011/Camera_25/Person_0011_Camera_25_f000450_r002.jpg,None,49,Hospital_000__Person_0011,0.9285714285714286,False,False,0.3760181,-0.33288372,0.376018,-0.33288038,-0.059292886
214,Person_0011,Hospital_000__Person_0011,11,11,Camera_28,38,Hospital_000,Person,1,0.5233644859813084,0,7290,/pfs/data6/home/st/st_us-053000/st_st191959/DL-Lab/DataSet/MTMC_Tracking_2025_Preprocessed/val/Hospital_000/crops/Person_0011/Camera_28/Person_0011_Camera_28_f000000_r008.jpg,None,49,Hospital_000__Person_0011,0.9285714285714286,False,False,0.5901439,-0.30739787,0.59014386,-0.3073893,0.0106515465
325,Person_0011,Hospital_000__Person_0011,11,11,Camera_29,39,Hospital_000,Person,1,0.6646153846153846,780,8970,/pfs/data6/home/st/st_us-053000/st_st191959/DL-Lab/DataSet/MTMC_Tracking_2025_Preprocessed/val/Hospital_000/crops/Person_0011/Camera_29/Person_0011_Camera_29_f000780_r004.jpg,None,49,Hospital_000__Person_0011,0.9285714285714286,False,False,0.3348004,-0.3464632,0.33480027,-0.34645775,-0.07005611
210,Person_0011,Hospital_000__Person_0011,11,11,Camera_30,40,Hospital_000,Person,1,0.6666666666666666,1200,3270,/pfs/data6/home/st/st_us-053000/st_st191959/DL-Lab/DataSet/MTMC_Tracking_2025_Preprocessed/val/Hospital_000/crops/Person_0011/Camera_30/Person_0011_Camera_30_f001200_r001.jpg,None,49,Hospital_000__Person_0011,0.9285714285714286,False,False,0.3835694,-0.30686477,0.38356954,-0.30686513,-0.011413632
21,Person_0012,Hospital_000__Person_0012,12,12,Camera,0,Hospital_000,Person,0,0.0,810,2880,/pfs/data6/home/st/st_us-053000/st_st191959/DL-Lab/DataSet/MTMC_Tracking_2025_Preprocessed/val/Hospital_000/crops/Person_0012/Camera/Person_0012_Camera_f000810_r001.jpg,None,104,Hospital_000__Person_0012,1.0,False,False,0.46701252,0.5503435,0.46701214,0.55035466,-0.20375882
584,Person_0012,Hospital_000__Person_0012,12,12,Camera_01,11,Hospital_000,Person,1,0.5513698630136986,1140,8970,/pfs/data6/home/st/st_us-053000/st_st191959/DL-Lab/DataSet/MTMC_Tracking_2025_Preprocessed/val/Hospital_000/crops/Person_0012/Camera_01/Person_0012_Camera_01_f001140_r002.jpg,None,104,Hospital_000__Person_0012,1.0,False,False,0.4385526,0.6376358,0.43855253,0.6376428,-0.12127196
45,Person_0012,Hospital_000__Person_0012,12,12,Camera_03,13,Hospital_000,Person,1,0.6666666666666666,0,420,/pfs/data6/home/st/st_us-053000/st_st191959/DL-Lab/DataSet/MTMC_Tracking_2025_Preprocessed/val/Hospital_000/crops/Person_0012/Camera_03/Person_0012_Camera_03_f000000_r000.jpg,None,104,Hospital_000__Person_0012,1.0,False,False,-0.011802117,0.66492516,-0.011802003,0.6649285,-0.22147994
813,Person_0012,Hospital_000__Person_0012,12,12,Camera_05,15,Hospital_000,Person,1,0.6666666666666666,90,8970,/pfs/data6/home/st/st_us-053000/st_st191959/DL-Lab/DataSet/MTMC_Tracking_2025_Preprocessed/val/Hospital_000/crops/Person_0012/Camera_05/Person_0012_Camera_05_f000090_r003.jpg,None,-1,NOISE,0.0,True,False,-0.05852979,0.63573396,-0.058529627,0.6357383,-0.26337218
9,Person_0012,Hospital_000__Person_0012,12,12,Camera_06,16,Hospital_000,Person,1,0.6666666666666666,0,60,/pfs/data6/home/st/st_us-053000/st_st191959/DL-Lab/DataSet/MTMC_Tracking_2025_Preprocessed/val/Hospital_000/crops/Person_0012/Camera_06/Person_0012_Camera_06_f000000_r001.jpg,None,104,Hospital_000__Person_0012,1.0,False,False,0.28873777,0.6228541,0.2887377,0.6228651,-0.15383926
9,Person_0012,Hospital_000__Person_0012,12,12,Camera_08,18,Hospital_000,Person,1,0.2222222222222222,480,2760,/pfs/data6/home/st/st_us-053000/st_st191959/DL-Lab/DataSet/MTMC_Tracking_2025_Preprocessed/val/Hospital_000/crops/Person_0012/Camera_08/Person_0012_Camera_08_f000480_r001.jpg,None,-1,NOISE,0.0,True,False,-0.0405914,0.09621498,-0.040591378,0.0962141,-0.37733915
72,Person_0012,Hospital_000__Person_0012,12,12,Camera_09,19,Hospital_000,Person,1,0.6666666666666666,0,690,/pfs/data6/home/st/st_us-053000/st_st191959/DL-Lab/DataSet/MTMC_Tracking_2025_Preprocessed/val/Hospital_000/crops/Person_0012/Camera_09/Person_0012_Camera_09_f000000_r001.jpg,None,104,Hospital_000__Person_0012,1.0,False,False,0.100527965,0.58271724,0.10052801,0.5827268,-0.20560989
27,Person_0012,Hospital_000__Person_0012,12,12,Camera_14,24,Hospital_000,Person,1,0.6666666666666666,1170,1410,/pfs/data6/home/st/st_us-053000/st_st191959/DL-Lab/DataSet/MTMC_Tracking_2025_Preprocessed/val/Hospital_000/crops/Person_0012/Camera_14/Person_0012_Camera_14_f001170_r001.jpg,None,-1,NOISE,0.0,True,False,-0.27355766,0.5801899,-0.2735575,0.58019763,-0.14685567
27,Person_0012,Hospital_000__Person_0012,12,12,Camera_20,30,Hospital_000,Person,1,0.6666666666666666,450,690,/pfs/data6/home/st/st_us-053000/st_st191959/DL-Lab/DataSet/MTMC_Tracking_2025_Preprocessed/val/Hospital_000/crops/Person_0012/Camera_20/Person_0012_Camera_20_f000450_r000.jpg,None,104,Hospital_000__Person_0012,1.0,False,False,0.3415618,0.5376262,0.34156168,0.5376382,-0.23651987
46,Person_0012,Hospital_000__Person_0012,12,12,Camera_22,32,Hospital_000,Person,1,0.6521739130434783,0,450,/pfs/data6/home/st/st_us-053000/st_st191959/DL-Lab/DataSet/MTMC_Tracking_2025_Preprocessed/val/Hospital_000/crops/Person_0012/Camera_22/Person_0012_Camera_22_f000000_r001.jpg,None,104,Hospital_000__Person_0012,1.0,False,False,-0.14004618,0.62962395,-0.14004609,0.62962604,-0.16709091
48,Person_0012,Hospital_000__Person_0012,12,12,Camera_24,34,Hospital_000,Person,1,0.6666666666666666,0,450,/pfs/data6/home/st/st_us-053000/st_st191959/DL-Lab/DataSet/MTMC_Tracking_2025_Preprocessed/val/Hospital_000/crops/Person_0012/Camera_24/Person_0012_Camera_24_f000000_r002.jpg,None,104,Hospital_000__Person_0012,1.0,False,False,-0.1034104,0.6253264,-0.10341021,0.6253292,-0.28968135
9,Person_0012,Hospital_000__Person_0012,12,12,Camera_26,36,Hospital_000,Person,1,0.6666666666666666,30,90,/pfs/data6/home/st/st_us-053000/st_st191959/DL-Lab/DataSet/MTMC_Tracking_2025_Preprocessed/val/Hospital_000/crops/Person_0012/Camera_26/Person_0012_Camera_26_f000030_r001.jpg,None,-1,NOISE,0.0,True,False,0.18692297,0.5318022,0.18692318,0.5317785,-0.115135424
4,Person_0012,Hospital_000__Person_0012,12,12,Camera_27,37,Hospital_000,Person,0,0.0,480,3240,/pfs/data6/home/st/st_us-053000/st_st191959/DL-Lab/DataSet/MTMC_Tracking_2025_Preprocessed/val/Hospital_000/crops/Person_0012/Camera_27/Person_0012_Camera_27_f000480_r000.jpg,None,-1,NOISE,0.0,True,False,0.022198103,0.67276114,0.022198161,0.6727569,-0.023437416
380,Person_0013,Hospital_000__Person_0013,13,13,Camera,0,Hospital_000,Person,1,0.5894736842105263,0,8820,/pfs/data6/home/st/st_us-053000/st_st191959/DL-Lab/DataSet/MTMC_Tracking_2025_Preprocessed/val/Hospital_000/crops/Person_0013/Camera/Person_0013_Camera_f000000_r001.jpg,None,96,Hospital_000__Person_0013,1.0,False,False,0.40194124,0.5792074,0.40194145,0.57920593,-0.022787651
663,Person_0013,Hospital_000__Person_0013,13,13,Camera_03,13,Hospital_000,Person,1,0.6666666666666666,0,8760,/pfs/data6/home/st/st_us-053000/st_st191959/DL-Lab/DataSet/MTMC_Tracking_2025_Preprocessed/val/Hospital_000/crops/Person_0013/Camera_03/Person_0013_Camera_03_f000000_r003.jpg,None,96,Hospital_000__Person_0013,1.0,False,False,0.29455546,0.57285374,0.29455543,0.57284963,0.010789385
6,Person_0013,Hospital_000__Person_0013,13,13,Camera_04,14,Hospital_000,Person,0,0.0,3300,8010,/pfs/data6/home/st/st_us-053000/st_st191959/DL-Lab/DataSet/MTMC_Tracking_2025_Preprocessed/val/Hospital_000/crops/Person_0013/Camera_04/Person_0013_Camera_04_f003300_r004.jpg,None,-1,NOISE,0.0,True,False,-0.13290441,0.36722055,-0.13290416,0.36720398,-0.13039136
129,Person_0013,Hospital_000__Person_0013,13,13,Camera_05,15,Hospital_000,Person,1,0.6356589147286822,2370,8160,/pfs/data6/home/st/st_us-053000/st_st191959/DL-Lab/DataSet/MTMC_Tracking_2025_Preprocessed/val/Hospital_000/crops/Person_0013/Camera_05/Person_0013_Camera_05_f002370_r006.jpg,None,96,Hospital_000__Person_0013,1.0,False,False,0.39124107,0.56541514,0.3912411,0.56539553,0.09653164
713,Person_0013,Hospital_000__Person_0013,13,13,Camera_06,16,Hospital_000,Person,1,0.664796633941094,0,8970,/pfs/data6/home/st/st_us-053000/st_st191959/DL-Lab/DataSet/MTMC_Tracking_2025_Preprocessed/val/Hospital_000/crops/Person_0013/Camera_06/Person_0013_Camera_06_f000000_r003.jpg,None,96,Hospital_000__Person_0013,1.0,False,False,0.21749242,0.60435164,0.21749277,0.6043384,0.055566847
47,Person_0013,Hospital_000__Person_0013,13,13,Camera_08,18,Hospital_000,Person,1,0.2978723404255319,2430,8130,/pfs/data6/home/st/st_us-053000/st_st191959/DL-Lab/DataSet/MTMC_Tracking_2025_Preprocessed/val/Hospital_000/crops/Person_0013/Camera_08/Person_0013_Camera_08_f002430_r001.jpg,None,95,Warehouse_015__Person_0180,0.8333333333333334,False,True,-0.025989432,0.561347,-0.025989207,0.561341,0.0020013475
520,Person_0013,Hospital_000__Person_0013,13,13,Camera_09,19,Hospital_000,Person,1,0.6653846153846154,0,8790,/pfs/data6/home/st/st_us-053000/st_st191959/DL-Lab/DataSet/MTMC_Tracking_2025_Preprocessed/val/Hospital_000/crops/Person_0013/Camera_09/Person_0013_Camera_09_f000000_r003.jpg,None,96,Hospital_000__Person_0013,1.0,False,False,0.1478946,0.59031737,0.1478948,0.59030676,0.037565276
37,Person_0013,Hospital_000__Person_0013,13,13,Camera_20,30,Hospital_000,Person,1,0.43243243243243246,420,8280,/pfs/data6/home/st/st_us-053000/st_st191959/DL-Lab/DataSet/MTMC_Tracking_2025_Preprocessed/val/Hospital_000/crops/Person_0013/Camera_20/Person_0013_Camera_20_f000420_r002.jpg,None,96,Hospital_000__Person_0013,1.0,False,False,0.38252124,0.5898792,0.38252124,0.58987683,-0.009404205
288,Person_0013,Hospital_000__Person_0013,13,13,Camera_22,32,Hospital_000,Person,1,0.6666666666666666,750,8220,/pfs/data6/home/st/st_us-053000/st_st191959/DL-Lab/DataSet/MTMC_Tracking_2025_Preprocessed/val/Hospital_000/crops/Person_0013/Camera_22/Person_0013_Camera_22_f000750_r003.jpg,None,96,Hospital_000__Person_0013,1.0,False,False,0.27180213,0.5790913,0.27180243,0.5790717,0.08699866
6,Person_0013,Hospital_000__Person_0013,13,13,Camera_23,33,Hospital_000,Person,0,0.0,3660,8250,/pfs/data6/home/st/st_us-053000/st_st191959/DL-Lab/DataSet/MTMC_Tracking_2025_Preprocessed/val/Hospital_000/crops/Person_0013/Camera_23/Person_0013_Camera_23_f003660_r004.jpg,None,-1,NOISE,0.0,True,False,0.5347249,0.6110603,0.53472453,0.61106735,-0.10631172
726,Person_0013,Hospital_000__Person_0013,13,13,Camera_24,34,Hospital_000,Person,1,0.6666666666666666,0,8760,/pfs/data6/home/st/st_us-053000/st_st191959/DL-Lab/DataSet/MTMC_Tracking_2025_Preprocessed/val/Hospital_000/crops/Person_0013/Camera_24/Person_0013_Camera_24_f000000_r007.jpg,None,96,Hospital_000__Person_0013,1.0,False,False,0.32694432,0.58092636,0.32694462,0.5809216,0.0069387085
4,Person_0013,Hospital_000__Person_0013,13,13,Camera_25,35,Hospital_000,Person,0,0.0,4560,6600,/pfs/data6/home/st/st_us-053000/st_st191959/DL-Lab/DataSet/MTMC_Tracking_2025_Preprocessed/val/Hospital_000/crops/Person_0013/Camera_25/Person_0013_Camera_25_f004560_r002.jpg,None,-1,NOISE,0.0,True,False,0.29351914,0.5735158,0.29351914,0.57351995,-0.105335705
243,Person_0013,Hospital_000__Person_0013,13,13,Camera_26,36,Hospital_000,Person,1,0.6666666666666666,2370,8190,/pfs/data6/home/st/st_us-053000/st_st191959/DL-Lab/DataSet/MTMC_Tracking_2025_Preprocessed/val/Hospital_000/crops/Person_0013/Camera_26/Person_0013_Camera_26_f002370_r002.jpg,None,96,Hospital_000__Person_0013,1.0,False,False,0.24004486,0.568023,0.24004519,0.56800395,0.08914406
26,Person_0013,Hospital_000__Person_0013,13,13,Camera_27,37,Hospital_000,Person,0,0.0,2370,8160,/pfs/data6/home/st/st_us-053000/st_st191959/DL-Lab/DataSet/MTMC_Tracking_2025_Preprocessed/val/Hospital_000/crops/Person_0013/Camera_27/Person_0013_Camera_27_f002370_r003.jpg,None,95,Warehouse_015__Person_0180,0.8333333333333334,False,True,-0.08197573,0.5192289,-0.08197548,0.51921827,0.017869366
48,Person_0013,Hospital_000__Person_0013,13,13,Camera_28,38,Hospital_000,Person,1,0.6666666666666666,4950,5400,/pfs/data6/home/st/st_us-053000/st_st191959/DL-Lab/DataSet/MTMC_Tracking_2025_Preprocessed/val/Hospital_000/crops/Person_0013/Camera_28/Person_0013_Camera_28_f004950_r002.jpg,None,-1,NOISE,0.0,True,False,-0.071870334,0.6828807,-0.07187013,0.6828723,0.08569537
183,Person_0013,Hospital_000__Person_0013,13,13,Camera_31,41,Hospital_000,Person,1,0.6666666666666666,150,8970,/pfs/data6/home/st/st_us-053000/st_st191959/DL-Lab/DataSet/MTMC_Tracking_2025_Preprocessed/val/Hospital_000/crops/Person_0013/Camera_31/Person_0013_Camera_31_f000150_r001.jpg,None,96,Hospital_000__Person_0013,1.0,False,False,0.21208043,0.6040946,0.2120807,0.60407937,0.064241834
2,Person_0014,Hospital_000__Person_0014,14,14,Camera_03,13,Hospital_000,Person,0,0.0,810,7650,/pfs/data6/home/st/st_us-053000/st_st191959/DL-Lab/DataSet/MTMC_Tracking_2025_Preprocessed/val/Hospital_000/crops/Person_0014/Camera_03/Person_0014_Camera_03_f000810_r005.jpg,None,38,Hospital_000__Person_0014,1.0,False,False,0.673042,-0.07927563,0.6730415,-0.07924194,-0.08309708
201,Person_0014,Hospital_000__Person_0014,14,14,Camera_04,14,Hospital_000,Person,1,0.6666666666666666,510,4800,/pfs/data6/home/st/st_us-053000/st_st191959/DL-Lab/DataSet/MTMC_Tracking_2025_Preprocessed/val/Hospital_000/crops/Person_0014/Camera_04/Person_0014_Camera_04_f000510_r002.jpg,None,38,Hospital_000__Person_0014,1.0,False,False,0.54350513,-0.19056076,0.54350513,-0.1905371,0.049770266
198,Person_0014,Hospital_000__Person_0014,14,14,Camera_07,17,Hospital_000,Person,1,0.6363636363636364,2550,5850,/pfs/data6/home/st/st_us-053000/st_st191959/DL-Lab/DataSet/MTMC_Tracking_2025_Preprocessed/val/Hospital_000/crops/Person_0014/Camera_07/Person_0014_Camera_07_f002550_r000.jpg,None,38,Hospital_000__Person_0014,1.0,False,False,0.67529714,-0.104254454,0.6752967,-0.1042274,0.037394807
525,Person_0014,Hospital_000__Person_0014,14,14,Camera_10,20,Hospital_000,Person,1,0.6628571428571428,450,8970,/pfs/data6/home/st/st_us-053000/st_st191959/DL-Lab/DataSet/MTMC_Tracking_2025_Preprocessed/val/Hospital_000/crops/Person_0014/Camera_10/Person_0014_Camera_10_f000450_r001.jpg,None,38,Hospital_000__Person_0014,1.0,False,False,0.5562265,-0.19741555,0.55622655,-0.19739807,0.107664526
507,Person_0014,Hospital_000__Person_0014,14,14,Camera_16,26,Hospital_000,Person,1,0.6666666666666666,180,8970,/pfs/data6/home/st/st_us-053000/st_st191959/DL-Lab/DataSet/MTMC_Tracking_2025_Preprocessed/val/Hospital_000/crops/Person_0014/Camera_16/Person_0014_Camera_16_f000180_r001.jpg,None,38,Hospital_000__Person_0014,1.0,False,False,0.43295723,-0.22801892,0.43295705,-0.22799367,0.07282988
9,Person_0014,Hospital_000__Person_0014,14,14,Camera_19,29,Hospital_000,Person,0,0.0,2580,4230,/pfs/data6/home/st/st_us-053000/st_st191959/DL-Lab/DataSet/MTMC_Tracking_2025_Preprocessed/val/Hospital_000/crops/Person_0014/Camera_19/Person_0014_Camera_19_f002580_r004.jpg,None,38,Hospital_000__Person_0014,1.0,False,False,0.70295244,-0.0709165,0.70295185,-0.070884615,0.08785379
710,Person_0014,Hospital_000__Person_0014,14,14,Camera_21,31,Hospital_000,Person,1,0.6309859154929578,0,8970,/pfs/data6/home/st/st_us-053000/st_st191959/DL-Lab/DataSet/MTMC_Tracking_2025_Preprocessed/val/Hospital_000/crops/Person_0014/Camera_21/Person_0014_Camera_21_f000000_r001.jpg,None,38,Hospital_000__Person_0014,1.0,False,False,0.641327,-0.1444539,0.64132667,-0.14442956,0.036494374
321,Person_0014,Hospital_000__Person_0014,14,14,Camera_23,33,Hospital_000,Person,1,0.6666666666666666,0,8850,/pfs/data6/home/st/st_us-053000/st_st191959/DL-Lab/DataSet/MTMC_Tracking_2025_Preprocessed/val/Hospital_000/crops/Person_0014/Camera_23/Person_0014_Camera_23_f000000_r003.jpg,None,38,Hospital_000__Person_0014,1.0,False,False,0.60129845,-0.16426575,0.6012985,-0.16423723,0.03074342
6,Person_0014,Hospital_000__Person_0014,14,14,Camera_24,34,Hospital_000,Person,0,0.0,780,7650,/pfs/data6/home/st/st_us-053000/st_st191959/DL-Lab/DataSet/MTMC_Tracking_2025_Preprocessed/val/Hospital_000/crops/Person_0014/Camera_24/Person_0014_Camera_24_f000780_r005.jpg,None,38,Hospital_000__Person_0014,1.0,False,False,0.76615566,-0.07821673,0.76615506,-0.07818594,-0.14233412
199,Person_0014,Hospital_000__Person_0014,14,14,Camera_25,35,Hospital_000,Person,1,0.6331658291457286,0,8820,/pfs/data6/home/st/st_us-053000/st_st191959/DL-Lab/DataSet/MTMC_Tracking_2025_Preprocessed/val/Hospital_000/crops/Person_0014/Camera_25/Person_0014_Camera_25_f000000_r000.jpg,None,38,Hospital_000__Person_0014,1.0,False,False,0.51662546,-0.17724344,0.5166253,-0.1772226,0.08991322
89,Person_0014,Hospital_000__Person_0014,14,14,Camera_28,38,Hospital_000,Person,1,0.15730337078651685,150,8880,/pfs/data6/home/st/st_us-053000/st_st191959/DL-Lab/DataSet/MTMC_Tracking_2025_Preprocessed/val/Hospital_000/crops/Person_0014/Camera_28/Person_0014_Camera_28_f000150_r003.jpg,None,38,Hospital_000__Person_0014,1.0,False,False,0.67283756,-0.15531021,0.6728373,-0.15528221,0.088813625
595,Person_0014,Hospital_000__Person_0014,14,14,Camera_29,39,Hospital_000,Person,1,0.6655462184873949,450,8970,/pfs/data6/home/st/st_us-053000/st_st191959/DL-Lab/DataSet/MTMC_Tracking_2025_Preprocessed/val/Hospital_000/crops/Person_0014/Camera_29/Person_0014_Camera_29_f000450_r001.jpg,None,38,Hospital_000__Person_0014,1.0,False,False,0.5318196,-0.21357249,0.5318192,-0.21354683,0.07388974
121,Person_0015,Hospital_000__Person_0015,15,15,Camera,0,Hospital_000,Person,1,0.6446280991735537,0,8580,/pfs/data6/home/st/st_us-053000/st_st191959/DL-Lab/DataSet/MTMC_Tracking_2025_Preprocessed/val/Hospital_000/crops/Person_0015/Camera/Person_0015_Camera_f000000_r002.jpg,None,26,Hospital_000__Person_0015,1.0,False,False,-0.095360875,-0.30633628,-0.095361054,-0.30633548,-0.0088487
242,Person_0015,Hospital_000__Person_0015,15,15,Camera_03,13,Hospital_000,Person,1,0.5785123966942148,0,8580,/pfs/data6/home/st/st_us-053000/st_st191959/DL-Lab/DataSet/MTMC_Tracking_2025_Preprocessed/val/Hospital_000/crops/Person_0015/Camera_03/Person_0015_Camera_03_f000000_r004.jpg,None,26,Hospital_000__Person_0015,1.0,False,False,0.53782755,-0.24454944,0.5378275,-0.24455513,-0.025273448
175,Person_0015,Hospital_000__Person_0015,15,15,Camera_04,14,Hospital_000,Person,1,0.37714285714285717,1890,7920,/pfs/data6/home/st/st_us-053000/st_st191959/DL-Lab/DataSet/MTMC_Tracking_2025_Preprocessed/val/Hospital_000/crops/Person_0015/Camera_04/Person_0015_Camera_04_f001890_r005.jpg,None,26,Hospital_000__Person_0015,1.0,False,False,0.5872753,-0.26588932,0.58727497,-0.26589045,-0.019547373
137,Person_0015,Hospital_000__Person_0015,15,15,Camera_05,15,Hospital_000,Person,1,0.5693430656934306,3240,8160,/pfs/data6/home/st/st_us-053000/st_st191959/DL-Lab/DataSet/MTMC_Tracking_2025_Preprocessed/val/Hospital_000/crops/Person_0015/Camera_05/Person_0015_Camera_05_f003240_r007.jpg,None,26,Hospital_000__Person_0015,1.0,False,False,0.6158221,-0.32805166,0.6158219,-0.328057,0.009381053
103,Person_0015,Hospital_000__Person_0015,15,15,Camera_06,16,Hospital_000,Person,1,0.6601941747572816,7950,8970,/pfs/data6/home/st/st_us-053000/st_st191959/DL-Lab/DataSet/MTMC_Tracking_2025_Preprocessed/val/Hospital_000/crops/Person_0015/Camera_06/Person_0015_Camera_06_f007950_r007.jpg,None,26,Hospital_000__Person_0015,1.0,False,False,0.40052187,-0.36082473,0.40052173,-0.36082146,-0.0943362
30,Person_0015,Hospital_000__Person_0015,15,15,Camera_07,17,Hospital_000,Person,1,0.6666666666666666,1950,2220,/pfs/data6/home/st/st_us-053000/st_st191959/DL-Lab/DataSet/MTMC_Tracking_2025_Preprocessed/val/Hospital_000/crops/Person_0015/Camera_07/Person_0015_Camera_07_f001950_r000.jpg,None,26,Hospital_000__Person_0015,1.0,False,False,0.29988176,-0.22397554,0.29988137,-0.2239657,-0.16080464
464,Person_0015,Hospital_000__Person_0015,15,15,Camera_08,18,Hospital_000,Person,1,0.6637931034482759,2220,8130,/pfs/data6/home/st/st_us-053000/st_st191959/DL-Lab/DataSet/MTMC_Tracking_2025_Preprocessed/val/Hospital_000/crops/Person_0015/Camera_08/Person_0015_Camera_08_f002220_r003.jpg,None,26,Hospital_000__Person_0015,1.0,False,False,0.58615035,-0.2639009,0.5861502,-0.26391295,-0.06369127
70,Person_0015,Hospital_000__Person_0015,15,15,Camera_09,19,Hospital_000,Person,1,0.6571428571428571,7890,8580,/pfs/data6/home/st/st_us-053000/st_st191959/DL-Lab/DataSet/MTMC_Tracking_2025_Preprocessed/val/Hospital_000/crops/Person_0015/Camera_09/Person_0015_Camera_09_f007890_r009.jpg,None,26,Hospital_000__Person_0015,1.0,False,False,0.06205851,-0.2724182,0.06205858,-0.2724265,-0.00017111572
6,Person_0015,Hospital_000__Person_0015,15,15,Camera_10,20,Hospital_000,Person,1,0.6666666666666666,1830,1860,/pfs/data6/home/st/st_us-053000/st_st191959/DL-Lab/DataSet/MTMC_Tracking_2025_Preprocessed/val/Hospital_000/crops/Person_0015/Camera_10/Person_0015_Camera_10_f001830_r002.jpg,None,-1,NOISE,0.0,True,False,-0.34848988,-0.35685748,-0.34848967,-0.35686597,-0.17308493
15,Person_0015,Hospital_000__Person_0015,15,15,Camera_16,26,Hospital_000,Person,1,0.6666666666666666,1770,1890,/pfs/data6/home/st/st_us-053000/st_st191959/DL-Lab/DataSet/MTMC_Tracking_2025_Preprocessed/val/Hospital_000/crops/Person_0015/Camera_16/Person_0015_Camera_16_f001770_r003.jpg,None,26,Hospital_000__Person_0015,1.0,False,False,0.21872675,-0.32733044,0.21872659,-0.32733312,-0.1021349
222,Person_0015,Hospital_000__Person_0015,15,15,Camera_18,28,Hospital_000,Person,1,0.6486486486486487,2190,7290,/pfs/data6/home/st/st_us-053000/st_st191959/DL-Lab/DataSet/MTMC_Tracking_2025_Preprocessed/val/Hospital_000/crops/Person_0015/Camera_18/Person_0015_Camera_18_f002190_r001.jpg,None,26,Hospital_000__Person_0015,1.0,False,False,0.08108215,-0.31752193,0.08108215,-0.3175398,0.009666089
573,Person_0015,Hospital_000__Person_0015,15,15,Camera_19,29,Hospital_000,Person,1,0.6561954624781849,1950,8160,/pfs/data6/home/st/st_us-053000/st_st191959/DL-Lab/DataSet/MTMC_Tracking_2025_Preprocessed/val/Hospital_000/crops/Person_0015/Camera_19/Person_0015_Camera_19_f001950_r005.jpg,None,26,Hospital_000__Person_0015,1.0,False,False,0.5644047,-0.2794414,0.5644044,-0.27943882,-0.08506782
3,Person_0015,Hospital_000__Person_0015,15,15,Camera_20,30,Hospital_000,Person,1,0.6666666666666666,8430,8430,/pfs/data6/home/st/st_us-053000/st_st191959/DL-Lab/DataSet/MTMC_Tracking_2025_Preprocessed/val/Hospital_000/crops/Person_0015/Camera_20/Person_0015_Camera_20_f008430_r001.jpg,None,26,Hospital_000__Person_0015,1.0,False,False,0.75066817,-0.062192153,0.7506679,-0.062192895,-0.063789405
24,Person_0015,Hospital_000__Person_0015,15,15,Camera_21,31,Hospital_000,Person,1,0.6666666666666666,1740,1950,/pfs/data6/home/st/st_us-053000/st_st191959/DL-Lab/DataSet/MTMC_Tracking_2025_Preprocessed/val/Hospital_000/crops/Person_0015/Camera_21/Person_0015_Camera_21_f001740_r003.jpg,None,26,Hospital_000__Person_0015,1.0,False,False,0.45314157,-0.2742715,0.45314148,-0.27427125,-0.05871042
206,Person_0015,Hospital_000__Person_0015,15,15,Camera_22,32,Hospital_000,Person,1,0.5728155339805825,2670,8220,/pfs/data6/home/st/st_us-053000/st_st191959/DL-Lab/DataSet/MTMC_Tracking_2025_Preprocessed/val/Hospital_000/crops/Person_0015/Camera_22/Person_0015_Camera_22_f002670_r008.jpg,None,26,Hospital_000__Person_0015,1.0,False,False,0.44357735,-0.27964297,0.44357726,-0.2796488,-0.094211295
82,Person_0015,Hospital_000__Person_0015,15,15,Camera_23,33,Hospital_000,Person,1,0.4146341463414634,210,8400,/pfs/data6/home/st/st_us-053000/st_st191959/DL-Lab/DataSet/MTMC_Tracking_2025_Preprocessed/val/Hospital_000/crops/Person_0015/Camera_23/Person_0015_Camera_23_f000210_r006.jpg,None,26,Hospital_000__Person_0015,1.0,False,False,0.49912652,-0.26557896,0.49912617,-0.26557225,-0.082423836
297,Person_0015,Hospital_000__Person_0015,15,15,Camera_24,34,Hospital_000,Person,1,0.4781144781144781,0,8460,/pfs/data6/home/st/st_us-053000/st_st191959/DL-Lab/DataSet/MTMC_Tracking_2025_Preprocessed/val/Hospital_000/crops/Person_0015/Camera_24/Person_0015_Camera_24_f000000_r009.jpg,None,26,Hospital_000__Person_0015,1.0,False,False,0.6018432,-0.27705178,0.6018428,-0.27704498,-0.10482334
2,Person_0015,Hospital_000__Person_0015,15,15,Camera_25,35,Hospital_000,Person,0,0.0,390,960,/pfs/data6/home/st/st_us-053000/st_st191959/DL-Lab/DataSet/MTMC_Tracking_2025_Preprocessed/val/Hospital_000/crops/Person_0015/Camera_25/Person_0015_Camera_25_f000390_r001.jpg,None,-1,NOISE,0.0,True,False,0.14841576,-0.1590757,0.14841609,-0.15910453,0.28685066
156,Person_0015,Hospital_000__Person_0015,15,15,Camera_26,36,Hospital_000,Person,1,0.6666666666666666,3240,8160,/pfs/data6/home/st/st_us-053000/st_st191959/DL-Lab/DataSet/MTMC_Tracking_2025_Preprocessed/val/Hospital_000/crops/Person_0015/Camera_26/Person_0015_Camera_26_f003240_r005.jpg,None,26,Hospital_000__Person_0015,1.0,False,False,0.29647264,-0.3707235,0.29647255,-0.3707318,-0.11330685
340,Person_0015,Hospital_000__Person_0015,15,15,Camera_27,37,Hospital_000,Person,1,0.6588235294117647,2100,7980,/pfs/data6/home/st/st_us-053000/st_st191959/DL-Lab/DataSet/MTMC_Tracking_2025_Preprocessed/val/Hospital_000/crops/Person_0015/Camera_27/Person_0015_Camera_27_f002100_r004.jpg,None,26,Hospital_000__Person_0015,1.0,False,False,0.6222188,-0.24017303,0.6222184,-0.24017799,-0.08135361
184,Person_0015,Hospital_000__Person_0015,15,15,Camera_28,38,Hospital_000,Person,1,0.6630434782608695,0,1830,/pfs/data6/home/st/st_us-053000/st_st191959/DL-Lab/DataSet/MTMC_Tracking_2025_Preprocessed/val/Hospital_000/crops/Person_0015/Camera_28/Person_0015_Camera_28_f000000_r005.jpg,None,26,Hospital_000__Person_0015,1.0,False,False,0.5234358,-0.28557765,0.5234355,-0.28557196,-0.0823646
12,Person_0015,Hospital_000__Person_0015,15,15,Camera_29,39,Hospital_000,Person,1,0.6666666666666666,1830,1920,/pfs/data6/home/st/st_us-053000/st_st191959/DL-Lab/DataSet/MTMC_Tracking_2025_Preprocessed/val/Hospital_000/crops/Person_0015/Camera_29/Person_0015_Camera_29_f001830_r002.jpg,None,26,Hospital_000__Person_0015,1.0,False,False,0.29019672,-0.35480863,0.2901965,-0.3548176,-0.07654121
51,Person_0015,Hospital_000__Person_0015,15,15,Camera_31,41,Hospital_000,Person,1,0.6666666666666666,8460,8970,/pfs/data6/home/st/st_us-053000/st_st191959/DL-Lab/DataSet/MTMC_Tracking_2025_Preprocessed/val/Hospital_000/crops/Person_0015/Camera_31/Person_0015_Camera_31_f008460_r001.jpg,None,26,Hospital_000__Person_0015,1.0,False,False,-0.14898579,-0.3861615,-0.14898585,-0.3861668,-0.013836338
4,Person_0016,Hospital_000__Person_0016,16,16,Camera_03,13,Hospital_000,Person,0,0.0,1320,4860,/pfs/data6/home/st/st_us-053000/st_st191959/DL-Lab/DataSet/MTMC_Tracking_2025_Preprocessed/val/Hospital_000/crops/Person_0016/Camera_03/Person_0016_Camera_03_f001320_r009.jpg,None,97,Hospital_000__Person_0016,1.0,False,False,0.6131656,-0.2877703,0.61316556,-0.28773814,0.04545733
82,Person_0016,Hospital_000__Person_0016,16,16,Camera_04,14,Hospital_000,Person,1,0.6585365853658537,2970,4200,/pfs/data6/home/st/st_us-053000/st_st191959/DL-Lab/DataSet/MTMC_Tracking_2025_Preprocessed/val/Hospital_000/crops/Person_0016/Camera_04/Person_0016_Camera_04_f002970_r012.jpg,None,97,Hospital_000__Person_0016,1.0,False,False,0.4638862,-0.22473876,0.46388605,-0.22472781,0.02703544
96,Person_0016,Hospital_000__Person_0016,16,16,Camera_07,17,Hospital_000,Person,1,0.6666666666666666,1560,4140,/pfs/data6/home/st/st_us-053000/st_st191959/DL-Lab/DataSet/MTMC_Tracking_2025_Preprocessed/val/Hospital_000/crops/Person_0016/Camera_07/Person_0016_Camera_07_f001560_r000.jpg,None,97,Hospital_000__Person_0016,1.0,False,False,0.5890229,-0.23075049,0.5890228,-0.23074545,0.0012332014
200,Person_0016,Hospital_000__Person_0016,16,16,Camera_10,20,Hospital_000,Person,1,0.65,1350,4350,/pfs/data6/home/st/st_us-053000/st_st191959/DL-Lab/DataSet/MTMC_Tracking_2025_Preprocessed/val/Hospital_000/crops/Person_0016/Camera_10/Person_0016_Camera_10_f001350_r003.jpg,None,97,Hospital_000__Person_0016,1.0,False,False,0.24291573,-0.28304425,0.2429158,-0.28303695,0.06906189
243,Person_0016,Hospital_000__Person_0016,16,16,Camera_16,26,Hospital_000,Person,1,0.6666666666666666,0,4860,/pfs/data6/home/st/st_us-053000/st_st191959/DL-Lab/DataSet/MTMC_Tracking_2025_Preprocessed/val/Hospital_000/crops/Person_0016/Camera_16/Person_0016_Camera_16_f000000_r004.jpg,None,97,Hospital_000__Person_0016,1.0,False,False,0.44086435,-0.24415408,0.44086426,-0.2441428,-0.007542757
17,Person_0016,Hospital_000__Person_0016,16,16,Camera_19,29,Hospital_000,Person,0,0.0,3120,4140,/pfs/data6/home/st/st_us-053000/st_st191959/DL-Lab/DataSet/MTMC_Tracking_2025_Preprocessed/val/Hospital_000/crops/Person_0016/Camera_19/Person_0016_Camera_19_f003120_r009.jpg,None,97,Hospital_000__Person_0016,1.0,False,False,0.67613107,-0.23981456,0.67613107,-0.23980501,0.0634429
733,Person_0016,Hospital_000__Person_0016,16,16,Camera_21,31,Hospital_000,Person,1,0.6630286493860846,0,8970,/pfs/data6/home/st/st_us-053000/st_st191959/DL-Lab/DataSet/MTMC_Tracking_2025_Preprocessed/val/Hospital_000/crops/Person_0016/Camera_21/Person_0016_Camera_21_f000000_r006.jpg,None,97,Hospital_000__Person_0016,1.0,False,False,0.48780093,-0.22234178,0.48780087,-0.22233546,-0.009269859
477,Person_0016,Hospital_000__Person_0016,16,16,Camera_23,33,Hospital_000,Person,1,0.6666666666666666,330,8970,/pfs/data6/home/st/st_us-053000/st_st191959/DL-Lab/DataSet/MTMC_Tracking_2025_Preprocessed/val/Hospital_000/crops/Person_0016/Camera_23/Person_0016_Camera_23_f000330_r010.jpg,None,97,Hospital_000__Person_0016,1.0,False,False,0.44336078,-0.23230314,0.44336063,-0.23229574,-0.0031376325
8,Person_0016,Hospital_000__Person_0016,16,16,Camera_24,34,Hospital_000,Person,0,0.0,1320,6330,/pfs/data6/home/st/st_us-053000/st_st191959/DL-Lab/DataSet/MTMC_Tracking_2025_Preprocessed/val/Hospital_000/crops/Person_0016/Camera_24/Person_0016_Camera_24_f001320_r015.jpg,None,97,Hospital_000__Person_0016,1.0,False,False,0.7121708,-0.27120852,0.71217054,-0.271183,0.117398955
444,Person_0016,Hospital_000__Person_0016,16,16,Camera_25,35,Hospital_000,Person,1,0.6666666666666666,0,8970,/pfs/data6/home/st/st_us-053000/st_st191959/DL-Lab/DataSet/MTMC_Tracking_2025_Preprocessed/val/Hospital_000/crops/Person_0016/Camera_25/Person_0016_Camera_25_f000000_r002.jpg,None,97,Hospital_000__Person_0016,1.0,False,False,0.21971639,-0.21615563,0.2197165,-0.21614537,0.008757631
55,Person_0016,Hospital_000__Person_0016,16,16,Camera_28,38,Hospital_000,Person,1,0.2909090909090909,1320,6330,/pfs/data6/home/st/st_us-053000/st_st191959/DL-Lab/DataSet/MTMC_Tracking_2025_Preprocessed/val/Hospital_000/crops/Person_0016/Camera_28/Person_0016_Camera_28_f001320_r005.jpg,None,97,Hospital_000__Person_0016,1.0,False,False,0.6064224,-0.2614901,0.6064223,-0.26148212,0.03769012
244,Person_0016,Hospital_000__Person_0016,16,16,Camera_29,39,Hospital_000,Person,1,0.6639344262295082,1350,4350,/pfs/data6/home/st/st_us-053000/st_st191959/DL-Lab/DataSet/MTMC_Tracking_2025_Preprocessed/val/Hospital_000/crops/Person_0016/Camera_29/Person_0016_Camera_29_f001350_r003.jpg,None,97,Hospital_000__Person_0016,1.0,False,False,0.40277734,-0.21715552,0.40277725,-0.21714798,0.05932914
258,Person_0016,Hospital_000__Person_0016,16,16,Camera_30,40,Hospital_000,Person,1,0.6666666666666666,0,6240,/pfs/data6/home/st/st_us-053000/st_st191959/DL-Lab/DataSet/MTMC_Tracking_2025_Preprocessed/val/Hospital_000/crops/Person_0016/Camera_30/Person_0016_Camera_30_f000000_r001.jpg,None,97,Hospital_000__Person_0016,1.0,False,False,0.34964383,-0.23789448,0.34964383,-0.23788208,0.03151918
26,Person_0017,Hospital_000__Person_0017,17,17,Camera_03,13,Hospital_000,Person,1,0.07692307692307693,360,8610,/pfs/data6/home/st/st_us-053000/st_st191959/DL-Lab/DataSet/MTMC_Tracking_2025_Preprocessed/val/Hospital_000/crops/Person_0017/Camera_03/Person_0017_Camera_03_f000360_r013.jpg,None,58,Hospital_000__Person_0017,1.0,False,False,0.41673547,-0.0895862,0.4167352,-0.08959326,-0.3854718
105,Person_0017,Hospital_000__Person_0017,17,17,Camera_04,14,Hospital_000,Person,1,0.6666666666666666,7050,8070,/pfs/data6/home/st/st_us-053000/st_st191959/DL-Lab/DataSet/MTMC_Tracking_2025_Preprocessed/val/Hospital_000/crops/Person_0017/Camera_04/Person_0017_Camera_04_f007050_r007.jpg,None,61,Hospital_000__Person_0017,1.0,False,False,0.39425102,-0.09777463,0.39425096,-0.097811766,-0.4065001
72,Person_0017,Hospital_000__Person_0017,17,17,Camera_10,20,Hospital_000,Person,1,0.6666666666666666,2280,8430,/pfs/data6/home/st/st_us-053000/st_st191959/DL-Lab/DataSet/MTMC_Tracking_2025_Preprocessed/val/Hospital_000/crops/Person_0017/Camera_10/Person_0017_Camera_10_f002280_r003.jpg,None,62,Warehouse_015__Person_0202,0.9166666666666666,False,True,-0.09275836,-0.109867536,-0.09275845,-0.10989728,-0.4303736
504,Person_0017,Hospital_000__Person_0017,17,17,Camera_16,26,Hospital_000,Person,1,0.6626984126984127,330,8970,/pfs/data6/home/st/st_us-053000/st_st191959/DL-Lab/DataSet/MTMC_Tracking_2025_Preprocessed/val/Hospital_000/crops/Person_0017/Camera_16/Person_0017_Camera_16_f000330_r006.jpg,None,61,Hospital_000__Person_0017,1.0,False,False,0.2054243,-0.15527871,0.20542413,-0.1553066,-0.38657117
900,Person_0017,Hospital_000__Person_0017,17,17,Camera_21,31,Hospital_000,Person,1,0.6666666666666666,0,8970,/pfs/data6/home/st/st_us-053000/st_st191959/DL-Lab/DataSet/MTMC_Tracking_2025_Preprocessed/val/Hospital_000/crops/Person_0017/Camera_21/Person_0017_Camera_21_f000000_r005.jpg,None,61,Hospital_000__Person_0017,1.0,False,False,0.25973782,-0.1417723,0.25973773,-0.14180298,-0.3814469
619,Person_0017,Hospital_000__Person_0017,17,17,Camera_23,33,Hospital_000,Person,1,0.6655896607431341,210,8970,/pfs/data6/home/st/st_us-053000/st_st191959/DL-Lab/DataSet/MTMC_Tracking_2025_Preprocessed/val/Hospital_000/crops/Person_0017/Camera_23/Person_0017_Camera_23_f000210_r008.jpg,None,61,Hospital_000__Person_0017,1.0,False,False,0.29568282,-0.122804634,0.2956826,-0.12283705,-0.35706604
39,Person_0017,Hospital_000__Person_0017,17,17,Camera_24,34,Hospital_000,Person,1,0.10256410256410256,360,8610,/pfs/data6/home/st/st_us-053000/st_st191959/DL-Lab/DataSet/MTMC_Tracking_2025_Preprocessed/val/Hospital_000/crops/Person_0017/Camera_24/Person_0017_Camera_24_f000360_r014.jpg,None,58,Hospital_000__Person_0017,1.0,False,False,0.49204552,-0.12621146,0.49204507,-0.12622407,-0.3207552
549,Person_0017,Hospital_000__Person_0017,17,17,Camera_25,35,Hospital_000,Person,1,0.6666666666666666,0,8940,/pfs/data6/home/st/st_us-053000/st_st191959/DL-Lab/DataSet/MTMC_Tracking_2025_Preprocessed/val/Hospital_000/crops/Person_0017/Camera_25/Person_0017_Camera_25_f000000_r001.jpg,None,61,Hospital_000__Person_0017,1.0,False,False,0.1285865,-0.14885795,0.12858638,-0.14889215,-0.34128267
128,Person_0017,Hospital_000__Person_0017,17,17,Camera_28,38,Hospital_000,Person,1,0.453125,360,8610,/pfs/data6/home/st/st_us-053000/st_st191959/DL-Lab/DataSet/MTMC_Tracking_2025_Preprocessed/val/Hospital_000/crops/Person_0017/Camera_28/Person_0017_Camera_28_f000360_r006.jpg,None,58,Hospital_000__Person_0017,1.0,False,False,0.43308467,-0.16354036,0.4330844,-0.16355819,-0.29666436
174,Person_0017,Hospital_000__Person_0017,17,17,Camera_29,39,Hospital_000,Person,1,0.6666666666666666,2280,8130,/pfs/data6/home/st/st_us-053000/st_st191959/DL-Lab/DataSet/MTMC_Tracking_2025_Preprocessed/val/Hospital_000/crops/Person_0017/Camera_29/Person_0017_Camera_29_f002280_r002.jpg,None,61,Hospital_000__Person_0017,1.0,False,False,0.19772275,-0.1586078,0.19772251,-0.15863606,-0.43077147
321,Person_0017,Hospital_000__Person_0017,17,17,Camera_30,40,Hospital_000,Person,1,0.6666666666666666,0,8970,/pfs/data6/home/st/st_us-053000/st_st191959/DL-Lab/DataSet/MTMC_Tracking_2025_Preprocessed/val/Hospital_000/crops/Person_0017/Camera_30/Person_0017_Camera_30_f000000_r000.jpg,None,61,Hospital_000__Person_0017,1.0,False,False,0.015350208,-0.14522156,0.015350144,-0.14525767,-0.33513787
129,Person_0018,Hospital_000__Person_0018,18,18,Camera,0,Hospital_000,Person,1,0.5736434108527132,3630,8940,/pfs/data6/home/st/st_us-053000/st_st191959/DL-Lab/DataSet/MTMC_Tracking_2025_Preprocessed/val/Hospital_000/crops/Person_0018/Camera/Person_0018_Camera_f003630_r004.jpg,None,48,Hospital_000__Person_0018,0.5714285714285714,False,False,0.3758109,0.2931471,0.3758107,0.29315415,-0.06910756
14,Person_0018,Hospital_000__Person_0018,18,18,Camera_01,11,Hospital_000,Person,1,0.2857142857142857,180,450,/pfs/data6/home/st/st_us-053000/st_st191959/DL-Lab/DataSet/MTMC_Tracking_2025_Preprocessed/val/Hospital_000/crops/Person_0018/Camera_01/Person_0018_Camera_01_f000180_r005.jpg,None,48,Hospital_000__Person_0018,0.5714285714285714,False,False,0.6216087,0.35600495,0.62160873,0.35601053,-0.099626355
240,Person_0018,Hospital_000__Person_0018,18,18,Camera_03,13,Hospital_000,Person,1,0.6666666666666666,1410,8940,/pfs/data6/home/st/st_us-053000/st_st191959/DL-Lab/DataSet/MTMC_Tracking_2025_Preprocessed/val/Hospital_000/crops/Person_0018/Camera_03/Person_0018_Camera_03_f001410_r010.jpg,None,48,Hospital_000__Person_0018,0.5714285714285714,False,False,-0.09974851,0.3072905,-0.09974862,0.30729273,-0.06935799
4,Person_0018,Hospital_000__Person_0018,18,18,Camera_04,14,Hospital_000,Person,0,0.0,1320,2820,/pfs/data6/home/st/st_us-053000/st_st191959/DL-Lab/DataSet/MTMC_Tracking_2025_Preprocessed/val/Hospital_000/crops/Person_0018/Camera_04/Person_0018_Camera_04_f001320_r006.jpg,None,48,Hospital_000__Person_0018,0.5714285714285714,False,False,0.1858457,0.29476425,0.18584548,0.29478025,-0.2979973
202,Person_0018,Hospital_000__Person_0018,18,18,Camera_05,15,Hospital_000,Person,1,0.6633663366336634,240,3510,/pfs/data6/home/st/st_us-053000/st_st191959/DL-Lab/DataSet/MTMC_Tracking_2025_Preprocessed/val/Hospital_000/crops/Person_0018/Camera_05/Person_0018_Camera_05_f000240_r009.jpg,None,48,Hospital_000__Person_0018,0.5714285714285714,False,False,0.31607652,0.3005437,0.3160762,0.30054888,-0.0539513
620,Person_0018,Hospital_000__Person_0018,18,18,Camera_06,16,Hospital_000,Person,1,0.6580645161290323,900,8970,/pfs/data6/home/st/st_us-053000/st_st191959/DL-Lab/DataSet/MTMC_Tracking_2025_Preprocessed/val/Hospital_000/crops/Person_0018/Camera_06/Person_0018_Camera_06_f000900_r008.jpg,None,48,Hospital_000__Person_0018,0.5714285714285714,False,False,0.04511192,0.35828006,0.045111783,0.35828245,-0.05534199
114,Person_0018,Hospital_000__Person_0018,18,18,Camera_08,18,Hospital_000,Person,1,0.40350877192982454,240,3300,/pfs/data6/home/st/st_us-053000/st_st191959/DL-Lab/DataSet/MTMC_Tracking_2025_Preprocessed/val/Hospital_000/crops/Person_0018/Camera_08/Person_0018_Camera_08_f000240_r007.jpg,None,48,Hospital_000__Person_0018,0.5714285714285714,False,False,0.027085202,0.3570265,0.027084997,0.3570361,-0.120321564
390,Person_0018,Hospital_000__Person_0018,18,18,Camera_09,19,Hospital_000,Person,1,0.6666666666666666,480,8910,/pfs/data6/home/st/st_us-053000/st_st191959/DL-Lab/DataSet/MTMC_Tracking_2025_Preprocessed/val/Hospital_000/crops/Person_0018/Camera_09/Person_0018_Camera_09_f000480_r009.jpg,None,48,Hospital_000__Person_0018,0.5714285714285714,False,False,-0.23562147,0.26890966,-0.23562156,0.26891452,-0.11036426
24,Person_0018,Hospital_000__Person_0018,18,18,Camera_19,29,Hospital_000,Person,1,0.6666666666666666,1410,2100,/pfs/data6/home/st/st_us-053000/st_st191959/DL-Lab/DataSet/MTMC_Tracking_2025_Preprocessed/val/Hospital_000/crops/Person_0018/Camera_19/Person_0018_Camera_19_f001410_r007.jpg,None,-1,NOISE,0.0,True,False,-0.0026709998,0.3922272,-0.0026708064,0.39221004,0.2204618
62,Person_0018,Hospital_000__Person_0018,18,18,Camera_20,30,Hospital_000,Person,1,0.5483870967741935,0,8910,/pfs/data6/home/st/st_us-053000/st_st191959/DL-Lab/DataSet/MTMC_Tracking_2025_Preprocessed/val/Hospital_000/crops/Person_0018/Camera_20/Person_0018_Camera_20_f000000_r000.jpg,None,48,Hospital_000__Person_0018,0.5714285714285714,False,False,0.02322553,0.27245134,0.02322531,0.27246234,-0.100155875
300,Person_0018,Hospital_000__Person_0018,18,18,Camera_22,32,Hospital_000,Person,1,0.6666666666666666,720,4470,/pfs/data6/home/st/st_us-053000/st_st191959/DL-Lab/DataSet/MTMC_Tracking_2025_Preprocessed/val/Hospital_000/crops/Person_0018/Camera_22/Person_0018_Camera_22_f000720_r007.jpg,None,48,Hospital_000__Person_0018,0.5714285714285714,False,False,-0.21466324,0.2888508,-0.2146633,0.28885552,-0.1055708
13,Person_0018,Hospital_000__Person_0018,18,18,Camera_23,33,Hospital_000,Person,0,0.0,3750,8760,/pfs/data6/home/st/st_us-053000/st_st191959/DL-Lab/DataSet/MTMC_Tracking_2025_Preprocessed/val/Hospital_000/crops/Person_0018/Camera_23/Person_0018_Camera_23_f003750_r008.jpg,None,48,Hospital_000__Person_0018,0.5714285714285714,False,False,0.21100295,0.31465974,0.21100266,0.31467658,-0.1252774
360,Person_0018,Hospital_000__Person_0018,18,18,Camera_24,34,Hospital_000,Person,1,0.65,720,8910,/pfs/data6/home/st/st_us-053000/st_st191959/DL-Lab/DataSet/MTMC_Tracking_2025_Preprocessed/val/Hospital_000/crops/Person_0018/Camera_24/Person_0018_Camera_24_f000720_r017.jpg,None,48,Hospital_000__Person_0018,0.5714285714285714,False,False,-0.055992033,0.30365622,-0.05599213,0.303658,-0.07021039
6,Person_0018,Hospital_000__Person_0018,18,18,Camera_25,35,Hospital_000,Person,0,0.0,4590,5520,/pfs/data6/home/st/st_us-053000/st_st191959/DL-Lab/DataSet/MTMC_Tracking_2025_Preprocessed/val/Hospital_000/crops/Person_0018/Camera_25/Person_0018_Camera_25_f004590_r004.jpg,None,48,Hospital_000__Person_0018,0.5714285714285714,False,False,0.73825735,0.23033261,0.73825705,0.2303483,-0.042671893
270,Person_0018,Hospital_000__Person_0018,18,18,Camera_26,36,Hospital_000,Person,1,0.6666666666666666,870,3540,/pfs/data6/home/st/st_us-053000/st_st191959/DL-Lab/DataSet/MTMC_Tracking_2025_Preprocessed/val/Hospital_000/crops/Person_0018/Camera_26/Person_0018_Camera_26_f000870_r007.jpg,None,48,Hospital_000__Person_0018,0.5714285714285714,False,False,-0.18827884,0.28905144,-0.18827894,0.2890533,-0.10587412
57,Person_0018,Hospital_000__Person_0018,18,18,Camera_27,37,Hospital_000,Person,1,0.10526315789473684,690,3510,/pfs/data6/home/st/st_us-053000/st_st191959/DL-Lab/DataSet/MTMC_Tracking_2025_Preprocessed/val/Hospital_000/crops/Person_0018/Camera_27/Person_0018_Camera_27_f000690_r004.jpg,None,48,Hospital_000__Person_0018,0.5714285714285714,False,False,-0.049973965,0.35094857,-0.04997404,0.35095748,-0.047468703
429,Person_0018,Hospital_000__Person_0018,18,18,Camera_31,41,Hospital_000,Person,1,0.6666666666666666,3780,8970,/pfs/data6/home/st/st_us-053000/st_st191959/DL-Lab/DataSet/MTMC_Tracking_2025_Preprocessed/val/Hospital_000/crops/Person_0018/Camera_31/Person_0018_Camera_31_f003780_r004.jpg,None,48,Hospital_000__Person_0018,0.5714285714285714,False,False,-0.23337966,0.31118378,-0.23337966,0.31118512,-0.08992295
116,Person_0019,Hospital_000__Person_0019,19,19,Camera,0,Hospital_000,Person,1,0.3448275862068966,3180,8970,/pfs/data6/home/st/st_us-053000/st_st191959/DL-Lab/DataSet/MTMC_Tracking_2025_Preprocessed/val/Hospital_000/crops/Person_0019/Camera/Person_0019_Camera_f003180_r004.jpg,None,93,Hospital_000__Person_0019,1.0,False,False,0.5392497,0.34120867,0.53924954,0.3411923,0.47259402
324,Person_0019,Hospital_000__Person_0019,19,19,Camera_03,13,Hospital_000,Person,1,0.6666666666666666,480,8970,/pfs/data6/home/st/st_us-053000/st_st191959/DL-Lab/DataSet/MTMC_Tracking_2025_Preprocessed/val/Hospital_000/crops/Person_0019/Camera_03/Person_0019_Camera_03_f000480_r011.jpg,None,93,Hospital_000__Person_0019,1.0,False,False,0.3635868,0.39149377,0.3635868,0.39146522,0.5276336
7,Person_0019,Hospital_000__Person_0019,19,19,Camera_04,14,Hospital_000,Person,0,0.0,1590,2790,/pfs/data6/home/st/st_us-053000/st_st191959/DL-Lab/DataSet/MTMC_Tracking_2025_Preprocessed/val/Hospital_000/crops/Person_0019/Camera_04/Person_0019_Camera_04_f001590_r004.jpg,None,93,Hospital_000__Person_0019,1.0,False,False,0.595724,0.07773079,0.5957241,0.07770468,0.60641104
152,Person_0019,Hospital_000__Person_0019,19,19,Camera_05,15,Hospital_000,Person,1,0.6578947368421053,150,3120,/pfs/data6/home/st/st_us-053000/st_st191959/DL-Lab/DataSet/MTMC_Tracking_2025_Preprocessed/val/Hospital_000/crops/Person_0019/Camera_05/Person_0019_Camera_05_f000150_r008.jpg,None,93,Hospital_000__Person_0019,1.0,False,False,0.44174635,0.3881637,0.4417465,0.38813683,0.565487
609,Person_0019,Hospital_000__Person_0019,19,19,Camera_06,16,Hospital_000,Person,1,0.6535303776683087,120,8970,/pfs/data6/home/st/st_us-053000/st_st191959/DL-Lab/DataSet/MTMC_Tracking_2025_Preprocessed/val/Hospital_000/crops/Person_0019/Camera_06/Person_0019_Camera_06_f000120_r005.jpg,None,93,Hospital_000__Person_0019,1.0,False,False,0.4345946,0.359756,0.4345946,0.35972822,0.58239055
86,Person_0019,Hospital_000__Person_0019,19,19,Camera_08,18,Hospital_000,Person,1,0.3488372093023256,90,3030,/pfs/data6/home/st/st_us-053000/st_st191959/DL-Lab/DataSet/MTMC_Tracking_2025_Preprocessed/val/Hospital_000/crops/Person_0019/Camera_08/Person_0019_Camera_08_f000090_r005.jpg,None,93,Hospital_000__Person_0019,1.0,False,False,0.5716748,0.30504003,0.57167494,0.30501825,0.5802516
552,Person_0019,Hospital_000__Person_0019,19,19,Camera_09,19,Hospital_000,Person,1,0.6666666666666666,0,8970,/pfs/data6/home/st/st_us-053000/st_st191959/DL-Lab/DataSet/MTMC_Tracking_2025_Preprocessed/val/Hospital_000/crops/Person_0019/Camera_09/Person_0019_Camera_09_f000000_r004.jpg,None,93,Hospital_000__Person_0019,1.0,False,False,0.41101712,0.3688402,0.41101733,0.36881095,0.59166807
21,Person_0019,Hospital_000__Person_0019,19,19,Camera_19,29,Hospital_000,Person,1,0.6666666666666666,1560,1740,/pfs/data6/home/st/st_us-053000/st_st191959/DL-Lab/DataSet/MTMC_Tracking_2025_Preprocessed/val/Hospital_000/crops/Person_0019/Camera_19/Person_0019_Camera_19_f001560_r004.jpg,None,93,Hospital_000__Person_0019,1.0,False,False,0.44149083,0.35986647,0.44149113,0.35983622,0.65086
36,Person_0019,Hospital_000__Person_0019,19,19,Camera_20,30,Hospital_000,Person,1,0.6666666666666666,2820,7740,/pfs/data6/home/st/st_us-053000/st_st191959/DL-Lab/DataSet/MTMC_Tracking_2025_Preprocessed/val/Hospital_000/crops/Person_0019/Camera_20/Person_0019_Camera_20_f002820_r002.jpg,None,93,Hospital_000__Person_0019,1.0,False,False,0.44958514,0.3315445,0.44958517,0.33152646,0.5029696
303,Person_0019,Hospital_000__Person_0019,19,19,Camera_22,32,Hospital_000,Person,1,0.6666666666666666,150,3150,/pfs/data6/home/st/st_us-053000/st_st191959/DL-Lab/DataSet/MTMC_Tracking_2025_Preprocessed/val/Hospital_000/crops/Person_0019/Camera_22/Person_0019_Camera_22_f000150_r004.jpg,None,93,Hospital_000__Person_0019,1.0,False,False,0.38454273,0.37625933,0.38454276,0.37623033,0.5828254
4,Person_0019,Hospital_000__Person_0019,19,19,Camera_23,33,Hospital_000,Person,0,0.0,3180,7410,/pfs/data6/home/st/st_us-053000/st_st191959/DL-Lab/DataSet/MTMC_Tracking_2025_Preprocessed/val/Hospital_000/crops/Person_0019/Camera_23/Person_0019_Camera_23_f003180_r006.jpg,None,93,Hospital_000__Person_0019,1.0,False,False,0.60533005,0.22877637,0.60532975,0.22877912,0.44400832
474,Person_0019,Hospital_000__Person_0019,19,19,Camera_24,34,Hospital_000,Person,1,0.6666666666666666,150,8970,/pfs/data6/home/st/st_us-053000/st_st191959/DL-Lab/DataSet/MTMC_Tracking_2025_Preprocessed/val/Hospital_000/crops/Person_0019/Camera_24/Person_0019_Camera_24_f000150_r012.jpg,None,93,Hospital_000__Person_0019,1.0,False,False,0.38785645,0.37220335,0.38785657,0.3721793,0.5568114
1,Person_0019,Hospital_000__Person_0019,19,19,Camera_25,35,Hospital_000,Person,0,0.0,5160,5160,/pfs/data6/home/st/st_us-053000/st_st191959/DL-Lab/DataSet/MTMC_Tracking_2025_Preprocessed/val/Hospital_000/crops/Person_0019/Camera_25/Person_0019_Camera_25_f005160_r003.jpg,None,-1,NOISE,0.0,True,False,0.74105155,0.2568781,0.74105144,0.25686872,0.19402406
237,Person_0019,Hospital_000__Person_0019,19,19,Camera_26,36,Hospital_000,Person,1,0.6666666666666666,90,2760,/pfs/data6/home/st/st_us-053000/st_st191959/DL-Lab/DataSet/MTMC_Tracking_2025_Preprocessed/val/Hospital_000/crops/Person_0019/Camera_26/Person_0019_Camera_26_f000090_r004.jpg,None,93,Hospital_000__Person_0019,1.0,False,False,0.36201388,0.3938602,0.3620139,0.3938278,0.564343
39,Person_0019,Hospital_000__Person_0019,19,19,Camera_27,37,Hospital_000,Person,1,0.05128205128205128,90,2760,/pfs/data6/home/st/st_us-053000/st_st191959/DL-Lab/DataSet/MTMC_Tracking_2025_Preprocessed/val/Hospital_000/crops/Person_0019/Camera_27/Person_0019_Camera_27_f000090_r005.jpg,None,93,Hospital_000__Person_0019,1.0,False,False,0.5930834,0.27499843,0.59308344,0.27497897,0.60475546
405,Person_0019,Hospital_000__Person_0019,19,19,Camera_31,41,Hospital_000,Person,1,0.6666666666666666,3390,8970,/pfs/data6/home/st/st_us-053000/st_st191959/DL-Lab/DataSet/MTMC_Tracking_2025_Preprocessed/val/Hospital_000/crops/Person_0019/Camera_31/Person_0019_Camera_31_f003390_r001.jpg,None,93,Hospital_000__Person_0019,1.0,False,False,0.3879504,0.42189884,0.38795033,0.42186615,0.5822364
89,Person_0020,Hospital_000__Person_0020,20,20,Camera,0,Hospital_000,Person,1,0.4943820224719101,4530,7500,/pfs/data6/home/st/st_us-053000/st_st191959/DL-Lab/DataSet/MTMC_Tracking_2025_Preprocessed/val/Hospital_000/crops/Person_0020/Camera/Person_0020_Camera_f004530_r004.jpg,None,23,Hospital_000__Person_0020,1.0,False,False,0.4753327,0.26667452,0.4753324,0.26667148,0.10350867
35,Person_0020,Hospital_000__Person_0020,20,20,Camera_01,11,Hospital_000,Person,1,0.22857142857142856,7830,8970,/pfs/data6/home/st/st_us-053000/st_st191959/DL-Lab/DataSet/MTMC_Tracking_2025_Preprocessed/val/Hospital_000/crops/Person_0020/Camera_01/Person_0020_Camera_01_f007830_r004.jpg,None,23,Hospital_000__Person_0020,1.0,False,False,0.5395624,0.19357581,0.5395621,0.19357343,0.0921639
249,Person_0020,Hospital_000__Person_0020,20,20,Camera_03,13,Hospital_000,Person,1,0.6666666666666666,210,7530,/pfs/data6/home/st/st_us-053000/st_st191959/DL-Lab/DataSet/MTMC_Tracking_2025_Preprocessed/val/Hospital_000/crops/Person_0020/Camera_03/Person_0020_Camera_03_f000210_r011.jpg,None,23,Hospital_000__Person_0020,1.0,False,False,0.14221053,0.26522154,0.14221053,0.26521012,0.14242084
20,Person_0020,Hospital_000__Person_0020,20,20,Camera_04,14,Hospital_000,Person,0,0.0,180,2700,/pfs/data6/home/st/st_us-053000/st_st191959/DL-Lab/DataSet/MTMC_Tracking_2025_Preprocessed/val/Hospital_000/crops/Person_0020/Camera_04/Person_0020_Camera_04_f000180_r008.jpg,None,23,Hospital_000__Person_0020,1.0,False,False,0.27559146,0.47836503,0.27559128,0.47837496,-0.10871611
402,Person_0020,Hospital_000__Person_0020,20,20,Camera_05,15,Hospital_000,Person,1,0.6666666666666666,120,8670,/pfs/data6/home/st/st_us-053000/st_st191959/DL-Lab/DataSet/MTMC_Tracking_2025_Preprocessed/val/Hospital_000/crops/Person_0020/Camera_05/Person_0020_Camera_05_f000120_r009.jpg,None,23,Hospital_000__Person_0020,1.0,False,False,0.5255373,0.2653525,0.5255372,0.26534134,0.10729899
486,Person_0020,Hospital_000__Person_0020,20,20,Camera_06,16,Hospital_000,Person,1,0.6666666666666666,0,7470,/pfs/data6/home/st/st_us-053000/st_st191959/DL-Lab/DataSet/MTMC_Tracking_2025_Preprocessed/val/Hospital_000/crops/Person_0020/Camera_06/Person_0020_Camera_06_f000000_r006.jpg,None,23,Hospital_000__Person_0020,1.0,False,False,0.3128159,0.27317023,0.31281587,0.273156,0.14804302
273,Person_0020,Hospital_000__Person_0020,20,20,Camera_08,18,Hospital_000,Person,1,0.5641025641025641,0,8430,/pfs/data6/home/st/st_us-053000/st_st191959/DL-Lab/DataSet/MTMC_Tracking_2025_Preprocessed/val/Hospital_000/crops/Person_0020/Camera_08/Person_0020_Camera_08_f000000_r006.jpg,None,23,Hospital_000__Person_0020,1.0,False,False,0.35088393,0.17476425,0.35088378,0.17475997,0.09489188
552,Person_0020,Hospital_000__Person_0020,20,20,Camera_09,19,Hospital_000,Person,1,0.6594202898550725,0,8370,/pfs/data6/home/st/st_us-053000/st_st191959/DL-Lab/DataSet/MTMC_Tracking_2025_Preprocessed/val/Hospital_000/crops/Person_0020/Camera_09/Person_0020_Camera_09_f000000_r006.jpg,None,23,Hospital_000__Person_0020,1.0,False,False,0.2666724,0.1921481,0.26667228,0.19213866,0.11901226
102,Person_0020,Hospital_000__Person_0020,20,20,Camera_19,29,Hospital_000,Person,1,0.6666666666666666,1290,2700,/pfs/data6/home/st/st_us-053000/st_st191959/DL-Lab/DataSet/MTMC_Tracking_2025_Preprocessed/val/Hospital_000/crops/Person_0020/Camera_19/Person_0020_Camera_19_f001290_r006.jpg,None,23,Hospital_000__Person_0020,1.0,False,False,0.3811374,0.255902,0.38113722,0.25589427,0.1300916
45,Person_0020,Hospital_000__Person_0020,20,20,Camera_20,30,Hospital_000,Person,1,0.6666666666666666,4530,8970,/pfs/data6/home/st/st_us-053000/st_st191959/DL-Lab/DataSet/MTMC_Tracking_2025_Preprocessed/val/Hospital_000/crops/Person_0020/Camera_20/Person_0020_Camera_20_f004530_r001.jpg,None,23,Hospital_000__Person_0020,1.0,False,False,0.27201337,0.27593505,0.27201352,0.27592158,0.16124739
450,Person_0020,Hospital_000__Person_0020,20,20,Camera_22,32,Hospital_000,Person,1,0.6666666666666666,0,7710,/pfs/data6/home/st/st_us-053000/st_st191959/DL-Lab/DataSet/MTMC_Tracking_2025_Preprocessed/val/Hospital_000/crops/Person_0020/Camera_22/Person_0020_Camera_22_f000000_r005.jpg,None,23,Hospital_000__Person_0020,1.0,False,False,0.39867455,0.2608111,0.39867455,0.26079518,0.13154028
1,Person_0020,Hospital_000__Person_0020,20,20,Camera_23,33,Hospital_000,Person,0,0.0,4830,4830,/pfs/data6/home/st/st_us-053000/st_st191959/DL-Lab/DataSet/MTMC_Tracking_2025_Preprocessed/val/Hospital_000/crops/Person_0020/Camera_23/Person_0020_Camera_23_f004830_r008.jpg,None,23,Hospital_000__Person_0020,1.0,False,False,0.66193426,0.23248959,0.66193444,0.23249403,0.06611489
525,Person_0020,Hospital_000__Person_0020,20,20,Camera_24,34,Hospital_000,Person,1,0.6666666666666666,120,7710,/pfs/data6/home/st/st_us-053000/st_st191959/DL-Lab/DataSet/MTMC_Tracking_2025_Preprocessed/val/Hospital_000/crops/Person_0020/Camera_24/Person_0020_Camera_24_f000120_r015.jpg,None,23,Hospital_000__Person_0020,1.0,False,False,0.36468765,0.2463814,0.36468756,0.24637131,0.12908453
405,Person_0020,Hospital_000__Person_0020,20,20,Camera_26,36,Hospital_000,Person,1,0.6666666666666666,0,4860,/pfs/data6/home/st/st_us-053000/st_st191959/DL-Lab/DataSet/MTMC_Tracking_2025_Preprocessed/val/Hospital_000/crops/Person_0020/Camera_26/Person_0020_Camera_26_f000000_r004.jpg,None,23,Hospital_000__Person_0020,1.0,False,False,0.36646518,0.2723733,0.3664652,0.2723532,0.13959748
126,Person_0020,Hospital_000__Person_0020,20,20,Camera_27,37,Hospital_000,Person,1,0.3968253968253968,120,8340,/pfs/data6/home/st/st_us-053000/st_st191959/DL-Lab/DataSet/MTMC_Tracking_2025_Preprocessed/val/Hospital_000/crops/Person_0020/Camera_27/Person_0020_Camera_27_f000120_r006.jpg,None,23,Hospital_000__Person_0020,1.0,False,False,0.302417,0.19547002,0.30241695,0.19546664,0.061797697
129,Person_0020,Hospital_000__Person_0020,20,20,Camera_31,41,Hospital_000,Person,1,0.6666666666666666,4650,6930,/pfs/data6/home/st/st_us-053000/st_st191959/DL-Lab/DataSet/MTMC_Tracking_2025_Preprocessed/val/Hospital_000/crops/Person_0020/Camera_31/Person_0020_Camera_31_f004650_r003.jpg,None,23,Hospital_000__Person_0020,1.0,False,False,0.33869776,0.25079143,0.33869776,0.2507752,0.12285086
151,Person_0021,Hospital_000__Person_0021,21,21,Camera,0,Hospital_000,Person,1,0.46357615894039733,2340,8700,/pfs/data6/home/st/st_us-053000/st_st191959/DL-Lab/DataSet/MTMC_Tracking_2025_Preprocessed/val/Hospital_000/crops/Person_0021/Camera/Person_0021_Camera_f002340_r002.jpg,None,50,Hospital_000__Person_0021,1.0,False,False,0.42864767,0.25685325,0.4286474,0.25686178,-0.2932148
543,Person_0021,Hospital_000__Person_0021,21,21,Camera_03,13,Hospital_000,Person,1,0.6593001841620626,120,8910,/pfs/data6/home/st/st_us-053000/st_st191959/DL-Lab/DataSet/MTMC_Tracking_2025_Preprocessed/val/Hospital_000/crops/Person_0021/Camera_03/Person_0021_Camera_03_f000120_r005.jpg,None,50,Hospital_000__Person_0021,1.0,False,False,-0.44684887,0.1593515,-0.44684902,0.15935421,-0.20049985
1,Person_0021,Hospital_000__Person_0021,21,21,Camera_04,14,Hospital_000,Person,0,0.0,7680,7680,/pfs/data6/home/st/st_us-053000/st_st191959/DL-Lab/DataSet/MTMC_Tracking_2025_Preprocessed/val/Hospital_000/crops/Person_0021/Camera_04/Person_0021_Camera_04_f007680_r003.jpg,None,87,Hospital_000__Person_0009,0.9375,False,True,0.5744347,0.6606998,0.57443464,0.6606972,-0.067719504
379,Person_0021,Hospital_000__Person_0021,21,21,Camera_05,15,Hospital_000,Person,1,0.6543535620052771,30,8970,/pfs/data6/home/st/st_us-053000/st_st191959/DL-Lab/DataSet/MTMC_Tracking_2025_Preprocessed/val/Hospital_000/crops/Person_0021/Camera_05/Person_0021_Camera_05_f000030_r004.jpg,None,50,Hospital_000__Person_0021,1.0,False,False,0.47299796,0.2252403,0.47299775,0.22524746,-0.17530404
806,Person_0021,Hospital_000__Person_0021,21,21,Camera_06,16,Hospital_000,Person,1,0.6650124069478908,0,8970,/pfs/data6/home/st/st_us-053000/st_st191959/DL-Lab/DataSet/MTMC_Tracking_2025_Preprocessed/val/Hospital_000/crops/Person_0021/Camera_06/Person_0021_Camera_06_f000000_r002.jpg,None,50,Hospital_000__Person_0021,1.0,False,False,-0.1437642,0.22041197,-0.1437643,0.22041377,-0.19508493
239,Person_0021,Hospital_000__Person_0021,21,21,Camera_08,18,Hospital_000,Person,1,0.5188284518828452,90,8940,/pfs/data6/home/st/st_us-053000/st_st191959/DL-Lab/DataSet/MTMC_Tracking_2025_Preprocessed/val/Hospital_000/crops/Person_0021/Camera_08/Person_0021_Camera_08_f000090_r002.jpg,None,50,Hospital_000__Person_0021,1.0,False,False,-0.22206825,0.25816843,-0.2220684,0.2581799,-0.34732226
796,Person_0021,Hospital_000__Person_0021,21,21,Camera_09,19,Hospital_000,Person,1,0.6658291457286433,0,8970,/pfs/data6/home/st/st_us-053000/st_st191959/DL-Lab/DataSet/MTMC_Tracking_2025_Preprocessed/val/Hospital_000/crops/Person_0021/Camera_09/Person_0021_Camera_09_f000000_r002.jpg,None,50,Hospital_000__Person_0021,1.0,False,False,-0.38798144,0.14303972,-0.3879816,0.14304587,-0.23740427
86,Person_0021,Hospital_000__Person_0021,21,21,Camera_20,30,Hospital_000,Person,1,0.4883720930232558,2340,8670,/pfs/data6/home/st/st_us-053000/st_st191959/DL-Lab/DataSet/MTMC_Tracking_2025_Preprocessed/val/Hospital_000/crops/Person_0021/Camera_20/Person_0021_Camera_20_f002340_r003.jpg,None,50,Hospital_000__Person_0021,1.0,False,False,0.09019559,0.2025298,0.09019533,0.20254073,-0.3104841
550,Person_0021,Hospital_000__Person_0021,21,21,Camera_22,32,Hospital_000,Person,1,0.6654545454545454,0,8940,/pfs/data6/home/st/st_us-053000/st_st191959/DL-Lab/DataSet/MTMC_Tracking_2025_Preprocessed/val/Hospital_000/crops/Person_0021/Camera_22/Person_0021_Camera_22_f000000_r002.jpg,None,50,Hospital_000__Person_0021,1.0,False,False,-0.25220308,0.16408889,-0.25220323,0.16409269,-0.20952545
3,Person_0021,Hospital_000__Person_0021,21,21,Camera_23,33,Hospital_000,Person,0,0.0,4140,6960,/pfs/data6/home/st/st_us-053000/st_st191959/DL-Lab/DataSet/MTMC_Tracking_2025_Preprocessed/val/Hospital_000/crops/Person_0021/Camera_23/Person_0021_Camera_23_f004140_r005.jpg,None,-1,NOISE,0.0,True,False,0.48864803,0.35618082,0.4886476,0.35619703,-0.26252046
789,Person_0021,Hospital_000__Person_0021,21,21,Camera_24,34,Hospital_000,Person,1,0.6666666666666666,30,8970,/pfs/data6/home/st/st_us-053000/st_st191959/DL-Lab/DataSet/MTMC_Tracking_2025_Preprocessed/val/Hospital_000/crops/Person_0021/Camera_24/Person_0021_Camera_24_f000030_r007.jpg,None,50,Hospital_000__Person_0021,1.0,False,False,-0.21221967,0.18428569,-0.21221977,0.18429084,-0.24720594
547,Person_0021,Hospital_000__Person_0021,21,21,Camera_26,36,Hospital_000,Person,1,0.6654478976234004,0,8970,/pfs/data6/home/st/st_us-053000/st_st191959/DL-Lab/DataSet/MTMC_Tracking_2025_Preprocessed/val/Hospital_000/crops/Person_0021/Camera_26/Person_0021_Camera_26_f000000_r001.jpg,None,50,Hospital_000__Person_0021,1.0,False,False,-0.3158542,0.15490489,-0.31585428,0.1549105,-0.20431274
84,Person_0021,Hospital_000__Person_0021,21,21,Camera_27,37,Hospital_000,Person,1,0.07142857142857142,30,8910,/pfs/data6/home/st/st_us-053000/st_st191959/DL-Lab/DataSet/MTMC_Tracking_2025_Preprocessed/val/Hospital_000/crops/Person_0021/Camera_27/Person_0021_Camera_27_f000030_r004.jpg,None,50,Hospital_000__Person_0021,1.0,False,False,-0.29616478,0.17623347,-0.29616496,0.17624417,-0.23909211
117,Person_0021,Hospital_000__Person_0021,21,21,Camera_31,41,Hospital_000,Person,1,0.6666666666666666,3270,8610,/pfs/data6/home/st/st_us-053000/st_st191959/DL-Lab/DataSet/MTMC_Tracking_2025_Preprocessed/val/Hospital_000/crops/Person_0021/Camera_31/Person_0021_Camera_31_f003270_r001.jpg,None,-1,NOISE,0.0,True,False,-0.028157264,0.4469052,-0.028157074,0.44686896,-2.0121703e-05
57,Person_0022,Hospital_000__Person_0022,22,22,Camera,0,Hospital_000,Person,1,0.5964912280701754,270,8220,/pfs/data6/home/st/st_us-053000/st_st191959/DL-Lab/DataSet/MTMC_Tracking_2025_Preprocessed/val/Hospital_000/crops/Person_0022/Camera/Person_0022_Camera_f000270_r000.jpg,None,16,Hospital_000__Person_0022,0.52,False,False,0.2130291,-0.25389412,0.21302916,-0.25390193,0.28658992
144,Person_0022,Hospital_000__Person_0022,22,22,Camera_01,11,Hospital_000,Person,1,0.3472222222222222,2370,8910,/pfs/data6/home/st/st_us-053000/st_st191959/DL-Lab/DataSet/MTMC_Tracking_2025_Preprocessed/val/Hospital_000/crops/Person_0022/Camera_01/Person_0022_Camera_01_f002370_r002.jpg,None,16,Hospital_000__Person_0022,0.52,False,False,0.41457817,-0.20832244,0.41457802,-0.20832899,0.22942707
129,Person_0022,Hospital_000__Person_0022,22,22,Camera_03,13,Hospital_000,Person,1,0.6666666666666666,240,1770,/pfs/data6/home/st/st_us-053000/st_st191959/DL-Lab/DataSet/MTMC_Tracking_2025_Preprocessed/val/Hospital_000/crops/Person_0022/Camera_03/Person_0022_Camera_03_f000240_r001.jpg,None,16,Hospital_000__Person_0022,0.52,False,False,-0.04616006,-0.2628399,-0.04615997,-0.26284707,0.2525335
546,Person_0022,Hospital_000__Person_0022,22,22,Camera_05,15,Hospital_000,Person,1,0.6666666666666666,1170,8820,/pfs/data6/home/st/st_us-053000/st_st191959/DL-Lab/DataSet/MTMC_Tracking_2025_Preprocessed/val/Hospital_000/crops/Person_0022/Camera_05/Person_0022_Camera_05_f001170_r000.jpg,None,16,Hospital_000__Person_0022,0.52,False,False,0.025293387,-0.25518382,0.025293458,-0.25519264,0.23374319
145,Person_0022,Hospital_000__Person_0022,22,22,Camera_06,16,Hospital_000,Person,1,0.6620689655172414,0,1740,/pfs/data6/home/st/st_us-053000/st_st191959/DL-Lab/DataSet/MTMC_Tracking_2025_Preprocessed/val/Hospital_000/crops/Person_0022/Camera_06/Person_0022_Camera_06_f000000_r000.jpg,None,16,Hospital_000__Person_0022,0.52,False,False,0.14125755,-0.22910939,0.14125754,-0.22911483,0.23456006
31,Person_0022,Hospital_000__Person_0022,22,22,Camera_08,18,Hospital_000,Person,1,0.1935483870967742,1380,8610,/pfs/data6/home/st/st_us-053000/st_st191959/DL-Lab/DataSet/MTMC_Tracking_2025_Preprocessed/val/Hospital_000/crops/Person_0022/Camera_08/Person_0022_Camera_08_f001380_r002.jpg,None,16,Hospital_000__Person_0022,0.52,False,False,-0.099270895,-0.34370664,-0.0992709,-0.34370545,0.103428215
354,Person_0022,Hospital_000__Person_0022,22,22,Camera_09,19,Hospital_000,Person,1,0.632768361581921,240,8970,/pfs/data6/home/st/st_us-053000/st_st191959/DL-Lab/DataSet/MTMC_Tracking_2025_Preprocessed/val/Hospital_000/crops/Person_0022/Camera_09/Person_0022_Camera_09_f000240_r002.jpg,None,16,Hospital_000__Person_0022,0.52,False,False,0.002284845,-0.2789919,0.0022848975,-0.27899864,0.24462818
109,Person_0022,Hospital_000__Person_0022,22,22,Camera_20,30,Hospital_000,Person,1,0.6605504587155964,720,8850,/pfs/data6/home/st/st_us-053000/st_st191959/DL-Lab/DataSet/MTMC_Tracking_2025_Preprocessed/val/Hospital_000/crops/Person_0022/Camera_20/Person_0022_Camera_20_f000720_r002.jpg,None,16,Hospital_000__Person_0022,0.52,False,False,0.06003272,-0.24363612,0.060032792,-0.24364483,0.25462866
105,Person_0022,Hospital_000__Person_0022,22,22,Camera_22,32,Hospital_000,Person,1,0.6666666666666666,840,3570,/pfs/data6/home/st/st_us-053000/st_st191959/DL-Lab/DataSet/MTMC_Tracking_2025_Preprocessed/val/Hospital_000/crops/Person_0022/Camera_22/Person_0022_Camera_22_f000840_r003.jpg,None,16,Hospital_000__Person_0022,0.52,False,False,0.032860562,-0.26755616,0.03286067,-0.267567,0.23275575
153,Person_0022,Hospital_000__Person_0022,22,22,Camera_24,34,Hospital_000,Person,1,0.6666666666666666,240,3570,/pfs/data6/home/st/st_us-053000/st_st191959/DL-Lab/DataSet/MTMC_Tracking_2025_Preprocessed/val/Hospital_000/crops/Person_0022/Camera_24/Person_0022_Camera_24_f000240_r002.jpg,None,16,Hospital_000__Person_0022,0.52,False,False,-0.01779848,-0.250106,-0.017798413,-0.25011298,0.23966575
91,Person_0022,Hospital_000__Person_0022,22,22,Camera_26,36,Hospital_000,Person,1,0.6593406593406593,870,1770,/pfs/data6/home/st/st_us-053000/st_st191959/DL-Lab/DataSet/MTMC_Tracking_2025_Preprocessed/val/Hospital_000/crops/Person_0022/Camera_26/Person_0022_Camera_26_f000870_r001.jpg,None,16,Hospital_000__Person_0022,0.52,False,False,0.058902647,-0.26619664,0.058902793,-0.26621115,0.2643147
6,Person_0022,Hospital_000__Person_0022,22,22,Camera_27,37,Hospital_000,Person,0,0.0,1200,3060,/pfs/data6/home/st/st_us-053000/st_st191959/DL-Lab/DataSet/MTMC_Tracking_2025_Preprocessed/val/Hospital_000/crops/Person_0022/Camera_27/Person_0022_Camera_27_f001200_r002.jpg,None,16,Hospital_000__Person_0022,0.52,False,False,0.1816924,-0.26136938,0.18169227,-0.2613711,0.10939068
75,Person_0022,Hospital_000__Person_0022,22,22,Camera_31,41,Hospital_000,Person,1,0.6666666666666666,0,720,/pfs/data6/home/st/st_us-053000/st_st191959/DL-Lab/DataSet/MTMC_Tracking_2025_Preprocessed/val/Hospital_000/crops/Person_0022/Camera_31/Person_0022_Camera_31_f000000_r000.jpg,None,16,Hospital_000__Person_0022,0.52,False,False,-0.05764724,-0.3245501,-0.057647083,-0.32456392,0.25272796
106,Person_0023,Hospital_000__Person_0023,23,23,Camera,0,Hospital_000,Person,1,0.4339622641509434,30,7680,/pfs/data6/home/st/st_us-053000/st_st191959/DL-Lab/DataSet/MTMC_Tracking_2025_Preprocessed/val/Hospital_000/crops/Person_0023/Camera/Person_0023_Camera_f000030_r004.jpg,None,85,Hospital_000__Person_0023,1.0,False,False,0.6367237,-0.051770233,0.6367233,-0.05174844,0.25917017
42,Person_0023,Hospital_000__Person_0023,23,23,Camera_01,11,Hospital_000,Person,1,0.42857142857142855,60,810,/pfs/data6/home/st/st_us-053000/st_st191959/DL-Lab/DataSet/MTMC_Tracking_2025_Preprocessed/val/Hospital_000/crops/Person_0023/Camera_01/Person_0023_Camera_01_f000060_r003.jpg,None,85,Hospital_000__Person_0023,1.0,False,False,0.67038786,-0.02212694,0.67038786,-0.022108499,0.23599428
418,Person_0023,Hospital_000__Person_0023,23,23,Camera_03,13,Hospital_000,Person,1,0.6650717703349283,1080,8430,/pfs/data6/home/st/st_us-053000/st_st191959/DL-Lab/DataSet/MTMC_Tracking_2025_Preprocessed/val/Hospital_000/crops/Person_0023/Camera_03/Person_0023_Camera_03_f001080_r012.jpg,None,85,Hospital_000__Person_0023,1.0,False,False,0.44123945,-0.06096057,0.44123948,-0.06093868,0.2846435
2,Person_0023,Hospital_000__Person_0023,23,23,Camera_04,14,Hospital_000,Person,0,0.0,3930,8430,/pfs/data6/home/st/st_us-053000/st_st191959/DL-Lab/DataSet/MTMC_Tracking_2025_Preprocessed/val/Hospital_000/crops/Person_0023/Camera_04/Person_0023_Camera_04_f003930_r004.jpg,None,-1,NOISE,0.0,True,False,0.4855195,-0.18147974,0.48551947,-0.18149653,0.41587064
376,Person_0023,Hospital_000__Person_0023,23,23,Camera_05,15,Hospital_000,Person,1,0.648936170212766,0,8970,/pfs/data6/home/st/st_us-053000/st_st191959/DL-Lab/DataSet/MTMC_Tracking_2025_Preprocessed/val/Hospital_000/crops/Person_0023/Camera_05/Person_0023_Camera_05_f000000_r005.jpg,None,85,Hospital_000__Person_0023,1.0,False,False,0.5426505,-0.038054988,0.54265064,-0.0380402,0.28035173
520,Person_0023,Hospital_000__Person_0023,23,23,Camera_06,16,Hospital_000,Person,1,0.6576923076923077,1320,8970,/pfs/data6/home/st/st_us-053000/st_st191959/DL-Lab/DataSet/MTMC_Tracking_2025_Preprocessed/val/Hospital_000/crops/Person_0023/Camera_06/Person_0023_Camera_06_f001320_r005.jpg,None,85,Hospital_000__Person_0023,1.0,False,False,0.4696178,-0.04174824,0.4696178,-0.0417326,0.31887427
101,Person_0023,Hospital_000__Person_0023,23,23,Camera_08,18,Hospital_000,Person,1,0.31683168316831684,210,8970,/pfs/data6/home/st/st_us-053000/st_st191959/DL-Lab/DataSet/MTMC_Tracking_2025_Preprocessed/val/Hospital_000/crops/Person_0023/Camera_08/Person_0023_Camera_08_f000210_r003.jpg,None,85,Hospital_000__Person_0023,1.0,False,False,0.48337358,-0.08844029,0.48337337,-0.08842015,0.27378428
638,Person_0023,Hospital_000__Person_0023,23,23,Camera_09,19,Hospital_000,Person,1,0.658307210031348,1050,8970,/pfs/data6/home/st/st_us-053000/st_st191959/DL-Lab/DataSet/MTMC_Tracking_2025_Preprocessed/val/Hospital_000/crops/Person_0023/Camera_09/Person_0023_Camera_09_f001050_r006.jpg,None,85,Hospital_000__Person_0023,1.0,False,False,0.5145836,-0.049083877,0.5145834,-0.04906775,0.27925912
18,Person_0023,Hospital_000__Person_0023,23,23,Camera_19,29,Hospital_000,Person,1,0.6666666666666666,3960,7350,/pfs/data6/home/st/st_us-053000/st_st191959/DL-Lab/DataSet/MTMC_Tracking_2025_Preprocessed/val/Hospital_000/crops/Person_0023/Camera_19/Person_0023_Camera_19_f003960_r005.jpg,None,85,Hospital_000__Person_0023,1.0,False,False,0.45384666,-0.15600996,0.45384666,-0.15600541,0.38222012
27,Person_0023,Hospital_000__Person_0023,23,23,Camera_20,30,Hospital_000,Person,1,0.2962962962962963,2010,8250,/pfs/data6/home/st/st_us-053000/st_st191959/DL-Lab/DataSet/MTMC_Tracking_2025_Preprocessed/val/Hospital_000/crops/Person_0023/Camera_20/Person_0023_Camera_20_f002010_r000.jpg,None,85,Hospital_000__Person_0023,1.0,False,False,0.6055755,0.0071170693,0.6055754,0.007139383,0.24178416
456,Person_0023,Hospital_000__Person_0023,23,23,Camera_22,32,Hospital_000,Person,1,0.6578947368421053,1050,8970,/pfs/data6/home/st/st_us-053000/st_st191959/DL-Lab/DataSet/MTMC_Tracking_2025_Preprocessed/val/Hospital_000/crops/Person_0023/Camera_22/Person_0023_Camera_22_f001050_r005.jpg,None,85,Hospital_000__Person_0023,1.0,False,False,0.52265286,-0.046557393,0.5226529,-0.046543676,0.2944556
1,Person_0023,Hospital_000__Person_0023,23,23,Camera_23,33,Hospital_000,Person,0,0.0,7470,7470,/pfs/data6/home/st/st_us-053000/st_st191959/DL-Lab/DataSet/MTMC_Tracking_2025_Preprocessed/val/Hospital_000/crops/Person_0023/Camera_23/Person_0023_Camera_23_f007470_r006.jpg,None,85,Hospital_000__Person_0023,1.0,False,False,0.7067304,0.22641815,0.7067304,0.22644068,0.15374574
555,Person_0023,Hospital_000__Person_0023,23,23,Camera_24,34,Hospital_000,Person,1,0.6666666666666666,1050,8970,/pfs/data6/home/st/st_us-053000/st_st191959/DL-Lab/DataSet/MTMC_Tracking_2025_Preprocessed/val/Hospital_000/crops/Person_0023/Camera_24/Person_0023_Camera_24_f001050_r015.jpg,None,85,Hospital_000__Person_0023,1.0,False,False,0.55321395,-0.05921133,0.553214,-0.05919089,0.25305977
8,Person_0023,Hospital_000__Person_0023,23,23,Camera_25,35,Hospital_000,Person,0,0.0,2010,2220,/pfs/data6/home/st/st_us-053000/st_st191959/DL-Lab/DataSet/MTMC_Tracking_2025_Preprocessed/val/Hospital_000/crops/Person_0023/Camera_25/Person_0023_Camera_25_f002010_r002.jpg,None,85,Hospital_000__Person_0023,1.0,False,False,0.7545973,-0.09807992,0.75459695,-0.09805597,0.17772366
429,Person_0023,Hospital_000__Person_0023,23,23,Camera_26,36,Hospital_000,Person,1,0.6666666666666666,2910,8970,/pfs/data6/home/st/st_us-053000/st_st191959/DL-Lab/DataSet/MTMC_Tracking_2025_Preprocessed/val/Hospital_000/crops/Person_0023/Camera_26/Person_0023_Camera_26_f002910_r008.jpg,None,85,Hospital_000__Person_0023,1.0,False,False,0.4275779,-0.03652295,0.42757785,-0.036514245,0.3419751
55,Person_0023,Hospital_000__Person_0023,23,23,Camera_27,37,Hospital_000,Person,1,0.07272727272727272,840,8550,/pfs/data6/home/st/st_us-053000/st_st191959/DL-Lab/DataSet/MTMC_Tracking_2025_Preprocessed/val/Hospital_000/crops/Person_0023/Camera_27/Person_0023_Camera_27_f000840_r003.jpg,None,85,Hospital_000__Person_0023,1.0,False,False,0.52403086,-0.11249228,0.5240308,-0.112472385,0.29807425
108,Person_0023,Hospital_000__Person_0023,23,23,Camera_31,41,Hospital_000,Person,1,0.6666666666666666,1530,2610,/pfs/data6/home/st/st_us-053000/st_st191959/DL-Lab/DataSet/MTMC_Tracking_2025_Preprocessed/val/Hospital_000/crops/Person_0023/Camera_31/Person_0023_Camera_31_f001530_r001.jpg,None,85,Hospital_000__Person_0023,1.0,False,False,0.49062663,-0.0129458755,0.49062663,-0.012928509,0.2973657
248,Person_0024,Hospital_000__Person_0024,24,24,Camera_03,13,Hospital_000,Person,1,0.5,390,8970,/pfs/data6/home/st/st_us-053000/st_st191959/DL-Lab/DataSet/MTMC_Tracking_2025_Preprocessed/val/Hospital_000/crops/Person_0024/Camera_03/Person_0024_Camera_03_f000390_r016.jpg,None,73,Hospital_000__Person_0024,1.0,False,False,0.47364953,-0.25171116,0.47364938,-0.25170666,0.4402231
121,Person_0024,Hospital_000__Person_0024,24,24,Camera_04,14,Hospital_000,Person,1,0.21487603305785125,1020,8970,/pfs/data6/home/st/st_us-053000/st_st191959/DL-Lab/DataSet/MTMC_Tracking_2025_Preprocessed/val/Hospital_000/crops/Person_0024/Camera_04/Person_0024_Camera_04_f001020_r006.jpg,None,73,Hospital_000__Person_0024,1.0,False,False,0.59974205,-0.2608756,0.59974205,-0.26087132,0.39783195
108,Person_0024,Hospital_000__Person_0024,24,24,Camera_05,15,Hospital_000,Person,1,0.2222222222222222,510,8730,/pfs/data6/home/st/st_us-053000/st_st191959/DL-Lab/DataSet/MTMC_Tracking_2025_Preprocessed/val/Hospital_000/crops/Person_0024/Camera_05/Person_0024_Camera_05_f000510_r010.jpg,None,73,Hospital_000__Person_0024,1.0,False,False,0.5450008,-0.21413936,0.5450009,-0.2141441,0.44723034
678,Person_0024,Hospital_000__Person_0024,24,24,Camera_08,18,Hospital_000,Person,1,0.6607669616519174,0,8970,/pfs/data6/home/st/st_us-053000/st_st191959/DL-Lab/DataSet/MTMC_Tracking_2025_Preprocessed/val/Hospital_000/crops/Person_0024/Camera_08/Person_0024_Camera_08_f000000_r007.jpg,None,73,Hospital_000__Person_0024,1.0,False,False,0.4841614,-0.24775538,0.48416147,-0.24775219,0.4302738
317,Person_0024,Hospital_000__Person_0024,24,24,Camera_18,28,Hospital_000,Person,1,0.6624605678233438,0,8640,/pfs/data6/home/st/st_us-053000/st_st191959/DL-Lab/DataSet/MTMC_Tracking_2025_Preprocessed/val/Hospital_000/crops/Person_0024/Camera_18/Person_0024_Camera_18_f000000_r001.jpg,None,73,Hospital_000__Person_0024,1.0,False,False,0.29519337,-0.23656581,0.29519325,-0.2365602,0.4950344
714,Person_0024,Hospital_000__Person_0024,24,24,Camera_19,29,Hospital_000,Person,1,0.6246498599439776,0,8970,/pfs/data6/home/st/st_us-053000/st_st191959/DL-Lab/DataSet/MTMC_Tracking_2025_Preprocessed/val/Hospital_000/crops/Person_0024/Camera_19/Person_0024_Camera_19_f000000_r004.jpg,None,73,Hospital_000__Person_0024,1.0,False,False,0.50103444,-0.2630294,0.5010345,-0.26302135,0.40941828
359,Person_0024,Hospital_000__Person_0024,24,24,Camera_22,32,Hospital_000,Person,1,0.5793871866295265,510,8730,/pfs/data6/home/st/st_us-053000/st_st191959/DL-Lab/DataSet/MTMC_Tracking_2025_Preprocessed/val/Hospital_000/crops/Person_0024/Camera_22/Person_0024_Camera_22_f000510_r006.jpg,None,73,Hospital_000__Person_0024,1.0,False,False,0.4741841,-0.24430355,0.47418413,-0.24430552,0.45049632
276,Person_0024,Hospital_000__Person_0024,24,24,Camera_24,34,Hospital_000,Person,1,0.41304347826086957,510,8820,/pfs/data6/home/st/st_us-053000/st_st191959/DL-Lab/DataSet/MTMC_Tracking_2025_Preprocessed/val/Hospital_000/crops/Person_0024/Camera_24/Person_0024_Camera_24_f000510_r019.jpg,None,73,Hospital_000__Person_0024,1.0,False,False,0.5419595,-0.27775058,0.5419595,-0.27774674,0.42083555
238,Person_0024,Hospital_000__Person_0024,24,24,Camera_26,36,Hospital_000,Person,1,0.6134453781512605,510,8730,/pfs/data6/home/st/st_us-053000/st_st191959/DL-Lab/DataSet/MTMC_Tracking_2025_Preprocessed/val/Hospital_000/crops/Person_0024/Camera_26/Person_0024_Camera_26_f000510_r005.jpg,None,73,Hospital_000__Person_0024,1.0,False,False,0.49940112,-0.23280989,0.49940118,-0.23280668,0.4203309
457,Person_0024,Hospital_000__Person_0024,24,24,Camera_27,37,Hospital_000,Person,1,0.6345733041575492,0,8970,/pfs/data6/home/st/st_us-053000/st_st191959/DL-Lab/DataSet/MTMC_Tracking_2025_Preprocessed/val/Hospital_000/crops/Person_0024/Camera_27/Person_0024_Camera_27_f000000_r007.jpg,None,73,Hospital_000__Person_0024,1.0,False,False,0.4739241,-0.25622433,0.47392386,-0.2562167,0.40093252
41,Person_0025,Hospital_000__Person_0025,25,25,Camera,0,Hospital_000,Person,1,0.4878048780487805,6240,7620,/pfs/data6/home/st/st_us-053000/st_st191959/DL-Lab/DataSet/MTMC_Tracking_2025_Preprocessed/val/Hospital_000/crops/Person_0025/Camera/Person_0025_Camera_f006240_r000.jpg,None,83,Hospital_000__Person_0025,1.0,False,False,0.54495037,-0.13374768,0.5449501,-0.13373841,-0.078827426
296,Person_0025,Hospital_000__Person_0025,25,25,Camera_03,13,Hospital_000,Person,1,0.6216216216216216,90,8940,/pfs/data6/home/st/st_us-053000/st_st191959/DL-Lab/DataSet/MTMC_Tracking_2025_Preprocessed/val/Hospital_000/crops/Person_0025/Camera_03/Person_0025_Camera_03_f000090_r000.jpg,None,83,Hospital_000__Person_0025,1.0,False,False,0.2884472,-0.16883114,0.28844714,-0.16882233,-0.065745495
61,Person_0025,Hospital_000__Person_0025,25,25,Camera_04,14,Hospital_000,Person,1,0.06557377049180328,30,8670,/pfs/data6/home/st/st_us-053000/st_st191959/DL-Lab/DataSet/MTMC_Tracking_2025_Preprocessed/val/Hospital_000/crops/Person_0025/Camera_04/Person_0025_Camera_04_f000030_r002.jpg,None,83,Hospital_000__Person_0025,1.0,False,False,0.4390803,-0.10448723,0.43908003,-0.10447544,-0.019956963
266,Person_0025,Hospital_000__Person_0025,25,25,Camera_05,15,Hospital_000,Person,1,0.5639097744360902,240,8970,/pfs/data6/home/st/st_us-053000/st_st191959/DL-Lab/DataSet/MTMC_Tracking_2025_Preprocessed/val/Hospital_000/crops/Person_0025/Camera_05/Person_0025_Camera_05_f000240_r001.jpg,None,83,Hospital_000__Person_0025,1.0,False,False,0.5750498,-0.1258515,0.57504976,-0.12585495,0.018076966
456,Person_0025,Hospital_000__Person_0025,25,25,Camera_06,16,Hospital_000,Person,1,0.6535087719298246,3480,8940,/pfs/data6/home/st/st_us-053000/st_st191959/DL-Lab/DataSet/MTMC_Tracking_2025_Preprocessed/val/Hospital_000/crops/Person_0025/Camera_06/Person_0025_Camera_06_f003480_r003.jpg,None,83,Hospital_000__Person_0025,1.0,False,False,0.10560074,-0.20404658,0.10560058,-0.2040372,-0.010655711
358,Person_0025,Hospital_000__Person_0025,25,25,Camera_08,18,Hospital_000,Person,1,0.5921787709497207,0,8970,/pfs/data6/home/st/st_us-053000/st_st191959/DL-Lab/DataSet/MTMC_Tracking_2025_Preprocessed/val/Hospital_000/crops/Person_0025/Camera_08/Person_0025_Camera_08_f000000_r001.jpg,None,83,Hospital_000__Person_0025,1.0,False,False,0.40803716,-0.19028473,0.4080372,-0.19028868,-0.00093227654
483,Person_0025,Hospital_000__Person_0025,25,25,Camera_09,19,Hospital_000,Person,1,0.6583850931677019,3480,8970,/pfs/data6/home/st/st_us-053000/st_st191959/DL-Lab/DataSet/MTMC_Tracking_2025_Preprocessed/val/Hospital_000/crops/Person_0025/Camera_09/Person_0025_Camera_09_f003480_r003.jpg,None,83,Hospital_000__Person_0025,1.0,False,False,0.19045427,-0.18990265,0.19045407,-0.18989561,-0.054658487
207,Person_0025,Hospital_000__Person_0025,25,25,Camera_18,28,Hospital_000,Person,1,0.6666666666666666,0,2700,/pfs/data6/home/st/st_us-053000/st_st191959/DL-Lab/DataSet/MTMC_Tracking_2025_Preprocessed/val/Hospital_000/crops/Person_0025/Camera_18/Person_0025_Camera_18_f000000_r000.jpg,None,83,Hospital_000__Person_0025,1.0,False,False,0.30083907,-0.17161147,0.3008389,-0.17160973,0.040880676
323,Person_0025,Hospital_000__Person_0025,25,25,Camera_19,29,Hospital_000,Person,1,0.6563467492260062,0,3630,/pfs/data6/home/st/st_us-053000/st_st191959/DL-Lab/DataSet/MTMC_Tracking_2025_Preprocessed/val/Hospital_000/crops/Person_0025/Camera_19/Person_0025_Camera_19_f000000_r001.jpg,None,83,Hospital_000__Person_0025,1.0,False,False,0.5031905,-0.1717864,0.50319034,-0.17178604,0.03283961
18,Person_0025,Hospital_000__Person_0025,25,25,Camera_20,30,Hospital_000,Person,1,0.3333333333333333,6000,7080,/pfs/data6/home/st/st_us-053000/st_st191959/DL-Lab/DataSet/MTMC_Tracking_2025_Preprocessed/val/Hospital_000/crops/Person_0025/Camera_20/Person_0025_Camera_20_f006000_r000.jpg,None,83,Hospital_000__Person_0025,1.0,False,False,0.5817972,0.014626026,0.58179665,0.014635416,-0.06192107
494,Person_0025,Hospital_000__Person_0025,25,25,Camera_22,32,Hospital_000,Person,1,0.6518218623481782,150,8970,/pfs/data6/home/st/st_us-053000/st_st191959/DL-Lab/DataSet/MTMC_Tracking_2025_Preprocessed/val/Hospital_000/crops/Person_0025/Camera_22/Person_0025_Camera_22_f000150_r001.jpg,None,83,Hospital_000__Person_0025,1.0,False,False,0.4659663,-0.1438076,0.4659665,-0.14380944,-0.0005430319
2,Person_0025,Hospital_000__Person_0025,25,25,Camera_23,33,Hospital_000,Person,0,0.0,6630,7440,/pfs/data6/home/st/st_us-053000/st_st191959/DL-Lab/DataSet/MTMC_Tracking_2025_Preprocessed/val/Hospital_000/crops/Person_0025/Camera_23/Person_0025_Camera_23_f006630_r000.jpg,None,83,Hospital_000__Person_0025,1.0,False,False,0.57659715,-0.07407507,0.5765967,-0.07406491,-0.020770414
547,Person_0025,Hospital_000__Person_0025,25,25,Camera_24,34,Hospital_000,Person,1,0.6325411334552102,90,8970,/pfs/data6/home/st/st_us-053000/st_st191959/DL-Lab/DataSet/MTMC_Tracking_2025_Preprocessed/val/Hospital_000/crops/Person_0025/Camera_24/Person_0025_Camera_24_f000090_r002.jpg,None,83,Hospital_000__Person_0025,1.0,False,False,0.4676013,-0.1480719,0.46760118,-0.14806747,-0.03303479
433,Person_0025,Hospital_000__Person_0025,25,25,Camera_26,36,Hospital_000,Person,1,0.6651270207852193,210,8970,/pfs/data6/home/st/st_us-053000/st_st191959/DL-Lab/DataSet/MTMC_Tracking_2025_Preprocessed/val/Hospital_000/crops/Person_0025/Camera_26/Person_0025_Camera_26_f000210_r001.jpg,None,83,Hospital_000__Person_0025,1.0,False,False,0.38050056,-0.15620497,0.3805005,-0.15621114,0.032234628
295,Person_0025,Hospital_000__Person_0025,25,25,Camera_27,37,Hospital_000,Person,1,0.5288135593220339,0,8790,/pfs/data6/home/st/st_us-053000/st_st191959/DL-Lab/DataSet/MTMC_Tracking_2025_Preprocessed/val/Hospital_000/crops/Person_0025/Camera_27/Person_0025_Camera_27_f000000_r002.jpg,None,83,Hospital_000__Person_0025,1.0,False,False,0.5381914,-0.13935626,0.53819114,-0.13935502,-0.02431652
45,Person_0025,Hospital_000__Person_0025,25,25,Camera_31,41,Hospital_000,Person,1,0.6666666666666666,6330,7410,/pfs/data6/home/st/st_us-053000/st_st191959/DL-Lab/DataSet/MTMC_Tracking_2025_Preprocessed/val/Hospital_000/crops/Person_0025/Camera_31/Person_0025_Camera_31_f006330_r000.jpg,None,83,Hospital_000__Person_0025,1.0,False,False,0.24966082,-0.14161284,0.24966083,-0.14161626,0.030574847
40,Person_0026,Hospital_000__Person_0026,26,26,Camera,0,Hospital_000,Person,1,0.25,3780,8220,/pfs/data6/home/st/st_us-053000/st_st191959/DL-Lab/DataSet/MTMC_Tracking_2025_Preprocessed/val/Hospital_000/crops/Person_0026/Camera/Person_0026_Camera_f003780_r001.jpg,None,60,Hospital_000__Person_0026,1.0,False,False,0.39422375,-0.029754195,0.39422342,-0.02974447,0.049762778
142,Person_0026,Hospital_000__Person_0026,26,26,Camera_01,11,Hospital_000,Person,1,0.14084507042253522,240,7620,/pfs/data6/home/st/st_us-053000/st_st191959/DL-Lab/DataSet/MTMC_Tracking_2025_Preprocessed/val/Hospital_000/crops/Person_0026/Camera_01/Person_0026_Camera_01_f000240_r001.jpg,None,60,Hospital_000__Person_0026,1.0,False,False,0.4347081,-0.035478238,0.4347078,-0.03547398,0.08059235
78,Person_0026,Hospital_000__Person_0026,26,26,Camera_03,13,Hospital_000,Person,1,0.6666666666666666,6810,8970,/pfs/data6/home/st/st_us-053000/st_st191959/DL-Lab/DataSet/MTMC_Tracking_2025_Preprocessed/val/Hospital_000/crops/Person_0026/Camera_03/Person_0026_Camera_03_f006810_r002.jpg,None,60,Hospital_000__Person_0026,1.0,False,False,-0.18543056,-0.10272124,-0.18543051,-0.10271179,0.123442665
1,Person_0026,Hospital_000__Person_0026,26,26,Camera_04,14,Hospital_000,Person,0,0.0,8940,8940,/pfs/data6/home/st/st_us-053000/st_st191959/DL-Lab/DataSet/MTMC_Tracking_2025_Preprocessed/val/Hospital_000/crops/Person_0026/Camera_04/Person_0026_Camera_04_f008940_r001.jpg,None,-1,NOISE,0.0,True,False,0.26724207,0.1570337,0.2672421,0.15703309,-0.17297041
666,Person_0026,Hospital_000__Person_0026,26,26,Camera_05,15,Hospital_000,Person,1,0.6666666666666666,0,8970,/pfs/data6/home/st/st_us-053000/st_st191959/DL-Lab/DataSet/MTMC_Tracking_2025_Preprocessed/val/Hospital_000/crops/Person_0026/Camera_05/Person_0026_Camera_05_f000000_r002.jpg,None,60,Hospital_000__Person_0026,1.0,False,False,0.088614434,-0.09809901,0.08861446,-0.098103076,0.13634732
32,Person_0026,Hospital_000__Person_0026,26,26,Camera_06,16,Hospital_000,Person,1,0.5,7980,8850,/pfs/data6/home/st/st_us-053000/st_st191959/DL-Lab/DataSet/MTMC_Tracking_2025_Preprocessed/val/Hospital_000/crops/Person_0026/Camera_06/Person_0026_Camera_06_f007980_r002.jpg,None,60,Hospital_000__Person_0026,1.0,False,False,0.05966494,-0.091245666,0.0596649,-0.091246106,0.114512414
38,Person_0026,Hospital_000__Person_0026,26,26,Camera_08,18,Hospital_000,Person,1,0.15789473684210525,510,8940,/pfs/data6/home/st/st_us-053000/st_st191959/DL-Lab/DataSet/MTMC_Tracking_2025_Preprocessed/val/Hospital_000/crops/Person_0026/Camera_08/Person_0026_Camera_08_f000510_r000.jpg,None,60,Hospital_000__Person_0026,1.0,False,False,-0.0599298,-0.18974265,-0.059929863,-0.18973477,-0.014852456
205,Person_0026,Hospital_000__Person_0026,26,26,Camera_09,19,Hospital_000,Person,1,0.6146341463414634,210,8970,/pfs/data6/home/st/st_us-053000/st_st191959/DL-Lab/DataSet/MTMC_Tracking_2025_Preprocessed/val/Hospital_000/crops/Person_0026/Camera_09/Person_0026_Camera_09_f000210_r001.jpg,None,60,Hospital_000__Person_0026,1.0,False,False,0.09762012,-0.09931307,0.09762001,-0.09930987,0.10442385
120,Person_0026,Hospital_000__Person_0026,26,26,Camera_20,30,Hospital_000,Person,1,0.6666666666666666,240,8460,/pfs/data6/home/st/st_us-053000/st_st191959/DL-Lab/DataSet/MTMC_Tracking_2025_Preprocessed/val/Hospital_000/crops/Person_0026/Camera_20/Person_0026_Camera_20_f000240_r001.jpg,None,60,Hospital_000__Person_0026,1.0,False,False,0.11868904,-0.108988754,0.11868891,-0.10898323,0.10224238
138,Person_0026,Hospital_000__Person_0026,26,26,Camera_22,32,Hospital_000,Person,1,0.6666666666666666,6450,8970,/pfs/data6/home/st/st_us-053000/st_st191959/DL-Lab/DataSet/MTMC_Tracking_2025_Preprocessed/val/Hospital_000/crops/Person_0026/Camera_22/Person_0026_Camera_22_f006450_r001.jpg,None,60,Hospital_000__Person_0026,1.0,False,False,-0.20851712,-0.124217145,-0.20851715,-0.12421311,0.12985784
160,Person_0026,Hospital_000__Person_0026,26,26,Camera_24,34,Hospital_000,Person,1,0.6625,6450,8970,/pfs/data6/home/st/st_us-053000/st_st191959/DL-Lab/DataSet/MTMC_Tracking_2025_Preprocessed/val/Hospital_000/crops/Person_0026/Camera_24/Person_0026_Camera_24_f006450_r001.jpg,None,60,Hospital_000__Person_0026,1.0,False,False,-0.025361182,-0.09781623,-0.025361212,-0.09781127,0.13889097
54,Person_0026,Hospital_000__Person_0026,26,26,Camera_26,36,Hospital_000,Person,1,0.6666666666666666,8220,8970,/pfs/data6/home/st/st_us-053000/st_st191959/DL-Lab/DataSet/MTMC_Tracking_2025_Preprocessed/val/Hospital_000/crops/Person_0026/Camera_26/Person_0026_Camera_26_f008220_r001.jpg,None,60,Hospital_000__Person_0026,1.0,False,False,-0.0065884287,-0.11492542,-0.006588472,-0.114924476,0.10897816
17,Person_0026,Hospital_000__Person_0026,26,26,Camera_27,37,Hospital_000,Person,0,0.0,780,8940,/pfs/data6/home/st/st_us-053000/st_st191959/DL-Lab/DataSet/MTMC_Tracking_2025_Preprocessed/val/Hospital_000/crops/Person_0026/Camera_27/Person_0026_Camera_27_f000780_r001.jpg,None,60,Hospital_000__Person_0026,1.0,False,False,0.09771515,-0.28038698,0.097715,-0.28037462,0.021277202
74,Person_0027,Hospital_000__Person_0027,27,27,Camera,0,Hospital_000,Person,1,0.3783783783783784,5610,8880,/pfs/data6/home/st/st_us-053000/st_st191959/DL-Lab/DataSet/MTMC_Tracking_2025_Preprocessed/val/Hospital_000/crops/Person_0027/Camera/Person_0027_Camera_f005610_r001.jpg,None,40,Hospital_000__Person_0027,1.0,False,False,0.5363333,0.44663814,0.53633285,0.4466639,-0.11791511
125,Person_0027,Hospital_000__Person_0027,27,27,Camera_01,11,Hospital_000,Person,1,0.144,0,7020,/pfs/data6/home/st/st_us-053000/st_st191959/DL-Lab/DataSet/MTMC_Tracking_2025_Preprocessed/val/Hospital_000/crops/Person_0027/Camera_01/Person_0027_Camera_01_f000000_r001.jpg,None,40,Hospital_000__Person_0027,1.0,False,False,0.56577224,0.46121415,0.565772,0.4612349,-0.0985588
90,Person_0027,Hospital_000__Person_0027,27,27,Camera_03,13,Hospital_000,Person,1,0.6666666666666666,8100,8970,/pfs/data6/home/st/st_us-053000/st_st191959/DL-Lab/DataSet/MTMC_Tracking_2025_Preprocessed/val/Hospital_000/crops/Person_0027/Camera_03/Person_0027_Camera_03_f008100_r007.jpg,None,40,Hospital_000__Person_0027,1.0,False,False,0.3703518,0.47383073,0.37035173,0.4738442,-0.053483825
684,Person_0027,Hospital_000__Person_0027,27,27,Camera_05,15,Hospital_000,Person,1,0.6666666666666666,0,8970,/pfs/data6/home/st/st_us-053000/st_st191959/DL-Lab/DataSet/MTMC_Tracking_2025_Preprocessed/val/Hospital_000/crops/Person_0027/Camera_05/Person_0027_Camera_05_f000000_r003.jpg,None,40,Hospital_000__Person_0027,1.0,False,False,0.44463992,0.4800254,0.44464,0.4800418,-0.07007972
87,Person_0027,Hospital_000__Person_0027,27,27,Camera_06,16,Hospital_000,Person,1,0.6666666666666666,8130,8970,/pfs/data6/home/st/st_us-053000/st_st191959/DL-Lab/DataSet/MTMC_Tracking_2025_Preprocessed/val/Hospital_000/crops/Person_0027/Camera_06/Person_0027_Camera_06_f008130_r005.jpg,None,40,Hospital_000__Person_0027,1.0,False,False,0.42844734,0.48969293,0.42844725,0.48970747,-0.08113883
25,Person_0027,Hospital_000__Person_0027,27,27,Camera_08,18,Hospital_000,Person,1,0.08,600,8040,/pfs/data6/home/st/st_us-053000/st_st191959/DL-Lab/DataSet/MTMC_Tracking_2025_Preprocessed/val/Hospital_000/crops/Person_0027/Camera_08/Person_0027_Camera_08_f000600_r002.jpg,None,40,Hospital_000__Person_0027,1.0,False,False,0.3365508,0.3652033,0.33655068,0.36522028,-0.09963454
359,Person_0027,Hospital_000__Person_0027,27,27,Camera_09,19,Hospital_000,Person,1,0.6573816155988857,780,8970,/pfs/data6/home/st/st_us-053000/st_st191959/DL-Lab/DataSet/MTMC_Tracking_2025_Preprocessed/val/Hospital_000/crops/Person_0027/Camera_09/Person_0027_Camera_09_f000780_r004.jpg,None,40,Hospital_000__Person_0027,1.0,False,False,0.41202396,0.46850285,0.41202372,0.46852234,-0.08922264
190,Person_0027,Hospital_000__Person_0027,27,27,Camera_20,30,Hospital_000,Person,1,0.6421052631578947,240,8850,/pfs/data6/home/st/st_us-053000/st_st191959/DL-Lab/DataSet/MTMC_Tracking_2025_Preprocessed/val/Hospital_000/crops/Person_0027/Camera_20/Person_0027_Camera_20_f000240_r002.jpg,None,40,Hospital_000__Person_0027,1.0,False,False,0.48163068,0.48314565,0.48163053,0.48316485,-0.07018277
120,Person_0027,Hospital_000__Person_0027,27,27,Camera_22,32,Hospital_000,Person,1,0.6666666666666666,4920,8970,/pfs/data6/home/st/st_us-053000/st_st191959/DL-Lab/DataSet/MTMC_Tracking_2025_Preprocessed/val/Hospital_000/crops/Person_0027/Camera_22/Person_0027_Camera_22_f004920_r005.jpg,None,40,Hospital_000__Person_0027,1.0,False,False,0.26363784,0.49787584,0.2636378,0.49788466,-0.06799318
1,Person_0027,Hospital_000__Person_0027,27,27,Camera_23,33,Hospital_000,Person,0,0.0,8880,8880,/pfs/data6/home/st/st_us-053000/st_st191959/DL-Lab/DataSet/MTMC_Tracking_2025_Preprocessed/val/Hospital_000/crops/Person_0027/Camera_23/Person_0027_Camera_23_f008880_r001.jpg,None,40,Hospital_000__Person_0027,1.0,False,False,0.58976924,0.41702658,0.58976895,0.4170495,-0.17793933
162,Person_0027,Hospital_000__Person_0027,27,27,Camera_24,34,Hospital_000,Person,1,0.6666666666666666,4920,8970,/pfs/data6/home/st/st_us-053000/st_st191959/DL-Lab/DataSet/MTMC_Tracking_2025_Preprocessed/val/Hospital_000/crops/Person_0027/Camera_24/Person_0027_Camera_24_f004920_r009.jpg,None,40,Hospital_000__Person_0027,1.0,False,False,0.24928185,0.50508714,0.24928176,0.5051036,-0.049702846
45,Person_0027,Hospital_000__Person_0027,27,27,Camera_26,36,Hospital_000,Person,1,0.6666666666666666,8130,8970,/pfs/data6/home/st/st_us-053000/st_st191959/DL-Lab/DataSet/MTMC_Tracking_2025_Preprocessed/val/Hospital_000/crops/Person_0027/Camera_26/Person_0027_Camera_26_f008130_r004.jpg,None,40,Hospital_000__Person_0027,1.0,False,False,0.21726453,0.5480123,0.21726462,0.5480089,-0.03131659
3,Person_0027,Hospital_000__Person_0027,27,27,Camera_27,37,Hospital_000,Person,0,0.0,4320,8040,/pfs/data6/home/st/st_us-053000/st_st191959/DL-Lab/DataSet/MTMC_Tracking_2025_Preprocessed/val/Hospital_000/crops/Person_0027/Camera_27/Person_0027_Camera_27_f004320_r004.jpg,None,-1,NOISE,0.0,True,False,0.07846293,0.29701024,0.078462824,0.29703122,-0.08063201
24,Person_0027,Hospital_000__Person_0027,27,27,Camera_31,41,Hospital_000,Person,1,0.6666666666666666,8610,8820,/pfs/data6/home/st/st_us-053000/st_st191959/DL-Lab/DataSet/MTMC_Tracking_2025_Preprocessed/val/Hospital_000/crops/Person_0027/Camera_31/Person_0027_Camera_31_f008610_r001.jpg,None,40,Hospital_000__Person_0027,1.0,False,False,-0.019787423,0.547627,-0.019787313,0.5476313,-0.030820247
59,Person_0028,Hospital_000__Person_0028,28,28,Camera,0,Hospital_000,Person,1,0.4406779661016949,990,5820,/pfs/data6/home/st/st_us-053000/st_st191959/DL-Lab/DataSet/MTMC_Tracking_2025_Preprocessed/val/Hospital_000/crops/Person_0028/Camera/Person_0028_Camera_f000990_r000.jpg,None,17,Hospital_000__Person_0028,1.0,False,False,0.5965089,-0.008651694,0.59650874,-0.008645494,-0.48344275
69,Person_0028,Hospital_000__Person_0028,28,28,Camera_01,11,Hospital_000,Person,1,0.3188405797101449,120,8970,/pfs/data6/home/st/st_us-053000/st_st191959/DL-Lab/DataSet/MTMC_Tracking_2025_Preprocessed/val/Hospital_000/crops/Person_0028/Camera_01/Person_0028_Camera_01_f000120_r000.jpg,None,17,Hospital_000__Person_0028,1.0,False,False,0.6042384,0.0051899194,0.60423815,0.0051940084,-0.4847598
260,Person_0028,Hospital_000__Person_0028,28,28,Camera_03,13,Hospital_000,Person,1,0.6538461538461539,690,5910,/pfs/data6/home/st/st_us-053000/st_st191959/DL-Lab/DataSet/MTMC_Tracking_2025_Preprocessed/val/Hospital_000/crops/Person_0028/Camera_03/Person_0028_Camera_03_f000690_r002.jpg,None,17,Hospital_000__Person_0028,1.0,False,False,0.4349333,-0.029954465,0.43493333,-0.029954115,-0.51762664
20,Person_0028,Hospital_000__Person_0028,28,28,Camera_04,14,Hospital_000,Person,0,0.0,1500,8610,/pfs/data6/home/st/st_us-053000/st_st191959/DL-Lab/DataSet/MTMC_Tracking_2025_Preprocessed/val/Hospital_000/crops/Person_0028/Camera_04/Person_0028_Camera_04_f001500_r001.jpg,None,-1,NOISE,0.0,True,False,0.3693905,-0.14317842,0.36939037,-0.14316767,-0.508878
538,Person_0028,Hospital_000__Person_0028,28,28,Camera_05,15,Hospital_000,Person,1,0.6617100371747212,0,8970,/pfs/data6/home/st/st_us-053000/st_st191959/DL-Lab/DataSet/MTMC_Tracking_2025_Preprocessed/val/Hospital_000/crops/Person_0028/Camera_05/Person_0028_Camera_05_f000000_r001.jpg,None,17,Hospital_000__Person_0028,1.0,False,False,0.57930803,-0.021980781,0.57930803,-0.02198831,-0.45133206
397,Person_0028,Hospital_000__Person_0028,28,28,Camera_06,16,Hospital_000,Person,1,0.6649874055415617,930,6420,/pfs/data6/home/st/st_us-053000/st_st191959/DL-Lab/DataSet/MTMC_Tracking_2025_Preprocessed/val/Hospital_000/crops/Person_0028/Camera_06/Person_0028_Camera_06_f000930_r001.jpg,None,17,Hospital_000__Person_0028,1.0,False,False,0.5200685,-0.0701945,0.5200684,-0.07019718,-0.47799864
205,Person_0028,Hospital_000__Person_0028,28,28,Camera_08,18,Hospital_000,Person,1,0.37073170731707317,540,8670,/pfs/data6/home/st/st_us-053000/st_st191959/DL-Lab/DataSet/MTMC_Tracking_2025_Preprocessed/val/Hospital_000/crops/Person_0028/Camera_08/Person_0028_Camera_08_f000540_r000.jpg,None,17,Hospital_000__Person_0028,1.0,False,False,0.39709437,-0.08398075,0.39709425,-0.0839759,-0.5684584
667,Person_0028,Hospital_000__Person_0028,28,28,Camera_09,19,Hospital_000,Person,1,0.6656671664167916,150,7200,/pfs/data6/home/st/st_us-053000/st_st191959/DL-Lab/DataSet/MTMC_Tracking_2025_Preprocessed/val/Hospital_000/crops/Person_0028/Camera_09/Person_0028_Camera_09_f000150_r001.jpg,None,17,Hospital_000__Person_0028,1.0,False,False,0.4915886,-0.038423967,0.49158844,-0.03842468,-0.5042042
112,Person_0028,Hospital_000__Person_0028,28,28,Camera_20,30,Hospital_000,Person,1,0.5535714285714286,180,8040,/pfs/data6/home/st/st_us-053000/st_st191959/DL-Lab/DataSet/MTMC_Tracking_2025_Preprocessed/val/Hospital_000/crops/Person_0028/Camera_20/Person_0028_Camera_20_f000180_r000.jpg,None,17,Hospital_000__Person_0028,1.0,False,False,0.5797486,-0.012745909,0.5797486,-0.0127447555,-0.50123334
507,Person_0028,Hospital_000__Person_0028,28,28,Camera_22,32,Hospital_000,Person,1,0.6666666666666666,630,7230,/pfs/data6/home/st/st_us-053000/st_st191959/DL-Lab/DataSet/MTMC_Tracking_2025_Preprocessed/val/Hospital_000/crops/Person_0028/Camera_22/Person_0028_Camera_22_f000630_r001.jpg,None,17,Hospital_000__Person_0028,1.0,False,False,0.5127874,-0.062185515,0.51278746,-0.0621898,-0.48959965
2,Person_0028,Hospital_000__Person_0028,28,28,Camera_23,33,Hospital_000,Person,0,0.0,4140,5700,/pfs/data6/home/st/st_us-053000/st_st191959/DL-Lab/DataSet/MTMC_Tracking_2025_Preprocessed/val/Hospital_000/crops/Person_0028/Camera_23/Person_0028_Camera_23_f004140_r000.jpg,None,17,Hospital_000__Person_0028,1.0,False,False,0.5881876,0.0010726397,0.58818716,0.0010815992,-0.42735937
548,Person_0028,Hospital_000__Person_0028,28,28,Camera_24,34,Hospital_000,Person,1,0.6642335766423357,630,7410,/pfs/data6/home/st/st_us-053000/st_st191959/DL-Lab/DataSet/MTMC_Tracking_2025_Preprocessed/val/Hospital_000/crops/Person_0028/Camera_24/Person_0028_Camera_24_f000630_r002.jpg,None,17,Hospital_000__Person_0028,1.0,False,False,0.5397511,-0.062692925,0.539751,-0.062695704,-0.48331398
495,Person_0028,Hospital_000__Person_0028,28,28,Camera_26,36,Hospital_000,Person,1,0.6666666666666666,900,7170,/pfs/data6/home/st/st_us-053000/st_st191959/DL-Lab/DataSet/MTMC_Tracking_2025_Preprocessed/val/Hospital_000/crops/Person_0028/Camera_26/Person_0028_Camera_26_f000900_r001.jpg,None,17,Hospital_000__Person_0028,1.0,False,False,0.55354357,-0.07024827,0.5535436,-0.07025949,-0.45082897
87,Person_0028,Hospital_000__Person_0028,28,28,Camera_27,37,Hospital_000,Person,1,0.09195402298850575,570,8610,/pfs/data6/home/st/st_us-053000/st_st191959/DL-Lab/DataSet/MTMC_Tracking_2025_Preprocessed/val/Hospital_000/crops/Person_0028/Camera_27/Person_0028_Camera_27_f000570_r000.jpg,None,17,Hospital_000__Person_0028,1.0,False,False,0.45549288,-0.06536241,0.4554926,-0.06535542,-0.542973
565,Person_0029,Hospital_000__Person_0029,29,29,Camera_02,12,Hospital_000,Person,1,0.6584070796460177,0,5760,/pfs/data6/home/st/st_us-053000/st_st191959/DL-Lab/DataSet/MTMC_Tracking_2025_Preprocessed/val/Hospital_000/crops/Person_0029/Camera_02/Person_0029_Camera_02_f000000_r000.jpg,None,-1,NOISE,0.0,True,False,0.111693546,-0.12643595,0.11169334,-0.12642492,0.037149902
3,Person_0029,Hospital_000__Person_0029,29,29,Camera_03,13,Hospital_000,Person,0,0.0,5760,6900,/pfs/data6/home/st/st_us-053000/st_st191959/DL-Lab/DataSet/MTMC_Tracking_2025_Preprocessed/val/Hospital_000/crops/Person_0029/Camera_03/Person_0029_Camera_03_f005760_r004.jpg,None,-1,NOISE,0.0,True,False,0.45955557,-0.28027573,0.45955515,-0.28026134,0.14065525
33,Person_0029,Hospital_000__Person_0029,29,29,Camera_10,20,Hospital_000,Person,1,0.6666666666666666,5730,6840,/pfs/data6/home/st/st_us-053000/st_st191959/DL-Lab/DataSet/MTMC_Tracking_2025_Preprocessed/val/Hospital_000/crops/Person_0029/Camera_10/Person_0029_Camera_10_f005730_r000.jpg,None,106,Hospital_000__Person_0029,1.0,False,False,0.23949276,-0.18319805,0.23949274,-0.18320744,0.11977833
66,Person_0029,Hospital_000__Person_0029,29,29,Camera_12,22,Hospital_000,Person,1,0.6666666666666666,450,1380,/pfs/data6/home/st/st_us-053000/st_st191959/DL-Lab/DataSet/MTMC_Tracking_2025_Preprocessed/val/Hospital_000/crops/Person_0029/Camera_12/Person_0029_Camera_12_f000450_r000.jpg,None,-1,NOISE,0.0,True,False,0.23186506,-0.071342,0.23186505,-0.07135804,0.23853
339,Person_0029,Hospital_000__Person_0029,29,29,Camera_13,23,Hospital_000,Person,1,0.44837758112094395,0,5730,/pfs/data6/home/st/st_us-053000/st_st191959/DL-Lab/DataSet/MTMC_Tracking_2025_Preprocessed/val/Hospital_000/crops/Person_0029/Camera_13/Person_0029_Camera_13_f000000_r000.jpg,None,106,Hospital_000__Person_0029,1.0,False,False,0.32175913,-0.1647098,0.32175907,-0.16470346,0.026988436
105,Person_0029,Hospital_000__Person_0029,29,29,Camera_16,26,Hospital_000,Person,1,0.6666666666666666,6600,7620,/pfs/data6/home/st/st_us-053000/st_st191959/DL-Lab/DataSet/MTMC_Tracking_2025_Preprocessed/val/Hospital_000/crops/Person_0029/Camera_16/Person_0029_Camera_16_f006600_r001.jpg,None,106,Hospital_000__Person_0029,1.0,False,False,0.3032802,-0.15818739,0.30327994,-0.15818596,-0.0096734
338,Person_0029,Hospital_000__Person_0029,29,29,Camera_17,27,Hospital_000,Person,1,0.44970414201183434,0,5730,/pfs/data6/home/st/st_us-053000/st_st191959/DL-Lab/DataSet/MTMC_Tracking_2025_Preprocessed/val/Hospital_000/crops/Person_0029/Camera_17/Person_0029_Camera_17_f000000_r000.jpg,None,106,Hospital_000__Person_0029,1.0,False,False,0.37412483,-0.15631476,0.37412453,-0.15631191,0.05348664
228,Person_0029,Hospital_000__Person_0029,29,29,Camera_21,31,Hospital_000,Person,1,0.6666666666666666,6300,8550,/pfs/data6/home/st/st_us-053000/st_st191959/DL-Lab/DataSet/MTMC_Tracking_2025_Preprocessed/val/Hospital_000/crops/Person_0029/Camera_21/Person_0029_Camera_21_f006300_r001.jpg,None,106,Hospital_000__Person_0029,1.0,False,False,0.32639927,-0.16166471,0.3263991,-0.16166563,0.023389753
142,Person_0029,Hospital_000__Person_0029,29,29,Camera_23,33,Hospital_000,Person,1,0.6619718309859155,6180,8460,/pfs/data6/home/st/st_us-053000/st_st191959/DL-Lab/DataSet/MTMC_Tracking_2025_Preprocessed/val/Hospital_000/crops/Person_0029/Camera_23/Person_0029_Camera_23_f006180_r001.jpg,None,106,Hospital_000__Person_0029,1.0,False,False,0.2644502,-0.16758771,0.2644501,-0.16758336,0.017054724
4,Person_0029,Hospital_000__Person_0029,29,29,Camera_24,34,Hospital_000,Person,0,0.0,6270,6900,/pfs/data6/home/st/st_us-053000/st_st191959/DL-Lab/DataSet/MTMC_Tracking_2025_Preprocessed/val/Hospital_000/crops/Person_0029/Camera_24/Person_0029_Camera_24_f006270_r006.jpg,None,106,Hospital_000__Person_0029,1.0,False,False,0.43634683,-0.17636845,0.43634662,-0.1763612,0.09925027
168,Person_0029,Hospital_000__Person_0029,29,29,Camera_25,35,Hospital_000,Person,1,0.6666666666666666,6240,8520,/pfs/data6/home/st/st_us-053000/st_st191959/DL-Lab/DataSet/MTMC_Tracking_2025_Preprocessed/val/Hospital_000/crops/Person_0029/Camera_25/Person_0029_Camera_25_f006240_r001.jpg,None,106,Hospital_000__Person_0029,1.0,False,False,0.31000057,-0.16225071,0.31000036,-0.16224936,-0.0133263245
29,Person_0029,Hospital_000__Person_0029,29,29,Camera_28,38,Hospital_000,Person,1,0.06896551724137931,1620,6870,/pfs/data6/home/st/st_us-053000/st_st191959/DL-Lab/DataSet/MTMC_Tracking_2025_Preprocessed/val/Hospital_000/crops/Person_0029/Camera_28/Person_0029_Camera_28_f001620_r001.jpg,None,106,Hospital_000__Person_0029,1.0,False,False,0.49907526,-0.18406844,0.49907514,-0.1840616,0.03529713
27,Person_0029,Hospital_000__Person_0029,29,29,Camera_29,39,Hospital_000,Person,1,0.6666666666666666,6600,6840,/pfs/data6/home/st/st_us-053000/st_st191959/DL-Lab/DataSet/MTMC_Tracking_2025_Preprocessed/val/Hospital_000/crops/Person_0029/Camera_29/Person_0029_Camera_29_f006600_r001.jpg,None,106,Hospital_000__Person_0029,1.0,False,False,0.18720256,-0.21017626,0.18720245,-0.2101811,0.03194081
138,Person_0029,Hospital_000__Person_0029,29,29,Camera_30,40,Hospital_000,Person,1,0.6666666666666666,7230,8970,/pfs/data6/home/st/st_us-053000/st_st191959/DL-Lab/DataSet/MTMC_Tracking_2025_Preprocessed/val/Hospital_000/crops/Person_0029/Camera_30/Person_0029_Camera_30_f007230_r002.jpg,None,106,Hospital_000__Person_0029,1.0,False,False,0.26615635,-0.17273942,0.26615617,-0.17274223,0.10164802
325,Person_0030,Hospital_000__Person_0030,30,30,Camera_03,13,Hospital_000,Person,1,0.5969230769230769,480,8970,/pfs/data6/home/st/st_us-053000/st_st191959/DL-Lab/DataSet/MTMC_Tracking_2025_Preprocessed/val/Hospital_000/crops/Person_0030/Camera_03/Person_0030_Camera_03_f000480_r000.jpg,None,75,Hospital_000__Person_0030,1.0,False,False,0.42334569,-0.13929412,0.42334542,-0.13929868,0.040324345
348,Person_0030,Hospital_000__Person_0030,30,30,Camera_04,14,Hospital_000,Person,1,0.5632183908045977,0,8640,/pfs/data6/home/st/st_us-053000/st_st191959/DL-Lab/DataSet/MTMC_Tracking_2025_Preprocessed/val/Hospital_000/crops/Person_0030/Camera_04/Person_0030_Camera_04_f000000_r000.jpg,None,75,Hospital_000__Person_0030,1.0,False,False,0.6050435,-0.077093385,0.6050434,-0.077094495,0.053799618
14,Person_0030,Hospital_000__Person_0030,30,30,Camera_05,15,Hospital_000,Person,1,0.5714285714285714,2490,2640,/pfs/data6/home/st/st_us-053000/st_st191959/DL-Lab/DataSet/MTMC_Tracking_2025_Preprocessed/val/Hospital_000/crops/Person_0030/Camera_05/Person_0030_Camera_05_f002490_r000.jpg,None,-1,NOISE,0.0,True,False,0.58406824,0.09404779,0.5840682,0.09402783,0.13903557
33,Person_0030,Hospital_000__Person_0030,30,30,Camera_07,17,Hospital_000,Person,1,0.6666666666666666,0,1830,/pfs/data6/home/st/st_us-053000/st_st191959/DL-Lab/DataSet/MTMC_Tracking_2025_Preprocessed/val/Hospital_000/crops/Person_0030/Camera_07/Person_0030_Camera_07_f000000_r000.jpg,None,75,Hospital_000__Person_0030,1.0,False,False,0.33173484,-0.13970748,0.3317347,-0.13970718,0.099860065
492,Person_0030,Hospital_000__Person_0030,30,30,Camera_08,18,Hospital_000,Person,1,0.6666666666666666,120,8670,/pfs/data6/home/st/st_us-053000/st_st191959/DL-Lab/DataSet/MTMC_Tracking_2025_Preprocessed/val/Hospital_000/crops/Person_0030/Camera_08/Person_0030_Camera_08_f000120_r000.jpg,None,75,Hospital_000__Person_0030,1.0,False,False,0.37933594,-0.09456071,0.37933567,-0.09456913,0.08555749
571,Person_0030,Hospital_000__Person_0030,30,30,Camera_18,28,Hospital_000,Person,1,0.6514886164623468,120,8970,/pfs/data6/home/st/st_us-053000/st_st191959/DL-Lab/DataSet/MTMC_Tracking_2025_Preprocessed/val/Hospital_000/crops/Person_0030/Camera_18/Person_0030_Camera_18_f000120_r000.jpg,None,75,Hospital_000__Person_0030,1.0,False,False,0.38493702,-0.11779393,0.38493693,-0.11780611,0.079606
838,Person_0030,Hospital_000__Person_0030,30,30,Camera_19,29,Hospital_000,Person,1,0.6563245823389021,0,8970,/pfs/data6/home/st/st_us-053000/st_st191959/DL-Lab/DataSet/MTMC_Tracking_2025_Preprocessed/val/Hospital_000/crops/Person_0030/Camera_19/Person_0030_Camera_19_f000000_r000.jpg,None,75,Hospital_000__Person_0030,1.0,False,False,0.513202,-0.10579302,0.5132019,-0.105795585,0.038440056
238,Person_0030,Hospital_000__Person_0030,30,30,Camera_22,32,Hospital_000,Person,1,0.5126050420168067,540,8970,/pfs/data6/home/st/st_us-053000/st_st191959/DL-Lab/DataSet/MTMC_Tracking_2025_Preprocessed/val/Hospital_000/crops/Person_0030/Camera_22/Person_0030_Camera_22_f000540_r000.jpg,None,75,Hospital_000__Person_0030,1.0,False,False,0.4367972,-0.1375584,0.43679702,-0.13756503,0.056558825
174,Person_0030,Hospital_000__Person_0030,30,30,Camera_24,34,Hospital_000,Person,1,0.26436781609195403,480,8970,/pfs/data6/home/st/st_us-053000/st_st191959/DL-Lab/DataSet/MTMC_Tracking_2025_Preprocessed/val/Hospital_000/crops/Person_0030/Camera_24/Person_0030_Camera_24_f000480_r000.jpg,None,75,Hospital_000__Person_0030,1.0,False,False,0.43948254,-0.17144483,0.4394824,-0.17144977,0.058802985
12,Person_0030,Hospital_000__Person_0030,30,30,Camera_26,36,Hospital_000,Person,1,0.6666666666666666,2550,2640,/pfs/data6/home/st/st_us-053000/st_st191959/DL-Lab/DataSet/MTMC_Tracking_2025_Preprocessed/val/Hospital_000/crops/Person_0030/Camera_26/Person_0030_Camera_26_f002550_r000.jpg,None,75,Hospital_000__Person_0030,1.0,False,False,0.41644946,-0.10248848,0.41644955,-0.10249857,0.11542092
471,Person_0030,Hospital_000__Person_0030,30,30,Camera_27,37,Hospital_000,Person,1,0.6666666666666666,0,8640,/pfs/data6/home/st/st_us-053000/st_st191959/DL-Lab/DataSet/MTMC_Tracking_2025_Preprocessed/val/Hospital_000/crops/Person_0030/Camera_27/Person_0030_Camera_27_f000000_r000.jpg,None,75,Hospital_000__Person_0030,1.0,False,False,0.54481053,-0.08660609,0.5448102,-0.086607546,0.027483175
4,Person_0031,Hospital_000__Person_0031,31,31,Camera_03,13,Hospital_000,Person,0,0.0,3000,7500,/pfs/data6/home/st/st_us-053000/st_st191959/DL-Lab/DataSet/MTMC_Tracking_2025_Preprocessed/val/Hospital_000/crops/Person_0031/Camera_03/Person_0031_Camera_03_f003000_r008.jpg,None,98,Hospital_000__Person_0031,1.0,False,False,0.67643493,-0.30773228,0.6764349,-0.30771956,-0.06862277
181,Person_0031,Hospital_000__Person_0031,31,31,Camera_04,14,Hospital_000,Person,1,0.6629834254143646,0,4200,/pfs/data6/home/st/st_us-053000/st_st191959/DL-Lab/DataSet/MTMC_Tracking_2025_Preprocessed/val/Hospital_000/crops/Person_0031/Camera_04/Person_0031_Camera_04_f000000_r005.jpg,None,98,Hospital_000__Person_0031,1.0,False,False,0.37443876,-0.3754888,0.3744389,-0.3754903,0.08425189
123,Person_0031,Hospital_000__Person_0031,31,31,Camera_07,17,Hospital_000,Person,1,0.5691056910569106,0,4170,/pfs/data6/home/st/st_us-053000/st_st191959/DL-Lab/DataSet/MTMC_Tracking_2025_Preprocessed/val/Hospital_000/crops/Person_0031/Camera_07/Person_0031_Camera_07_f000000_r001.jpg,None,98,Hospital_000__Person_0031,1.0,False,False,0.6120945,-0.324498,0.61209416,-0.3244936,0.032487568
390,Person_0031,Hospital_000__Person_0031,31,31,Camera_10,20,Hospital_000,Person,1,0.6666666666666666,0,5160,/pfs/data6/home/st/st_us-053000/st_st191959/DL-Lab/DataSet/MTMC_Tracking_2025_Preprocessed/val/Hospital_000/crops/Person_0031/Camera_10/Person_0031_Camera_10_f000000_r003.jpg,None,98,Hospital_000__Person_0031,1.0,False,False,0.36640665,-0.40865272,0.3664066,-0.40865612,0.13980035
587,Person_0031,Hospital_000__Person_0031,31,31,Camera_16,26,Hospital_000,Person,1,0.6643952299829642,210,8970,/pfs/data6/home/st/st_us-053000/st_st191959/DL-Lab/DataSet/MTMC_Tracking_2025_Preprocessed/val/Hospital_000/crops/Person_0031/Camera_16/Person_0031_Camera_16_f000210_r004.jpg,None,98,Hospital_000__Person_0031,1.0,False,False,0.3422034,-0.42583534,0.34220356,-0.4258361,0.087049276
3,Person_0031,Hospital_000__Person_0031,31,31,Camera_19,29,Hospital_000,Person,0,0.0,480,1770,/pfs/data6/home/st/st_us-053000/st_st191959/DL-Lab/DataSet/MTMC_Tracking_2025_Preprocessed/val/Hospital_000/crops/Person_0031/Camera_19/Person_0031_Camera_19_f000480_r003.jpg,None,98,Hospital_000__Person_0031,1.0,False,False,0.735071,-0.2714465,0.7350707,-0.27143446,-0.13903177
789,Person_0031,Hospital_000__Person_0031,31,31,Camera_21,31,Hospital_000,Person,1,0.6514575411913816,0,8970,/pfs/data6/home/st/st_us-053000/st_st191959/DL-Lab/DataSet/MTMC_Tracking_2025_Preprocessed/val/Hospital_000/crops/Person_0031/Camera_21/Person_0031_Camera_21_f000000_r004.jpg,None,98,Hospital_000__Person_0031,1.0,False,False,0.5373323,-0.37655365,0.537332,-0.376551,0.09852906
378,Person_0031,Hospital_000__Person_0031,31,31,Camera_23,33,Hospital_000,Person,1,0.6507936507936508,3000,8970,/pfs/data6/home/st/st_us-053000/st_st191959/DL-Lab/DataSet/MTMC_Tracking_2025_Preprocessed/val/Hospital_000/crops/Person_0031/Camera_23/Person_0031_Camera_23_f003000_r003.jpg,None,98,Hospital_000__Person_0031,1.0,False,False,0.5488904,-0.3890488,0.5488903,-0.38904664,0.063221656
8,Person_0031,Hospital_000__Person_0031,31,31,Camera_24,34,Hospital_000,Person,0,0.0,3000,7710,/pfs/data6/home/st/st_us-053000/st_st191959/DL-Lab/DataSet/MTMC_Tracking_2025_Preprocessed/val/Hospital_000/crops/Person_0031/Camera_24/Person_0031_Camera_24_f003000_r014.jpg,None,98,Hospital_000__Person_0031,1.0,False,False,0.7257114,-0.37892863,0.72571146,-0.37892205,0.0021809726
272,Person_0031,Hospital_000__Person_0031,31,31,Camera_25,35,Hospital_000,Person,1,0.6617647058823529,3060,8970,/pfs/data6/home/st/st_us-053000/st_st191959/DL-Lab/DataSet/MTMC_Tracking_2025_Preprocessed/val/Hospital_000/crops/Person_0031/Camera_25/Person_0031_Camera_25_f003060_r000.jpg,None,98,Hospital_000__Person_0031,1.0,False,False,0.4555788,-0.39869085,0.45557868,-0.39868864,0.069213495
74,Person_0031,Hospital_000__Person_0031,31,31,Camera_28,38,Hospital_000,Person,1,0.16216216216216217,1440,8970,/pfs/data6/home/st/st_us-053000/st_st191959/DL-Lab/DataSet/MTMC_Tracking_2025_Preprocessed/val/Hospital_000/crops/Person_0031/Camera_28/Person_0031_Camera_28_f001440_r006.jpg,None,98,Hospital_000__Person_0031,1.0,False,False,0.6169192,-0.35160014,0.6169191,-0.35158947,0.07981376
400,Person_0031,Hospital_000__Person_0031,31,31,Camera_29,39,Hospital_000,Person,1,0.665,180,5160,/pfs/data6/home/st/st_us-053000/st_st191959/DL-Lab/DataSet/MTMC_Tracking_2025_Preprocessed/val/Hospital_000/crops/Person_0031/Camera_29/Person_0031_Camera_29_f000180_r003.jpg,None,98,Hospital_000__Person_0031,1.0,False,False,0.30350375,-0.41858461,0.30350375,-0.41858378,0.09344521
226,Person_0031,Hospital_000__Person_0031,31,31,Camera_30,40,Hospital_000,Person,1,0.6637168141592921,3120,8730,/pfs/data6/home/st/st_us-053000/st_st191959/DL-Lab/DataSet/MTMC_Tracking_2025_Preprocessed/val/Hospital_000/crops/Person_0031/Camera_30/Person_0031_Camera_30_f003120_r000.jpg,None,98,Hospital_000__Person_0031,1.0,False,False,0.21463941,-0.4511422,0.21463929,-0.4511343,0.11142034
99,Person_0032,Hospital_000__Person_0032,32,32,Camera_03,13,Hospital_000,Person,1,0.46464646464646464,720,4200,/pfs/data6/home/st/st_us-053000/st_st191959/DL-Lab/DataSet/MTMC_Tracking_2025_Preprocessed/val/Hospital_000/crops/Person_0032/Camera_03/Person_0032_Camera_03_f000720_r013.jpg,None,9,Hospital_000__Person_0032,1.0,False,False,0.4851101,-0.3177711,0.48511022,-0.31777138,0.15455723
109,Person_0032,Hospital_000__Person_0032,32,32,Camera_04,14,Hospital_000,Person,1,0.3119266055045872,0,4560,/pfs/data6/home/st/st_us-053000/st_st191959/DL-Lab/DataSet/MTMC_Tracking_2025_Preprocessed/val/Hospital_000/crops/Person_0032/Camera_04/Person_0032_Camera_04_f000000_r006.jpg,None,9,Hospital_000__Person_0032,1.0,False,False,0.65547395,-0.24649674,0.6554736,-0.24649213,0.09127413
112,Person_0032,Hospital_000__Person_0032,32,32,Camera_05,15,Hospital_000,Person,1,0.03571428571428571,780,8970,/pfs/data6/home/st/st_us-053000/st_st191959/DL-Lab/DataSet/MTMC_Tracking_2025_Preprocessed/val/Hospital_000/crops/Person_0032/Camera_05/Person_0032_Camera_05_f000780_r010.jpg,None,9,Hospital_000__Person_0032,1.0,False,False,0.5368507,-0.23145616,0.5368505,-0.231462,0.2063887
21,Person_0032,Hospital_000__Person_0032,32,32,Camera_07,17,Hospital_000,Person,1,0.6666666666666666,0,180,/pfs/data6/home/st/st_us-053000/st_st191959/DL-Lab/DataSet/MTMC_Tracking_2025_Preprocessed/val/Hospital_000/crops/Person_0032/Camera_07/Person_0032_Camera_07_f000000_r002.jpg,None,9,Hospital_000__Person_0032,1.0,False,False,0.20467085,-0.3595583,0.20467079,-0.35954732,0.09314087
330,Person_0032,Hospital_000__Person_0032,32,32,Camera_08,18,Hospital_000,Person,1,0.6181818181818182,210,5550,/pfs/data6/home/st/st_us-053000/st_st191959/DL-Lab/DataSet/MTMC_Tracking_2025_Preprocessed/val/Hospital_000/crops/Person_0032/Camera_08/Person_0032_Camera_08_f000210_r004.jpg,None,9,Hospital_000__Person_0032,1.0,False,False,0.45426914,-0.30481732,0.45426902,-0.30481678,0.1280203
333,Person_0032,Hospital_000__Person_0032,32,32,Camera_09,19,Hospital_000,Person,1,0.6606606606606606,5490,8970,/pfs/data6/home/st/st_us-053000/st_st191959/DL-Lab/DataSet/MTMC_Tracking_2025_Preprocessed/val/Hospital_000/crops/Person_0032/Camera_09/Person_0032_Camera_09_f005490_r011.jpg,None,9,Hospital_000__Person_0032,1.0,False,False,0.60878617,-0.27255523,0.608786,-0.2725499,0.062645145
166,Person_0032,Hospital_000__Person_0032,32,32,Camera_18,28,Hospital_000,Person,1,0.6626506024096386,210,3120,/pfs/data6/home/st/st_us-053000/st_st191959/DL-Lab/DataSet/MTMC_Tracking_2025_Preprocessed/val/Hospital_000/crops/Person_0032/Camera_18/Person_0032_Camera_18_f000210_r001.jpg,None,9,Hospital_000__Person_0032,1.0,False,False,0.37088394,-0.34697387,0.37088382,-0.3469685,0.107538156
440,Person_0032,Hospital_000__Person_0032,32,32,Camera_19,29,Hospital_000,Person,1,0.6454545454545455,90,5400,/pfs/data6/home/st/st_us-053000/st_st191959/DL-Lab/DataSet/MTMC_Tracking_2025_Preprocessed/val/Hospital_000/crops/Person_0032/Camera_19/Person_0032_Camera_19_f000090_r003.jpg,None,9,Hospital_000__Person_0032,1.0,False,False,0.48434696,-0.3120067,0.48434642,-0.31199953,0.09016627
476,Person_0032,Hospital_000__Person_0032,32,32,Camera_22,32,Hospital_000,Person,1,0.5966386554621849,780,8970,/pfs/data6/home/st/st_us-053000/st_st191959/DL-Lab/DataSet/MTMC_Tracking_2025_Preprocessed/val/Hospital_000/crops/Person_0032/Camera_22/Person_0032_Camera_22_f000780_r007.jpg,None,9,Hospital_000__Person_0032,1.0,False,False,0.49103627,-0.25974587,0.4910364,-0.25974762,0.160098
460,Person_0032,Hospital_000__Person_0032,32,32,Camera_24,34,Hospital_000,Person,1,0.5869565217391305,780,8970,/pfs/data6/home/st/st_us-053000/st_st191959/DL-Lab/DataSet/MTMC_Tracking_2025_Preprocessed/val/Hospital_000/crops/Person_0032/Camera_24/Person_0032_Camera_24_f000780_r015.jpg,None,9,Hospital_000__Person_0032,1.0,False,False,0.5310418,-0.22793286,0.53104186,-0.2279433,0.21657209
353,Person_0032,Hospital_000__Person_0032,32,32,Camera_26,36,Hospital_000,Person,1,0.6628895184135978,3300,8940,/pfs/data6/home/st/st_us-053000/st_st191959/DL-Lab/DataSet/MTMC_Tracking_2025_Preprocessed/val/Hospital_000/crops/Person_0032/Camera_26/Person_0032_Camera_26_f003300_r009.jpg,None,9,Hospital_000__Person_0032,1.0,False,False,0.4755218,-0.3041713,0.47552165,-0.30416912,0.12912364
241,Person_0032,Hospital_000__Person_0032,32,32,Camera_27,37,Hospital_000,Person,1,0.6473029045643154,0,4560,/pfs/data6/home/st/st_us-053000/st_st191959/DL-Lab/DataSet/MTMC_Tracking_2025_Preprocessed/val/Hospital_000/crops/Person_0032/Camera_27/Person_0032_Camera_27_f000000_r005.jpg,None,9,Hospital_000__Person_0032,1.0,False,False,0.42954198,-0.29136688,0.42954168,-0.291359,0.054036155
185,Person_0033,Hospital_000__Person_0033,33,33,Camera,0,Hospital_000,Person,1,0.518918918918919,120,5520,/pfs/data6/home/st/st_us-053000/st_st191959/DL-Lab/DataSet/MTMC_Tracking_2025_Preprocessed/val/Hospital_000/crops/Person_0033/Camera/Person_0033_Camera_f000120_r001.jpg,None,67,Hospital_000__Person_0033,0.5714285714285714,False,False,0.65766186,0.041601475,0.65766156,0.041603487,-0.3010082
56,Person_0033,Hospital_000__Person_0033,33,33,Camera_01,11,Hospital_000,Person,1,0.6428571428571429,60,630,/pfs/data6/home/st/st_us-053000/st_st191959/DL-Lab/DataSet/MTMC_Tracking_2025_Preprocessed/val/Hospital_000/crops/Person_0033/Camera_01/Person_0033_Camera_01_f000060_r001.jpg,None,67,Hospital_000__Person_0033,0.5714285714285714,False,False,0.63951784,0.046101913,0.63951766,0.046104513,-0.30717307
435,Person_0033,Hospital_000__Person_0033,33,33,Camera_03,13,Hospital_000,Person,1,0.6666666666666666,1770,8640,/pfs/data6/home/st/st_us-053000/st_st191959/DL-Lab/DataSet/MTMC_Tracking_2025_Preprocessed/val/Hospital_000/crops/Person_0033/Camera_03/Person_0033_Camera_03_f001770_r002.jpg,None,67,Hospital_000__Person_0033,0.5714285714285714,False,False,0.30752575,-0.0018033023,0.30752578,-0.0018030605,-0.36822778
6,Person_0033,Hospital_000__Person_0033,33,33,Camera_04,14,Hospital_000,Person,0,0.0,2910,8760,/pfs/data6/home/st/st_us-053000/st_st191959/DL-Lab/DataSet/MTMC_Tracking_2025_Preprocessed/val/Hospital_000/crops/Person_0033/Camera_04/Person_0033_Camera_04_f002910_r003.jpg,None,-1,NOISE,0.0,True,False,0.4469117,-0.1663914,0.44691172,-0.16641049,-0.24802893
367,Person_0033,Hospital_000__Person_0033,33,33,Camera_05,15,Hospital_000,Person,1,0.6539509536784741,30,8970,/pfs/data6/home/st/st_us-053000/st_st191959/DL-Lab/DataSet/MTMC_Tracking_2025_Preprocessed/val/Hospital_000/crops/Person_0033/Camera_05/Person_0033_Camera_05_f000030_r003.jpg,None,67,Hospital_000__Person_0033,0.5714285714285714,False,False,0.5259459,0.04325475,0.52594584,0.043247998,-0.28494766
584,Person_0033,Hospital_000__Person_0033,33,33,Camera_06,16,Hospital_000,Person,1,0.6643835616438356,1800,8970,/pfs/data6/home/st/st_us-053000/st_st191959/DL-Lab/DataSet/MTMC_Tracking_2025_Preprocessed/val/Hospital_000/crops/Person_0033/Camera_06/Person_0033_Camera_06_f001800_r002.jpg,None,67,Hospital_000__Person_0033,0.5714285714285714,False,False,0.3428599,0.03040228,0.34285983,0.03039582,-0.3190873
97,Person_0033,Hospital_000__Person_0033,33,33,Camera_08,18,Hospital_000,Person,1,0.3711340206185567,30,8850,/pfs/data6/home/st/st_us-053000/st_st191959/DL-Lab/DataSet/MTMC_Tracking_2025_Preprocessed/val/Hospital_000/crops/Person_0033/Camera_08/Person_0033_Camera_08_f000030_r002.jpg,None,67,Hospital_000__Person_0033,0.5714285714285714,False,False,0.22855876,-0.0041816486,0.22855869,-0.0041861087,-0.41086203
567,Person_0033,Hospital_000__Person_0033,33,33,Camera_09,19,Hospital_000,Person,1,0.6666666666666666,1800,8970,/pfs/data6/home/st/st_us-053000/st_st191959/DL-Lab/DataSet/MTMC_Tracking_2025_Preprocessed/val/Hospital_000/crops/Person_0033/Camera_09/Person_0033_Camera_09_f001800_r003.jpg,None,67,Hospital_000__Person_0033,0.5714285714285714,False,False,0.20207338,-0.043213647,0.20207323,-0.043214593,-0.39237842
30,Person_0033,Hospital_000__Person_0033,33,33,Camera_14,24,Hospital_000,Person,1,0.6666666666666666,300,570,/pfs/data6/home/st/st_us-053000/st_st191959/DL-Lab/DataSet/MTMC_Tracking_2025_Preprocessed/val/Hospital_000/crops/Person_0033/Camera_14/Person_0033_Camera_14_f000300_r000.jpg,None,67,Hospital_000__Person_0033,0.5714285714285714,False,False,0.39885423,-0.037637584,0.39885396,-0.03763025,-0.2956025
6,Person_0033,Hospital_000__Person_0033,33,33,Camera_19,29,Hospital_000,Person,1,0.6666666666666666,5730,5760,/pfs/data6/home/st/st_us-053000/st_st191959/DL-Lab/DataSet/MTMC_Tracking_2025_Preprocessed/val/Hospital_000/crops/Person_0033/Camera_19/Person_0033_Camera_19_f005730_r002.jpg,None,-1,NOISE,0.0,True,False,0.15242696,-0.25499606,0.15242723,-0.25502217,-0.22196954
11,Person_0033,Hospital_000__Person_0033,33,33,Camera_20,30,Hospital_000,Person,1,0.5454545454545454,2700,4710,/pfs/data6/home/st/st_us-053000/st_st191959/DL-Lab/DataSet/MTMC_Tracking_2025_Preprocessed/val/Hospital_000/crops/Person_0033/Camera_20/Person_0033_Camera_20_f002700_r000.jpg,None,67,Hospital_000__Person_0033,0.5714285714285714,False,False,0.54373324,0.12240554,0.5437331,0.122401886,-0.17985094
441,Person_0033,Hospital_000__Person_0033,33,33,Camera_22,32,Hospital_000,Person,1,0.6666666666666666,2490,8970,/pfs/data6/home/st/st_us-053000/st_st191959/DL-Lab/DataSet/MTMC_Tracking_2025_Preprocessed/val/Hospital_000/crops/Person_0033/Camera_22/Person_0033_Camera_22_f002490_r003.jpg,None,67,Hospital_000__Person_0033,0.5714285714285714,False,False,0.42340314,0.0022251357,0.42340302,0.0022216022,-0.31743404
13,Person_0033,Hospital_000__Person_0033,33,33,Camera_23,33,Hospital_000,Person,0,0.0,3180,5520,/pfs/data6/home/st/st_us-053000/st_st191959/DL-Lab/DataSet/MTMC_Tracking_2025_Preprocessed/val/Hospital_000/crops/Person_0033/Camera_23/Person_0033_Camera_23_f003180_r001.jpg,None,67,Hospital_000__Person_0033,0.5714285714285714,False,False,0.7173186,0.030966438,0.7173182,0.03097445,-0.23977323
606,Person_0033,Hospital_000__Person_0033,33,33,Camera_24,34,Hospital_000,Person,1,0.6567656765676567,1740,8970,/pfs/data6/home/st/st_us-053000/st_st191959/DL-Lab/DataSet/MTMC_Tracking_2025_Preprocessed/val/Hospital_000/crops/Person_0033/Camera_24/Person_0033_Camera_24_f001740_r003.jpg,None,67,Hospital_000__Person_0033,0.5714285714285714,False,False,0.38640282,0.02939792,0.38640267,0.029394247,-0.3390676
9,Person_0033,Hospital_000__Person_0033,33,33,Camera_25,35,Hospital_000,Person,0,0.0,1890,4830,/pfs/data6/home/st/st_us-053000/st_st191959/DL-Lab/DataSet/MTMC_Tracking_2025_Preprocessed/val/Hospital_000/crops/Person_0033/Camera_25/Person_0033_Camera_25_f001890_r000.jpg,None,67,Hospital_000__Person_0033,0.5714285714285714,False,False,0.6544459,0.14160502,0.6544457,0.14160255,-0.26622888
311,Person_0033,Hospital_000__Person_0033,33,33,Camera_26,36,Hospital_000,Person,1,0.6559485530546624,2700,8970,/pfs/data6/home/st/st_us-053000/st_st191959/DL-Lab/DataSet/MTMC_Tracking_2025_Preprocessed/val/Hospital_000/crops/Person_0033/Camera_26/Person_0033_Camera_26_f002700_r002.jpg,None,67,Hospital_000__Person_0033,0.5714285714285714,False,False,0.3784042,0.06437031,0.37840417,0.06435643,-0.2276068
45,Person_0033,Hospital_000__Person_0033,33,33,Camera_27,37,Hospital_000,Person,1,0.13333333333333333,2760,8970,/pfs/data6/home/st/st_us-053000/st_st191959/DL-Lab/DataSet/MTMC_Tracking_2025_Preprocessed/val/Hospital_000/crops/Person_0033/Camera_27/Person_0033_Camera_27_f002760_r003.jpg,None,67,Hospital_000__Person_0033,0.5714285714285714,False,False,0.3355641,0.02841907,0.33556405,0.028418327,-0.32977468
18,Person_0033,Hospital_000__Person_0033,33,33,Camera_28,38,Hospital_000,Person,1,0.6666666666666666,3270,3420,/pfs/data6/home/st/st_us-053000/st_st191959/DL-Lab/DataSet/MTMC_Tracking_2025_Preprocessed/val/Hospital_000/crops/Person_0033/Camera_28/Person_0033_Camera_28_f003270_r000.jpg,None,-1,NOISE,0.0,True,False,0.5313354,0.29695672,0.5313353,0.29694867,-0.15433796
69,Person_0033,Hospital_000__Person_0033,33,33,Camera_31,41,Hospital_000,Person,1,0.6666666666666666,3870,5010,/pfs/data6/home/st/st_us-053000/st_st191959/DL-Lab/DataSet/MTMC_Tracking_2025_Preprocessed/val/Hospital_000/crops/Person_0033/Camera_31/Person_0033_Camera_31_f003870_r001.jpg,None,67,Hospital_000__Person_0033,0.5714285714285714,False,False,0.014689091,-0.068555325,0.0146892015,-0.068565324,-0.21130125
171,Person_0034,Hospital_000__Person_0034,34,34,Camera_02,12,Hospital_000,Person,1,0.6666666666666666,4470,6150,/pfs/data6/home/st/st_us-053000/st_st191959/DL-Lab/DataSet/MTMC_Tracking_2025_Preprocessed/val/Hospital_000/crops/Person_0034/Camera_02/Person_0034_Camera_02_f004470_r001.jpg,None,39,Hospital_000__Person_0034,1.0,False,False,0.34994283,-0.07200662,0.34994286,-0.07201087,-0.3587345
6,Person_0034,Hospital_000__Person_0034,34,34,Camera_03,13,Hospital_000,Person,0,0.0,1620,8820,/pfs/data6/home/st/st_us-053000/st_st191959/DL-Lab/DataSet/MTMC_Tracking_2025_Preprocessed/val/Hospital_000/crops/Person_0034/Camera_03/Person_0034_Camera_03_f001620_r010.jpg,None,39,Hospital_000__Person_0034,1.0,False,False,0.5099991,-0.037665863,0.509999,-0.037669245,-0.27517998
42,Person_0034,Hospital_000__Person_0034,34,34,Camera_04,14,Hospital_000,Person,1,0.6666666666666666,2040,2730,/pfs/data6/home/st/st_us-053000/st_st191959/DL-Lab/DataSet/MTMC_Tracking_2025_Preprocessed/val/Hospital_000/crops/Person_0034/Camera_04/Person_0034_Camera_04_f002040_r007.jpg,None,39,Hospital_000__Person_0034,1.0,False,False,0.3380402,-0.04866847,0.33804017,-0.04868252,-0.39311022
70,Person_0034,Hospital_000__Person_0034,34,34,Camera_07,17,Hospital_000,Person,1,0.5428571428571428,2040,7260,/pfs/data6/home/st/st_us-053000/st_st191959/DL-Lab/DataSet/MTMC_Tracking_2025_Preprocessed/val/Hospital_000/crops/Person_0034/Camera_07/Person_0034_Camera_07_f002040_r001.jpg,None,39,Hospital_000__Person_0034,1.0,False,False,0.5633464,-0.065423496,0.5633459,-0.0654372,-0.28527313
374,Person_0034,Hospital_000__Person_0034,34,34,Camera_10,20,Hospital_000,Person,1,0.6363636363636364,0,8820,/pfs/data6/home/st/st_us-053000/st_st191959/DL-Lab/DataSet/MTMC_Tracking_2025_Preprocessed/val/Hospital_000/crops/Person_0034/Camera_10/Person_0034_Camera_10_f000000_r002.jpg,None,39,Hospital_000__Person_0034,1.0,False,False,0.34438083,-0.10865381,0.34438077,-0.108676136,-0.31180248
137,Person_0034,Hospital_000__Person_0034,34,34,Camera_13,23,Hospital_000,Person,1,0.5985401459854015,4500,6120,/pfs/data6/home/st/st_us-053000/st_st191959/DL-Lab/DataSet/MTMC_Tracking_2025_Preprocessed/val/Hospital_000/crops/Person_0034/Camera_13/Person_0034_Camera_13_f004500_r001.jpg,None,39,Hospital_000__Person_0034,1.0,False,False,0.45910698,-0.06417655,0.45910686,-0.064185105,-0.29655987
387,Person_0034,Hospital_000__Person_0034,34,34,Camera_16,26,Hospital_000,Person,1,0.6666666666666666,0,8610,/pfs/data6/home/st/st_us-053000/st_st191959/DL-Lab/DataSet/MTMC_Tracking_2025_Preprocessed/val/Hospital_000/crops/Person_0034/Camera_16/Person_0034_Camera_16_f000000_r002.jpg,None,39,Hospital_000__Person_0034,1.0,False,False,0.30250004,-0.1655507,0.3025,-0.16556768,-0.32077062
133,Person_0034,Hospital_000__Person_0034,34,34,Camera_17,27,Hospital_000,Person,1,0.5864661654135338,4500,6120,/pfs/data6/home/st/st_us-053000/st_st191959/DL-Lab/DataSet/MTMC_Tracking_2025_Preprocessed/val/Hospital_000/crops/Person_0034/Camera_17/Person_0034_Camera_17_f004500_r001.jpg,None,39,Hospital_000__Person_0034,1.0,False,False,0.5271225,-0.06161481,0.5271223,-0.06161868,-0.2995213
3,Person_0034,Hospital_000__Person_0034,34,34,Camera_19,29,Hospital_000,Person,0,0.0,2310,2760,/pfs/data6/home/st/st_us-053000/st_st191959/DL-Lab/DataSet/MTMC_Tracking_2025_Preprocessed/val/Hospital_000/crops/Person_0034/Camera_19/Person_0034_Camera_19_f002310_r008.jpg,None,39,Hospital_000__Person_0034,1.0,False,False,0.5050964,-0.12944038,0.50509584,-0.1294447,-0.2591435
578,Person_0034,Hospital_000__Person_0034,34,34,Camera_21,31,Hospital_000,Person,1,0.6643598615916955,0,8970,/pfs/data6/home/st/st_us-053000/st_st191959/DL-Lab/DataSet/MTMC_Tracking_2025_Preprocessed/val/Hospital_000/crops/Person_0034/Camera_21/Person_0034_Camera_21_f000000_r003.jpg,None,39,Hospital_000__Person_0034,1.0,False,False,0.4552991,-0.10900874,0.45529908,-0.10902,-0.33031192
390,Person_0034,Hospital_000__Person_0034,34,34,Camera_23,33,Hospital_000,Person,1,0.6666666666666666,480,8970,/pfs/data6/home/st/st_us-053000/st_st191959/DL-Lab/DataSet/MTMC_Tracking_2025_Preprocessed/val/Hospital_000/crops/Person_0034/Camera_23/Person_0034_Camera_23_f000480_r006.jpg,None,39,Hospital_000__Person_0034,1.0,False,False,0.3871584,-0.14173257,0.38715824,-0.14174154,-0.33744237
16,Person_0034,Hospital_000__Person_0034,34,34,Camera_24,34,Hospital_000,Person,0,0.0,1080,8820,/pfs/data6/home/st/st_us-053000/st_st191959/DL-Lab/DataSet/MTMC_Tracking_2025_Preprocessed/val/Hospital_000/crops/Person_0034/Camera_24/Person_0034_Camera_24_f001080_r012.jpg,None,39,Hospital_000__Person_0034,1.0,False,False,0.53480387,-0.09250061,0.5348039,-0.09250389,-0.22049561
225,Person_0034,Hospital_000__Person_0034,34,34,Camera_25,35,Hospital_000,Person,1,0.6488888888888888,510,8970,/pfs/data6/home/st/st_us-053000/st_st191959/DL-Lab/DataSet/MTMC_Tracking_2025_Preprocessed/val/Hospital_000/crops/Person_0034/Camera_25/Person_0034_Camera_25_f000510_r003.jpg,None,39,Hospital_000__Person_0034,1.0,False,False,0.326821,-0.1802222,0.32682112,-0.18023369,-0.37884986
124,Person_0034,Hospital_000__Person_0034,34,34,Camera_28,38,Hospital_000,Person,1,0.12903225806451613,450,8820,/pfs/data6/home/st/st_us-053000/st_st191959/DL-Lab/DataSet/MTMC_Tracking_2025_Preprocessed/val/Hospital_000/crops/Person_0034/Camera_28/Person_0034_Camera_28_f000450_r006.jpg,None,39,Hospital_000__Person_0034,1.0,False,False,0.57065916,-0.044456344,0.57065904,-0.044465978,-0.26691702
253,Person_0034,Hospital_000__Person_0034,34,34,Camera_29,39,Hospital_000,Person,1,0.6640316205533597,0,8820,/pfs/data6/home/st/st_us-053000/st_st191959/DL-Lab/DataSet/MTMC_Tracking_2025_Preprocessed/val/Hospital_000/crops/Person_0034/Camera_29/Person_0034_Camera_29_f000000_r001.jpg,None,39,Hospital_000__Person_0034,1.0,False,False,0.30056307,-0.19417833,0.30056325,-0.19419721,-0.33141926
96,Person_0034,Hospital_000__Person_0034,34,34,Camera_30,40,Hospital_000,Person,1,0.6666666666666666,3240,8970,/pfs/data6/home/st/st_us-053000/st_st191959/DL-Lab/DataSet/MTMC_Tracking_2025_Preprocessed/val/Hospital_000/crops/Person_0034/Camera_30/Person_0034_Camera_30_f003240_r001.jpg,None,39,Hospital_000__Person_0034,1.0,False,False,0.27948767,-0.14450815,0.27948776,-0.1445272,-0.3282081
135,Person_0035,Hospital_000__Person_0035,35,35,Camera,0,Hospital_000,Person,1,0.6370370370370371,480,8010,/pfs/data6/home/st/st_us-053000/st_st191959/DL-Lab/DataSet/MTMC_Tracking_2025_Preprocessed/val/Hospital_000/crops/Person_0035/Camera/Person_0035_Camera_f000480_r002.jpg,None,86,Hospital_000__Person_0035,1.0,False,False,0.4906972,0.64104855,0.49069694,0.6410343,-0.1503076
358,Person_0035,Hospital_000__Person_0035,35,35,Camera_03,13,Hospital_000,Person,1,0.664804469273743,540,8970,/pfs/data6/home/st/st_us-053000/st_st191959/DL-Lab/DataSet/MTMC_Tracking_2025_Preprocessed/val/Hospital_000/crops/Person_0035/Camera_03/Person_0035_Camera_03_f000540_r007.jpg,None,86,Hospital_000__Person_0035,1.0,False,False,0.15231548,0.71432877,0.15231547,0.7143133,-0.14559048
4,Person_0035,Hospital_000__Person_0035,35,35,Camera_04,14,Hospital_000,Person,0,0.0,6660,8520,/pfs/data6/home/st/st_us-053000/st_st191959/DL-Lab/DataSet/MTMC_Tracking_2025_Preprocessed/val/Hospital_000/crops/Person_0035/Camera_04/Person_0035_Camera_04_f006660_r002.jpg,None,-1,NOISE,0.0,True,False,0.26278958,0.65310425,0.26278955,0.6530958,-0.21026668
412,Person_0035,Hospital_000__Person_0035,35,35,Camera_05,15,Hospital_000,Person,1,0.6504854368932039,2340,8850,/pfs/data6/home/st/st_us-053000/st_st191959/DL-Lab/DataSet/MTMC_Tracking_2025_Preprocessed/val/Hospital_000/crops/Person_0035/Camera_05/Person_0035_Camera_05_f002340_r006.jpg,None,86,Hospital_000__Person_0035,1.0,False,False,0.47233453,0.66813123,0.4723345,0.6681021,-0.02621816
663,Person_0035,Hospital_000__Person_0035,35,35,Camera_06,16,Hospital_000,Person,1,0.6636500754147813,210,8970,/pfs/data6/home/st/st_us-053000/st_st191959/DL-Lab/DataSet/MTMC_Tracking_2025_Preprocessed/val/Hospital_000/crops/Person_0035/Camera_06/Person_0035_Camera_06_f000210_r003.jpg,None,86,Hospital_000__Person_0035,1.0,False,False,0.26780272,0.7363121,0.26780275,0.736284,-0.07813812
160,Person_0035,Hospital_000__Person_0035,35,35,Camera_08,18,Hospital_000,Person,1,0.3125,2340,8820,/pfs/data6/home/st/st_us-053000/st_st191959/DL-Lab/DataSet/MTMC_Tracking_2025_Preprocessed/val/Hospital_000/crops/Person_0035/Camera_08/Person_0035_Camera_08_f002340_r001.jpg,None,86,Hospital_000__Person_0035,1.0,False,False,0.34914735,0.6858776,0.34914732,0.6858516,-0.13302863
753,Person_0035,Hospital_000__Person_0035,35,35,Camera_09,19,Hospital_000,Person,1,0.6640106241699867,510,8970,/pfs/data6/home/st/st_us-053000/st_st191959/DL-Lab/DataSet/MTMC_Tracking_2025_Preprocessed/val/Hospital_000/crops/Person_0035/Camera_09/Person_0035_Camera_09_f000510_r005.jpg,None,86,Hospital_000__Person_0035,1.0,False,False,0.19127385,0.7207174,0.19127396,0.72069526,-0.15139784
9,Person_0035,Hospital_000__Person_0035,35,35,Camera_19,29,Hospital_000,Person,1,0.6666666666666666,2340,7530,/pfs/data6/home/st/st_us-053000/st_st191959/DL-Lab/DataSet/MTMC_Tracking_2025_Preprocessed/val/Hospital_000/crops/Person_0035/Camera_19/Person_0035_Camera_19_f002340_r005.jpg,None,-1,NOISE,0.0,True,False,-0.17910857,0.5600305,-0.1791082,0.5600075,-0.105968855
142,Person_0035,Hospital_000__Person_0035,35,35,Camera_20,30,Hospital_000,Person,1,0.5352112676056338,570,7980,/pfs/data6/home/st/st_us-053000/st_st191959/DL-Lab/DataSet/MTMC_Tracking_2025_Preprocessed/val/Hospital_000/crops/Person_0035/Camera_20/Person_0035_Camera_20_f000570_r002.jpg,None,86,Hospital_000__Person_0035,1.0,False,False,0.48576844,0.68371177,0.48576817,0.6836961,-0.11399764
542,Person_0035,Hospital_000__Person_0035,35,35,Camera_22,32,Hospital_000,Person,1,0.6605166051660517,1920,8880,/pfs/data6/home/st/st_us-053000/st_st191959/DL-Lab/DataSet/MTMC_Tracking_2025_Preprocessed/val/Hospital_000/crops/Person_0035/Camera_22/Person_0035_Camera_22_f001920_r002.jpg,None,86,Hospital_000__Person_0035,1.0,False,False,0.327532,0.72028995,0.32753184,0.72026634,-0.11572322
3,Person_0035,Hospital_000__Person_0035,35,35,Camera_23,33,Hospital_000,Person,0,0.0,1830,8010,/pfs/data6/home/st/st_us-053000/st_st191959/DL-Lab/DataSet/MTMC_Tracking_2025_Preprocessed/val/Hospital_000/crops/Person_0035/Camera_23/Person_0035_Camera_23_f001830_r005.jpg,None,86,Hospital_000__Person_0035,1.0,False,False,0.5457709,0.5912409,0.5457708,0.5912291,-0.14077644
662,Person_0035,Hospital_000__Person_0035,35,35,Camera_24,34,Hospital_000,Person,1,0.6616314199395771,540,8970,/pfs/data6/home/st/st_us-053000/st_st191959/DL-Lab/DataSet/MTMC_Tracking_2025_Preprocessed/val/Hospital_000/crops/Person_0035/Camera_24/Person_0035_Camera_24_f000540_r010.jpg,None,86,Hospital_000__Person_0035,1.0,False,False,0.30230662,0.7263665,0.30230656,0.7263418,-0.102329984
1,Person_0035,Hospital_000__Person_0035,35,35,Camera_25,35,Hospital_000,Person,0,0.0,1020,1020,/pfs/data6/home/st/st_us-053000/st_st191959/DL-Lab/DataSet/MTMC_Tracking_2025_Preprocessed/val/Hospital_000/crops/Person_0035/Camera_25/Person_0035_Camera_25_f001020_r000.jpg,None,-1,NOISE,0.0,True,False,0.5566911,0.49559784,0.5566913,0.49557695,-0.11491442
486,Person_0035,Hospital_000__Person_0035,35,35,Camera_26,36,Hospital_000,Person,1,0.6666666666666666,2310,8880,/pfs/data6/home/st/st_us-053000/st_st191959/DL-Lab/DataSet/MTMC_Tracking_2025_Preprocessed/val/Hospital_000/crops/Person_0035/Camera_26/Person_0035_Camera_26_f002310_r001.jpg,None,86,Hospital_000__Person_0035,1.0,False,False,0.20546529,0.747742,0.20546542,0.7477132,-0.11172351
85,Person_0035,Hospital_000__Person_0035,35,35,Camera_27,37,Hospital_000,Person,1,0.023529411764705882,2430,8820,/pfs/data6/home/st/st_us-053000/st_st191959/DL-Lab/DataSet/MTMC_Tracking_2025_Preprocessed/val/Hospital_000/crops/Person_0035/Camera_27/Person_0035_Camera_27_f002430_r003.jpg,None,86,Hospital_000__Person_0035,1.0,False,False,0.45304513,0.63501066,0.4530452,0.63498634,-0.11215511
147,Person_0035,Hospital_000__Person_0035,35,35,Camera_31,41,Hospital_000,Person,1,0.6666666666666666,0,7980,/pfs/data6/home/st/st_us-053000/st_st191959/DL-Lab/DataSet/MTMC_Tracking_2025_Preprocessed/val/Hospital_000/crops/Person_0035/Camera_31/Person_0035_Camera_31_f000000_r001.jpg,None,86,Hospital_000__Person_0035,1.0,False,False,0.18322764,0.72995937,0.18322766,0.72993124,-0.12856399
347,Person_0036,Hospital_000__Person_0036,36,36,Camera_02,12,Hospital_000,Person,1,0.6167146974063401,60,4020,/pfs/data6/home/st/st_us-053000/st_st191959/DL-Lab/DataSet/MTMC_Tracking_2025_Preprocessed/val/Hospital_000/crops/Person_0036/Camera_02/Person_0036_Camera_02_f000060_r000.jpg,None,25,Hospital_000__Person_0036,1.0,False,False,0.49062055,0.17855084,0.49062055,0.17854175,0.35069472
6,Person_0036,Hospital_000__Person_0036,36,36,Camera_03,13,Hospital_000,Person,0,0.0,3750,8430,/pfs/data6/home/st/st_us-053000/st_st191959/DL-Lab/DataSet/MTMC_Tracking_2025_Preprocessed/val/Hospital_000/crops/Person_0036/Camera_03/Person_0036_Camera_03_f003750_r003.jpg,None,25,Hospital_000__Person_0036,1.0,False,False,0.43489158,0.1528449,0.43489137,0.1528393,0.30541852
12,Person_0036,Hospital_000__Person_0036,36,36,Camera_07,17,Hospital_000,Person,1,0.6666666666666666,8880,8970,/pfs/data6/home/st/st_us-053000/st_st191959/DL-Lab/DataSet/MTMC_Tracking_2025_Preprocessed/val/Hospital_000/crops/Person_0036/Camera_07/Person_0036_Camera_07_f008880_r000.jpg,None,25,Hospital_000__Person_0036,1.0,False,False,0.43534723,0.13293034,0.4353471,0.13291705,0.3486784
178,Person_0036,Hospital_000__Person_0036,36,36,Camera_10,20,Hospital_000,Person,1,0.6629213483146067,1050,8970,/pfs/data6/home/st/st_us-053000/st_st191959/DL-Lab/DataSet/MTMC_Tracking_2025_Preprocessed/val/Hospital_000/crops/Person_0036/Camera_10/Person_0036_Camera_10_f001050_r000.jpg,None,25,Hospital_000__Person_0036,1.0,False,False,0.38551372,0.15930383,0.38551363,0.15928432,0.4483718
105,Person_0036,Hospital_000__Person_0036,36,36,Camera_12,22,Hospital_000,Person,1,0.6666666666666666,0,3480,/pfs/data6/home/st/st_us-053000/st_st191959/DL-Lab/DataSet/MTMC_Tracking_2025_Preprocessed/val/Hospital_000/crops/Person_0036/Camera_12/Person_0036_Camera_12_f000000_r000.jpg,None,25,Hospital_000__Person_0036,1.0,False,False,0.3058737,0.1787056,0.30587372,0.17867804,0.48919776
358,Person_0036,Hospital_000__Person_0036,36,36,Camera_13,23,Hospital_000,Person,1,0.664804469273743,60,4020,/pfs/data6/home/st/st_us-053000/st_st191959/DL-Lab/DataSet/MTMC_Tracking_2025_Preprocessed/val/Hospital_000/crops/Person_0036/Camera_13/Person_0036_Camera_13_f000060_r000.jpg,None,25,Hospital_000__Person_0036,1.0,False,False,0.5132194,0.16774867,0.5132194,0.16774505,0.31712553
222,Person_0036,Hospital_000__Person_0036,36,36,Camera_16,26,Hospital_000,Person,1,0.6396396396396397,5910,8940,/pfs/data6/home/st/st_us-053000/st_st191959/DL-Lab/DataSet/MTMC_Tracking_2025_Preprocessed/val/Hospital_000/crops/Person_0036/Camera_16/Person_0036_Camera_16_f005910_r000.jpg,None,25,Hospital_000__Person_0036,1.0,False,False,0.3873585,0.16466975,0.38735855,0.16465765,0.40274894
360,Person_0036,Hospital_000__Person_0036,36,36,Camera_17,27,Hospital_000,Person,1,0.6611111111111111,60,4020,/pfs/data6/home/st/st_us-053000/st_st191959/DL-Lab/DataSet/MTMC_Tracking_2025_Preprocessed/val/Hospital_000/crops/Person_0036/Camera_17/Person_0036_Camera_17_f000060_r000.jpg,None,25,Hospital_000__Person_0036,1.0,False,False,0.5391693,0.17090374,0.5391692,0.17090014,0.29823324
339,Person_0036,Hospital_000__Person_0036,36,36,Camera_21,31,Hospital_000,Person,1,0.6371681415929203,4620,8940,/pfs/data6/home/st/st_us-053000/st_st191959/DL-Lab/DataSet/MTMC_Tracking_2025_Preprocessed/val/Hospital_000/crops/Person_0036/Camera_21/Person_0036_Camera_21_f004620_r000.jpg,None,25,Hospital_000__Person_0036,1.0,False,False,0.41167745,0.15348558,0.41167724,0.15347497,0.35268125
237,Person_0036,Hospital_000__Person_0036,36,36,Camera_23,33,Hospital_000,Person,1,0.6666666666666666,4080,8430,/pfs/data6/home/st/st_us-053000/st_st191959/DL-Lab/DataSet/MTMC_Tracking_2025_Preprocessed/val/Hospital_000/crops/Person_0036/Camera_23/Person_0036_Camera_23_f004080_r003.jpg,None,25,Hospital_000__Person_0036,1.0,False,False,0.41909093,0.15251042,0.4190909,0.15250078,0.37487864
6,Person_0036,Hospital_000__Person_0036,36,36,Camera_24,34,Hospital_000,Person,0,0.0,3750,8430,/pfs/data6/home/st/st_us-053000/st_st191959/DL-Lab/DataSet/MTMC_Tracking_2025_Preprocessed/val/Hospital_000/crops/Person_0036/Camera_24/Person_0036_Camera_24_f003750_r006.jpg,None,25,Hospital_000__Person_0036,1.0,False,False,0.43583444,0.17140706,0.4358343,0.1714011,0.3332347
262,Person_0036,Hospital_000__Person_0036,36,36,Camera_25,35,Hospital_000,Person,1,0.6641221374045801,4170,8400,/pfs/data6/home/st/st_us-053000/st_st191959/DL-Lab/DataSet/MTMC_Tracking_2025_Preprocessed/val/Hospital_000/crops/Person_0036/Camera_25/Person_0036_Camera_25_f004170_r001.jpg,None,25,Hospital_000__Person_0036,1.0,False,False,0.39602166,0.19990739,0.39602157,0.19989385,0.3970812
51,Person_0036,Hospital_000__Person_0036,36,36,Camera_28,38,Hospital_000,Person,1,0.27450980392156865,450,8490,/pfs/data6/home/st/st_us-053000/st_st191959/DL-Lab/DataSet/MTMC_Tracking_2025_Preprocessed/val/Hospital_000/crops/Person_0036/Camera_28/Person_0036_Camera_28_f000450_r000.jpg,None,25,Hospital_000__Person_0036,1.0,False,False,0.48057523,0.18277477,0.48057535,0.1827666,0.34790704
150,Person_0036,Hospital_000__Person_0036,36,36,Camera_29,39,Hospital_000,Person,1,0.6666666666666666,5160,8940,/pfs/data6/home/st/st_us-053000/st_st191959/DL-Lab/DataSet/MTMC_Tracking_2025_Preprocessed/val/Hospital_000/crops/Person_0036/Camera_29/Person_0036_Camera_29_f005160_r000.jpg,None,25,Hospital_000__Person_0036,1.0,False,False,0.40147513,0.16021329,0.40147525,0.1601987,0.3910788
139,Person_0036,Hospital_000__Person_0036,36,36,Camera_30,40,Hospital_000,Person,1,0.6618705035971223,4620,8250,/pfs/data6/home/st/st_us-053000/st_st191959/DL-Lab/DataSet/MTMC_Tracking_2025_Preprocessed/val/Hospital_000/crops/Person_0036/Camera_30/Person_0036_Camera_30_f004620_r000.jpg,None,25,Hospital_000__Person_0036,1.0,False,False,0.41264677,0.1785689,0.41264668,0.17855324,0.4539832
296,Person_0037,Hospital_000__Person_0037,37,37,Camera_01,11,Hospital_000,Person,1,0.6554054054054054,0,7680,/pfs/data6/home/st/st_us-053000/st_st191959/DL-Lab/DataSet/MTMC_Tracking_2025_Preprocessed/val/Hospital_000/crops/Person_0037/Camera_01/Person_0037_Camera_01_f000000_r002.jpg,None,91,Lab_000__Person_0001,0.6666666666666666,False,True,0.41934055,-0.12544005,0.41934058,-0.12544978,-0.19875227
357,Person_0037,Hospital_000__Person_0037,37,37,Camera_11,21,Hospital_000,Person,1,0.6666666666666666,0,8970,/pfs/data6/home/st/st_us-053000/st_st191959/DL-Lab/DataSet/MTMC_Tracking_2025_Preprocessed/val/Hospital_000/crops/Person_0037/Camera_11/Person_0037_Camera_11_f000000_r001.jpg,None,91,Lab_000__Person_0001,0.6666666666666666,False,True,0.5850889,-0.08530491,0.5850888,-0.085309945,-0.21565527
379,Person_0037,Hospital_000__Person_0037,37,37,Camera_14,24,Hospital_000,Person,1,0.6437994722955145,0,8880,/pfs/data6/home/st/st_us-053000/st_st191959/DL-Lab/DataSet/MTMC_Tracking_2025_Preprocessed/val/Hospital_000/crops/Person_0037/Camera_14/Person_0037_Camera_14_f000000_r001.jpg,None,91,Lab_000__Person_0001,0.6666666666666666,False,True,0.6341067,-0.08894433,0.63410676,-0.088946685,-0.19002788
395,Person_0037,Hospital_000__Person_0037,37,37,Camera_15,25,Hospital_000,Person,1,0.6632911392405063,1260,8790,/pfs/data6/home/st/st_us-053000/st_st191959/DL-Lab/DataSet/MTMC_Tracking_2025_Preprocessed/val/Hospital_000/crops/Person_0037/Camera_15/Person_0037_Camera_15_f001260_r000.jpg,None,91,Lab_000__Person_0001,0.6666666666666666,False,True,0.349248,-0.15056947,0.34924808,-0.15057518,-0.2835422
130,Person_0038,Hospital_000__Person_0038,38,38,Camera,0,Hospital_000,Person,1,0.5384615384615384,2940,8040,/pfs/data6/home/st/st_us-053000/st_st191959/DL-Lab/DataSet/MTMC_Tracking_2025_Preprocessed/val/Hospital_000/crops/Person_0038/Camera/Person_0038_Camera_f002940_r000.jpg,None,18,Hospital_000__Person_0038,1.0,False,False,0.65557903,0.15215611,0.655579,0.15215597,-0.51610523
224,Person_0038,Hospital_000__Person_0038,38,38,Camera_01,11,Hospital_000,Person,1,0.6160714285714286,0,6900,/pfs/data6/home/st/st_us-053000/st_st191959/DL-Lab/DataSet/MTMC_Tracking_2025_Preprocessed/val/Hospital_000/crops/Person_0038/Camera_01/Person_0038_Camera_01_f000000_r000.jpg,None,18,Hospital_000__Person_0038,1.0,False,False,0.589046,0.10253377,0.5890459,0.10253383,-0.5610405
267,Person_0038,Hospital_000__Person_0038,38,38,Camera_03,13,Hospital_000,Person,1,0.6666666666666666,2880,8370,/pfs/data6/home/st/st_us-053000/st_st191959/DL-Lab/DataSet/MTMC_Tracking_2025_Preprocessed/val/Hospital_000/crops/Person_0038/Camera_03/Person_0038_Camera_03_f002880_r002.jpg,None,18,Hospital_000__Person_0038,1.0,False,False,0.52361107,0.09412576,0.5236109,0.09412495,-0.5629834
4,Person_0038,Hospital_000__Person_0038,38,38,Camera_04,14,Hospital_000,Person,0,0.0,4380,8820,/pfs/data6/home/st/st_us-053000/st_st191959/DL-Lab/DataSet/MTMC_Tracking_2025_Preprocessed/val/Hospital_000/crops/Person_0038/Camera_04/Person_0038_Camera_04_f004380_r002.jpg,None,-1,NOISE,0.0,True,False,0.45186448,-0.056012623,0.45186442,-0.056008033,-0.4463436
384,Person_0038,Hospital_000__Person_0038,38,38,Camera_05,15,Hospital_000,Person,1,0.6666666666666666,2250,8730,/pfs/data6/home/st/st_us-053000/st_st191959/DL-Lab/DataSet/MTMC_Tracking_2025_Preprocessed/val/Hospital_000/crops/Person_0038/Camera_05/Person_0038_Camera_05_f002250_r001.jpg,None,18,Hospital_000__Person_0038,1.0,False,False,0.53128266,0.09327728,0.53128254,0.09327329,-0.54284245
277,Person_0038,Hospital_000__Person_0038,38,38,Camera_06,16,Hospital_000,Person,1,0.6642599277978339,2940,8970,/pfs/data6/home/st/st_us-053000/st_st191959/DL-Lab/DataSet/MTMC_Tracking_2025_Preprocessed/val/Hospital_000/crops/Person_0038/Camera_06/Person_0038_Camera_06_f002940_r001.jpg,None,18,Hospital_000__Person_0038,1.0,False,False,0.5300235,0.09521153,0.5300232,0.095207,-0.5609624
60,Person_0038,Hospital_000__Person_0038,38,38,Camera_08,18,Hospital_000,Person,1,0.26666666666666666,4380,8970,/pfs/data6/home/st/st_us-053000/st_st191959/DL-Lab/DataSet/MTMC_Tracking_2025_Preprocessed/val/Hospital_000/crops/Person_0038/Camera_08/Person_0038_Camera_08_f004380_r002.jpg,None,18,Hospital_000__Person_0038,1.0,False,False,0.48749572,0.07943843,0.4874959,0.079443805,-0.60968834
366,Person_0038,Hospital_000__Person_0038,38,38,Camera_09,19,Hospital_000,Person,1,0.6666666666666666,2880,8970,/pfs/data6/home/st/st_us-053000/st_st191959/DL-Lab/DataSet/MTMC_Tracking_2025_Preprocessed/val/Hospital_000/crops/Person_0038/Camera_09/Person_0038_Camera_09_f002880_r002.jpg,None,18,Hospital_000__Person_0038,1.0,False,False,0.5179397,0.07139596,0.51793957,0.07138851,-0.53618497
129,Person_0038,Hospital_000__Person_0038,38,38,Camera_11,21,Hospital_000,Person,1,0.6666666666666666,0,1530,/pfs/data6/home/st/st_us-053000/st_st191959/DL-Lab/DataSet/MTMC_Tracking_2025_Preprocessed/val/Hospital_000/crops/Person_0038/Camera_11/Person_0038_Camera_11_f000000_r000.jpg,None,18,Hospital_000__Person_0038,1.0,False,False,0.59319514,0.06048663,0.593195,0.06048613,-0.54524535
202,Person_0038,Hospital_000__Person_0038,38,38,Camera_14,24,Hospital_000,Person,1,0.6633663366336634,0,2250,/pfs/data6/home/st/st_us-053000/st_st191959/DL-Lab/DataSet/MTMC_Tracking_2025_Preprocessed/val/Hospital_000/crops/Person_0038/Camera_14/Person_0038_Camera_14_f000000_r000.jpg,None,18,Hospital_000__Person_0038,1.0,False,False,0.6210715,0.077935815,0.62107116,0.07793892,-0.531975
36,Person_0038,Hospital_000__Person_0038,38,38,Camera_15,25,Hospital_000,Person,1,0.6666666666666666,240,570,/pfs/data6/home/st/st_us-053000/st_st191959/DL-Lab/DataSet/MTMC_Tracking_2025_Preprocessed/val/Hospital_000/crops/Person_0038/Camera_15/Person_0038_Camera_15_f000240_r000.jpg,None,18,Hospital_000__Person_0038,1.0,False,False,0.56863505,0.095715314,0.5686349,0.09571908,-0.50161004
112,Person_0038,Hospital_000__Person_0038,38,38,Camera_20,30,Hospital_000,Person,1,0.5178571428571429,3510,8220,/pfs/data6/home/st/st_us-053000/st_st191959/DL-Lab/DataSet/MTMC_Tracking_2025_Preprocessed/val/Hospital_000/crops/Person_0038/Camera_20/Person_0038_Camera_20_f003510_r000.jpg,None,18,Hospital_000__Person_0038,1.0,False,False,0.555506,0.08603322,0.55550575,0.08603548,-0.557741
196,Person_0038,Hospital_000__Person_0038,38,38,Camera_22,32,Hospital_000,Person,1,0.6632653061224489,2880,8970,/pfs/data6/home/st/st_us-053000/st_st191959/DL-Lab/DataSet/MTMC_Tracking_2025_Preprocessed/val/Hospital_000/crops/Person_0038/Camera_22/Person_0038_Camera_22_f002880_r003.jpg,None,18,Hospital_000__Person_0038,1.0,False,False,0.4285014,0.106087506,0.42850134,0.106082164,-0.58623475
3,Person_0038,Hospital_000__Person_0038,38,38,Camera_23,33,Hospital_000,Person,0,0.0,4110,7920,/pfs/data6/home/st/st_us-053000/st_st191959/DL-Lab/DataSet/MTMC_Tracking_2025_Preprocessed/val/Hospital_000/crops/Person_0038/Camera_23/Person_0038_Camera_23_f004110_r001.jpg,None,18,Hospital_000__Person_0038,1.0,False,False,0.51502264,-0.0068460656,0.51502246,-0.0068357354,-0.523842
365,Person_0038,Hospital_000__Person_0038,38,38,Camera_24,34,Hospital_000,Person,1,0.6465753424657534,2670,8760,/pfs/data6/home/st/st_us-053000/st_st191959/DL-Lab/DataSet/MTMC_Tracking_2025_Preprocessed/val/Hospital_000/crops/Person_0038/Camera_24/Person_0038_Camera_24_f002670_r003.jpg,None,18,Hospital_000__Person_0038,1.0,False,False,0.49483117,0.090995856,0.4948308,0.09099498,-0.58051443
17,Person_0038,Hospital_000__Person_0038,38,38,Camera_25,35,Hospital_000,Person,0,0.0,3510,4020,/pfs/data6/home/st/st_us-053000/st_st191959/DL-Lab/DataSet/MTMC_Tracking_2025_Preprocessed/val/Hospital_000/crops/Person_0038/Camera_25/Person_0038_Camera_25_f003510_r000.jpg,None,18,Hospital_000__Person_0038,1.0,False,False,0.5967934,-0.01969367,0.59679335,-0.019689387,-0.5274228
96,Person_0038,Hospital_000__Person_0038,38,38,Camera_26,36,Hospital_000,Person,1,0.6458333333333334,4290,8970,/pfs/data6/home/st/st_us-053000/st_st191959/DL-Lab/DataSet/MTMC_Tracking_2025_Preprocessed/val/Hospital_000/crops/Person_0038/Camera_26/Person_0038_Camera_26_f004290_r002.jpg,None,18,Hospital_000__Person_0038,1.0,False,False,0.4796852,0.089779586,0.4796851,0.08976658,-0.5118336
33,Person_0038,Hospital_000__Person_0038,38,38,Camera_27,37,Hospital_000,Person,1,0.12121212121212122,4350,8970,/pfs/data6/home/st/st_us-053000/st_st191959/DL-Lab/DataSet/MTMC_Tracking_2025_Preprocessed/val/Hospital_000/crops/Person_0038/Camera_27/Person_0038_Camera_27_f004350_r003.jpg,None,18,Hospital_000__Person_0038,1.0,False,False,0.40569302,0.041901212,0.4056931,0.041905813,-0.6080645
132,Person_0038,Hospital_000__Person_0038,38,38,Camera_31,41,Hospital_000,Person,1,0.6666666666666666,3240,7950,/pfs/data6/home/st/st_us-053000/st_st191959/DL-Lab/DataSet/MTMC_Tracking_2025_Preprocessed/val/Hospital_000/crops/Person_0038/Camera_31/Person_0038_Camera_31_f003240_r000.jpg,None,18,Hospital_000__Person_0038,1.0,False,False,0.39409783,0.062204115,0.39409795,0.062185094,-0.51642555
59,Person_0039,Hospital_000__Person_0039,39,39,Camera,0,Hospital_000,Person,1,0.5423728813559322,4140,6120,/pfs/data6/home/st/st_us-053000/st_st191959/DL-Lab/DataSet/MTMC_Tracking_2025_Preprocessed/val/Hospital_000/crops/Person_0039/Camera/Person_0039_Camera_f004140_r006.jpg,None,69,Hospital_000__Person_0039,1.0,False,False,0.579037,-0.24257204,0.57903653,-0.24256311,0.34752792
410,Person_0039,Hospital_000__Person_0039,39,39,Camera_01,11,Hospital_000,Person,1,0.6536585365853659,180,4410,/pfs/data6/home/st/st_us-053000/st_st191959/DL-Lab/DataSet/MTMC_Tracking_2025_Preprocessed/val/Hospital_000/crops/Person_0039/Camera_01/Person_0039_Camera_01_f000180_r007.jpg,None,69,Hospital_000__Person_0039,1.0,False,False,0.49357548,-0.25956264,0.49357533,-0.2595565,0.30736056
285,Person_0039,Hospital_000__Person_0039,39,39,Camera_03,13,Hospital_000,Person,1,0.6666666666666666,4680,8970,/pfs/data6/home/st/st_us-053000/st_st191959/DL-Lab/DataSet/MTMC_Tracking_2025_Preprocessed/val/Hospital_000/crops/Person_0039/Camera_03/Person_0039_Camera_03_f004680_r014.jpg,None,69,Hospital_000__Person_0039,1.0,False,False,0.26871806,-0.2555217,0.26871794,-0.25553218,0.43361002
190,Person_0039,Hospital_000__Person_0039,39,39,Camera_05,15,Hospital_000,Person,1,0.6526315789473685,4110,7440,/pfs/data6/home/st/st_us-053000/st_st191959/DL-Lab/DataSet/MTMC_Tracking_2025_Preprocessed/val/Hospital_000/crops/Person_0039/Camera_05/Person_0039_Camera_05_f004110_r007.jpg,None,69,Hospital_000__Person_0039,1.0,False,False,0.5200194,-0.25889066,0.5200193,-0.2588914,0.3222253
299,Person_0039,Hospital_000__Person_0039,39,39,Camera_06,16,Hospital_000,Person,1,0.6488294314381271,5250,8970,/pfs/data6/home/st/st_us-053000/st_st191959/DL-Lab/DataSet/MTMC_Tracking_2025_Preprocessed/val/Hospital_000/crops/Person_0039/Camera_06/Person_0039_Camera_06_f005250_r008.jpg,None,69,Hospital_000__Person_0039,1.0,False,False,0.35992476,-0.28739718,0.35992464,-0.28740022,0.408318
30,Person_0039,Hospital_000__Person_0039,39,39,Camera_08,18,Hospital_000,Person,1,0.4,4470,7560,/pfs/data6/home/st/st_us-053000/st_st191959/DL-Lab/DataSet/MTMC_Tracking_2025_Preprocessed/val/Hospital_000/crops/Person_0039/Camera_08/Person_0039_Camera_08_f004470_r008.jpg,None,-1,NOISE,0.0,True,False,0.19889443,-0.23932736,0.19889422,-0.23930311,-0.09074538
400,Person_0039,Hospital_000__Person_0039,39,39,Camera_09,19,Hospital_000,Person,1,0.665,4500,8970,/pfs/data6/home/st/st_us-053000/st_st191959/DL-Lab/DataSet/MTMC_Tracking_2025_Preprocessed/val/Hospital_000/crops/Person_0039/Camera_09/Person_0039_Camera_09_f004500_r011.jpg,None,69,Hospital_000__Person_0039,1.0,False,False,0.39132842,-0.2513597,0.3913283,-0.25136542,0.3795215
315,Person_0039,Hospital_000__Person_0039,39,39,Camera_11,21,Hospital_000,Person,1,0.6666666666666666,0,3120,/pfs/data6/home/st/st_us-053000/st_st191959/DL-Lab/DataSet/MTMC_Tracking_2025_Preprocessed/val/Hospital_000/crops/Person_0039/Camera_11/Person_0039_Camera_11_f000000_r002.jpg,None,69,Hospital_000__Person_0039,1.0,False,False,0.3917086,-0.26519492,0.39170858,-0.26519364,0.36358476
403,Person_0039,Hospital_000__Person_0039,39,39,Camera_14,24,Hospital_000,Person,1,0.6600496277915633,0,4080,/pfs/data6/home/st/st_us-053000/st_st191959/DL-Lab/DataSet/MTMC_Tracking_2025_Preprocessed/val/Hospital_000/crops/Person_0039/Camera_14/Person_0039_Camera_14_f000000_r002.jpg,None,69,Hospital_000__Person_0039,1.0,False,False,0.5793489,-0.29680148,0.5793485,-0.29679257,0.26281935
4,Person_0039,Hospital_000__Person_0039,39,39,Camera_19,29,Hospital_000,Person,1,0.5,7470,7500,/pfs/data6/home/st/st_us-053000/st_st191959/DL-Lab/DataSet/MTMC_Tracking_2025_Preprocessed/val/Hospital_000/crops/Person_0039/Camera_19/Person_0039_Camera_19_f007470_r005.jpg,None,-1,NOISE,0.0,True,False,0.14886215,-0.05763765,0.14886235,-0.05765981,0.65040797
34,Person_0039,Hospital_000__Person_0039,39,39,Camera_20,30,Hospital_000,Person,1,0.35294117647058826,4530,6840,/pfs/data6/home/st/st_us-053000/st_st191959/DL-Lab/DataSet/MTMC_Tracking_2025_Preprocessed/val/Hospital_000/crops/Person_0039/Camera_20/Person_0039_Camera_20_f004530_r002.jpg,None,69,Hospital_000__Person_0039,1.0,False,False,0.572639,-0.22964032,0.5726387,-0.2296305,0.3239366
303,Person_0039,Hospital_000__Person_0039,39,39,Camera_22,32,Hospital_000,Person,1,0.6666666666666666,4650,8970,/pfs/data6/home/st/st_us-053000/st_st191959/DL-Lab/DataSet/MTMC_Tracking_2025_Preprocessed/val/Hospital_000/crops/Person_0039/Camera_22/Person_0039_Camera_22_f004650_r009.jpg,None,69,Hospital_000__Person_0039,1.0,False,False,0.3006495,-0.3047855,0.30064946,-0.30478945,0.42613178
377,Person_0039,Hospital_000__Person_0039,39,39,Camera_24,34,Hospital_000,Person,1,0.6631299734748011,4650,8970,/pfs/data6/home/st/st_us-053000/st_st191959/DL-Lab/DataSet/MTMC_Tracking_2025_Preprocessed/val/Hospital_000/crops/Person_0039/Camera_24/Person_0039_Camera_24_f004650_r019.jpg,None,69,Hospital_000__Person_0039,1.0,False,False,0.41003343,-0.25716272,0.4100331,-0.25716642,0.39872178
261,Person_0039,Hospital_000__Person_0039,39,39,Camera_26,36,Hospital_000,Person,1,0.6666666666666666,5220,8910,/pfs/data6/home/st/st_us-053000/st_st191959/DL-Lab/DataSet/MTMC_Tracking_2025_Preprocessed/val/Hospital_000/crops/Person_0039/Camera_26/Person_0039_Camera_26_f005220_r006.jpg,None,69,Hospital_000__Person_0039,1.0,False,False,0.17429775,-0.20450859,0.1742979,-0.20452662,0.49432957
16,Person_0039,Hospital_000__Person_0039,39,39,Camera_27,37,Hospital_000,Person,1,0.125,4470,7500,/pfs/data6/home/st/st_us-053000/st_st191959/DL-Lab/DataSet/MTMC_Tracking_2025_Preprocessed/val/Hospital_000/crops/Person_0039/Camera_27/Person_0039_Camera_27_f004470_r009.jpg,None,-1,NOISE,0.0,True,False,0.33040535,-0.05435622,0.33040565,-0.054369386,0.5308997
36,Person_0039,Hospital_000__Person_0039,39,39,Camera_31,41,Hospital_000,Person,1,0.6666666666666666,5430,5790,/pfs/data6/home/st/st_us-053000/st_st191959/DL-Lab/DataSet/MTMC_Tracking_2025_Preprocessed/val/Hospital_000/crops/Person_0039/Camera_31/Person_0039_Camera_31_f005430_r003.jpg,None,69,Hospital_000__Person_0039,1.0,False,False,0.39204532,-0.22112794,0.3920454,-0.22114444,0.54082036
484,Person_0000,Lab_000__Person_0000,40,40,Camera_0000,1,Lab_000,Person,1,0.5991735537190083,0,6000,/pfs/data6/home/st/st_us-053000/st_st191959/DL-Lab/DataSet/MTMC_Tracking_2025_Preprocessed/val/Lab_000/crops/Person_0000/Camera_0000/Person_0000_Camera_0000_f000000_r000.jpg,None,32,Hospital_000__Person_0000,0.6086956521739131,False,True,0.5952207,-0.17601192,0.5952203,-0.17602508,-0.043703217
603,Person_0000,Lab_000__Person_0000,40,40,Camera_0001,2,Lab_000,Person,1,0.6666666666666666,0,6000,/pfs/data6/home/st/st_us-053000/st_st191959/DL-Lab/DataSet/MTMC_Tracking_2025_Preprocessed/val/Lab_000/crops/Person_0000/Camera_0001/Person_0000_Camera_0001_f000000_r000.jpg,None,32,Hospital_000__Person_0000,0.6086956521739131,False,True,0.56992537,-0.19817238,0.56992537,-0.19817679,-0.068622395
180,Person_0000,Lab_000__Person_0000,40,40,Camera_0002,3,Lab_000,Person,1,0.6666666666666666,1080,5880,/pfs/data6/home/st/st_us-053000/st_st191959/DL-Lab/DataSet/MTMC_Tracking_2025_Preprocessed/val/Lab_000/crops/Person_0000/Camera_0002/Person_0000_Camera_0002_f001080_r000.jpg,None,32,Hospital_000__Person_0000,0.6086956521739131,False,True,0.44101322,-0.23846333,0.4410134,-0.23848268,-0.04871845
692,Person_0000,Lab_000__Person_0000,40,40,Camera_0003,4,Lab_000,Person,1,0.615606936416185,0,8970,/pfs/data6/home/st/st_us-053000/st_st191959/DL-Lab/DataSet/MTMC_Tracking_2025_Preprocessed/val/Lab_000/crops/Person_0000/Camera_0003/Person_0000_Camera_0003_f000000_r000.jpg,None,32,Hospital_000__Person_0000,0.6086956521739131,False,True,0.68621534,-0.19684695,0.68621486,-0.19685239,-0.07802907
322,Person_0000,Lab_000__Person_0000,40,40,Camera_0004,5,Lab_000,Person,1,0.6645962732919255,990,5970,/pfs/data6/home/st/st_us-053000/st_st191959/DL-Lab/DataSet/MTMC_Tracking_2025_Preprocessed/val/Lab_000/crops/Person_0000/Camera_0004/Person_0000_Camera_0004_f000990_r000.jpg,None,32,Hospital_000__Person_0000,0.6086956521739131,False,True,0.6071799,-0.18226834,0.6071799,-0.18227448,-0.08101712
297,Person_0000,Lab_000__Person_0000,40,40,Camera_0005,6,Lab_000,Person,1,0.5454545454545454,0,8910,/pfs/data6/home/st/st_us-053000/st_st191959/DL-Lab/DataSet/MTMC_Tracking_2025_Preprocessed/val/Lab_000/crops/Person_0000/Camera_0005/Person_0000_Camera_0005_f000000_r000.jpg,None,32,Hospital_000__Person_0000,0.6086956521739131,False,True,0.49444187,-0.19395995,0.49444172,-0.19397022,-0.045416843
648,Person_0000,Lab_000__Person_0000,40,40,Camera_0006,7,Lab_000,Person,1,0.6635802469135802,0,8970,/pfs/data6/home/st/st_us-053000/st_st191959/DL-Lab/DataSet/MTMC_Tracking_2025_Preprocessed/val/Lab_000/crops/Person_0000/Camera_0006/Person_0000_Camera_0006_f000000_r000.jpg,None,32,Hospital_000__Person_0000,0.6086956521739131,False,True,0.56262267,-0.14254954,0.5626231,-0.14257884,-0.0720464
167,Person_0000,Lab_000__Person_0000,40,40,Camera_0007,8,Lab_000,Person,1,0.6586826347305389,2370,4770,/pfs/data6/home/st/st_us-053000/st_st191959/DL-Lab/DataSet/MTMC_Tracking_2025_Preprocessed/val/Lab_000/crops/Person_0000/Camera_0007/Person_0000_Camera_0007_f002370_r000.jpg,None,-1,NOISE,0.0,True,False,0.67839164,0.11039676,0.6783919,0.110388614,0.08646915
616,Person_0000,Lab_000__Person_0000,40,40,Camera_0008,9,Lab_000,Person,1,0.6655844155844156,0,8970,/pfs/data6/home/st/st_us-053000/st_st191959/DL-Lab/DataSet/MTMC_Tracking_2025_Preprocessed/val/Lab_000/crops/Person_0000/Camera_0008/Person_0000_Camera_0008_f000000_r000.jpg,None,32,Hospital_000__Person_0000,0.6086956521739131,False,True,0.6417013,-0.19149691,0.6417012,-0.19150898,-0.159019
588,Person_0000,Lab_000__Person_0000,40,40,Camera_0009,10,Lab_000,Person,1,0.6666666666666666,0,8970,/pfs/data6/home/st/st_us-053000/st_st191959/DL-Lab/DataSet/MTMC_Tracking_2025_Preprocessed/val/Lab_000/crops/Person_0000/Camera_0009/Person_0000_Camera_0009_f000000_r000.jpg,None,32,Hospital_000__Person_0000,0.6086956521739131,False,True,0.5109066,-0.21570759,0.51090664,-0.21572731,0.012082065
594,Person_0001,Lab_000__Person_0001,41,41,Camera_0000,1,Lab_000,Person,1,0.6666666666666666,0,8970,/pfs/data6/home/st/st_us-053000/st_st191959/DL-Lab/DataSet/MTMC_Tracking_2025_Preprocessed/val/Lab_000/crops/Person_0001/Camera_0000/Person_0001_Camera_0000_f000000_r002.jpg,None,91,Lab_000__Person_0001,0.6666666666666666,False,False,0.69359714,-0.0039902395,0.69359714,-0.003997323,-0.21580692
900,Person_0001,Lab_000__Person_0001,41,41,Camera_0001,2,Lab_000,Person,1,0.6666666666666666,0,8970,/pfs/data6/home/st/st_us-053000/st_st191959/DL-Lab/DataSet/MTMC_Tracking_2025_Preprocessed/val/Lab_000/crops/Person_0001/Camera_0001/Person_0001_Camera_0001_f000000_r002.jpg,None,91,Lab_000__Person_0001,0.6666666666666666,False,False,0.6203121,-0.08034834,0.6203124,-0.08035893,-0.17326812
60,Person_0001,Lab_000__Person_0001,41,41,Camera_0002,3,Lab_000,Person,1,0.6666666666666666,0,3750,/pfs/data6/home/st/st_us-053000/st_st191959/DL-Lab/DataSet/MTMC_Tracking_2025_Preprocessed/val/Lab_000/crops/Person_0001/Camera_0002/Person_0001_Camera_0002_f000000_r001.jpg,None,91,Lab_000__Person_0001,0.6666666666666666,False,False,0.5334553,-0.068166256,0.53345543,-0.068186484,-0.1944886
483,Person_0001,Lab_000__Person_0001,41,41,Camera_0003,4,Lab_000,Person,1,0.42650103519668736,180,8970,/pfs/data6/home/st/st_us-053000/st_st191959/DL-Lab/DataSet/MTMC_Tracking_2025_Preprocessed/val/Lab_000/crops/Person_0001/Camera_0003/Person_0001_Camera_0003_f000180_r001.jpg,None,91,Lab_000__Person_0001,0.6666666666666666,False,False,0.6517263,-0.05985126,0.65172625,-0.059870575,-0.25525382
66,Person_0001,Lab_000__Person_0001,41,41,Camera_0004,5,Lab_000,Person,1,0.6666666666666666,0,3750,/pfs/data6/home/st/st_us-053000/st_st191959/DL-Lab/DataSet/MTMC_Tracking_2025_Preprocessed/val/Lab_000/crops/Person_0001/Camera_0004/Person_0001_Camera_0004_f000000_r001.jpg,None,91,Lab_000__Person_0001,0.6666666666666666,False,False,0.61059356,-0.06482073,0.6105932,-0.06483117,-0.27467266
300,Person_0001,Lab_000__Person_0001,41,41,Camera_0005,6,Lab_000,Person,1,0.6666666666666666,210,3180,/pfs/data6/home/st/st_us-053000/st_st191959/DL-Lab/DataSet/MTMC_Tracking_2025_Preprocessed/val/Lab_000/crops/Person_0001/Camera_0005/Person_0001_Camera_0005_f000210_r001.jpg,None,-1,NOISE,0.0,True,False,0.67836607,-0.1342129,0.6783658,-0.13423604,0.17153162
855,Person_0001,Lab_000__Person_0001,41,41,Camera_0006,7,Lab_000,Person,1,0.6666666666666666,0,8970,/pfs/data6/home/st/st_us-053000/st_st191959/DL-Lab/DataSet/MTMC_Tracking_2025_Preprocessed/val/Lab_000/crops/Person_0001/Camera_0006/Person_0001_Camera_0006_f000000_r001.jpg,None,91,Lab_000__Person_0001,0.6666666666666666,False,False,0.3105219,-0.1084266,0.31052187,-0.10844254,-0.26953354
567,Person_0001,Lab_000__Person_0001,41,41,Camera_0007,8,Lab_000,Person,1,0.6666666666666666,0,8970,/pfs/data6/home/st/st_us-053000/st_st191959/DL-Lab/DataSet/MTMC_Tracking_2025_Preprocessed/val/Lab_000/crops/Person_0001/Camera_0007/Person_0001_Camera_0007_f000000_r001.jpg,None,-1,NOISE,0.0,True,False,-0.30604228,-0.3067051,-0.3060422,-0.30670086,0.109934844
327,Person_0001,Lab_000__Person_0001,41,41,Camera_0008,9,Lab_000,Person,1,0.6666666666666666,0,3240,/pfs/data6/home/st/st_us-053000/st_st191959/DL-Lab/DataSet/MTMC_Tracking_2025_Preprocessed/val/Lab_000/crops/Person_0001/Camera_0008/Person_0001_Camera_0008_f000000_r001.jpg,None,91,Lab_000__Person_0001,0.6666666666666666,False,False,0.517634,-0.035900936,0.5176339,-0.035924915,-0.120925255
312,Person_0001,Lab_000__Person_0001,41,41,Camera_0009,10,Lab_000,Person,1,0.6666666666666666,180,3270,/pfs/data6/home/st/st_us-053000/st_st191959/DL-Lab/DataSet/MTMC_Tracking_2025_Preprocessed/val/Lab_000/crops/Person_0001/Camera_0009/Person_0001_Camera_0009_f000180_r001.jpg,None,91,Lab_000__Person_0001,0.6666666666666666,False,False,0.62905383,-0.013044738,0.6290539,-0.013068385,-0.09765539
883,Person_0002,Lab_000__Person_0002,42,42,Camera_0000,1,Lab_000,Person,1,0.665911664779162,0,8970,/pfs/data6/home/st/st_us-053000/st_st191959/DL-Lab/DataSet/MTMC_Tracking_2025_Preprocessed/val/Lab_000/crops/Person_0002/Camera_0000/Person_0002_Camera_0000_f000000_r001.jpg,None,15,Lab_000__Person_0002,1.0,False,False,0.40533948,0.2863517,0.40533927,0.28635675,-0.016676685
900,Person_0002,Lab_000__Person_0002,42,42,Camera_0001,2,Lab_000,Person,1,0.6666666666666666,0,8970,/pfs/data6/home/st/st_us-053000/st_st191959/DL-Lab/DataSet/MTMC_Tracking_2025_Preprocessed/val/Lab_000/crops/Person_0002/Camera_0001/Person_0002_Camera_0001_f000000_r001.jpg,None,15,Lab_000__Person_0002,1.0,False,False,0.31383514,0.33994588,0.3138351,0.33997002,-0.080527194
396,Person_0002,Lab_000__Person_0002,42,42,Camera_0002,3,Lab_000,Person,1,0.6666666666666666,0,8970,/pfs/data6/home/st/st_us-053000/st_st191959/DL-Lab/DataSet/MTMC_Tracking_2025_Preprocessed/val/Lab_000/crops/Person_0002/Camera_0002/Person_0002_Camera_0002_f000000_r000.jpg,None,15,Lab_000__Person_0002,1.0,False,False,0.29061258,0.35741553,0.2906127,0.35741276,-0.0073472755
468,Person_0002,Lab_000__Person_0002,42,42,Camera_0003,4,Lab_000,Person,1,0.6495726495726496,540,5460,/pfs/data6/home/st/st_us-053000/st_st191959/DL-Lab/DataSet/MTMC_Tracking_2025_Preprocessed/val/Lab_000/crops/Person_0002/Camera_0003/Person_0002_Camera_0003_f000540_r001.jpg,None,-1,NOISE,0.0,True,False,0.6184474,0.039229777,0.6184474,0.039232943,-0.19503039
846,Person_0002,Lab_000__Person_0002,42,42,Camera_0004,5,Lab_000,Person,1,0.6666666666666666,0,8970,/pfs/data6/home/st/st_us-053000/st_st191959/DL-Lab/DataSet/MTMC_Tracking_2025_Preprocessed/val/Lab_000/crops/Person_0002/Camera_0004/Person_0002_Camera_0004_f000000_r000.jpg,None,15,Lab_000__Person_0002,1.0,False,False,0.36865538,0.36577383,0.36865515,0.36578682,-0.009707074
9,Person_0002,Lab_000__Person_0002,42,42,Camera_0005,6,Lab_000,Person,1,0.6666666666666666,990,1050,/pfs/data6/home/st/st_us-053000/st_st191959/DL-Lab/DataSet/MTMC_Tracking_2025_Preprocessed/val/Lab_000/crops/Person_0002/Camera_0005/Person_0002_Camera_0005_f000990_r001.jpg,None,15,Lab_000__Person_0002,1.0,False,False,0.3345802,0.35276634,0.3345804,0.35276306,-0.121029004
507,Person_0002,Lab_000__Person_0002,42,42,Camera_0006,7,Lab_000,Person,1,0.6666666666666666,510,5550,/pfs/data6/home/st/st_us-053000/st_st191959/DL-Lab/DataSet/MTMC_Tracking_2025_Preprocessed/val/Lab_000/crops/Person_0002/Camera_0006/Person_0002_Camera_0006_f000510_r001.jpg,None,15,Lab_000__Person_0002,1.0,False,False,0.17969799,0.2915935,0.17969787,0.2916073,-0.019798756
103,Person_0002,Lab_000__Person_0002,42,42,Camera_0007,8,Lab_000,Person,1,0.6601941747572816,0,5580,/pfs/data6/home/st/st_us-053000/st_st191959/DL-Lab/DataSet/MTMC_Tracking_2025_Preprocessed/val/Lab_000/crops/Person_0002/Camera_0007/Person_0002_Camera_0007_f000000_r000.jpg,None,15,Lab_000__Person_0002,1.0,False,False,0.08107237,0.33183178,0.08107239,0.33184278,-0.098020695
462,Person_0002,Lab_000__Person_0002,42,42,Camera_0008,9,Lab_000,Person,1,0.6666666666666666,930,5520,/pfs/data6/home/st/st_us-053000/st_st191959/DL-Lab/DataSet/MTMC_Tracking_2025_Preprocessed/val/Lab_000/crops/Person_0002/Camera_0008/Person_0002_Camera_0008_f000930_r001.jpg,None,15,Lab_000__Person_0002,1.0,False,False,0.27204376,0.32500264,0.27204362,0.32501492,-0.028304106
477,Person_0002,Lab_000__Person_0002,42,42,Camera_0009,10,Lab_000,Person,1,0.6540880503144654,540,5460,/pfs/data6/home/st/st_us-053000/st_st191959/DL-Lab/DataSet/MTMC_Tracking_2025_Preprocessed/val/Lab_000/crops/Person_0002/Camera_0009/Person_0002_Camera_0009_f000540_r001.jpg,None,15,Lab_000__Person_0002,1.0,False,False,0.31554782,0.32484254,0.31554782,0.32484803,-0.0016647654
900,Forklift_0182,Warehouse_015__Forklift_0182,43,43,Camera,0,Warehouse_015,Forklift,1,0.6666666666666666,0,8970,/pfs/data6/home/st/st_us-053000/st_st191959/DL-Lab/DataSet/MTMC_Tracking_2025_Preprocessed/val/Warehouse_015/crops/Forklift_0182/Camera/Forklift_0182_Camera_f000000_r000.jpg,None,3,Warehouse_015__Forklift_0182,0.5,False,False,0.01073645,0.15958221,0.010736467,0.15956612,-0.24348898
900,Forklift_0182,Warehouse_015__Forklift_0182,43,43,Camera_01,11,Warehouse_015,Forklift,1,0.6666666666666666,0,8970,/pfs/data6/home/st/st_us-053000/st_st191959/DL-Lab/DataSet/MTMC_Tracking_2025_Preprocessed/val/Warehouse_015/crops/Forklift_0182/Camera_01/Forklift_0182_Camera_01_f000000_r000.jpg,None,3,Warehouse_015__Forklift_0182,0.5,False,False,-0.09608731,0.025143921,-0.096087255,0.025127653,-0.27089965
900,Forklift_0182,Warehouse_015__Forklift_0182,43,43,Camera_03,13,Warehouse_015,Forklift,1,0.6666666666666666,0,8970,/pfs/data6/home/st/st_us-053000/st_st191959/DL-Lab/DataSet/MTMC_Tracking_2025_Preprocessed/val/Warehouse_015/crops/Forklift_0182/Camera_03/Forklift_0182_Camera_03_f000000_r000.jpg,None,3,Warehouse_015__Forklift_0182,0.5,False,False,0.008671722,0.10421738,0.00867176,0.1041994,-0.31027654
900,Forklift_0182,Warehouse_015__Forklift_0182,43,43,Camera_08,18,Warehouse_015,Forklift,1,0.6666666666666666,0,8970,/pfs/data6/home/st/st_us-053000/st_st191959/DL-Lab/DataSet/MTMC_Tracking_2025_Preprocessed/val/Warehouse_015/crops/Forklift_0182/Camera_08/Forklift_0182_Camera_08_f000000_r000.jpg,None,3,Warehouse_015__Forklift_0182,0.5,False,False,0.0042916406,0.15630113,0.0042916886,0.15628426,-0.25763845
900,Forklift_0182,Warehouse_015__Forklift_0182,43,43,Camera_10,20,Warehouse_015,Forklift,1,0.6666666666666666,0,8970,/pfs/data6/home/st/st_us-053000/st_st191959/DL-Lab/DataSet/MTMC_Tracking_2025_Preprocessed/val/Warehouse_015/crops/Forklift_0182/Camera_10/Forklift_0182_Camera_10_f000000_r000.jpg,None,3,Warehouse_015__Forklift_0182,0.5,False,False,-0.06782268,0.11275679,-0.06782262,0.11274205,-0.26993003
900,Forklift_0182,Warehouse_015__Forklift_0182,43,43,Camera_12,22,Warehouse_015,Forklift,1,0.6666666666666666,0,8970,/pfs/data6/home/st/st_us-053000/st_st191959/DL-Lab/DataSet/MTMC_Tracking_2025_Preprocessed/val/Warehouse_015/crops/Forklift_0182/Camera_12/Forklift_0182_Camera_12_f000000_r000.jpg,None,3,Warehouse_015__Forklift_0182,0.5,False,False,-0.16680975,0.17135997,-0.16680966,0.17134659,-0.14707683
900,Forklift_0183,Warehouse_015__Forklift_0183,44,44,Camera_01,11,Warehouse_015,Forklift,1,0.6666666666666666,0,8970,/pfs/data6/home/st/st_us-053000/st_st191959/DL-Lab/DataSet/MTMC_Tracking_2025_Preprocessed/val/Warehouse_015/crops/Forklift_0183/Camera_01/Forklift_0183_Camera_01_f000000_r001.jpg,None,3,Warehouse_015__Forklift_0182,0.5,False,True,-0.026214255,0.16321275,-0.026214167,0.16319266,-0.26431492
900,Forklift_0183,Warehouse_015__Forklift_0183,44,44,Camera_03,13,Warehouse_015,Forklift,1,0.6666666666666666,0,8970,/pfs/data6/home/st/st_us-053000/st_st191959/DL-Lab/DataSet/MTMC_Tracking_2025_Preprocessed/val/Warehouse_015/crops/Forklift_0183/Camera_03/Forklift_0183_Camera_03_f000000_r001.jpg,None,3,Warehouse_015__Forklift_0182,0.5,False,True,-0.09989224,0.11925835,-0.09989216,0.119238995,-0.23589651
900,Forklift_0183,Warehouse_015__Forklift_0183,44,44,Camera_05,15,Warehouse_015,Forklift,1,0.6666666666666666,0,8970,/pfs/data6/home/st/st_us-053000/st_st191959/DL-Lab/DataSet/MTMC_Tracking_2025_Preprocessed/val/Warehouse_015/crops/Forklift_0183/Camera_05/Forklift_0183_Camera_05_f000000_r000.jpg,None,3,Warehouse_015__Forklift_0182,0.5,False,True,-0.049349207,0.15090838,-0.0493491,0.15088537,-0.25343582
900,Forklift_0183,Warehouse_015__Forklift_0183,44,44,Camera_07,17,Warehouse_015,Forklift,1,0.6666666666666666,0,8970,/pfs/data6/home/st/st_us-053000/st_st191959/DL-Lab/DataSet/MTMC_Tracking_2025_Preprocessed/val/Warehouse_015/crops/Forklift_0183/Camera_07/Forklift_0183_Camera_07_f000000_r000.jpg,None,3,Warehouse_015__Forklift_0182,0.5,False,True,-0.12827727,0.080702744,-0.12827712,0.08068054,-0.23405819
900,Forklift_0183,Warehouse_015__Forklift_0183,44,44,Camera_10,20,Warehouse_015,Forklift,1,0.6666666666666666,0,8970,/pfs/data6/home/st/st_us-053000/st_st191959/DL-Lab/DataSet/MTMC_Tracking_2025_Preprocessed/val/Warehouse_015/crops/Forklift_0183/Camera_10/Forklift_0183_Camera_10_f000000_r001.jpg,None,3,Warehouse_015__Forklift_0182,0.5,False,True,-0.113265924,0.037388608,-0.1132658,0.03736782,-0.25566494
900,Forklift_0183,Warehouse_015__Forklift_0183,44,44,Camera_12,22,Warehouse_015,Forklift,1,0.6666666666666666,0,8970,/pfs/data6/home/st/st_us-053000/st_st191959/DL-Lab/DataSet/MTMC_Tracking_2025_Preprocessed/val/Warehouse_015/crops/Forklift_0183/Camera_12/Forklift_0183_Camera_12_f000000_r001.jpg,None,3,Warehouse_015__Forklift_0182,0.5,False,True,-0.059187084,0.05428124,-0.059187096,0.054272257,-0.1734248
195,NovaCarter_0229,Warehouse_015__NovaCarter_0229,45,45,Camera,0,Warehouse_015,NovaCarter,1,0.6666666666666666,1200,3930,/pfs/data6/home/st/st_us-053000/st_st191959/DL-Lab/DataSet/MTMC_Tracking_2025_Preprocessed/val/Warehouse_015/crops/NovaCarter_0229/Camera/NovaCarter_0229_Camera_f001200_r001.jpg,None,0,Warehouse_015__NovaCarter_0229,1.0,False,False,-0.15463889,-0.083791606,-0.15463863,-0.083811514,-0.017339181
204,NovaCarter_0229,Warehouse_015__NovaCarter_0229,45,45,Camera_01,11,Warehouse_015,NovaCarter,1,0.6274509803921569,0,8970,/pfs/data6/home/st/st_us-053000/st_st191959/DL-Lab/DataSet/MTMC_Tracking_2025_Preprocessed/val/Warehouse_015/crops/NovaCarter_0229/Camera_01/NovaCarter_0229_Camera_01_f000000_r002.jpg,None,0,Warehouse_015__NovaCarter_0229,1.0,False,False,-0.07138729,-0.06951663,-0.07138716,-0.069535635,-0.013782202
106,NovaCarter_0229,Warehouse_015__NovaCarter_0229,45,45,Camera_02,12,Warehouse_015,NovaCarter,1,0.660377358490566,120,8520,/pfs/data6/home/st/st_us-053000/st_st191959/DL-Lab/DataSet/MTMC_Tracking_2025_Preprocessed/val/Warehouse_015/crops/NovaCarter_0229/Camera_02/NovaCarter_0229_Camera_02_f000120_r000.jpg,None,0,Warehouse_015__NovaCarter_0229,1.0,False,False,-0.13939884,-0.075854205,-0.13939857,-0.07587643,-0.01623715
156,NovaCarter_0229,Warehouse_015__NovaCarter_0229,45,45,Camera_03,13,Warehouse_015,NovaCarter,1,0.6153846153846154,660,4500,/pfs/data6/home/st/st_us-053000/st_st191959/DL-Lab/DataSet/MTMC_Tracking_2025_Preprocessed/val/Warehouse_015/crops/NovaCarter_0229/Camera_03/NovaCarter_0229_Camera_03_f000660_r002.jpg,None,0,Warehouse_015__NovaCarter_0229,1.0,False,False,-0.043019004,-0.09394788,-0.043018922,-0.09396617,0.0017485848
173,NovaCarter_0229,Warehouse_015__NovaCarter_0229,45,45,Camera_04,14,Warehouse_015,NovaCarter,1,0.6589595375722543,1770,4080,/pfs/data6/home/st/st_us-053000/st_st191959/DL-Lab/DataSet/MTMC_Tracking_2025_Preprocessed/val/Warehouse_015/crops/NovaCarter_0229/Camera_04/NovaCarter_0229_Camera_04_f001770_r000.jpg,None,0,Warehouse_015__NovaCarter_0229,1.0,False,False,-0.08996307,-0.07054481,-0.08996291,-0.0705626,-0.016488587
26,NovaCarter_0229,Warehouse_015__NovaCarter_0229,45,45,Camera_05,15,Warehouse_015,NovaCarter,1,0.6153846153846154,8670,8970,/pfs/data6/home/st/st_us-053000/st_st191959/DL-Lab/DataSet/MTMC_Tracking_2025_Preprocessed/val/Warehouse_015/crops/NovaCarter_0229/Camera_05/NovaCarter_0229_Camera_05_f008670_r001.jpg,None,0,Warehouse_015__NovaCarter_0229,1.0,False,False,-0.114430234,-0.10389292,-0.114430174,-0.10390806,0.057783727
307,NovaCarter_0229,Warehouse_015__NovaCarter_0229,45,45,Camera_08,18,Warehouse_015,NovaCarter,1,0.6254071661237784,0,6810,/pfs/data6/home/st/st_us-053000/st_st191959/DL-Lab/DataSet/MTMC_Tracking_2025_Preprocessed/val/Warehouse_015/crops/NovaCarter_0229/Camera_08/NovaCarter_0229_Camera_08_f000000_r001.jpg,None,0,Warehouse_015__NovaCarter_0229,1.0,False,False,-0.055169113,-0.06676741,-0.055168953,-0.06678648,-0.008082411
302,NovaCarter_0229,Warehouse_015__NovaCarter_0229,45,45,Camera_10,20,Warehouse_015,NovaCarter,1,0.5562913907284768,90,8970,/pfs/data6/home/st/st_us-053000/st_st191959/DL-Lab/DataSet/MTMC_Tracking_2025_Preprocessed/val/Warehouse_015/crops/NovaCarter_0229/Camera_10/NovaCarter_0229_Camera_10_f000090_r002.jpg,None,0,Warehouse_015__NovaCarter_0229,1.0,False,False,-0.048382975,-0.060190775,-0.04838286,-0.060211226,-0.011313714
48,NovaCarter_0229,Warehouse_015__NovaCarter_0229,45,45,Camera_11,21,Warehouse_015,NovaCarter,1,0.6666666666666666,8520,8970,/pfs/data6/home/st/st_us-053000/st_st191959/DL-Lab/DataSet/MTMC_Tracking_2025_Preprocessed/val/Warehouse_015/crops/NovaCarter_0229/Camera_11/NovaCarter_0229_Camera_11_f008520_r000.jpg,None,0,Warehouse_015__NovaCarter_0229,1.0,False,False,-0.042289577,-0.06900066,-0.042289406,-0.06902042,0.061404876
284,NovaCarter_0229,Warehouse_015__NovaCarter_0229,45,45,Camera_12,22,Warehouse_015,NovaCarter,1,0.5070422535211268,0,8940,/pfs/data6/home/st/st_us-053000/st_st191959/DL-Lab/DataSet/MTMC_Tracking_2025_Preprocessed/val/Warehouse_015/crops/NovaCarter_0229/Camera_12/NovaCarter_0229_Camera_12_f000000_r002.jpg,None,0,Warehouse_015__NovaCarter_0229,1.0,False,False,-0.059638113,-0.046994466,-0.059638012,-0.047014754,-0.03089234
131,Person_0000,Warehouse_015__Person_0000,46,46,Camera,0,Warehouse_015,Person,1,0.6412213740458015,0,6180,/pfs/data6/home/st/st_us-053000/st_st191959/DL-Lab/DataSet/MTMC_Tracking_2025_Preprocessed/val/Warehouse_015/crops/Person_0000/Camera/Person_0000_Camera_f000000_r011.jpg,None,47,Warehouse_015__Person_0000,1.0,False,False,-0.15960567,-0.29982278,-0.15960562,-0.299814,-0.14261258
642,Person_0000,Warehouse_015__Person_0000,46,46,Camera_01,11,Warehouse_015,Person,1,0.573208722741433,0,8970,/pfs/data6/home/st/st_us-053000/st_st191959/DL-Lab/DataSet/MTMC_Tracking_2025_Preprocessed/val/Warehouse_015/crops/Person_0000/Camera_01/Person_0000_Camera_01_f000000_r022.jpg,None,47,Warehouse_015__Person_0000,1.0,False,False,-0.08730389,-0.31423256,-0.08730383,-0.3142291,-0.1602521
24,Person_0000,Warehouse_015__Person_0000,46,46,Camera_02,12,Warehouse_015,Person,1,0.6666666666666666,7200,7440,/pfs/data6/home/st/st_us-053000/st_st191959/DL-Lab/DataSet/MTMC_Tracking_2025_Preprocessed/val/Warehouse_015/crops/Person_0000/Camera_02/Person_0000_Camera_02_f007200_r005.jpg,None,47,Warehouse_015__Person_0000,1.0,False,False,-0.14797881,-0.31233755,-0.14797868,-0.31233653,-0.1860655
368,Person_0000,Warehouse_015__Person_0000,46,46,Camera_03,13,Warehouse_015,Person,1,0.5543478260869565,0,6480,/pfs/data6/home/st/st_us-053000/st_st191959/DL-Lab/DataSet/MTMC_Tracking_2025_Preprocessed/val/Warehouse_015/crops/Person_0000/Camera_03/Person_0000_Camera_03_f000000_r016.jpg,None,47,Warehouse_015__Person_0000,1.0,False,False,-0.13483682,-0.2997467,-0.13483672,-0.2997441,-0.1583365
574,Person_0000,Warehouse_015__Person_0000,46,46,Camera_05,15,Warehouse_015,Person,1,0.6515679442508711,120,8970,/pfs/data6/home/st/st_us-053000/st_st191959/DL-Lab/DataSet/MTMC_Tracking_2025_Preprocessed/val/Warehouse_015/crops/Person_0000/Camera_05/Person_0000_Camera_05_f000120_r012.jpg,None,47,Warehouse_015__Person_0000,1.0,False,False,-0.13657153,-0.30117965,-0.13657145,-0.3011756,-0.1615513
266,Person_0000,Warehouse_015__Person_0000,46,46,Camera_06,16,Warehouse_015,Person,1,0.6616541353383458,2310,8970,/pfs/data6/home/st/st_us-053000/st_st191959/DL-Lab/DataSet/MTMC_Tracking_2025_Preprocessed/val/Warehouse_015/crops/Person_0000/Camera_06/Person_0000_Camera_06_f002310_r007.jpg,None,47,Warehouse_015__Person_0000,1.0,False,False,-0.26550442,-0.2918704,-0.26550418,-0.29186735,-0.118210584
309,Person_0000,Warehouse_015__Person_0000,46,46,Camera_07,17,Warehouse_015,Person,1,0.6601941747572816,0,6240,/pfs/data6/home/st/st_us-053000/st_st191959/DL-Lab/DataSet/MTMC_Tracking_2025_Preprocessed/val/Warehouse_015/crops/Person_0000/Camera_07/Person_0000_Camera_07_f000000_r007.jpg,None,47,Warehouse_015__Person_0000,1.0,False,False,-0.0650948,-0.29982492,-0.06509469,-0.2998246,-0.10072511
114,Person_0000,Warehouse_015__Person_0000,46,46,Camera_09,19,Warehouse_015,Person,1,0.6666666666666666,0,1500,/pfs/data6/home/st/st_us-053000/st_st191959/DL-Lab/DataSet/MTMC_Tracking_2025_Preprocessed/val/Warehouse_015/crops/Person_0000/Camera_09/Person_0000_Camera_09_f000000_r004.jpg,None,47,Warehouse_015__Person_0000,1.0,False,False,0.09247608,-0.29237595,0.09247625,-0.29238608,-0.07307021
697,Person_0000,Warehouse_015__Person_0000,46,46,Camera_10,20,Warehouse_015,Person,1,0.648493543758967,0,8970,/pfs/data6/home/st/st_us-053000/st_st191959/DL-Lab/DataSet/MTMC_Tracking_2025_Preprocessed/val/Warehouse_015/crops/Person_0000/Camera_10/Person_0000_Camera_10_f000000_r028.jpg,None,47,Warehouse_015__Person_0000,1.0,False,False,-0.14470202,-0.31286845,-0.144702,-0.31285873,-0.1574855
297,Person_0000,Warehouse_015__Person_0000,46,46,Camera_11,21,Warehouse_015,Person,1,0.6599326599326599,1860,8940,/pfs/data6/home/st/st_us-053000/st_st191959/DL-Lab/DataSet/MTMC_Tracking_2025_Preprocessed/val/Warehouse_015/crops/Person_0000/Camera_11/Person_0000_Camera_11_f001860_r007.jpg,None,47,Warehouse_015__Person_0000,1.0,False,False,-0.13735075,-0.30149838,-0.13735062,-0.3014971,-0.1182204
473,Person_0000,Warehouse_015__Person_0000,46,46,Camera_12,22,Warehouse_015,Person,1,0.642706131078224,0,7680,/pfs/data6/home/st/st_us-053000/st_st191959/DL-Lab/DataSet/MTMC_Tracking_2025_Preprocessed/val/Warehouse_015/crops/Person_0000/Camera_12/Person_0000_Camera_12_f000000_r024.jpg,None,47,Warehouse_015__Person_0000,1.0,False,False,-0.18800588,-0.29386118,-0.18800578,-0.2938531,-0.15692459
504,Person_0001,Warehouse_015__Person_0001,47,47,Camera,0,Warehouse_015,Person,1,0.6587301587301587,450,8970,/pfs/data6/home/st/st_us-053000/st_st191959/DL-Lab/DataSet/MTMC_Tracking_2025_Preprocessed/val/Warehouse_015/crops/Person_0001/Camera/Person_0001_Camera_f000450_r010.jpg,None,57,Warehouse_015__Person_0001,1.0,False,False,-0.4626545,-0.224126,-0.46265426,-0.22412534,0.054735452
218,Person_0001,Warehouse_015__Person_0001,47,47,Camera_01,11,Warehouse_015,Person,1,0.5963302752293578,0,8850,/pfs/data6/home/st/st_us-053000/st_st191959/DL-Lab/DataSet/MTMC_Tracking_2025_Preprocessed/val/Warehouse_015/crops/Person_0001/Camera_01/Person_0001_Camera_01_f000000_r021.jpg,None,57,Warehouse_015__Person_0001,1.0,False,False,-0.44209433,-0.21943723,-0.44209406,-0.21943927,0.022632675
436,Person_0001,Warehouse_015__Person_0001,47,47,Camera_03,13,Warehouse_015,Person,1,0.6330275229357798,0,8970,/pfs/data6/home/st/st_us-053000/st_st191959/DL-Lab/DataSet/MTMC_Tracking_2025_Preprocessed/val/Warehouse_015/crops/Person_0001/Camera_03/Person_0001_Camera_03_f000000_r015.jpg,None,57,Warehouse_015__Person_0001,1.0,False,False,-0.46924135,-0.19692895,-0.4692412,-0.1969292,0.04969496
470,Person_0001,Warehouse_015__Person_0001,47,47,Camera_04,14,Warehouse_015,Person,1,0.6638297872340425,480,8970,/pfs/data6/home/st/st_us-053000/st_st191959/DL-Lab/DataSet/MTMC_Tracking_2025_Preprocessed/val/Warehouse_015/crops/Person_0001/Camera_04/Person_0001_Camera_04_f000480_r005.jpg,None,57,Warehouse_015__Person_0001,1.0,False,False,-0.49424273,-0.18670127,-0.49424258,-0.18670295,0.044419777
90,Person_0001,Warehouse_015__Person_0001,47,47,Camera_07,17,Warehouse_015,Person,1,0.6666666666666666,0,1050,/pfs/data6/home/st/st_us-053000/st_st191959/DL-Lab/DataSet/MTMC_Tracking_2025_Preprocessed/val/Warehouse_015/crops/Person_0001/Camera_07/Person_0001_Camera_07_f000000_r006.jpg,None,57,Warehouse_015__Person_0001,1.0,False,False,-0.45464206,-0.15845306,-0.4546419,-0.15845688,0.078858584
657,Person_0001,Warehouse_015__Person_0001,47,47,Camera_08,18,Warehouse_015,Person,1,0.6636225266362252,1110,8970,/pfs/data6/home/st/st_us-053000/st_st191959/DL-Lab/DataSet/MTMC_Tracking_2025_Preprocessed/val/Warehouse_015/crops/Person_0001/Camera_08/Person_0001_Camera_08_f001110_r011.jpg,None,57,Warehouse_015__Person_0001,1.0,False,False,-0.43631464,-0.20811816,-0.4363146,-0.2081201,0.05115998
51,Person_0001,Warehouse_015__Person_0001,47,47,Camera_09,19,Warehouse_015,Person,1,0.6666666666666666,0,480,/pfs/data6/home/st/st_us-053000/st_st191959/DL-Lab/DataSet/MTMC_Tracking_2025_Preprocessed/val/Warehouse_015/crops/Person_0001/Camera_09/Person_0001_Camera_09_f000000_r003.jpg,None,57,Warehouse_015__Person_0001,1.0,False,False,-0.29535758,-0.1760281,-0.29535735,-0.17604803,0.08064395
438,Person_0001,Warehouse_015__Person_0001,47,47,Camera_10,20,Warehouse_015,Person,1,0.4155251141552511,240,8760,/pfs/data6/home/st/st_us-053000/st_st191959/DL-Lab/DataSet/MTMC_Tracking_2025_Preprocessed/val/Warehouse_015/crops/Person_0001/Camera_10/Person_0001_Camera_10_f000240_r029.jpg,None,57,Warehouse_015__Person_0001,1.0,False,False,-0.48016727,-0.20867233,-0.4801672,-0.20867527,0.0154444715
423,Person_0001,Warehouse_015__Person_0001,47,47,Camera_12,22,Warehouse_015,Person,1,0.6524822695035462,510,8970,/pfs/data6/home/st/st_us-053000/st_st191959/DL-Lab/DataSet/MTMC_Tracking_2025_Preprocessed/val/Warehouse_015/crops/Person_0001/Camera_12/Person_0001_Camera_12_f000510_r027.jpg,None,57,Warehouse_015__Person_0001,1.0,False,False,-0.48318058,-0.18147127,-0.48318037,-0.18146995,0.046125025
222,Person_0002,Warehouse_015__Person_0002,48,48,Camera,0,Warehouse_015,Person,1,0.6666666666666666,60,2610,/pfs/data6/home/st/st_us-053000/st_st191959/DL-Lab/DataSet/MTMC_Tracking_2025_Preprocessed/val/Warehouse_015/crops/Person_0002/Camera/Person_0002_Camera_f000060_r006.jpg,None,52,Warehouse_015__Person_0002,1.0,False,False,-0.34606794,-0.48738974,-0.34606794,-0.48739114,0.22659756
558,Person_0002,Warehouse_015__Person_0002,48,48,Camera_01,11,Warehouse_015,Person,1,0.6164874551971327,30,8730,/pfs/data6/home/st/st_us-053000/st_st191959/DL-Lab/DataSet/MTMC_Tracking_2025_Preprocessed/val/Warehouse_015/crops/Person_0002/Camera_01/Person_0002_Camera_01_f000030_r008.jpg,None,52,Warehouse_015__Person_0002,1.0,False,False,-0.31055164,-0.42890435,-0.3105517,-0.42889982,0.1592394
120,Person_0002,Warehouse_015__Person_0002,48,48,Camera_02,12,Warehouse_015,Person,1,0.6666666666666666,4680,8970,/pfs/data6/home/st/st_us-053000/st_st191959/DL-Lab/DataSet/MTMC_Tracking_2025_Preprocessed/val/Warehouse_015/crops/Person_0002/Camera_02/Person_0002_Camera_02_f004680_r000.jpg,None,52,Warehouse_015__Person_0002,1.0,False,False,-0.46632078,-0.41924807,-0.46632072,-0.419243,0.21221784
363,Person_0002,Warehouse_015__Person_0002,48,48,Camera_03,13,Warehouse_015,Person,1,0.5840220385674931,0,5580,/pfs/data6/home/st/st_us-053000/st_st191959/DL-Lab/DataSet/MTMC_Tracking_2025_Preprocessed/val/Warehouse_015/crops/Person_0002/Camera_03/Person_0002_Camera_03_f000000_r005.jpg,None,52,Warehouse_015__Person_0002,1.0,False,False,-0.28607282,-0.4163279,-0.28607285,-0.4163214,0.17031388
18,Person_0002,Warehouse_015__Person_0002,48,48,Camera_04,14,Warehouse_015,Person,1,0.6666666666666666,1800,2160,/pfs/data6/home/st/st_us-053000/st_st191959/DL-Lab/DataSet/MTMC_Tracking_2025_Preprocessed/val/Warehouse_015/crops/Person_0002/Camera_04/Person_0002_Camera_04_f001800_r002.jpg,None,52,Warehouse_015__Person_0002,1.0,False,False,-0.47855642,-0.4017954,-0.47855648,-0.401794,0.13323765
336,Person_0002,Warehouse_015__Person_0002,48,48,Camera_05,15,Warehouse_015,Person,1,0.6666666666666666,360,8340,/pfs/data6/home/st/st_us-053000/st_st191959/DL-Lab/DataSet/MTMC_Tracking_2025_Preprocessed/val/Warehouse_015/crops/Person_0002/Camera_05/Person_0002_Camera_05_f000360_r003.jpg,None,52,Warehouse_015__Person_0002,1.0,False,False,-0.3515798,-0.4223791,-0.35157982,-0.4223717,0.16704482
57,Person_0002,Warehouse_015__Person_0002,48,48,Camera_06,16,Warehouse_015,Person,1,0.6666666666666666,6960,7530,/pfs/data6/home/st/st_us-053000/st_st191959/DL-Lab/DataSet/MTMC_Tracking_2025_Preprocessed/val/Warehouse_015/crops/Person_0002/Camera_06/Person_0002_Camera_06_f006960_r001.jpg,None,52,Warehouse_015__Person_0002,1.0,False,False,-0.49111465,-0.31140307,-0.49111456,-0.31139874,0.21274236
192,Person_0002,Warehouse_015__Person_0002,48,48,Camera_07,17,Warehouse_015,Person,1,0.6666666666666666,0,2400,/pfs/data6/home/st/st_us-053000/st_st191959/DL-Lab/DataSet/MTMC_Tracking_2025_Preprocessed/val/Warehouse_015/crops/Person_0002/Camera_07/Person_0002_Camera_07_f000000_r001.jpg,None,52,Warehouse_015__Person_0002,1.0,False,False,-0.2365736,-0.4454766,-0.2365735,-0.4454852,0.2305188
182,Person_0002,Warehouse_015__Person_0002,48,48,Camera_08,18,Warehouse_015,Person,1,0.5934065934065934,3780,8970,/pfs/data6/home/st/st_us-053000/st_st191959/DL-Lab/DataSet/MTMC_Tracking_2025_Preprocessed/val/Warehouse_015/crops/Person_0002/Camera_08/Person_0002_Camera_08_f003780_r006.jpg,None,52,Warehouse_015__Person_0002,1.0,False,False,-0.40945786,-0.4269689,-0.40945777,-0.42697152,0.20154393
99,Person_0002,Warehouse_015__Person_0002,48,48,Camera_09,19,Warehouse_015,Person,1,0.6666666666666666,0,1830,/pfs/data6/home/st/st_us-053000/st_st191959/DL-Lab/DataSet/MTMC_Tracking_2025_Preprocessed/val/Warehouse_015/crops/Person_0002/Camera_09/Person_0002_Camera_09_f000000_r000.jpg,None,52,Warehouse_015__Person_0002,1.0,False,False,-0.3912759,-0.4239665,-0.39127564,-0.4239717,0.20075789
742,Person_0002,Warehouse_015__Person_0002,48,48,Camera_10,20,Warehouse_015,Person,1,0.6388140161725068,0,8370,/pfs/data6/home/st/st_us-053000/st_st191959/DL-Lab/DataSet/MTMC_Tracking_2025_Preprocessed/val/Warehouse_015/crops/Person_0002/Camera_10/Person_0002_Camera_10_f000000_r009.jpg,None,52,Warehouse_015__Person_0002,1.0,False,False,-0.40745422,-0.43344405,-0.40745425,-0.43344054,0.18568227
98,Person_0002,Warehouse_015__Person_0002,48,48,Camera_11,21,Warehouse_015,Person,1,0.5918367346938775,6360,8040,/pfs/data6/home/st/st_us-053000/st_st191959/DL-Lab/DataSet/MTMC_Tracking_2025_Preprocessed/val/Warehouse_015/crops/Person_0002/Camera_11/Person_0002_Camera_11_f006360_r001.jpg,None,52,Warehouse_015__Person_0002,1.0,False,False,-0.45484275,-0.3926763,-0.4548427,-0.3926751,0.17074251
571,Person_0002,Warehouse_015__Person_0002,48,48,Camera_12,22,Warehouse_015,Person,1,0.6164623467600701,30,8970,/pfs/data6/home/st/st_us-053000/st_st191959/DL-Lab/DataSet/MTMC_Tracking_2025_Preprocessed/val/Warehouse_015/crops/Person_0002/Camera_12/Person_0002_Camera_12_f000030_r010.jpg,None,52,Warehouse_015__Person_0002,1.0,False,False,-0.4886663,-0.38751766,-0.48866603,-0.38751552,0.25651133
183,Person_0003,Warehouse_015__Person_0003,49,49,Camera,0,Warehouse_015,Person,1,0.6666666666666666,180,2940,/pfs/data6/home/st/st_us-053000/st_st191959/DL-Lab/DataSet/MTMC_Tracking_2025_Preprocessed/val/Warehouse_015/crops/Person_0003/Camera/Person_0003_Camera_f000180_r009.jpg,None,100,Warehouse_015__Person_0003,1.0,False,False,-0.2800785,0.16565657,-0.2800784,0.16565476,0.493091
671,Person_0003,Warehouse_015__Person_0003,49,49,Camera_01,11,Warehouse_015,Person,1,0.5991058122205664,0,8970,/pfs/data6/home/st/st_us-053000/st_st191959/DL-Lab/DataSet/MTMC_Tracking_2025_Preprocessed/val/Warehouse_015/crops/Person_0003/Camera_01/Person_0003_Camera_01_f000000_r016.jpg,None,100,Warehouse_015__Person_0003,1.0,False,False,-0.32419136,0.16070358,-0.32419148,0.16070366,0.4833198
165,Person_0003,Warehouse_015__Person_0003,49,49,Camera_02,12,Warehouse_015,Person,1,0.6666666666666666,4410,6120,/pfs/data6/home/st/st_us-053000/st_st191959/DL-Lab/DataSet/MTMC_Tracking_2025_Preprocessed/val/Warehouse_015/crops/Person_0003/Camera_02/Person_0003_Camera_02_f004410_r002.jpg,None,100,Warehouse_015__Person_0003,1.0,False,False,-0.41883996,0.17631058,-0.41883978,0.17631257,0.42638597
341,Person_0003,Warehouse_015__Person_0003,49,49,Camera_03,13,Warehouse_015,Person,1,0.6099706744868035,0,3990,/pfs/data6/home/st/st_us-053000/st_st191959/DL-Lab/DataSet/MTMC_Tracking_2025_Preprocessed/val/Warehouse_015/crops/Person_0003/Camera_03/Person_0003_Camera_03_f000000_r011.jpg,None,100,Warehouse_015__Person_0003,1.0,False,False,-0.3727133,0.12989183,-0.37271318,0.12989092,0.4812204
24,Person_0003,Warehouse_015__Person_0003,49,49,Camera_04,14,Warehouse_015,Person,1,0.6666666666666666,1620,1830,/pfs/data6/home/st/st_us-053000/st_st191959/DL-Lab/DataSet/MTMC_Tracking_2025_Preprocessed/val/Warehouse_015/crops/Person_0003/Camera_04/Person_0003_Camera_04_f001620_r005.jpg,None,100,Warehouse_015__Person_0003,1.0,False,False,-0.34395194,0.23333812,-0.3439519,0.23333485,0.51912796
400,Person_0003,Warehouse_015__Person_0003,49,49,Camera_05,15,Warehouse_015,Person,1,0.665,3660,8970,/pfs/data6/home/st/st_us-053000/st_st191959/DL-Lab/DataSet/MTMC_Tracking_2025_Preprocessed/val/Warehouse_015/crops/Person_0003/Camera_05/Person_0003_Camera_05_f003660_r010.jpg,None,100,Warehouse_015__Person_0003,1.0,False,False,-0.32174456,0.17328188,-0.32174453,0.17328331,0.48695222
225,Person_0003,Warehouse_015__Person_0003,49,49,Camera_07,17,Warehouse_015,Person,1,0.6666666666666666,150,2850,/pfs/data6/home/st/st_us-053000/st_st191959/DL-Lab/DataSet/MTMC_Tracking_2025_Preprocessed/val/Warehouse_015/crops/Person_0003/Camera_07/Person_0003_Camera_07_f000150_r005.jpg,None,100,Warehouse_015__Person_0003,1.0,False,False,-0.3103821,0.22535574,-0.31038195,0.22534688,0.55496335
29,Person_0003,Warehouse_015__Person_0003,49,49,Camera_08,18,Warehouse_015,Person,1,0.6206896551724138,5340,6030,/pfs/data6/home/st/st_us-053000/st_st191959/DL-Lab/DataSet/MTMC_Tracking_2025_Preprocessed/val/Warehouse_015/crops/Person_0003/Camera_08/Person_0003_Camera_08_f005340_r013.jpg,None,100,Warehouse_015__Person_0003,1.0,False,False,-0.47866774,0.10070502,-0.47866765,0.10070571,0.3805844
162,Person_0003,Warehouse_015__Person_0003,49,49,Camera_09,19,Warehouse_015,Person,1,0.6666666666666666,0,1590,/pfs/data6/home/st/st_us-053000/st_st191959/DL-Lab/DataSet/MTMC_Tracking_2025_Preprocessed/val/Warehouse_015/crops/Person_0003/Camera_09/Person_0003_Camera_09_f000000_r002.jpg,None,-1,NOISE,0.0,True,False,-0.057353396,0.2789442,-0.057353165,0.2789155,0.6216878
660,Person_0003,Warehouse_015__Person_0003,49,49,Camera_10,20,Warehouse_015,Person,1,0.6393939393939394,0,8970,/pfs/data6/home/st/st_us-053000/st_st191959/DL-Lab/DataSet/MTMC_Tracking_2025_Preprocessed/val/Warehouse_015/crops/Person_0003/Camera_10/Person_0003_Camera_10_f000000_r020.jpg,None,100,Warehouse_015__Person_0003,1.0,False,False,-0.3661237,0.13038287,-0.36612368,0.13038218,0.44216344
183,Person_0003,Warehouse_015__Person_0003,49,49,Camera_11,21,Warehouse_015,Person,1,0.6666666666666666,6540,8970,/pfs/data6/home/st/st_us-053000/st_st191959/DL-Lab/DataSet/MTMC_Tracking_2025_Preprocessed/val/Warehouse_015/crops/Person_0003/Camera_11/Person_0003_Camera_11_f006540_r002.jpg,None,100,Warehouse_015__Person_0003,1.0,False,False,-0.314312,0.20890036,-0.31431192,0.20889652,0.53074557
557,Person_0003,Warehouse_015__Person_0003,49,49,Camera_12,22,Warehouse_015,Person,1,0.5637342908438061,180,8970,/pfs/data6/home/st/st_us-053000/st_st191959/DL-Lab/DataSet/MTMC_Tracking_2025_Preprocessed/val/Warehouse_015/crops/Person_0003/Camera_12/Person_0003_Camera_12_f000180_r018.jpg,None,100,Warehouse_015__Person_0003,1.0,False,False,-0.37787747,0.11093067,-0.37787738,0.11093195,0.45621705
483,Person_0004,Warehouse_015__Person_0004,50,50,Camera,0,Warehouse_015,Person,1,0.6666666666666666,0,4830,/pfs/data6/home/st/st_us-053000/st_st191959/DL-Lab/DataSet/MTMC_Tracking_2025_Preprocessed/val/Warehouse_015/crops/Person_0004/Camera/Person_0004_Camera_f000000_r015.jpg,None,80,Warehouse_015__Person_0004,1.0,False,False,-0.43244585,0.6584923,-0.43244556,0.6584902,-0.08605829
484,Person_0004,Warehouse_015__Person_0004,50,50,Camera_01,11,Warehouse_015,Person,1,0.6157024793388429,0,8970,/pfs/data6/home/st/st_us-053000/st_st191959/DL-Lab/DataSet/MTMC_Tracking_2025_Preprocessed/val/Warehouse_015/crops/Person_0004/Camera_01/Person_0004_Camera_01_f000000_r027.jpg,None,80,Warehouse_015__Person_0004,1.0,False,False,-0.41998965,0.64121914,-0.4199893,0.64122105,-0.11912119
237,Person_0004,Warehouse_015__Person_0004,50,50,Camera_02,12,Warehouse_015,Person,1,0.6666666666666666,6030,8940,/pfs/data6/home/st/st_us-053000/st_st191959/DL-Lab/DataSet/MTMC_Tracking_2025_Preprocessed/val/Warehouse_015/crops/Person_0004/Camera_02/Person_0004_Camera_02_f006030_r006.jpg,None,80,Warehouse_015__Person_0004,1.0,False,False,-0.5141257,0.60065967,-0.5141253,0.60066265,-0.13297239
376,Person_0004,Warehouse_015__Person_0004,50,50,Camera_03,13,Warehouse_015,Person,1,0.6648936170212766,0,5520,/pfs/data6/home/st/st_us-053000/st_st191959/DL-Lab/DataSet/MTMC_Tracking_2025_Preprocessed/val/Warehouse_015/crops/Person_0004/Camera_03/Person_0004_Camera_03_f000000_r019.jpg,None,80,Warehouse_015__Person_0004,1.0,False,False,-0.3540366,0.71228695,-0.35403642,0.7122786,-0.10165821
339,Person_0004,Warehouse_015__Person_0004,50,50,Camera_04,14,Warehouse_015,Person,1,0.6666666666666666,240,3930,/pfs/data6/home/st/st_us-053000/st_st191959/DL-Lab/DataSet/MTMC_Tracking_2025_Preprocessed/val/Warehouse_015/crops/Person_0004/Camera_04/Person_0004_Camera_04_f000240_r008.jpg,None,80,Warehouse_015__Person_0004,1.0,False,False,-0.46692875,0.65672565,-0.4669286,0.6567282,-0.09593912
224,Person_0004,Warehouse_015__Person_0004,50,50,Camera_05,15,Warehouse_015,Person,1,0.6517857142857143,4860,8970,/pfs/data6/home/st/st_us-053000/st_st191959/DL-Lab/DataSet/MTMC_Tracking_2025_Preprocessed/val/Warehouse_015/crops/Person_0004/Camera_05/Person_0004_Camera_05_f004860_r012.jpg,None,80,Warehouse_015__Person_0004,1.0,False,False,-0.40048486,0.62291765,-0.4004847,0.6229205,-0.109335095
227,Person_0004,Warehouse_015__Person_0004,50,50,Camera_07,17,Warehouse_015,Person,1,0.6607929515418502,300,5160,/pfs/data6/home/st/st_us-053000/st_st191959/DL-Lab/DataSet/MTMC_Tracking_2025_Preprocessed/val/Warehouse_015/crops/Person_0004/Camera_07/Person_0004_Camera_07_f000300_r007.jpg,None,80,Warehouse_015__Person_0004,1.0,False,False,-0.33034307,0.7334548,-0.33034265,0.733442,-0.11595689
298,Person_0004,Warehouse_015__Person_0004,50,50,Camera_08,18,Warehouse_015,Person,1,0.5973154362416108,720,8490,/pfs/data6/home/st/st_us-053000/st_st191959/DL-Lab/DataSet/MTMC_Tracking_2025_Preprocessed/val/Warehouse_015/crops/Person_0004/Camera_08/Person_0004_Camera_08_f000720_r013.jpg,None,80,Warehouse_015__Person_0004,1.0,False,False,-0.2787719,0.7437345,-0.27877155,0.74372566,-0.051523857
60,Person_0004,Warehouse_015__Person_0004,50,50,Camera_09,19,Warehouse_015,Person,1,0.6666666666666666,0,4260,/pfs/data6/home/st/st_us-053000/st_st191959/DL-Lab/DataSet/MTMC_Tracking_2025_Preprocessed/val/Warehouse_015/crops/Person_0004/Camera_09/Person_0004_Camera_09_f000000_r005.jpg,None,80,Warehouse_015__Person_0004,1.0,False,False,-0.2167677,0.7285622,-0.2167675,0.7285451,-0.039256684
449,Person_0004,Warehouse_015__Person_0004,50,50,Camera_10,20,Warehouse_015,Person,1,0.534521158129176,0,8970,/pfs/data6/home/st/st_us-053000/st_st191959/DL-Lab/DataSet/MTMC_Tracking_2025_Preprocessed/val/Warehouse_015/crops/Person_0004/Camera_10/Person_0004_Camera_10_f000000_r034.jpg,None,80,Warehouse_015__Person_0004,1.0,False,False,-0.46825683,0.633507,-0.4682565,0.6335043,-0.15853132
455,Person_0004,Warehouse_015__Person_0004,50,50,Camera_12,22,Warehouse_015,Person,1,0.5802197802197803,330,8970,/pfs/data6/home/st/st_us-053000/st_st191959/DL-Lab/DataSet/MTMC_Tracking_2025_Preprocessed/val/Warehouse_015/crops/Person_0004/Camera_12/Person_0004_Camera_12_f000330_r028.jpg,None,80,Warehouse_015__Person_0004,1.0,False,False,-0.48660505,0.62516385,-0.48660484,0.6251682,-0.07012475
238,Person_0005,Warehouse_015__Person_0005,51,51,Camera,0,Warehouse_015,Person,1,0.6638655462184874,120,4650,/pfs/data6/home/st/st_us-053000/st_st191959/DL-Lab/DataSet/MTMC_Tracking_2025_Preprocessed/val/Warehouse_015/crops/Person_0005/Camera/Person_0005_Camera_f000120_r016.jpg,None,28,Warehouse_015__Person_0005,1.0,False,False,-0.27895927,-0.1078926,-0.2789591,-0.10789007,0.054340556
649,Person_0005,Warehouse_015__Person_0005,51,51,Camera_01,11,Warehouse_015,Person,1,0.5639445300462249,0,8970,/pfs/data6/home/st/st_us-053000/st_st191959/DL-Lab/DataSet/MTMC_Tracking_2025_Preprocessed/val/Warehouse_015/crops/Person_0005/Camera_01/Person_0005_Camera_01_f000000_r028.jpg,None,28,Warehouse_015__Person_0005,1.0,False,False,-0.33987916,-0.080948025,-0.33987892,-0.0809366,0.004874076
755,Person_0005,Warehouse_015__Person_0005,51,51,Camera_03,13,Warehouse_015,Person,1,0.633112582781457,0,8970,/pfs/data6/home/st/st_us-053000/st_st191959/DL-Lab/DataSet/MTMC_Tracking_2025_Preprocessed/val/Warehouse_015/crops/Person_0005/Camera_03/Person_0005_Camera_03_f000000_r020.jpg,None,28,Warehouse_015__Person_0005,1.0,False,False,-0.3509958,-0.10553924,-0.35099545,-0.10553083,0.05476772
33,Person_0005,Warehouse_015__Person_0005,51,51,Camera_04,14,Warehouse_015,Person,1,0.6666666666666666,2640,3030,/pfs/data6/home/st/st_us-053000/st_st191959/DL-Lab/DataSet/MTMC_Tracking_2025_Preprocessed/val/Warehouse_015/crops/Person_0005/Camera_04/Person_0005_Camera_04_f002640_r009.jpg,None,28,Warehouse_015__Person_0005,1.0,False,False,-0.27436253,-0.12594454,-0.27436233,-0.12594345,0.09589609
321,Person_0005,Warehouse_015__Person_0005,51,51,Camera_05,15,Warehouse_015,Person,1,0.6355140186915887,330,7200,/pfs/data6/home/st/st_us-053000/st_st191959/DL-Lab/DataSet/MTMC_Tracking_2025_Preprocessed/val/Warehouse_015/crops/Person_0005/Camera_05/Person_0005_Camera_05_f000330_r017.jpg,None,28,Warehouse_015__Person_0005,1.0,False,False,-0.40060535,-0.08996022,-0.40060517,-0.08995049,0.012159872
24,Person_0005,Warehouse_015__Person_0005,51,51,Camera_06,16,Warehouse_015,Person,1,0.6666666666666666,6240,6450,/pfs/data6/home/st/st_us-053000/st_st191959/DL-Lab/DataSet/MTMC_Tracking_2025_Preprocessed/val/Warehouse_015/crops/Person_0005/Camera_06/Person_0005_Camera_06_f006240_r001.jpg,None,28,Warehouse_015__Person_0005,1.0,False,False,-0.103286855,-0.078792736,-0.10328666,-0.07880808,0.12885728
435,Person_0005,Warehouse_015__Person_0005,51,51,Camera_07,17,Warehouse_015,Person,1,0.6666666666666666,0,5040,/pfs/data6/home/st/st_us-053000/st_st191959/DL-Lab/DataSet/MTMC_Tracking_2025_Preprocessed/val/Warehouse_015/crops/Person_0005/Camera_07/Person_0005_Camera_07_f000000_r009.jpg,None,28,Warehouse_015__Person_0005,1.0,False,False,-0.28773424,-0.091005154,-0.28773397,-0.09100459,0.088068664
18,Person_0005,Warehouse_015__Person_0005,51,51,Camera_08,18,Warehouse_015,Person,1,0.6666666666666666,8010,8220,/pfs/data6/home/st/st_us-053000/st_st191959/DL-Lab/DataSet/MTMC_Tracking_2025_Preprocessed/val/Warehouse_015/crops/Person_0005/Camera_08/Person_0005_Camera_08_f008010_r013.jpg,None,-1,NOISE,0.0,True,False,-0.033237405,-0.17953062,-0.033237338,-0.17953423,0.10541965
186,Person_0005,Warehouse_015__Person_0005,51,51,Camera_09,19,Warehouse_015,Person,1,0.6666666666666666,0,4620,/pfs/data6/home/st/st_us-053000/st_st191959/DL-Lab/DataSet/MTMC_Tracking_2025_Preprocessed/val/Warehouse_015/crops/Person_0005/Camera_09/Person_0005_Camera_09_f000000_r006.jpg,None,28,Warehouse_015__Person_0005,1.0,False,False,-0.095435046,-0.089609854,-0.09543473,-0.0896241,0.16622095
620,Person_0005,Warehouse_015__Person_0005,51,51,Camera_10,20,Warehouse_015,Person,1,0.6193548387096774,60,8970,/pfs/data6/home/st/st_us-053000/st_st191959/DL-Lab/DataSet/MTMC_Tracking_2025_Preprocessed/val/Warehouse_015/crops/Person_0005/Camera_10/Person_0005_Camera_10_f000060_r034.jpg,None,28,Warehouse_015__Person_0005,1.0,False,False,-0.43003485,-0.100422524,-0.4300347,-0.10041004,0.010778984
640,Person_0005,Warehouse_015__Person_0005,51,51,Camera_12,22,Warehouse_015,Person,1,0.665625,120,8970,/pfs/data6/home/st/st_us-053000/st_st191959/DL-Lab/DataSet/MTMC_Tracking_2025_Preprocessed/val/Warehouse_015/crops/Person_0005/Camera_12/Person_0005_Camera_12_f000120_r028.jpg,None,28,Warehouse_015__Person_0005,1.0,False,False,-0.35823172,-0.08746303,-0.35823146,-0.08745118,0.028407207
96,Person_0006,Warehouse_015__Person_0006,52,52,Camera,0,Warehouse_015,Person,1,0.6666666666666666,0,6450,/pfs/data6/home/st/st_us-053000/st_st191959/DL-Lab/DataSet/MTMC_Tracking_2025_Preprocessed/val/Warehouse_015/crops/Person_0006/Camera/Person_0006_Camera_f000000_r008.jpg,None,111,Warehouse_015__Person_0006,0.9,False,False,-0.44130573,0.5261654,-0.44130555,0.5261731,-0.17603962
686,Person_0006,Warehouse_015__Person_0006,52,52,Camera_01,11,Warehouse_015,Person,1,0.6588921282798834,0,8970,/pfs/data6/home/st/st_us-053000/st_st191959/DL-Lab/DataSet/MTMC_Tracking_2025_Preprocessed/val/Warehouse_015/crops/Person_0006/Camera_01/Person_0006_Camera_01_f000000_r011.jpg,None,111,Warehouse_015__Person_0006,0.9,False,False,-0.44756955,0.5251825,-0.4475695,0.5251905,-0.20214368
38,Person_0006,Warehouse_015__Person_0006,52,52,Camera_02,12,Warehouse_015,Person,1,0.631578947368421,7050,7470,/pfs/data6/home/st/st_us-053000/st_st191959/DL-Lab/DataSet/MTMC_Tracking_2025_Preprocessed/val/Warehouse_015/crops/Person_0006/Camera_02/Person_0006_Camera_02_f007050_r002.jpg,None,-1,NOISE,0.0,True,False,-0.51932955,0.43759644,-0.5193294,0.4376047,-0.143511
435,Person_0006,Warehouse_015__Person_0006,52,52,Camera_03,13,Warehouse_015,Person,1,0.6666666666666666,0,8970,/pfs/data6/home/st/st_us-053000/st_st191959/DL-Lab/DataSet/MTMC_Tracking_2025_Preprocessed/val/Warehouse_015/crops/Person_0006/Camera_03/Person_0006_Camera_03_f000000_r009.jpg,None,111,Warehouse_015__Person_0006,0.9,False,False,-0.44960555,0.5320295,-0.44960517,0.53203493,-0.20600785
711,Person_0006,Warehouse_015__Person_0006,52,52,Camera_05,15,Warehouse_015,Person,1,0.6666666666666666,600,8970,/pfs/data6/home/st/st_us-053000/st_st191959/DL-Lab/DataSet/MTMC_Tracking_2025_Preprocessed/val/Warehouse_015/crops/Person_0006/Camera_05/Person_0006_Camera_05_f000600_r007.jpg,None,111,Warehouse_015__Person_0006,0.9,False,False,-0.43502203,0.53231215,-0.4350218,0.53232104,-0.20736252
387,Person_0006,Warehouse_015__Person_0006,52,52,Camera_06,16,Warehouse_015,Person,1,0.6666666666666666,2310,6930,/pfs/data6/home/st/st_us-053000/st_st191959/DL-Lab/DataSet/MTMC_Tracking_2025_Preprocessed/val/Warehouse_015/crops/Person_0006/Camera_06/Person_0006_Camera_06_f002310_r003.jpg,None,111,Warehouse_015__Person_0006,0.9,False,False,-0.4493082,0.5652403,-0.44930816,0.5652435,-0.1632231
174,Person_0006,Warehouse_015__Person_0006,52,52,Camera_07,17,Warehouse_015,Person,1,0.6666666666666666,0,6480,/pfs/data6/home/st/st_us-053000/st_st191959/DL-Lab/DataSet/MTMC_Tracking_2025_Preprocessed/val/Warehouse_015/crops/Person_0006/Camera_07/Person_0006_Camera_07_f000000_r003.jpg,None,111,Warehouse_015__Person_0006,0.9,False,False,-0.46920353,0.5486831,-0.46920323,0.54868704,-0.18837461
6,Person_0006,Warehouse_015__Person_0006,52,52,Camera_09,19,Warehouse_015,Person,1,0.6666666666666666,0,30,/pfs/data6/home/st/st_us-053000/st_st191959/DL-Lab/DataSet/MTMC_Tracking_2025_Preprocessed/val/Warehouse_015/crops/Person_0006/Camera_09/Person_0006_Camera_09_f000000_r001.jpg,None,-1,NOISE,0.0,True,False,-0.3420325,0.6328424,-0.34203228,0.632831,-0.24900554
864,Person_0006,Warehouse_015__Person_0006,52,52,Camera_10,20,Warehouse_015,Person,1,0.6620370370370371,0,8970,/pfs/data6/home/st/st_us-053000/st_st191959/DL-Lab/DataSet/MTMC_Tracking_2025_Preprocessed/val/Warehouse_015/crops/Person_0006/Camera_10/Person_0006_Camera_10_f000000_r015.jpg,None,111,Warehouse_015__Person_0006,0.9,False,False,-0.42915967,0.5361215,-0.42915958,0.5361281,-0.20242074
327,Person_0006,Warehouse_015__Person_0006,52,52,Camera_11,21,Warehouse_015,Person,1,0.6666666666666666,2340,7050,/pfs/data6/home/st/st_us-053000/st_st191959/DL-Lab/DataSet/MTMC_Tracking_2025_Preprocessed/val/Warehouse_015/crops/Person_0006/Camera_11/Person_0006_Camera_11_f002340_r004.jpg,None,111,Warehouse_015__Person_0006,0.9,False,False,-0.44776967,0.56792367,-0.4477694,0.5679294,-0.18800135
588,Person_0006,Warehouse_015__Person_0006,52,52,Camera_12,22,Warehouse_015,Person,1,0.6394557823129252,0,8970,/pfs/data6/home/st/st_us-053000/st_st191959/DL-Lab/DataSet/MTMC_Tracking_2025_Preprocessed/val/Warehouse_015/crops/Person_0006/Camera_12/Person_0006_Camera_12_f000000_r014.jpg,None,111,Warehouse_015__Person_0006,0.9,False,False,-0.47026062,0.53034633,-0.47026047,0.5303547,-0.18605573
218,Person_0008,Warehouse_015__Person_0008,53,53,Camera,0,Warehouse_015,Person,1,0.6605504587155964,1590,5190,/pfs/data6/home/st/st_us-053000/st_st191959/DL-Lab/DataSet/MTMC_Tracking_2025_Preprocessed/val/Warehouse_015/crops/Person_0008/Camera/Person_0008_Camera_f001590_r017.jpg,None,54,Warehouse_015__Person_0008,1.0,False,False,-0.27670088,-0.5663179,-0.2767009,-0.56631786,0.0031045144
404,Person_0008,Warehouse_015__Person_0008,53,53,Camera_01,11,Warehouse_015,Person,1,0.5693069306930693,0,8670,/pfs/data6/home/st/st_us-053000/st_st191959/DL-Lab/DataSet/MTMC_Tracking_2025_Preprocessed/val/Warehouse_015/crops/Person_0008/Camera_01/Person_0008_Camera_01_f000000_r037.jpg,None,54,Warehouse_015__Person_0008,1.0,False,False,-0.35582894,-0.47763336,-0.3558289,-0.477628,0.0008786561
165,Person_0008,Warehouse_015__Person_0008,53,53,Camera_02,12,Warehouse_015,Person,1,0.6545454545454545,5850,8550,/pfs/data6/home/st/st_us-053000/st_st191959/DL-Lab/DataSet/MTMC_Tracking_2025_Preprocessed/val/Warehouse_015/crops/Person_0008/Camera_02/Person_0008_Camera_02_f005850_r008.jpg,None,54,Warehouse_015__Person_0008,1.0,False,False,-0.4877999,-0.47170743,-0.48779985,-0.47170493,-0.0073026675
300,Person_0008,Warehouse_015__Person_0008,53,53,Camera_03,13,Warehouse_015,Person,1,0.47333333333333333,390,6060,/pfs/data6/home/st/st_us-053000/st_st191959/DL-Lab/DataSet/MTMC_Tracking_2025_Preprocessed/val/Warehouse_015/crops/Person_0008/Camera_03/Person_0008_Camera_03_f000390_r033.jpg,None,54,Warehouse_015__Person_0008,1.0,False,False,-0.40198708,-0.5129021,-0.40198705,-0.5129006,0.05334101
370,Person_0008,Warehouse_015__Person_0008,53,53,Camera_05,15,Warehouse_015,Person,1,0.5513513513513514,0,8970,/pfs/data6/home/st/st_us-053000/st_st191959/DL-Lab/DataSet/MTMC_Tracking_2025_Preprocessed/val/Warehouse_015/crops/Person_0008/Camera_05/Person_0008_Camera_05_f000000_r020.jpg,None,54,Warehouse_015__Person_0008,1.0,False,False,-0.3533377,-0.5131414,-0.3533375,-0.51314,0.011316071
75,Person_0008,Warehouse_015__Person_0008,53,53,Camera_06,16,Warehouse_015,Person,1,0.64,0,8970,/pfs/data6/home/st/st_us-053000/st_st191959/DL-Lab/DataSet/MTMC_Tracking_2025_Preprocessed/val/Warehouse_015/crops/Person_0008/Camera_06/Person_0008_Camera_06_f000000_r009.jpg,None,54,Warehouse_015__Person_0008,1.0,False,False,-0.4903092,-0.4367742,-0.49030927,-0.436779,0.031085866
414,Person_0008,Warehouse_015__Person_0008,53,53,Camera_07,17,Warehouse_015,Person,1,0.6666666666666666,480,5220,/pfs/data6/home/st/st_us-053000/st_st191959/DL-Lab/DataSet/MTMC_Tracking_2025_Preprocessed/val/Warehouse_015/crops/Person_0008/Camera_07/Person_0008_Camera_07_f000480_r013.jpg,None,54,Warehouse_015__Person_0008,1.0,False,False,-0.32182178,-0.532079,-0.32182157,-0.5320804,0.06331412
35,Person_0008,Warehouse_015__Person_0008,53,53,Camera_08,18,Warehouse_015,Person,1,0.5714285714285714,5850,6540,/pfs/data6/home/st/st_us-053000/st_st191959/DL-Lab/DataSet/MTMC_Tracking_2025_Preprocessed/val/Warehouse_015/crops/Person_0008/Camera_08/Person_0008_Camera_08_f005850_r021.jpg,None,-1,NOISE,0.0,True,False,-0.6061296,-0.3902994,-0.6061293,-0.3902956,-0.004344755
238,Person_0008,Warehouse_015__Person_0008,53,53,Camera_09,19,Warehouse_015,Person,1,0.6554621848739496,2670,5100,/pfs/data6/home/st/st_us-053000/st_st191959/DL-Lab/DataSet/MTMC_Tracking_2025_Preprocessed/val/Warehouse_015/crops/Person_0008/Camera_09/Person_0008_Camera_09_f002670_r002.jpg,None,-1,NOISE,0.0,True,False,0.05632954,-0.5118213,0.056329776,-0.51184106,0.1737468
557,Person_0008,Warehouse_015__Person_0008,53,53,Camera_10,20,Warehouse_015,Person,1,0.599640933572711,0,8970,/pfs/data6/home/st/st_us-053000/st_st191959/DL-Lab/DataSet/MTMC_Tracking_2025_Preprocessed/val/Warehouse_015/crops/Person_0008/Camera_10/Person_0008_Camera_10_f000000_r045.jpg,None,54,Warehouse_015__Person_0008,1.0,False,False,-0.33053732,-0.5152569,-0.3305375,-0.51525414,0.028240137
124,Person_0008,Warehouse_015__Person_0008,53,53,Camera_11,21,Warehouse_015,Person,1,0.6612903225806451,0,8970,/pfs/data6/home/st/st_us-053000/st_st191959/DL-Lab/DataSet/MTMC_Tracking_2025_Preprocessed/val/Warehouse_015/crops/Person_0008/Camera_11/Person_0008_Camera_11_f000000_r010.jpg,None,54,Warehouse_015__Person_0008,1.0,False,False,-0.41959855,-0.48440567,-0.41959852,-0.4844074,0.0002102835
488,Person_0008,Warehouse_015__Person_0008,53,53,Camera_12,22,Warehouse_015,Person,1,0.6024590163934426,1530,8880,/pfs/data6/home/st/st_us-053000/st_st191959/DL-Lab/DataSet/MTMC_Tracking_2025_Preprocessed/val/Warehouse_015/crops/Person_0008/Camera_12/Person_0008_Camera_12_f001530_r038.jpg,None,54,Warehouse_015__Person_0008,1.0,False,False,-0.3089397,-0.5352385,-0.30893973,-0.53523284,0.054142777
452,Person_0009,Warehouse_015__Person_0009,54,54,Camera,0,Warehouse_015,Person,1,0.6504424778761062,3900,8970,/pfs/data6/home/st/st_us-053000/st_st191959/DL-Lab/DataSet/MTMC_Tracking_2025_Preprocessed/val/Warehouse_015/crops/Person_0009/Camera/Person_0009_Camera_f003900_r008.jpg,None,68,Warehouse_015__Person_0177,0.375,False,True,-0.4215947,0.012149553,-0.4215945,0.012150111,-0.31955835
361,Person_0009,Warehouse_015__Person_0009,54,54,Camera_01,11,Warehouse_015,Person,1,0.6426592797783933,90,8940,/pfs/data6/home/st/st_us-053000/st_st191959/DL-Lab/DataSet/MTMC_Tracking_2025_Preprocessed/val/Warehouse_015/crops/Person_0009/Camera_01/Person_0009_Camera_01_f000090_r009.jpg,None,68,Warehouse_015__Person_0177,0.375,False,True,-0.41141036,0.012180537,-0.41141033,0.012179028,-0.30606315
283,Person_0009,Warehouse_015__Person_0009,54,54,Camera_02,12,Warehouse_015,Person,1,0.6643109540636042,660,3600,/pfs/data6/home/st/st_us-053000/st_st191959/DL-Lab/DataSet/MTMC_Tracking_2025_Preprocessed/val/Warehouse_015/crops/Person_0009/Camera_02/Person_0009_Camera_02_f000660_r003.jpg,None,68,Warehouse_015__Person_0177,0.375,False,True,-0.46769908,-0.025541427,-0.46769905,-0.025538212,-0.3006945
142,Person_0009,Warehouse_015__Person_0009,54,54,Camera_03,13,Warehouse_015,Person,1,0.6197183098591549,3330,8970,/pfs/data6/home/st/st_us-053000/st_st191959/DL-Lab/DataSet/MTMC_Tracking_2025_Preprocessed/val/Warehouse_015/crops/Person_0009/Camera_03/Person_0009_Camera_03_f003330_r007.jpg,None,68,Warehouse_015__Person_0177,0.375,False,True,-0.36390525,0.026066465,-0.36390522,0.026063582,-0.33078277
466,Person_0009,Warehouse_015__Person_0009,54,54,Camera_04,14,Warehouse_015,Person,1,0.6652360515021459,3870,8970,/pfs/data6/home/st/st_us-053000/st_st191959/DL-Lab/DataSet/MTMC_Tracking_2025_Preprocessed/val/Warehouse_015/crops/Person_0009/Camera_04/Person_0009_Camera_04_f003870_r004.jpg,None,68,Warehouse_015__Person_0177,0.375,False,True,-0.46368438,0.01031331,-0.4636842,0.010314837,-0.33417806
168,Person_0009,Warehouse_015__Person_0009,54,54,Camera_05,15,Warehouse_015,Person,1,0.6666666666666666,0,2700,/pfs/data6/home/st/st_us-053000/st_st191959/DL-Lab/DataSet/MTMC_Tracking_2025_Preprocessed/val/Warehouse_015/crops/Person_0009/Camera_05/Person_0009_Camera_05_f000000_r004.jpg,None,68,Warehouse_015__Person_0177,0.375,False,True,-0.3491383,0.02312918,-0.34913838,0.023127358,-0.3416212
42,Person_0009,Warehouse_015__Person_0009,54,54,Camera_06,16,Warehouse_015,Person,1,0.6666666666666666,0,390,/pfs/data6/home/st/st_us-053000/st_st191959/DL-Lab/DataSet/MTMC_Tracking_2025_Preprocessed/val/Warehouse_015/crops/Person_0009/Camera_06/Person_0009_Camera_06_f000000_r002.jpg,None,68,Warehouse_015__Person_0177,0.375,False,True,-0.33364242,0.0844713,-0.33364224,0.08446377,-0.1703771
599,Person_0009,Warehouse_015__Person_0009,54,54,Camera_08,18,Warehouse_015,Person,1,0.654424040066778,1560,8970,/pfs/data6/home/st/st_us-053000/st_st191959/DL-Lab/DataSet/MTMC_Tracking_2025_Preprocessed/val/Warehouse_015/crops/Person_0009/Camera_08/Person_0009_Camera_08_f001560_r006.jpg,None,68,Warehouse_015__Person_0177,0.375,False,True,-0.4374414,0.034228675,-0.43744147,0.03422798,-0.28844362
342,Person_0009,Warehouse_015__Person_0009,54,54,Camera_10,20,Warehouse_015,Person,1,0.4269005847953216,0,8970,/pfs/data6/home/st/st_us-053000/st_st191959/DL-Lab/DataSet/MTMC_Tracking_2025_Preprocessed/val/Warehouse_015/crops/Person_0009/Camera_10/Person_0009_Camera_10_f000000_r010.jpg,None,68,Warehouse_015__Person_0177,0.375,False,True,-0.4214498,-0.008456732,-0.42144987,-0.0084595205,-0.3554155
39,Person_0009,Warehouse_015__Person_0009,54,54,Camera_11,21,Warehouse_015,Person,1,0.6666666666666666,0,360,/pfs/data6/home/st/st_us-053000/st_st191959/DL-Lab/DataSet/MTMC_Tracking_2025_Preprocessed/val/Warehouse_015/crops/Person_0009/Camera_11/Person_0009_Camera_11_f000000_r002.jpg,None,68,Warehouse_015__Person_0177,0.375,False,True,-0.4159038,0.054667424,-0.41590354,0.054665092,-0.2389584
375,Person_0009,Warehouse_015__Person_0009,54,54,Camera_12,22,Warehouse_015,Person,1,0.576,360,8580,/pfs/data6/home/st/st_us-053000/st_st191959/DL-Lab/DataSet/MTMC_Tracking_2025_Preprocessed/val/Warehouse_015/crops/Person_0009/Camera_12/Person_0009_Camera_12_f000360_r010.jpg,None,68,Warehouse_015__Person_0177,0.375,False,True,-0.44093412,-0.022961257,-0.44093406,-0.02296251,-0.3367499
424,Person_0010,Warehouse_015__Person_0010,55,55,Camera_01,11,Warehouse_015,Person,1,0.6415094339622641,270,8940,/pfs/data6/home/st/st_us-053000/st_st191959/DL-Lab/DataSet/MTMC_Tracking_2025_Preprocessed/val/Warehouse_015/crops/Person_0010/Camera_01/Person_0010_Camera_01_f000270_r022.jpg,None,66,Warehouse_015__Person_0010,1.0,False,False,-0.2643863,-0.019791547,-0.2643864,-0.019788032,0.5375808
219,Person_0010,Warehouse_015__Person_0010,55,55,Camera_02,12,Warehouse_015,Person,1,0.6666666666666666,480,8100,/pfs/data6/home/st/st_us-053000/st_st191959/DL-Lab/DataSet/MTMC_Tracking_2025_Preprocessed/val/Warehouse_015/crops/Person_0010/Camera_02/Person_0010_Camera_02_f000480_r005.jpg,None,66,Warehouse_015__Person_0010,1.0,False,False,-0.3133919,0.0012701488,-0.31339198,0.0012734429,0.53899574
344,Person_0010,Warehouse_015__Person_0010,55,55,Camera_03,13,Warehouse_015,Person,1,0.6627906976744186,3330,8940,/pfs/data6/home/st/st_us-053000/st_st191959/DL-Lab/DataSet/MTMC_Tracking_2025_Preprocessed/val/Warehouse_015/crops/Person_0010/Camera_03/Person_0010_Camera_03_f003330_r014.jpg,None,66,Warehouse_015__Person_0010,1.0,False,False,-0.28001612,-0.02218087,-0.28001624,-0.022177974,0.5329948
352,Person_0010,Warehouse_015__Person_0010,55,55,Camera_05,15,Warehouse_015,Person,1,0.6306818181818182,0,8970,/pfs/data6/home/st/st_us-053000/st_st191959/DL-Lab/DataSet/MTMC_Tracking_2025_Preprocessed/val/Warehouse_015/crops/Person_0010/Camera_05/Person_0010_Camera_05_f000000_r010.jpg,None,66,Warehouse_015__Person_0010,1.0,False,False,-0.2900834,-0.020405574,-0.2900836,-0.02040561,0.52583927
234,Person_0010,Warehouse_015__Person_0010,55,55,Camera_06,16,Warehouse_015,Person,1,0.6666666666666666,0,3000,/pfs/data6/home/st/st_us-053000/st_st191959/DL-Lab/DataSet/MTMC_Tracking_2025_Preprocessed/val/Warehouse_015/crops/Person_0010/Camera_06/Person_0010_Camera_06_f000000_r004.jpg,None,66,Warehouse_015__Person_0010,1.0,False,False,-0.31308648,-0.027126813,-0.31308636,-0.027129635,0.5734267
138,Person_0010,Warehouse_015__Person_0010,55,55,Camera_08,18,Warehouse_015,Person,1,0.6086956521739131,4770,7890,/pfs/data6/home/st/st_us-053000/st_st191959/DL-Lab/DataSet/MTMC_Tracking_2025_Preprocessed/val/Warehouse_015/crops/Person_0010/Camera_08/Person_0010_Camera_08_f004770_r012.jpg,None,66,Warehouse_015__Person_0010,1.0,False,False,-0.21646006,-0.026867706,-0.21646012,-0.026862934,0.49742413
637,Person_0010,Warehouse_015__Person_0010,55,55,Camera_10,20,Warehouse_015,Person,1,0.6185243328100472,150,8940,/pfs/data6/home/st/st_us-053000/st_st191959/DL-Lab/DataSet/MTMC_Tracking_2025_Preprocessed/val/Warehouse_015/crops/Person_0010/Camera_10/Person_0010_Camera_10_f000150_r021.jpg,None,66,Warehouse_015__Person_0010,1.0,False,False,-0.3007305,-0.023797717,-0.30073047,-0.023794739,0.52286375
273,Person_0010,Warehouse_015__Person_0010,55,55,Camera_11,21,Warehouse_015,Person,1,0.6666666666666666,0,2790,/pfs/data6/home/st/st_us-053000/st_st191959/DL-Lab/DataSet/MTMC_Tracking_2025_Preprocessed/val/Warehouse_015/crops/Person_0010/Camera_11/Person_0010_Camera_11_f000000_r004.jpg,None,66,Warehouse_015__Person_0010,1.0,False,False,-0.31397763,0.01955584,-0.3139776,0.019552242,0.56645244
446,Person_0010,Warehouse_015__Person_0010,55,55,Camera_12,22,Warehouse_015,Person,1,0.5022421524663677,210,8970,/pfs/data6/home/st/st_us-053000/st_st191959/DL-Lab/DataSet/MTMC_Tracking_2025_Preprocessed/val/Warehouse_015/crops/Person_0010/Camera_12/Person_0010_Camera_12_f000210_r021.jpg,None,66,Warehouse_015__Person_0010,1.0,False,False,-0.31587332,-0.056218557,-0.3158732,-0.05621657,0.5280413
217,Person_0011,Warehouse_015__Person_0011,56,56,Camera,0,Warehouse_015,Person,1,0.663594470046083,6360,8790,/pfs/data6/home/st/st_us-053000/st_st191959/DL-Lab/DataSet/MTMC_Tracking_2025_Preprocessed/val/Warehouse_015/crops/Person_0011/Camera/Person_0011_Camera_f006360_r015.jpg,None,33,Warehouse_015__Person_0011,1.0,False,False,-0.4913451,-0.3093334,-0.4913451,-0.30934867,-0.07852654
602,Person_0011,Warehouse_015__Person_0011,56,56,Camera_01,11,Warehouse_015,Person,1,0.6312292358803987,0,8970,/pfs/data6/home/st/st_us-053000/st_st191959/DL-Lab/DataSet/MTMC_Tracking_2025_Preprocessed/val/Warehouse_015/crops/Person_0011/Camera_01/Person_0011_Camera_01_f000000_r019.jpg,None,33,Warehouse_015__Person_0011,1.0,False,False,-0.5416517,-0.31457612,-0.5416518,-0.31458834,-0.08875228
156,Person_0011,Warehouse_015__Person_0011,56,56,Camera_02,12,Warehouse_015,Person,1,0.6666666666666666,1470,4890,/pfs/data6/home/st/st_us-053000/st_st191959/DL-Lab/DataSet/MTMC_Tracking_2025_Preprocessed/val/Warehouse_015/crops/Person_0011/Camera_02/Person_0011_Camera_02_f001470_r008.jpg,None,33,Warehouse_015__Person_0011,1.0,False,False,-0.5201832,-0.31946576,-0.52018327,-0.31947756,-0.07092788
305,Person_0011,Warehouse_015__Person_0011,56,56,Camera_03,13,Warehouse_015,Person,1,0.6491803278688525,5790,8970,/pfs/data6/home/st/st_us-053000/st_st191959/DL-Lab/DataSet/MTMC_Tracking_2025_Preprocessed/val/Warehouse_015/crops/Person_0011/Camera_03/Person_0011_Camera_03_f005790_r017.jpg,None,33,Warehouse_015__Person_0011,1.0,False,False,-0.5514784,-0.2980878,-0.55147845,-0.29810083,-0.119992726
463,Person_0011,Warehouse_015__Person_0011,56,56,Camera_05,15,Warehouse_015,Person,1,0.6652267818574514,0,6360,/pfs/data6/home/st/st_us-053000/st_st191959/DL-Lab/DataSet/MTMC_Tracking_2025_Preprocessed/val/Warehouse_015/crops/Person_0011/Camera_05/Person_0011_Camera_05_f000000_r011.jpg,None,33,Warehouse_015__Person_0011,1.0,False,False,-0.5608916,-0.31984127,-0.5608917,-0.31985393,-0.066658795
194,Person_0011,Warehouse_015__Person_0011,56,56,Camera_06,16,Warehouse_015,Person,1,0.6597938144329897,0,5040,/pfs/data6/home/st/st_us-053000/st_st191959/DL-Lab/DataSet/MTMC_Tracking_2025_Preprocessed/val/Warehouse_015/crops/Person_0011/Camera_06/Person_0011_Camera_06_f000000_r005.jpg,None,33,Warehouse_015__Person_0011,1.0,False,False,-0.53837776,-0.27473643,-0.53837746,-0.27475157,-0.04380822
174,Person_0011,Warehouse_015__Person_0011,56,56,Camera_07,17,Warehouse_015,Person,1,0.6666666666666666,6060,8460,/pfs/data6/home/st/st_us-053000/st_st191959/DL-Lab/DataSet/MTMC_Tracking_2025_Preprocessed/val/Warehouse_015/crops/Person_0011/Camera_07/Person_0011_Camera_07_f006060_r007.jpg,None,33,Warehouse_015__Person_0011,1.0,False,False,-0.51816756,-0.2904991,-0.5181675,-0.2905121,-0.09543693
39,Person_0011,Warehouse_015__Person_0011,56,56,Camera_08,18,Warehouse_015,Person,1,0.6666666666666666,1920,2310,/pfs/data6/home/st/st_us-053000/st_st191959/DL-Lab/DataSet/MTMC_Tracking_2025_Preprocessed/val/Warehouse_015/crops/Person_0011/Camera_08/Person_0011_Camera_08_f001920_r009.jpg,None,33,Warehouse_015__Person_0011,1.0,False,False,-0.5127613,-0.25671193,-0.51276124,-0.25673014,-0.09708307
647,Person_0011,Warehouse_015__Person_0011,56,56,Camera_10,20,Warehouse_015,Person,1,0.6491499227202473,0,8970,/pfs/data6/home/st/st_us-053000/st_st191959/DL-Lab/DataSet/MTMC_Tracking_2025_Preprocessed/val/Warehouse_015/crops/Person_0011/Camera_10/Person_0011_Camera_10_f000000_r025.jpg,None,33,Warehouse_015__Person_0011,1.0,False,False,-0.50896955,-0.31274983,-0.5089694,-0.31276304,-0.0960291
425,Person_0011,Warehouse_015__Person_0011,56,56,Camera_11,21,Warehouse_015,Person,1,0.6635294117647059,0,5430,/pfs/data6/home/st/st_us-053000/st_st191959/DL-Lab/DataSet/MTMC_Tracking_2025_Preprocessed/val/Warehouse_015/crops/Person_0011/Camera_11/Person_0011_Camera_11_f000000_r005.jpg,None,33,Warehouse_015__Person_0011,1.0,False,False,-0.48068443,-0.32209906,-0.4806845,-0.32211652,-0.03585073
750,Person_0011,Warehouse_015__Person_0011,56,56,Camera_12,22,Warehouse_015,Person,1,0.64,0,8970,/pfs/data6/home/st/st_us-053000/st_st191959/DL-Lab/DataSet/MTMC_Tracking_2025_Preprocessed/val/Warehouse_015/crops/Person_0011/Camera_12/Person_0011_Camera_12_f000000_r021.jpg,None,33,Warehouse_015__Person_0011,1.0,False,False,-0.52815425,-0.32017383,-0.5281544,-0.3201879,-0.10831211
535,Person_0012,Warehouse_015__Person_0012,57,57,Camera_01,11,Warehouse_015,Person,1,0.6542056074766355,330,8970,/pfs/data6/home/st/st_us-053000/st_st191959/DL-Lab/DataSet/MTMC_Tracking_2025_Preprocessed/val/Warehouse_015/crops/Person_0012/Camera_01/Person_0012_Camera_01_f000330_r034.jpg,None,41,Warehouse_015__Person_0012,0.5294117647058824,False,False,-0.32679802,0.4280712,-0.3267981,0.42809665,-0.1860324
408,Person_0012,Warehouse_015__Person_0012,57,57,Camera_02,12,Warehouse_015,Person,1,0.6519607843137255,3420,8970,/pfs/data6/home/st/st_us-053000/st_st191959/DL-Lab/DataSet/MTMC_Tracking_2025_Preprocessed/val/Warehouse_015/crops/Person_0012/Camera_02/Person_0012_Camera_02_f003420_r005.jpg,None,41,Warehouse_015__Person_0012,0.5294117647058824,False,False,-0.443144,0.42132944,-0.4431441,0.4213531,-0.14749946
91,Person_0012,Warehouse_015__Person_0012,57,57,Camera_03,13,Warehouse_015,Person,1,0.6593406593406593,1320,2220,/pfs/data6/home/st/st_us-053000/st_st191959/DL-Lab/DataSet/MTMC_Tracking_2025_Preprocessed/val/Warehouse_015/crops/Person_0012/Camera_03/Person_0012_Camera_03_f001320_r023.jpg,None,41,Warehouse_015__Person_0012,0.5294117647058824,False,False,-0.45439214,0.38164362,-0.4543922,0.38166773,-0.16136621
569,Person_0012,Warehouse_015__Person_0012,57,57,Camera_05,15,Warehouse_015,Person,1,0.6537785588752196,270,8910,/pfs/data6/home/st/st_us-053000/st_st191959/DL-Lab/DataSet/MTMC_Tracking_2025_Preprocessed/val/Warehouse_015/crops/Person_0012/Camera_05/Person_0012_Camera_05_f000270_r015.jpg,None,41,Warehouse_015__Person_0012,0.5294117647058824,False,False,-0.39866593,0.45512888,-0.39866588,0.45515174,-0.13028485
229,Person_0012,Warehouse_015__Person_0012,57,57,Camera_06,16,Warehouse_015,Person,1,0.6637554585152838,0,8370,/pfs/data6/home/st/st_us-053000/st_st191959/DL-Lab/DataSet/MTMC_Tracking_2025_Preprocessed/val/Warehouse_015/crops/Person_0012/Camera_06/Person_0012_Camera_06_f000000_r008.jpg,None,41,Warehouse_015__Person_0012,0.5294117647058824,False,False,-0.3719365,0.43863818,-0.3719366,0.43866044,-0.12581602
94,Person_0012,Warehouse_015__Person_0012,57,57,Camera_08,18,Warehouse_015,Person,1,0.40425531914893614,4080,8940,/pfs/data6/home/st/st_us-053000/st_st191959/DL-Lab/DataSet/MTMC_Tracking_2025_Preprocessed/val/Warehouse_015/crops/Person_0012/Camera_08/Person_0012_Camera_08_f004080_r014.jpg,None,41,Warehouse_015__Person_0012,0.5294117647058824,False,False,-0.46484688,0.4137249,-0.46484682,0.4137419,-0.11915137
498,Person_0012,Warehouse_015__Person_0012,57,57,Camera_10,20,Warehouse_015,Person,1,0.6626506024096386,300,8970,/pfs/data6/home/st/st_us-053000/st_st191959/DL-Lab/DataSet/MTMC_Tracking_2025_Preprocessed/val/Warehouse_015/crops/Person_0012/Camera_10/Person_0012_Camera_10_f000300_r035.jpg,None,41,Warehouse_015__Person_0012,0.5294117647058824,False,False,-0.27485767,0.46820173,-0.27485773,0.46822876,-0.18609296
337,Person_0012,Warehouse_015__Person_0012,57,57,Camera_11,21,Warehouse_015,Person,1,0.6646884272997032,0,8400,/pfs/data6/home/st/st_us-053000/st_st191959/DL-Lab/DataSet/MTMC_Tracking_2025_Preprocessed/val/Warehouse_015/crops/Person_0012/Camera_11/Person_0012_Camera_11_f000000_r007.jpg,None,41,Warehouse_015__Person_0012,0.5294117647058824,False,False,-0.2322632,0.55079556,-0.23226307,0.5508127,-0.12503134
610,Person_0012,Warehouse_015__Person_0012,57,57,Camera_12,22,Warehouse_015,Person,1,0.5836065573770491,270,8910,/pfs/data6/home/st/st_us-053000/st_st191959/DL-Lab/DataSet/MTMC_Tracking_2025_Preprocessed/val/Warehouse_015/crops/Person_0012/Camera_12/Person_0012_Camera_12_f000270_r028.jpg,None,41,Warehouse_015__Person_0012,0.5294117647058824,False,False,-0.48509386,0.41929057,-0.4850937,0.41930848,-0.09967939
559,Person_0013,Warehouse_015__Person_0013,58,58,Camera_01,11,Warehouse_015,Person,1,0.6511627906976745,0,8970,/pfs/data6/home/st/st_us-053000/st_st191959/DL-Lab/DataSet/MTMC_Tracking_2025_Preprocessed/val/Warehouse_015/crops/Person_0013/Camera_01/Person_0013_Camera_01_f000000_r025.jpg,None,41,Warehouse_015__Person_0012,0.5294117647058824,False,True,-0.38656107,0.4558364,-0.38656092,0.45586386,-0.16097489
378,Person_0013,Warehouse_015__Person_0013,58,58,Camera_02,12,Warehouse_015,Person,1,0.6666666666666666,1170,8970,/pfs/data6/home/st/st_us-053000/st_st191959/DL-Lab/DataSet/MTMC_Tracking_2025_Preprocessed/val/Warehouse_015/crops/Person_0013/Camera_02/Person_0013_Camera_02_f001170_r008.jpg,None,41,Warehouse_015__Person_0012,0.5294117647058824,False,True,-0.45058623,0.43636516,-0.45058623,0.43638954,-0.104837276
240,Person_0013,Warehouse_015__Person_0013,58,58,Camera_03,13,Warehouse_015,Person,1,0.6583333333333333,90,8160,/pfs/data6/home/st/st_us-053000/st_st191959/DL-Lab/DataSet/MTMC_Tracking_2025_Preprocessed/val/Warehouse_015/crops/Person_0013/Camera_03/Person_0013_Camera_03_f000090_r019.jpg,None,41,Warehouse_015__Person_0012,0.5294117647058824,False,True,-0.4141711,0.45182213,-0.4141711,0.45184958,-0.16963863
615,Person_0013,Warehouse_015__Person_0013,58,58,Camera_05,15,Warehouse_015,Person,1,0.6666666666666666,0,8610,/pfs/data6/home/st/st_us-053000/st_st191959/DL-Lab/DataSet/MTMC_Tracking_2025_Preprocessed/val/Warehouse_015/crops/Person_0013/Camera_05/Person_0013_Camera_05_f000000_r013.jpg,None,41,Warehouse_015__Person_0012,0.5294117647058824,False,True,-0.40317097,0.46641332,-0.40317082,0.46643978,-0.14215665
201,Person_0013,Warehouse_015__Person_0013,58,58,Camera_06,16,Warehouse_015,Person,1,0.6666666666666666,0,4800,/pfs/data6/home/st/st_us-053000/st_st191959/DL-Lab/DataSet/MTMC_Tracking_2025_Preprocessed/val/Warehouse_015/crops/Person_0013/Camera_06/Person_0013_Camera_06_f000000_r007.jpg,None,41,Warehouse_015__Person_0012,0.5294117647058824,False,True,-0.46810198,0.46283323,-0.4681019,0.46285638,-0.14071722
9,Person_0013,Warehouse_015__Person_0013,58,58,Camera_07,17,Warehouse_015,Person,1,0.6666666666666666,150,210,/pfs/data6/home/st/st_us-053000/st_st191959/DL-Lab/DataSet/MTMC_Tracking_2025_Preprocessed/val/Warehouse_015/crops/Person_0013/Camera_07/Person_0013_Camera_07_f000150_r009.jpg,None,-1,NOISE,0.0,True,False,-0.48644534,0.41859728,-0.48644525,0.41861352,-0.008923067
197,Person_0013,Warehouse_015__Person_0013,58,58,Camera_08,18,Warehouse_015,Person,1,0.6091370558375635,6180,8940,/pfs/data6/home/st/st_us-053000/st_st191959/DL-Lab/DataSet/MTMC_Tracking_2025_Preprocessed/val/Warehouse_015/crops/Person_0013/Camera_08/Person_0013_Camera_08_f006180_r013.jpg,None,41,Warehouse_015__Person_0012,0.5294117647058824,False,True,-0.5338923,0.42926997,-0.53389215,0.42928544,-0.15483132
808,Person_0013,Warehouse_015__Person_0013,58,58,Camera_10,20,Warehouse_015,Person,1,0.6633663366336634,0,8910,/pfs/data6/home/st/st_us-053000/st_st191959/DL-Lab/DataSet/MTMC_Tracking_2025_Preprocessed/val/Warehouse_015/crops/Person_0013/Camera_10/Person_0013_Camera_10_f000000_r031.jpg,None,41,Warehouse_015__Person_0012,0.5294117647058824,False,True,-0.4285047,0.41416535,-0.4285045,0.41419134,-0.17198046
186,Person_0013,Warehouse_015__Person_0013,58,58,Camera_11,21,Warehouse_015,Person,1,0.6666666666666666,3150,5070,/pfs/data6/home/st/st_us-053000/st_st191959/DL-Lab/DataSet/MTMC_Tracking_2025_Preprocessed/val/Warehouse_015/crops/Person_0013/Camera_11/Person_0013_Camera_11_f003150_r006.jpg,None,-1,NOISE,0.0,True,False,-0.45018023,0.1742161,-0.4501801,0.17422345,-0.04715451
581,Person_0013,Warehouse_015__Person_0013,58,58,Camera_12,22,Warehouse_015,Person,1,0.5266781411359724,0,8970,/pfs/data6/home/st/st_us-053000/st_st191959/DL-Lab/DataSet/MTMC_Tracking_2025_Preprocessed/val/Warehouse_015/crops/Person_0013/Camera_12/Person_0013_Camera_12_f000000_r028.jpg,None,41,Warehouse_015__Person_0012,0.5294117647058824,False,True,-0.5564936,0.4214888,-0.5564933,0.42150885,-0.108464055
296,Person_0014,Warehouse_015__Person_0014,59,59,Camera_01,11,Warehouse_015,Person,1,0.6621621621621622,660,8400,/pfs/data6/home/st/st_us-053000/st_st191959/DL-Lab/DataSet/MTMC_Tracking_2025_Preprocessed/val/Warehouse_015/crops/Person_0014/Camera_01/Person_0014_Camera_01_f000660_r048.jpg,None,78,Warehouse_015__Person_0232,0.55,False,True,-0.34361976,-0.15445383,-0.34361959,-0.15444057,-0.19324675
216,Person_0014,Warehouse_015__Person_0014,59,59,Camera_02,12,Warehouse_015,Person,1,0.6666666666666666,660,8970,/pfs/data6/home/st/st_us-053000/st_st191959/DL-Lab/DataSet/MTMC_Tracking_2025_Preprocessed/val/Warehouse_015/crops/Person_0014/Camera_02/Person_0014_Camera_02_f000660_r012.jpg,None,78,Warehouse_015__Person_0232,0.55,False,True,-0.47928736,-0.16415915,-0.47928733,-0.16414915,-0.13375877
24,Person_0014,Warehouse_015__Person_0014,59,59,Camera_03,13,Warehouse_015,Person,1,0.6666666666666666,7140,7350,/pfs/data6/home/st/st_us-053000/st_st191959/DL-Lab/DataSet/MTMC_Tracking_2025_Preprocessed/val/Warehouse_015/crops/Person_0014/Camera_03/Person_0014_Camera_03_f007140_r034.jpg,None,78,Warehouse_015__Person_0232,0.55,False,True,-0.3733573,-0.16291334,-0.37335718,-0.16290832,-0.15313542
574,Person_0014,Warehouse_015__Person_0014,59,59,Camera_05,15,Warehouse_015,Person,1,0.662020905923345,150,8370,/pfs/data6/home/st/st_us-053000/st_st191959/DL-Lab/DataSet/MTMC_Tracking_2025_Preprocessed/val/Warehouse_015/crops/Person_0014/Camera_05/Person_0014_Camera_05_f000150_r025.jpg,None,78,Warehouse_015__Person_0232,0.55,False,True,-0.41554245,-0.14549993,-0.41554233,-0.14548874,-0.11670648
557,Person_0014,Warehouse_015__Person_0014,59,59,Camera_06,16,Warehouse_015,Person,1,0.6642728904847397,0,6900,/pfs/data6/home/st/st_us-053000/st_st191959/DL-Lab/DataSet/MTMC_Tracking_2025_Preprocessed/val/Warehouse_015/crops/Person_0014/Camera_06/Person_0014_Camera_06_f000000_r010.jpg,None,78,Warehouse_015__Person_0232,0.55,False,True,-0.4001494,-0.10791254,-0.4001492,-0.107910275,-0.06763845
82,Person_0014,Warehouse_015__Person_0014,59,59,Camera_08,18,Warehouse_015,Person,1,0.6585365853658537,7710,8970,/pfs/data6/home/st/st_us-053000/st_st191959/DL-Lab/DataSet/MTMC_Tracking_2025_Preprocessed/val/Warehouse_015/crops/Person_0014/Camera_08/Person_0014_Camera_08_f007710_r022.jpg,None,78,Warehouse_015__Person_0232,0.55,False,True,-0.49051076,-0.2141086,-0.4905107,-0.21409231,-0.04416755
618,Person_0014,Warehouse_015__Person_0014,59,59,Camera_10,20,Warehouse_015,Person,1,0.6601941747572816,180,8340,/pfs/data6/home/st/st_us-053000/st_st191959/DL-Lab/DataSet/MTMC_Tracking_2025_Preprocessed/val/Warehouse_015/crops/Person_0014/Camera_10/Person_0014_Camera_10_f000180_r050.jpg,None,78,Warehouse_015__Person_0232,0.55,False,True,-0.34830585,-0.1316092,-0.348306,-0.13158737,-0.19714677
619,Person_0014,Warehouse_015__Person_0014,59,59,Camera_11,21,Warehouse_015,Person,1,0.6655896607431341,0,6900,/pfs/data6/home/st/st_us-053000/st_st191959/DL-Lab/DataSet/MTMC_Tracking_2025_Preprocessed/val/Warehouse_015/crops/Person_0014/Camera_11/Person_0014_Camera_11_f000000_r012.jpg,None,78,Warehouse_015__Person_0232,0.55,False,True,-0.30773792,-0.1348973,-0.30773774,-0.13489538,-0.12843966
385,Person_0014,Warehouse_015__Person_0014,59,59,Camera_12,22,Warehouse_015,Person,1,0.638961038961039,600,8970,/pfs/data6/home/st/st_us-053000/st_st191959/DL-Lab/DataSet/MTMC_Tracking_2025_Preprocessed/val/Warehouse_015/crops/Person_0014/Camera_12/Person_0014_Camera_12_f000600_r054.jpg,None,78,Warehouse_015__Person_0232,0.55,False,True,-0.5321307,-0.16907486,-0.5321307,-0.16905987,-0.0671532
549,Person_0015,Warehouse_015__Person_0015,60,60,Camera,0,Warehouse_015,Person,1,0.6666666666666666,1650,8970,/pfs/data6/home/st/st_us-053000/st_st191959/DL-Lab/DataSet/MTMC_Tracking_2025_Preprocessed/val/Warehouse_015/crops/Person_0015/Camera/Person_0015_Camera_f001650_r008.jpg,None,94,Warehouse_015__Person_0015,1.0,False,False,-0.5709671,0.5514707,-0.5709669,0.5514782,-0.16250508
708,Person_0015,Warehouse_015__Person_0015,60,60,Camera_01,11,Warehouse_015,Person,1,0.596045197740113,0,8970,/pfs/data6/home/st/st_us-053000/st_st191959/DL-Lab/DataSet/MTMC_Tracking_2025_Preprocessed/val/Warehouse_015/crops/Person_0015/Camera_01/Person_0015_Camera_01_f000000_r012.jpg,None,94,Warehouse_015__Person_0015,1.0,False,False,-0.5851872,0.5080358,-0.58518714,0.5080469,-0.11310628
656,Person_0015,Warehouse_015__Person_0015,60,60,Camera_03,13,Warehouse_015,Person,1,0.6402439024390244,1260,8970,/pfs/data6/home/st/st_us-053000/st_st191959/DL-Lab/DataSet/MTMC_Tracking_2025_Preprocessed/val/Warehouse_015/crops/Person_0015/Camera_03/Person_0015_Camera_03_f001260_r010.jpg,None,94,Warehouse_015__Person_0015,1.0,False,False,-0.58982164,0.4895749,-0.58982146,0.48958644,-0.11202999
159,Person_0015,Warehouse_015__Person_0015,60,60,Camera_04,14,Warehouse_015,Person,1,0.6540880503144654,3960,8700,/pfs/data6/home/st/st_us-053000/st_st191959/DL-Lab/DataSet/MTMC_Tracking_2025_Preprocessed/val/Warehouse_015/crops/Person_0015/Camera_04/Person_0015_Camera_04_f003960_r006.jpg,None,94,Warehouse_015__Person_0015,1.0,False,False,-0.58206195,0.55154413,-0.582062,0.551555,-0.15430526
295,Person_0015,Warehouse_015__Person_0015,60,60,Camera_05,15,Warehouse_015,Person,1,0.6576271186440678,0,7110,/pfs/data6/home/st/st_us-053000/st_st191959/DL-Lab/DataSet/MTMC_Tracking_2025_Preprocessed/val/Warehouse_015/crops/Person_0015/Camera_05/Person_0015_Camera_05_f000000_r006.jpg,None,94,Warehouse_015__Person_0015,1.0,False,False,-0.6067079,0.46987385,-0.60670793,0.46988678,-0.12610163
162,Person_0015,Warehouse_015__Person_0015,60,60,Camera_06,16,Warehouse_015,Person,1,0.6666666666666666,0,2430,/pfs/data6/home/st/st_us-053000/st_st191959/DL-Lab/DataSet/MTMC_Tracking_2025_Preprocessed/val/Warehouse_015/crops/Person_0015/Camera_06/Person_0015_Camera_06_f000000_r003.jpg,None,94,Warehouse_015__Person_0015,1.0,False,False,-0.5914585,0.53360456,-0.59145844,0.5336098,-0.103625
385,Person_0015,Warehouse_015__Person_0015,60,60,Camera_07,17,Warehouse_015,Person,1,0.6597402597402597,1350,8970,/pfs/data6/home/st/st_us-053000/st_st191959/DL-Lab/DataSet/MTMC_Tracking_2025_Preprocessed/val/Warehouse_015/crops/Person_0015/Camera_07/Person_0015_Camera_07_f001350_r002.jpg,None,94,Warehouse_015__Person_0015,1.0,False,False,-0.59057575,0.5376296,-0.5905754,0.5376394,-0.13356347
72,Person_0015,Warehouse_015__Person_0015,60,60,Camera_08,18,Warehouse_015,Person,1,0.6666666666666666,7710,8520,/pfs/data6/home/st/st_us-053000/st_st191959/DL-Lab/DataSet/MTMC_Tracking_2025_Preprocessed/val/Warehouse_015/crops/Person_0015/Camera_08/Person_0015_Camera_08_f007710_r007.jpg,None,94,Warehouse_015__Person_0015,1.0,False,False,-0.5316914,0.5196447,-0.5316911,0.5196481,-0.24869542
193,Person_0015,Warehouse_015__Person_0015,60,60,Camera_09,19,Warehouse_015,Person,1,0.6632124352331606,3720,7200,/pfs/data6/home/st/st_us-053000/st_st191959/DL-Lab/DataSet/MTMC_Tracking_2025_Preprocessed/val/Warehouse_015/crops/Person_0015/Camera_09/Person_0015_Camera_09_f003720_r000.jpg,None,94,Warehouse_015__Person_0015,1.0,False,False,-0.46513134,0.6268613,-0.4651307,0.6268565,-0.1369876
819,Person_0015,Warehouse_015__Person_0015,60,60,Camera_10,20,Warehouse_015,Person,1,0.6446886446886447,0,8970,/pfs/data6/home/st/st_us-053000/st_st191959/DL-Lab/DataSet/MTMC_Tracking_2025_Preprocessed/val/Warehouse_015/crops/Person_0015/Camera_10/Person_0015_Camera_10_f000000_r016.jpg,None,94,Warehouse_015__Person_0015,1.0,False,False,-0.56802434,0.51288193,-0.5680242,0.5128942,-0.13242391
106,Person_0015,Warehouse_015__Person_0015,60,60,Camera_11,21,Warehouse_015,Person,1,0.660377358490566,0,1530,/pfs/data6/home/st/st_us-053000/st_st191959/DL-Lab/DataSet/MTMC_Tracking_2025_Preprocessed/val/Warehouse_015/crops/Person_0015/Camera_11/Person_0015_Camera_11_f000000_r003.jpg,None,94,Warehouse_015__Person_0015,1.0,False,False,-0.629604,0.47477025,-0.6296039,0.4747813,-0.07076956
551,Person_0015,Warehouse_015__Person_0015,60,60,Camera_12,22,Warehouse_015,Person,1,0.6642468239564429,450,8970,/pfs/data6/home/st/st_us-053000/st_st191959/DL-Lab/DataSet/MTMC_Tracking_2025_Preprocessed/val/Warehouse_015/crops/Person_0015/Camera_12/Person_0015_Camera_12_f000450_r017.jpg,None,94,Warehouse_015__Person_0015,1.0,False,False,-0.5637048,0.5437017,-0.56370455,0.54371303,-0.10605579
102,Person_0016,Warehouse_015__Person_0016,61,61,Camera,0,Warehouse_015,Person,1,0.6666666666666666,3780,4830,/pfs/data6/home/st/st_us-053000/st_st191959/DL-Lab/DataSet/MTMC_Tracking_2025_Preprocessed/val/Warehouse_015/crops/Person_0016/Camera/Person_0016_Camera_f003780_r012.jpg,None,70,Warehouse_015__Person_0016,1.0,False,False,-0.4827544,0.50784737,-0.48275447,0.5078467,-0.27849284
424,Person_0016,Warehouse_015__Person_0016,61,61,Camera_01,11,Warehouse_015,Person,1,0.6179245283018868,0,7740,/pfs/data6/home/st/st_us-053000/st_st191959/DL-Lab/DataSet/MTMC_Tracking_2025_Preprocessed/val/Warehouse_015/crops/Person_0016/Camera_01/Person_0016_Camera_01_f000000_r024.jpg,None,70,Warehouse_015__Person_0016,1.0,False,False,-0.3586181,0.5034574,-0.3586179,0.5034527,-0.35484722
78,Person_0016,Warehouse_015__Person_0016,61,61,Camera_02,12,Warehouse_015,Person,1,0.6666666666666666,1830,2580,/pfs/data6/home/st/st_us-053000/st_st191959/DL-Lab/DataSet/MTMC_Tracking_2025_Preprocessed/val/Warehouse_015/crops/Person_0016/Camera_02/Person_0016_Camera_02_f001830_r008.jpg,None,70,Warehouse_015__Person_0016,1.0,False,False,-0.45042068,0.47541517,-0.45042053,0.47541413,-0.30804408
190,Person_0016,Warehouse_015__Person_0016,61,61,Camera_03,13,Warehouse_015,Person,1,0.6631578947368421,1440,5190,/pfs/data6/home/st/st_us-053000/st_st191959/DL-Lab/DataSet/MTMC_Tracking_2025_Preprocessed/val/Warehouse_015/crops/Person_0016/Camera_03/Person_0016_Camera_03_f001440_r018.jpg,None,70,Warehouse_015__Person_0016,1.0,False,False,-0.43039545,0.48161614,-0.4303953,0.4816109,-0.31210297
744,Person_0016,Warehouse_015__Person_0016,61,61,Camera_05,15,Warehouse_015,Person,1,0.6451612903225806,0,8970,/pfs/data6/home/st/st_us-053000/st_st191959/DL-Lab/DataSet/MTMC_Tracking_2025_Preprocessed/val/Warehouse_015/crops/Person_0016/Camera_05/Person_0016_Camera_05_f000000_r012.jpg,None,70,Warehouse_015__Person_0016,1.0,False,False,-0.4393859,0.49531853,-0.43938586,0.4953149,-0.31930697
516,Person_0016,Warehouse_015__Person_0016,61,61,Camera_06,16,Warehouse_015,Person,1,0.6627906976744186,0,8970,/pfs/data6/home/st/st_us-053000/st_st191959/DL-Lab/DataSet/MTMC_Tracking_2025_Preprocessed/val/Warehouse_015/crops/Person_0016/Camera_06/Person_0016_Camera_06_f000000_r006.jpg,None,70,Warehouse_015__Person_0016,1.0,False,False,-0.425178,0.49792504,-0.42517772,0.49791738,-0.3080446
114,Person_0016,Warehouse_015__Person_0016,61,61,Camera_07,17,Warehouse_015,Person,1,0.6666666666666666,3750,4890,/pfs/data6/home/st/st_us-053000/st_st191959/DL-Lab/DataSet/MTMC_Tracking_2025_Preprocessed/val/Warehouse_015/crops/Person_0016/Camera_07/Person_0016_Camera_07_f003750_r008.jpg,None,70,Warehouse_015__Person_0016,1.0,False,False,-0.3951983,0.48979995,-0.39519817,0.48979458,-0.3192021
9,Person_0016,Warehouse_015__Person_0016,61,61,Camera_09,19,Warehouse_015,Person,1,0.6666666666666666,4140,4200,/pfs/data6/home/st/st_us-053000/st_st191959/DL-Lab/DataSet/MTMC_Tracking_2025_Preprocessed/val/Warehouse_015/crops/Person_0016/Camera_09/Person_0016_Camera_09_f004140_r003.jpg,None,70,Warehouse_015__Person_0016,1.0,False,False,-0.406799,0.41222933,-0.40679866,0.41221613,-0.26755643
740,Person_0016,Warehouse_015__Person_0016,61,61,Camera_10,20,Warehouse_015,Person,1,0.6621621621621622,0,8970,/pfs/data6/home/st/st_us-053000/st_st191959/DL-Lab/DataSet/MTMC_Tracking_2025_Preprocessed/val/Warehouse_015/crops/Person_0016/Camera_10/Person_0016_Camera_10_f000000_r030.jpg,None,70,Warehouse_015__Person_0016,1.0,False,False,-0.35208172,0.5000183,-0.35208163,0.50001544,-0.33226985
595,Person_0016,Warehouse_015__Person_0016,61,61,Camera_11,21,Warehouse_015,Person,1,0.6588235294117647,0,8970,/pfs/data6/home/st/st_us-053000/st_st191959/DL-Lab/DataSet/MTMC_Tracking_2025_Preprocessed/val/Warehouse_015/crops/Person_0016/Camera_11/Person_0016_Camera_11_f000000_r006.jpg,None,70,Warehouse_015__Person_0016,1.0,False,False,-0.42359817,0.4956686,-0.42359802,0.49566138,-0.3145756
389,Person_0016,Warehouse_015__Person_0016,61,61,Camera_12,22,Warehouse_015,Person,1,0.6323907455012854,0,6570,/pfs/data6/home/st/st_us-053000/st_st191959/DL-Lab/DataSet/MTMC_Tracking_2025_Preprocessed/val/Warehouse_015/crops/Person_0016/Camera_12/Person_0016_Camera_12_f000000_r027.jpg,None,70,Warehouse_015__Person_0016,1.0,False,False,-0.41639334,0.47800502,-0.41639313,0.47800133,-0.3124497
295,Person_0017,Warehouse_015__Person_0017,62,62,Camera,0,Warehouse_015,Person,1,0.6576271186440678,3810,8970,/pfs/data6/home/st/st_us-053000/st_st191959/DL-Lab/DataSet/MTMC_Tracking_2025_Preprocessed/val/Warehouse_015/crops/Person_0017/Camera/Person_0017_Camera_f003810_r007.jpg,None,34,Warehouse_015__Person_0017,1.0,False,False,-0.4726515,-0.31511363,-0.47265136,-0.31509253,0.22425604
542,Person_0017,Warehouse_015__Person_0017,62,62,Camera_01,11,Warehouse_015,Person,1,0.6014760147601476,210,8490,/pfs/data6/home/st/st_us-053000/st_st191959/DL-Lab/DataSet/MTMC_Tracking_2025_Preprocessed/val/Warehouse_015/crops/Person_0017/Camera_01/Person_0017_Camera_01_f000210_r011.jpg,None,34,Warehouse_015__Person_0017,1.0,False,False,-0.422098,-0.3085223,-0.42209813,-0.30849415,0.21014608
201,Person_0017,Warehouse_015__Person_0017,62,62,Camera_02,12,Warehouse_015,Person,1,0.6666666666666666,0,3300,/pfs/data6/home/st/st_us-053000/st_st191959/DL-Lab/DataSet/MTMC_Tracking_2025_Preprocessed/val/Warehouse_015/crops/Person_0017/Camera_02/Person_0017_Camera_02_f000000_r003.jpg,None,34,Warehouse_015__Person_0017,1.0,False,False,-0.44319153,-0.33259133,-0.44319153,-0.3325687,0.22091712
436,Person_0017,Warehouse_015__Person_0017,62,62,Camera_03,13,Warehouse_015,Person,1,0.6513761467889908,3300,8970,/pfs/data6/home/st/st_us-053000/st_st191959/DL-Lab/DataSet/MTMC_Tracking_2025_Preprocessed/val/Warehouse_015/crops/Person_0017/Camera_03/Person_0017_Camera_03_f003300_r007.jpg,None,34,Warehouse_015__Person_0017,1.0,False,False,-0.41181713,-0.32195848,-0.41181707,-0.32193324,0.23399012
172,Person_0017,Warehouse_015__Person_0017,62,62,Camera_04,14,Warehouse_015,Person,1,0.6627906976744186,6900,8940,/pfs/data6/home/st/st_us-053000/st_st191959/DL-Lab/DataSet/MTMC_Tracking_2025_Preprocessed/val/Warehouse_015/crops/Person_0017/Camera_04/Person_0017_Camera_04_f006900_r004.jpg,None,34,Warehouse_015__Person_0017,1.0,False,False,-0.48098242,-0.32158116,-0.4809823,-0.32155558,0.23357415
294,Person_0017,Warehouse_015__Person_0017,62,62,Camera_05,15,Warehouse_015,Person,1,0.6666666666666666,180,6240,/pfs/data6/home/st/st_us-053000/st_st191959/DL-Lab/DataSet/MTMC_Tracking_2025_Preprocessed/val/Warehouse_015/crops/Person_0017/Camera_05/Person_0017_Camera_05_f000180_r004.jpg,None,34,Warehouse_015__Person_0017,1.0,False,False,-0.37458092,-0.32412627,-0.37458083,-0.32409763,0.22558136
105,Person_0017,Warehouse_015__Person_0017,62,62,Camera_06,16,Warehouse_015,Person,1,0.6666666666666666,0,6000,/pfs/data6/home/st/st_us-053000/st_st191959/DL-Lab/DataSet/MTMC_Tracking_2025_Preprocessed/val/Warehouse_015/crops/Person_0017/Camera_06/Person_0017_Camera_06_f000000_r001.jpg,None,34,Warehouse_015__Person_0017,1.0,False,False,-0.42999068,-0.33860582,-0.4299906,-0.3385919,0.24413837
34,Person_0017,Warehouse_015__Person_0017,62,62,Camera_07,17,Warehouse_015,Person,1,0.6470588235294118,4020,8220,/pfs/data6/home/st/st_us-053000/st_st191959/DL-Lab/DataSet/MTMC_Tracking_2025_Preprocessed/val/Warehouse_015/crops/Person_0017/Camera_07/Person_0017_Camera_07_f004020_r005.jpg,None,34,Warehouse_015__Person_0017,1.0,False,False,-0.36789417,-0.36682355,-0.3678942,-0.3668126,0.21180727
271,Person_0017,Warehouse_015__Person_0017,62,62,Camera_08,18,Warehouse_015,Person,1,0.5756457564575646,840,8970,/pfs/data6/home/st/st_us-053000/st_st191959/DL-Lab/DataSet/MTMC_Tracking_2025_Preprocessed/val/Warehouse_015/crops/Person_0017/Camera_08/Person_0017_Camera_08_f000840_r009.jpg,None,34,Warehouse_015__Person_0017,1.0,False,False,-0.3686628,-0.3681941,-0.36866286,-0.36817357,0.19526568
481,Person_0017,Warehouse_015__Person_0017,62,62,Camera_10,20,Warehouse_015,Person,1,0.6029106029106029,180,8940,/pfs/data6/home/st/st_us-053000/st_st191959/DL-Lab/DataSet/MTMC_Tracking_2025_Preprocessed/val/Warehouse_015/crops/Person_0017/Camera_10/Person_0017_Camera_10_f000180_r011.jpg,None,34,Warehouse_015__Person_0017,1.0,False,False,-0.4512571,-0.31926456,-0.45125702,-0.31923884,0.24721582
101,Person_0017,Warehouse_015__Person_0017,62,62,Camera_11,21,Warehouse_015,Person,1,0.6534653465346535,90,5970,/pfs/data6/home/st/st_us-053000/st_st191959/DL-Lab/DataSet/MTMC_Tracking_2025_Preprocessed/val/Warehouse_015/crops/Person_0017/Camera_11/Person_0017_Camera_11_f000090_r002.jpg,None,34,Warehouse_015__Person_0017,1.0,False,False,-0.44290447,-0.31842232,-0.44290462,-0.3184001,0.26980588
504,Person_0017,Warehouse_015__Person_0017,62,62,Camera_12,22,Warehouse_015,Person,1,0.5833333333333334,0,8970,/pfs/data6/home/st/st_us-053000/st_st191959/DL-Lab/DataSet/MTMC_Tracking_2025_Preprocessed/val/Warehouse_015/crops/Person_0017/Camera_12/Person_0017_Camera_12_f000000_r010.jpg,None,34,Warehouse_015__Person_0017,1.0,False,False,-0.4461275,-0.3195539,-0.44612774,-0.31953087,0.23736222
859,Person_0166,Warehouse_015__Person_0166,63,63,Camera,0,Warehouse_015,Person,1,0.6519208381839348,0,8970,/pfs/data6/home/st/st_us-053000/st_st191959/DL-Lab/DataSet/MTMC_Tracking_2025_Preprocessed/val/Warehouse_015/crops/Person_0166/Camera/Person_0166_Camera_f000000_r018.jpg,None,44,Warehouse_015__Person_0166,1.0,False,False,-0.29611203,-0.33634788,-0.29611197,-0.3363377,0.34647754
297,Person_0166,Warehouse_015__Person_0166,63,63,Camera_01,11,Warehouse_015,Person,1,0.26936026936026936,0,8970,/pfs/data6/home/st/st_us-053000/st_st191959/DL-Lab/DataSet/MTMC_Tracking_2025_Preprocessed/val/Warehouse_015/crops/Person_0166/Camera_01/Person_0166_Camera_01_f000000_r047.jpg,None,44,Warehouse_015__Person_0166,1.0,False,False,-0.39774516,-0.36830398,-0.39774498,-0.3682934,0.34325042
510,Person_0166,Warehouse_015__Person_0166,63,63,Camera_03,13,Warehouse_015,Person,1,0.5843137254901961,0,8970,/pfs/data6/home/st/st_us-053000/st_st191959/DL-Lab/DataSet/MTMC_Tracking_2025_Preprocessed/val/Warehouse_015/crops/Person_0166/Camera_03/Person_0166_Camera_03_f000000_r035.jpg,None,44,Warehouse_015__Person_0166,1.0,False,False,-0.37697497,-0.33378923,-0.37697482,-0.33377987,0.33054864
726,Person_0166,Warehouse_015__Person_0166,63,63,Camera_04,14,Warehouse_015,Person,1,0.6666666666666666,0,8460,/pfs/data6/home/st/st_us-053000/st_st191959/DL-Lab/DataSet/MTMC_Tracking_2025_Preprocessed/val/Warehouse_015/crops/Person_0166/Camera_04/Person_0166_Camera_04_f000000_r011.jpg,None,44,Warehouse_015__Person_0166,1.0,False,False,-0.3054708,-0.2891547,-0.3054708,-0.2891499,0.3805087
69,Person_0166,Warehouse_015__Person_0166,63,63,Camera_07,17,Warehouse_015,Person,1,0.6666666666666666,7440,8970,/pfs/data6/home/st/st_us-053000/st_st191959/DL-Lab/DataSet/MTMC_Tracking_2025_Preprocessed/val/Warehouse_015/crops/Person_0166/Camera_07/Person_0166_Camera_07_f007440_r012.jpg,None,-1,NOISE,0.0,True,False,-0.34498918,-0.3555949,-0.344989,-0.355588,0.4526266
312,Person_0166,Warehouse_015__Person_0166,63,63,Camera_08,18,Warehouse_015,Person,1,0.6666666666666666,0,8490,/pfs/data6/home/st/st_us-053000/st_st191959/DL-Lab/DataSet/MTMC_Tracking_2025_Preprocessed/val/Warehouse_015/crops/Person_0166/Camera_08/Person_0166_Camera_08_f000000_r026.jpg,None,44,Warehouse_015__Person_0166,1.0,False,False,-0.31022364,-0.35250282,-0.31022352,-0.35249197,0.36204162
60,Person_0166,Warehouse_015__Person_0166,63,63,Camera_09,19,Warehouse_015,Person,1,0.6666666666666666,6720,7320,/pfs/data6/home/st/st_us-053000/st_st191959/DL-Lab/DataSet/MTMC_Tracking_2025_Preprocessed/val/Warehouse_015/crops/Person_0166/Camera_09/Person_0166_Camera_09_f006720_r003.jpg,None,44,Warehouse_015__Person_0166,1.0,False,False,-0.3304045,-0.255029,-0.33040443,-0.2550168,0.34136605
344,Person_0166,Warehouse_015__Person_0166,63,63,Camera_10,20,Warehouse_015,Person,1,0.29069767441860467,0,8970,/pfs/data6/home/st/st_us-053000/st_st191959/DL-Lab/DataSet/MTMC_Tracking_2025_Preprocessed/val/Warehouse_015/crops/Person_0166/Camera_10/Person_0166_Camera_10_f000000_r053.jpg,None,44,Warehouse_015__Person_0166,1.0,False,False,-0.39730093,-0.37461165,-0.39730096,-0.3746,0.3266845
51,Person_0166,Warehouse_015__Person_0166,63,63,Camera_12,22,Warehouse_015,Person,1,0.6666666666666666,8490,8970,/pfs/data6/home/st/st_us-053000/st_st191959/DL-Lab/DataSet/MTMC_Tracking_2025_Preprocessed/val/Warehouse_015/crops/Person_0166/Camera_12/Person_0166_Camera_12_f008490_r059.jpg,None,44,Warehouse_015__Person_0166,1.0,False,False,-0.29625407,-0.32727534,-0.2962541,-0.3272585,0.3325558
789,Person_0167,Warehouse_015__Person_0167,64,64,Camera,0,Warehouse_015,Person,1,0.6615969581749049,0,8820,/pfs/data6/home/st/st_us-053000/st_st191959/DL-Lab/DataSet/MTMC_Tracking_2025_Preprocessed/val/Warehouse_015/crops/Person_0167/Camera/Person_0167_Camera_f000000_r004.jpg,None,51,Warehouse_015__Person_0167,1.0,False,False,-0.54141396,-0.29489365,-0.5414136,-0.2948936,0.050641686
290,Person_0167,Warehouse_015__Person_0167,64,64,Camera_01,11,Warehouse_015,Person,1,0.3310344827586207,0,8970,/pfs/data6/home/st/st_us-053000/st_st191959/DL-Lab/DataSet/MTMC_Tracking_2025_Preprocessed/val/Warehouse_015/crops/Person_0167/Camera_01/Person_0167_Camera_01_f000000_r005.jpg,None,51,Warehouse_015__Person_0167,1.0,False,False,-0.53787756,-0.3154879,-0.53787744,-0.3154845,0.038166843
509,Person_0167,Warehouse_015__Person_0167,64,64,Camera_03,13,Warehouse_015,Person,1,0.550098231827112,0,8970,/pfs/data6/home/st/st_us-053000/st_st191959/DL-Lab/DataSet/MTMC_Tracking_2025_Preprocessed/val/Warehouse_015/crops/Person_0167/Camera_03/Person_0167_Camera_03_f000000_r004.jpg,None,51,Warehouse_015__Person_0167,1.0,False,False,-0.5474383,-0.32676756,-0.5474385,-0.32676652,0.05284046
657,Person_0167,Warehouse_015__Person_0167,64,64,Camera_04,14,Warehouse_015,Person,1,0.6666666666666666,0,7560,/pfs/data6/home/st/st_us-053000/st_st191959/DL-Lab/DataSet/MTMC_Tracking_2025_Preprocessed/val/Warehouse_015/crops/Person_0167/Camera_04/Person_0167_Camera_04_f000000_r002.jpg,None,51,Warehouse_015__Person_0167,1.0,False,False,-0.58208525,-0.27856365,-0.582085,-0.2785607,0.042344674
50,Person_0167,Warehouse_015__Person_0167,64,64,Camera_05,15,Warehouse_015,Person,1,0.64,7950,8970,/pfs/data6/home/st/st_us-053000/st_st191959/DL-Lab/DataSet/MTMC_Tracking_2025_Preprocessed/val/Warehouse_015/crops/Person_0167/Camera_05/Person_0167_Camera_05_f007950_r003.jpg,None,51,Warehouse_015__Person_0167,1.0,False,False,-0.56249136,-0.30585882,-0.56249136,-0.305852,0.061987706
198,Person_0167,Warehouse_015__Person_0167,64,64,Camera_07,17,Warehouse_015,Person,1,0.6666666666666666,1380,8970,/pfs/data6/home/st/st_us-053000/st_st191959/DL-Lab/DataSet/MTMC_Tracking_2025_Preprocessed/val/Warehouse_015/crops/Person_0167/Camera_07/Person_0167_Camera_07_f001380_r001.jpg,None,51,Warehouse_015__Person_0167,1.0,False,False,-0.5224769,-0.27793774,-0.5224768,-0.27793646,0.104978144
502,Person_0167,Warehouse_015__Person_0167,64,64,Camera_08,18,Warehouse_015,Person,1,0.6613545816733067,0,7140,/pfs/data6/home/st/st_us-053000/st_st191959/DL-Lab/DataSet/MTMC_Tracking_2025_Preprocessed/val/Warehouse_015/crops/Person_0167/Camera_08/Person_0167_Camera_08_f000000_r005.jpg,None,51,Warehouse_015__Person_0167,1.0,False,False,-0.5635773,-0.3017847,-0.56357723,-0.30178162,0.07536272
129,Person_0167,Warehouse_015__Person_0167,64,64,Camera_09,19,Warehouse_015,Person,1,0.6666666666666666,5250,8580,/pfs/data6/home/st/st_us-053000/st_st191959/DL-Lab/DataSet/MTMC_Tracking_2025_Preprocessed/val/Warehouse_015/crops/Person_0167/Camera_09/Person_0167_Camera_09_f005250_r001.jpg,None,51,Warehouse_015__Person_0167,1.0,False,False,-0.5011515,-0.27992392,-0.50115144,-0.27993408,0.07409393
355,Person_0167,Warehouse_015__Person_0167,64,64,Camera_10,20,Warehouse_015,Person,1,0.36056338028169016,0,8970,/pfs/data6/home/st/st_us-053000/st_st191959/DL-Lab/DataSet/MTMC_Tracking_2025_Preprocessed/val/Warehouse_015/crops/Person_0167/Camera_10/Person_0167_Camera_10_f000000_r007.jpg,None,51,Warehouse_015__Person_0167,1.0,False,False,-0.55541325,-0.33819956,-0.55541325,-0.3381965,0.04166408
308,Person_0167,Warehouse_015__Person_0167,64,64,Camera_12,22,Warehouse_015,Person,1,0.6493506493506493,0,8970,/pfs/data6/home/st/st_us-053000/st_st191959/DL-Lab/DataSet/MTMC_Tracking_2025_Preprocessed/val/Warehouse_015/crops/Person_0167/Camera_12/Person_0167_Camera_12_f000000_r009.jpg,None,51,Warehouse_015__Person_0167,1.0,False,False,-0.5943141,-0.29095873,-0.5943143,-0.29095605,0.058112413
314,Person_0168,Warehouse_015__Person_0168,65,65,Camera,0,Warehouse_015,Person,1,0.6369426751592356,0,8970,/pfs/data6/home/st/st_us-053000/st_st191959/DL-Lab/DataSet/MTMC_Tracking_2025_Preprocessed/val/Warehouse_015/crops/Person_0168/Camera/Person_0168_Camera_f000000_r019.jpg,None,64,Warehouse_015__Person_0168,1.0,False,False,-0.40920654,-0.26561624,-0.40920627,-0.26560363,0.45583025
405,Person_0168,Warehouse_015__Person_0168,65,65,Camera_01,11,Warehouse_015,Person,1,0.5333333333333333,0,8970,/pfs/data6/home/st/st_us-053000/st_st191959/DL-Lab/DataSet/MTMC_Tracking_2025_Preprocessed/val/Warehouse_015/crops/Person_0168/Camera_01/Person_0168_Camera_01_f000000_r048.jpg,None,64,Warehouse_015__Person_0168,1.0,False,False,-0.4677481,-0.24422878,-0.46774817,-0.24421273,0.40315336
48,Person_0168,Warehouse_015__Person_0168,65,65,Camera_02,12,Warehouse_015,Person,1,0.6666666666666666,2460,2910,/pfs/data6/home/st/st_us-053000/st_st191959/DL-Lab/DataSet/MTMC_Tracking_2025_Preprocessed/val/Warehouse_015/crops/Person_0168/Camera_02/Person_0168_Camera_02_f002460_r020.jpg,None,64,Warehouse_015__Person_0168,1.0,False,False,-0.4917739,-0.26418155,-0.49177378,-0.26416954,0.3533522
349,Person_0168,Warehouse_015__Person_0168,65,65,Camera_03,13,Warehouse_015,Person,1,0.5787965616045845,0,8970,/pfs/data6/home/st/st_us-053000/st_st191959/DL-Lab/DataSet/MTMC_Tracking_2025_Preprocessed/val/Warehouse_015/crops/Person_0168/Camera_03/Person_0168_Camera_03_f000000_r037.jpg,None,64,Warehouse_015__Person_0168,1.0,False,False,-0.44079196,-0.28135458,-0.4407916,-0.28134346,0.43380406
214,Person_0168,Warehouse_015__Person_0168,65,65,Camera_04,14,Warehouse_015,Person,1,0.6448598130841121,0,7590,/pfs/data6/home/st/st_us-053000/st_st191959/DL-Lab/DataSet/MTMC_Tracking_2025_Preprocessed/val/Warehouse_015/crops/Person_0168/Camera_04/Person_0168_Camera_04_f000000_r012.jpg,None,64,Warehouse_015__Person_0168,1.0,False,False,-0.48446962,-0.24558719,-0.4844695,-0.24557321,0.37726584
280,Person_0168,Warehouse_015__Person_0168,65,65,Camera_05,15,Warehouse_015,Person,1,0.65,3210,6180,/pfs/data6/home/st/st_us-053000/st_st191959/DL-Lab/DataSet/MTMC_Tracking_2025_Preprocessed/val/Warehouse_015/crops/Person_0168/Camera_05/Person_0168_Camera_05_f003210_r033.jpg,None,64,Warehouse_015__Person_0168,1.0,False,False,-0.47347268,-0.23005474,-0.47347263,-0.23004067,0.41239926
108,Person_0168,Warehouse_015__Person_0168,65,65,Camera_06,16,Warehouse_015,Person,1,0.6666666666666666,3660,5520,/pfs/data6/home/st/st_us-053000/st_st191959/DL-Lab/DataSet/MTMC_Tracking_2025_Preprocessed/val/Warehouse_015/crops/Person_0168/Camera_06/Person_0168_Camera_06_f003660_r007.jpg,None,64,Warehouse_015__Person_0168,1.0,False,False,-0.39330834,-0.23105286,-0.39330804,-0.23104663,0.50456285
231,Person_0168,Warehouse_015__Person_0168,65,65,Camera_07,17,Warehouse_015,Person,1,0.6666666666666666,5760,8790,/pfs/data6/home/st/st_us-053000/st_st191959/DL-Lab/DataSet/MTMC_Tracking_2025_Preprocessed/val/Warehouse_015/crops/Person_0168/Camera_07/Person_0168_Camera_07_f005760_r010.jpg,None,64,Warehouse_015__Person_0168,1.0,False,False,-0.24502468,-0.2230904,-0.24502456,-0.22308916,0.53340447
264,Person_0168,Warehouse_015__Person_0168,65,65,Camera_08,18,Warehouse_015,Person,1,0.6666666666666666,60,2970,/pfs/data6/home/st/st_us-053000/st_st191959/DL-Lab/DataSet/MTMC_Tracking_2025_Preprocessed/val/Warehouse_015/crops/Person_0168/Camera_08/Person_0168_Camera_08_f000060_r026.jpg,None,64,Warehouse_015__Person_0168,1.0,False,False,-0.42827165,-0.25174057,-0.42827162,-0.2517275,0.4388922
174,Person_0168,Warehouse_015__Person_0168,65,65,Camera_09,19,Warehouse_015,Person,1,0.6666666666666666,6240,8250,/pfs/data6/home/st/st_us-053000/st_st191959/DL-Lab/DataSet/MTMC_Tracking_2025_Preprocessed/val/Warehouse_015/crops/Person_0168/Camera_09/Person_0168_Camera_09_f006240_r004.jpg,None,-1,NOISE,0.0,True,False,-0.21862276,-0.20697974,-0.21862252,-0.20698485,0.5081876
597,Person_0168,Warehouse_015__Person_0168,65,65,Camera_10,20,Warehouse_015,Person,1,0.5896147403685092,0,8970,/pfs/data6/home/st/st_us-053000/st_st191959/DL-Lab/DataSet/MTMC_Tracking_2025_Preprocessed/val/Warehouse_015/crops/Person_0168/Camera_10/Person_0168_Camera_10_f000000_r055.jpg,None,64,Warehouse_015__Person_0168,1.0,False,False,-0.49337536,-0.23621583,-0.49337533,-0.23619923,0.4045294
94,Person_0168,Warehouse_015__Person_0168,65,65,Camera_11,21,Warehouse_015,Person,1,0.6595744680851063,3600,5730,/pfs/data6/home/st/st_us-053000/st_st191959/DL-Lab/DataSet/MTMC_Tracking_2025_Preprocessed/val/Warehouse_015/crops/Person_0168/Camera_11/Person_0168_Camera_11_f003600_r010.jpg,None,64,Warehouse_015__Person_0168,1.0,False,False,-0.40254956,-0.18272053,-0.40254927,-0.18271057,0.5062422
407,Person_0168,Warehouse_015__Person_0168,65,65,Camera_12,22,Warehouse_015,Person,1,0.6093366093366094,1110,8970,/pfs/data6/home/st/st_us-053000/st_st191959/DL-Lab/DataSet/MTMC_Tracking_2025_Preprocessed/val/Warehouse_015/crops/Person_0168/Camera_12/Person_0168_Camera_12_f001110_r056.jpg,None,64,Warehouse_015__Person_0168,1.0,False,False,-0.4638604,-0.24984482,-0.46386045,-0.24982959,0.45506892
219,Person_0169,Warehouse_015__Person_0169,66,66,Camera,0,Warehouse_015,Person,1,0.6666666666666666,0,8970,/pfs/data6/home/st/st_us-053000/st_st191959/DL-Lab/DataSet/MTMC_Tracking_2025_Preprocessed/val/Warehouse_015/crops/Person_0169/Camera/Person_0169_Camera_f000000_r003.jpg,None,12,Warehouse_015__Person_0169,0.5217391304347826,False,False,-0.1975246,0.0050496366,-0.19752473,0.0050610537,-0.630072
695,Person_0169,Warehouse_015__Person_0169,66,66,Camera_01,11,Warehouse_015,Person,1,0.6647482014388489,0,8580,/pfs/data6/home/st/st_us-053000/st_st191959/DL-Lab/DataSet/MTMC_Tracking_2025_Preprocessed/val/Warehouse_015/crops/Person_0169/Camera_01/Person_0169_Camera_01_f000000_r004.jpg,None,12,Warehouse_015__Person_0169,0.5217391304347826,False,False,-0.23441118,0.033741277,-0.23441114,0.03375404,-0.6337488
57,Person_0169,Warehouse_015__Person_0169,66,66,Camera_02,12,Warehouse_015,Person,1,0.6666666666666666,1200,7560,/pfs/data6/home/st/st_us-053000/st_st191959/DL-Lab/DataSet/MTMC_Tracking_2025_Preprocessed/val/Warehouse_015/crops/Person_0169/Camera_02/Person_0169_Camera_02_f001200_r002.jpg,None,12,Warehouse_015__Person_0169,0.5217391304347826,False,False,-0.31094068,0.04129464,-0.31094074,0.041315593,-0.56692183
564,Person_0169,Warehouse_015__Person_0169,66,66,Camera_03,13,Warehouse_015,Person,1,0.6666666666666666,0,8130,/pfs/data6/home/st/st_us-053000/st_st191959/DL-Lab/DataSet/MTMC_Tracking_2025_Preprocessed/val/Warehouse_015/crops/Person_0169/Camera_03/Person_0169_Camera_03_f000000_r003.jpg,None,12,Warehouse_015__Person_0169,0.5217391304347826,False,False,-0.3482715,0.026438674,-0.3482717,0.026452158,-0.62218595
87,Person_0169,Warehouse_015__Person_0169,66,66,Camera_04,14,Warehouse_015,Person,1,0.6666666666666666,8130,8970,/pfs/data6/home/st/st_us-053000/st_st191959/DL-Lab/DataSet/MTMC_Tracking_2025_Preprocessed/val/Warehouse_015/crops/Person_0169/Camera_04/Person_0169_Camera_04_f008130_r002.jpg,None,12,Warehouse_015__Person_0169,0.5217391304347826,False,False,-0.31871992,0.030486062,-0.3187199,0.030499322,-0.6116901
412,Person_0169,Warehouse_015__Person_0169,66,66,Camera_05,15,Warehouse_015,Person,1,0.6650485436893204,480,5490,/pfs/data6/home/st/st_us-053000/st_st191959/DL-Lab/DataSet/MTMC_Tracking_2025_Preprocessed/val/Warehouse_015/crops/Person_0169/Camera_05/Person_0169_Camera_05_f000480_r003.jpg,None,12,Warehouse_015__Person_0169,0.5217391304347826,False,False,-0.19384941,0.04271644,-0.1938495,0.04272615,-0.63662213
169,Person_0169,Warehouse_015__Person_0169,66,66,Camera_06,16,Warehouse_015,Person,1,0.6627218934911243,1770,3450,/pfs/data6/home/st/st_us-053000/st_st191959/DL-Lab/DataSet/MTMC_Tracking_2025_Preprocessed/val/Warehouse_015/crops/Person_0169/Camera_06/Person_0169_Camera_06_f001770_r000.jpg,None,12,Warehouse_015__Person_0169,0.5217391304347826,False,False,0.034605797,0.047821086,0.034605928,0.047813285,-0.5560814
25,Person_0169,Warehouse_015__Person_0169,66,66,Camera_07,17,Warehouse_015,Person,1,0.64,5340,6420,/pfs/data6/home/st/st_us-053000/st_st191959/DL-Lab/DataSet/MTMC_Tracking_2025_Preprocessed/val/Warehouse_015/crops/Person_0169/Camera_07/Person_0169_Camera_07_f005340_r004.jpg,None,12,Warehouse_015__Person_0169,0.5217391304347826,False,False,-0.201905,0.03636319,-0.20190491,0.036365975,-0.5859436
219,Person_0169,Warehouse_015__Person_0169,66,66,Camera_08,18,Warehouse_015,Person,1,0.6666666666666666,240,8970,/pfs/data6/home/st/st_us-053000/st_st191959/DL-Lab/DataSet/MTMC_Tracking_2025_Preprocessed/val/Warehouse_015/crops/Person_0169/Camera_08/Person_0169_Camera_08_f000240_r004.jpg,None,12,Warehouse_015__Person_0169,0.5217391304347826,False,False,-0.29327044,0.012420475,-0.29327044,0.012432483,-0.639128
809,Person_0169,Warehouse_015__Person_0169,66,66,Camera_10,20,Warehouse_015,Person,1,0.6378244746600742,0,8970,/pfs/data6/home/st/st_us-053000/st_st191959/DL-Lab/DataSet/MTMC_Tracking_2025_Preprocessed/val/Warehouse_015/crops/Person_0169/Camera_10/Person_0169_Camera_10_f000000_r006.jpg,None,12,Warehouse_015__Person_0169,0.5217391304347826,False,False,-0.22898892,0.060961,-0.22898896,0.060973972,-0.6584531
159,Person_0169,Warehouse_015__Person_0169,66,66,Camera_11,21,Warehouse_015,Person,1,0.6666666666666666,1740,3480,/pfs/data6/home/st/st_us-053000/st_st191959/DL-Lab/DataSet/MTMC_Tracking_2025_Preprocessed/val/Warehouse_015/crops/Person_0169/Camera_11/Person_0169_Camera_11_f001740_r001.jpg,None,12,Warehouse_015__Person_0169,0.5217391304347826,False,False,-0.093652844,0.056066863,-0.09365271,0.056064773,-0.5742414
611,Person_0169,Warehouse_015__Person_0169,66,66,Camera_12,22,Warehouse_015,Person,1,0.6546644844517185,0,8970,/pfs/data6/home/st/st_us-053000/st_st191959/DL-Lab/DataSet/MTMC_Tracking_2025_Preprocessed/val/Warehouse_015/crops/Person_0169/Camera_12/Person_0169_Camera_12_f000000_r007.jpg,None,12,Warehouse_015__Person_0169,0.5217391304347826,False,False,-0.3242535,0.051318195,-0.32425347,0.05132898,-0.6284817
486,Person_0170,Warehouse_015__Person_0170,67,67,Camera,0,Warehouse_015,Person,1,0.6625514403292181,0,8970,/pfs/data6/home/st/st_us-053000/st_st191959/DL-Lab/DataSet/MTMC_Tracking_2025_Preprocessed/val/Warehouse_015/crops/Person_0170/Camera/Person_0170_Camera_f000000_r002.jpg,None,20,Warehouse_015__Person_0170,1.0,False,False,-0.26659405,-0.16440462,-0.26659402,-0.1643987,-0.5303705
526,Person_0170,Warehouse_015__Person_0170,67,67,Camera_01,11,Warehouse_015,Person,1,0.4828897338403042,210,8970,/pfs/data6/home/st/st_us-053000/st_st191959/DL-Lab/DataSet/MTMC_Tracking_2025_Preprocessed/val/Warehouse_015/crops/Person_0170/Camera_01/Person_0170_Camera_01_f000210_r006.jpg,None,20,Warehouse_015__Person_0170,1.0,False,False,-0.3140297,-0.042744122,-0.31402972,-0.042739186,-0.59016126
549,Person_0170,Warehouse_015__Person_0170,67,67,Camera_03,13,Warehouse_015,Person,1,0.5391621129326047,270,8970,/pfs/data6/home/st/st_us-053000/st_st191959/DL-Lab/DataSet/MTMC_Tracking_2025_Preprocessed/val/Warehouse_015/crops/Person_0170/Camera_03/Person_0170_Camera_03_f000270_r004.jpg,None,20,Warehouse_015__Person_0170,1.0,False,False,-0.21906453,-0.084084414,-0.21906446,-0.08407923,-0.6076715
442,Person_0170,Warehouse_015__Person_0170,67,67,Camera_04,14,Warehouse_015,Person,1,0.665158371040724,0,8970,/pfs/data6/home/st/st_us-053000/st_st191959/DL-Lab/DataSet/MTMC_Tracking_2025_Preprocessed/val/Warehouse_015/crops/Person_0170/Camera_04/Person_0170_Camera_04_f000000_r001.jpg,None,20,Warehouse_015__Person_0170,1.0,False,False,-0.29398274,-0.13528542,-0.2939826,-0.13527761,-0.52585065
1,Person_0170,Warehouse_015__Person_0170,67,67,Camera_05,15,Warehouse_015,Person,0,0.0,3900,3900,/pfs/data6/home/st/st_us-053000/st_st191959/DL-Lab/DataSet/MTMC_Tracking_2025_Preprocessed/val/Warehouse_015/crops/Person_0170/Camera_05/Person_0170_Camera_05_f003900_r003.jpg,None,-1,NOISE,0.0,True,False,-0.37722617,-0.09449394,-0.37722626,-0.094494015,-0.12952335
363,Person_0170,Warehouse_015__Person_0170,67,67,Camera_07,17,Warehouse_015,Person,1,0.6611570247933884,480,8970,/pfs/data6/home/st/st_us-053000/st_st191959/DL-Lab/DataSet/MTMC_Tracking_2025_Preprocessed/val/Warehouse_015/crops/Person_0170/Camera_07/Person_0170_Camera_07_f000480_r002.jpg,None,20,Warehouse_015__Person_0170,1.0,False,False,-0.17863481,-0.022429317,-0.17863472,-0.022428615,-0.60201496
210,Person_0170,Warehouse_015__Person_0170,67,67,Camera_08,18,Warehouse_015,Person,1,0.638095238095238,210,8880,/pfs/data6/home/st/st_us-053000/st_st191959/DL-Lab/DataSet/MTMC_Tracking_2025_Preprocessed/val/Warehouse_015/crops/Person_0170/Camera_08/Person_0170_Camera_08_f000210_r004.jpg,None,-1,NOISE,0.0,True,False,0.049398024,-0.036360297,0.049397994,-0.03635945,-0.5936787
426,Person_0170,Warehouse_015__Person_0170,67,67,Camera_09,19,Warehouse_015,Person,1,0.6666666666666666,720,5190,/pfs/data6/home/st/st_us-053000/st_st191959/DL-Lab/DataSet/MTMC_Tracking_2025_Preprocessed/val/Warehouse_015/crops/Person_0170/Camera_09/Person_0170_Camera_09_f000720_r000.jpg,None,-1,NOISE,0.0,True,False,-0.009359323,-0.18186276,-0.009359143,-0.18188305,-0.41445008
527,Person_0170,Warehouse_015__Person_0170,67,67,Camera_10,20,Warehouse_015,Person,1,0.4819734345351044,0,8970,/pfs/data6/home/st/st_us-053000/st_st191959/DL-Lab/DataSet/MTMC_Tracking_2025_Preprocessed/val/Warehouse_015/crops/Person_0170/Camera_10/Person_0170_Camera_10_f000000_r005.jpg,None,20,Warehouse_015__Person_0170,1.0,False,False,-0.35290313,-0.087743685,-0.3529032,-0.0877393,-0.5720217
107,Person_0170,Warehouse_015__Person_0170,67,67,Camera_12,22,Warehouse_015,Person,1,0.6542056074766355,3600,8970,/pfs/data6/home/st/st_us-053000/st_st191959/DL-Lab/DataSet/MTMC_Tracking_2025_Preprocessed/val/Warehouse_015/crops/Person_0170/Camera_12/Person_0170_Camera_12_f003600_r007.jpg,None,20,Warehouse_015__Person_0170,1.0,False,False,-0.24603409,-0.109760605,-0.24603419,-0.10975222,-0.524216
327,Person_0171,Warehouse_015__Person_0171,68,68,Camera,0,Warehouse_015,Person,1,0.654434250764526,0,8970,/pfs/data6/home/st/st_us-053000/st_st191959/DL-Lab/DataSet/MTMC_Tracking_2025_Preprocessed/val/Warehouse_015/crops/Person_0171/Camera/Person_0171_Camera_f000000_r010.jpg,None,35,Warehouse_015__Person_0171,1.0,False,False,-0.6197186,-0.12171957,-0.61971813,-0.121737726,-0.12405519
766,Person_0171,Warehouse_015__Person_0171,68,68,Camera_01,11,Warehouse_015,Person,1,0.6109660574412533,0,8970,/pfs/data6/home/st/st_us-053000/st_st191959/DL-Lab/DataSet/MTMC_Tracking_2025_Preprocessed/val/Warehouse_015/crops/Person_0171/Camera_01/Person_0171_Camera_01_f000000_r018.jpg,None,35,Warehouse_015__Person_0171,1.0,False,False,-0.60834104,-0.12084625,-0.6083409,-0.12085909,-0.13417274
16,Person_0171,Warehouse_015__Person_0171,68,68,Camera_02,12,Warehouse_015,Person,1,0.375,3660,3960,/pfs/data6/home/st/st_us-053000/st_st191959/DL-Lab/DataSet/MTMC_Tracking_2025_Preprocessed/val/Warehouse_015/crops/Person_0171/Camera_02/Person_0171_Camera_02_f003660_r002.jpg,None,-1,NOISE,0.0,True,False,-0.6190313,-0.17971495,-0.61903125,-0.17972502,-0.18818495
655,Person_0171,Warehouse_015__Person_0171,68,68,Camera_03,13,Warehouse_015,Person,1,0.665648854961832,0,8970,/pfs/data6/home/st/st_us-053000/st_st191959/DL-Lab/DataSet/MTMC_Tracking_2025_Preprocessed/val/Warehouse_015/crops/Person_0171/Camera_03/Person_0171_Camera_03_f000000_r013.jpg,None,35,Warehouse_015__Person_0171,1.0,False,False,-0.6368628,-0.15069419,-0.63686293,-0.1507098,-0.115163945
42,Person_0171,Warehouse_015__Person_0171,68,68,Camera_04,14,Warehouse_015,Person,1,0.6666666666666666,240,960,/pfs/data6/home/st/st_us-053000/st_st191959/DL-Lab/DataSet/MTMC_Tracking_2025_Preprocessed/val/Warehouse_015/crops/Person_0171/Camera_04/Person_0171_Camera_04_f000240_r005.jpg,None,35,Warehouse_015__Person_0171,1.0,False,False,-0.57901317,-0.086259216,-0.5790132,-0.086273015,-0.10647215
431,Person_0171,Warehouse_015__Person_0171,68,68,Camera_05,15,Warehouse_015,Person,1,0.654292343387471,3330,8970,/pfs/data6/home/st/st_us-053000/st_st191959/DL-Lab/DataSet/MTMC_Tracking_2025_Preprocessed/val/Warehouse_015/crops/Person_0171/Camera_05/Person_0171_Camera_05_f003330_r010.jpg,None,35,Warehouse_015__Person_0171,1.0,False,False,-0.6122082,-0.1524124,-0.6122082,-0.15242524,-0.09418331
108,Person_0171,Warehouse_015__Person_0171,68,68,Camera_06,16,Warehouse_015,Person,1,0.6666666666666666,4440,7530,/pfs/data6/home/st/st_us-053000/st_st191959/DL-Lab/DataSet/MTMC_Tracking_2025_Preprocessed/val/Warehouse_015/crops/Person_0171/Camera_06/Person_0171_Camera_06_f004440_r002.jpg,None,-1,NOISE,0.0,True,False,-0.41907337,-0.050640695,-0.41907308,-0.050676968,0.1660344
316,Person_0171,Warehouse_015__Person_0171,68,68,Camera_07,17,Warehouse_015,Person,1,0.6582278481012658,0,8970,/pfs/data6/home/st/st_us-053000/st_st191959/DL-Lab/DataSet/MTMC_Tracking_2025_Preprocessed/val/Warehouse_015/crops/Person_0171/Camera_07/Person_0171_Camera_07_f000000_r005.jpg,None,35,Warehouse_015__Person_0171,1.0,False,False,-0.58398473,-0.15987286,-0.58398473,-0.15989044,-0.08175384
129,Person_0171,Warehouse_015__Person_0171,68,68,Camera_09,19,Warehouse_015,Person,1,0.6666666666666666,540,8850,/pfs/data6/home/st/st_us-053000/st_st191959/DL-Lab/DataSet/MTMC_Tracking_2025_Preprocessed/val/Warehouse_015/crops/Person_0171/Camera_09/Person_0171_Camera_09_f000540_r001.jpg,None,35,Warehouse_015__Person_0171,1.0,False,False,-0.5243425,-0.09021643,-0.52434236,-0.09024691,-0.095222495
824,Person_0171,Warehouse_015__Person_0171,68,68,Camera_10,20,Warehouse_015,Person,1,0.6480582524271845,0,8970,/pfs/data6/home/st/st_us-053000/st_st191959/DL-Lab/DataSet/MTMC_Tracking_2025_Preprocessed/val/Warehouse_015/crops/Person_0171/Camera_10/Person_0171_Camera_10_f000000_r024.jpg,None,35,Warehouse_015__Person_0171,1.0,False,False,-0.624576,-0.113893196,-0.624576,-0.113906324,-0.158141
84,Person_0171,Warehouse_015__Person_0171,68,68,Camera_11,21,Warehouse_015,Person,1,0.6666666666666666,4530,6240,/pfs/data6/home/st/st_us-053000/st_st191959/DL-Lab/DataSet/MTMC_Tracking_2025_Preprocessed/val/Warehouse_015/crops/Person_0171/Camera_11/Person_0171_Camera_11_f004530_r002.jpg,None,35,Warehouse_015__Person_0171,1.0,False,False,-0.62507516,-0.11136252,-0.62507504,-0.111377835,-0.03288315
671,Person_0171,Warehouse_015__Person_0171,68,68,Camera_12,22,Warehouse_015,Person,1,0.6587183308494784,0,8970,/pfs/data6/home/st/st_us-053000/st_st191959/DL-Lab/DataSet/MTMC_Tracking_2025_Preprocessed/val/Warehouse_015/crops/Person_0171/Camera_12/Person_0171_Camera_12_f000000_r020.jpg,None,35,Warehouse_015__Person_0171,1.0,False,False,-0.635842,-0.06532937,-0.6358419,-0.06533994,-0.15675412
396,Person_0172,Warehouse_015__Person_0172,69,69,Camera,0,Warehouse_015,Person,1,0.6565656565656566,0,8970,/pfs/data6/home/st/st_us-053000/st_st191959/DL-Lab/DataSet/MTMC_Tracking_2025_Preprocessed/val/Warehouse_015/crops/Person_0172/Camera/Person_0172_Camera_f000000_r017.jpg,None,53,Warehouse_015__Person_0172,1.0,False,False,-0.40440518,-0.48865253,-0.40440518,-0.48865297,0.04300568
524,Person_0172,Warehouse_015__Person_0172,69,69,Camera_01,11,Warehouse_015,Person,1,0.6030534351145038,270,7710,/pfs/data6/home/st/st_us-053000/st_st191959/DL-Lab/DataSet/MTMC_Tracking_2025_Preprocessed/val/Warehouse_015/crops/Person_0172/Camera_01/Person_0172_Camera_01_f000270_r044.jpg,None,53,Warehouse_015__Person_0172,1.0,False,False,-0.33555177,-0.5028951,-0.33555192,-0.502894,0.029599428
48,Person_0172,Warehouse_015__Person_0172,69,69,Camera_02,12,Warehouse_015,Person,1,0.6666666666666666,4860,5460,/pfs/data6/home/st/st_us-053000/st_st191959/DL-Lab/DataSet/MTMC_Tracking_2025_Preprocessed/val/Warehouse_015/crops/Person_0172/Camera_02/Person_0172_Camera_02_f004860_r012.jpg,None,53,Warehouse_015__Person_0172,1.0,False,False,-0.46709293,-0.46953246,-0.4670929,-0.46952924,0.015114009
390,Person_0172,Warehouse_015__Person_0172,69,69,Camera_03,13,Warehouse_015,Person,1,0.6461538461538462,900,7620,/pfs/data6/home/st/st_us-053000/st_st191959/DL-Lab/DataSet/MTMC_Tracking_2025_Preprocessed/val/Warehouse_015/crops/Person_0172/Camera_03/Person_0172_Camera_03_f000900_r034.jpg,None,53,Warehouse_015__Person_0172,1.0,False,False,-0.35484245,-0.5022286,-0.35484257,-0.50222385,0.09236086
333,Person_0172,Warehouse_015__Person_0172,69,69,Camera_04,14,Warehouse_015,Person,1,0.6666666666666666,0,8970,/pfs/data6/home/st/st_us-053000/st_st191959/DL-Lab/DataSet/MTMC_Tracking_2025_Preprocessed/val/Warehouse_015/crops/Person_0172/Camera_04/Person_0172_Camera_04_f000000_r010.jpg,None,53,Warehouse_015__Person_0172,1.0,False,False,-0.44097048,-0.47216162,-0.4409704,-0.47215924,0.015229989
190,Person_0172,Warehouse_015__Person_0172,69,69,Camera_05,15,Warehouse_015,Person,1,0.6631578947368421,2910,5550,/pfs/data6/home/st/st_us-053000/st_st191959/DL-Lab/DataSet/MTMC_Tracking_2025_Preprocessed/val/Warehouse_015/crops/Person_0172/Camera_05/Person_0172_Camera_05_f002910_r018.jpg,None,53,Warehouse_015__Person_0172,1.0,False,False,-0.33619174,-0.5051959,-0.33619183,-0.5051924,0.04801148
33,Person_0172,Warehouse_015__Person_0172,69,69,Camera_07,17,Warehouse_015,Person,1,0.6666666666666666,2250,2550,/pfs/data6/home/st/st_us-053000/st_st191959/DL-Lab/DataSet/MTMC_Tracking_2025_Preprocessed/val/Warehouse_015/crops/Person_0172/Camera_07/Person_0172_Camera_07_f002250_r013.jpg,None,53,Warehouse_015__Person_0172,1.0,False,False,-0.26970306,-0.53875977,-0.2697031,-0.5387567,0.07863353
377,Person_0172,Warehouse_015__Person_0172,69,69,Camera_08,18,Warehouse_015,Person,1,0.6472148541114059,0,8970,/pfs/data6/home/st/st_us-053000/st_st191959/DL-Lab/DataSet/MTMC_Tracking_2025_Preprocessed/val/Warehouse_015/crops/Person_0172/Camera_08/Person_0172_Camera_08_f000000_r020.jpg,None,53,Warehouse_015__Person_0172,1.0,False,False,-0.35147098,-0.5168568,-0.35147083,-0.51685405,-0.0016666817
18,Person_0172,Warehouse_015__Person_0172,69,69,Camera_09,19,Warehouse_015,Person,1,0.6666666666666666,1260,1410,/pfs/data6/home/st/st_us-053000/st_st191959/DL-Lab/DataSet/MTMC_Tracking_2025_Preprocessed/val/Warehouse_015/crops/Person_0172/Camera_09/Person_0172_Camera_09_f001260_r008.jpg,None,53,Warehouse_015__Person_0172,1.0,False,False,-0.29199904,-0.52665216,-0.29199907,-0.5266536,0.1272682
487,Person_0172,Warehouse_015__Person_0172,69,69,Camera_10,20,Warehouse_015,Person,1,0.5051334702258727,0,8970,/pfs/data6/home/st/st_us-053000/st_st191959/DL-Lab/DataSet/MTMC_Tracking_2025_Preprocessed/val/Warehouse_015/crops/Person_0172/Camera_10/Person_0172_Camera_10_f000000_r046.jpg,None,53,Warehouse_015__Person_0172,1.0,False,False,-0.37811935,-0.485034,-0.37811938,-0.48502994,0.08415513
25,Person_0172,Warehouse_015__Person_0172,69,69,Camera_11,21,Warehouse_015,Person,1,0.64,4680,4920,/pfs/data6/home/st/st_us-053000/st_st191959/DL-Lab/DataSet/MTMC_Tracking_2025_Preprocessed/val/Warehouse_015/crops/Person_0172/Camera_11/Person_0172_Camera_11_f004680_r007.jpg,None,53,Warehouse_015__Person_0172,1.0,False,False,-0.33037964,-0.5006473,-0.3303798,-0.5006453,-0.016902762
387,Person_0172,Warehouse_015__Person_0172,69,69,Camera_12,22,Warehouse_015,Person,1,0.5633074935400517,2280,7530,/pfs/data6/home/st/st_us-053000/st_st191959/DL-Lab/DataSet/MTMC_Tracking_2025_Preprocessed/val/Warehouse_015/crops/Person_0172/Camera_12/Person_0172_Camera_12_f002280_r042.jpg,None,53,Warehouse_015__Person_0172,1.0,False,False,-0.4104939,-0.46323258,-0.41049376,-0.46323162,0.0744816
436,Person_0173,Warehouse_015__Person_0173,70,70,Camera,0,Warehouse_015,Person,1,0.6651376146788991,0,6450,/pfs/data6/home/st/st_us-053000/st_st191959/DL-Lab/DataSet/MTMC_Tracking_2025_Preprocessed/val/Warehouse_015/crops/Person_0173/Camera/Person_0173_Camera_f000000_r009.jpg,None,36,Warehouse_015__Person_0173,1.0,False,False,-0.58526707,-0.1871188,-0.5852671,-0.18713203,-0.004189777
634,Person_0173,Warehouse_015__Person_0173,70,70,Camera_01,11,Warehouse_015,Person,1,0.5962145110410094,210,8940,/pfs/data6/home/st/st_us-053000/st_st191959/DL-Lab/DataSet/MTMC_Tracking_2025_Preprocessed/val/Warehouse_015/crops/Person_0173/Camera_01/Person_0173_Camera_01_f000210_r021.jpg,None,36,Warehouse_015__Person_0173,1.0,False,False,-0.6044129,-0.16189711,-0.60441256,-0.1619037,-0.08827155
12,Person_0173,Warehouse_015__Person_0173,70,70,Camera_02,12,Warehouse_015,Person,1,0.6666666666666666,8580,8670,/pfs/data6/home/st/st_us-053000/st_st191959/DL-Lab/DataSet/MTMC_Tracking_2025_Preprocessed/val/Warehouse_015/crops/Person_0173/Camera_02/Person_0173_Camera_02_f008580_r003.jpg,None,-1,NOISE,0.0,True,False,-0.523306,-0.26617077,-0.5233059,-0.266168,0.1535095
788,Person_0173,Warehouse_015__Person_0173,70,70,Camera_03,13,Warehouse_015,Person,1,0.6522842639593909,180,8970,/pfs/data6/home/st/st_us-053000/st_st191959/DL-Lab/DataSet/MTMC_Tracking_2025_Preprocessed/val/Warehouse_015/crops/Person_0173/Camera_03/Person_0173_Camera_03_f000180_r013.jpg,None,36,Warehouse_015__Person_0173,1.0,False,False,-0.5942583,-0.19954635,-0.5942586,-0.19955458,-0.04234945
223,Person_0173,Warehouse_015__Person_0173,70,70,Camera_04,14,Warehouse_015,Person,1,0.6636771300448431,0,6120,/pfs/data6/home/st/st_us-053000/st_st191959/DL-Lab/DataSet/MTMC_Tracking_2025_Preprocessed/val/Warehouse_015/crops/Person_0173/Camera_04/Person_0173_Camera_04_f000000_r005.jpg,None,36,Warehouse_015__Person_0173,1.0,False,False,-0.5730472,-0.16234955,-0.57304716,-0.16235523,-0.031192742
118,Person_0173,Warehouse_015__Person_0173,70,70,Camera_05,15,Warehouse_015,Person,1,0.6610169491525424,6720,7890,/pfs/data6/home/st/st_us-053000/st_st191959/DL-Lab/DataSet/MTMC_Tracking_2025_Preprocessed/val/Warehouse_015/crops/Person_0173/Camera_05/Person_0173_Camera_05_f006720_r009.jpg,None,36,Warehouse_015__Person_0173,1.0,False,False,-0.5577849,-0.15638566,-0.5577852,-0.15638459,-0.07145052
230,Person_0173,Warehouse_015__Person_0173,70,70,Camera_07,17,Warehouse_015,Person,1,0.6608695652173913,1920,6480,/pfs/data6/home/st/st_us-053000/st_st191959/DL-Lab/DataSet/MTMC_Tracking_2025_Preprocessed/val/Warehouse_015/crops/Person_0173/Camera_07/Person_0173_Camera_07_f001920_r004.jpg,None,36,Warehouse_015__Person_0173,1.0,False,False,-0.54809976,-0.1933485,-0.54809964,-0.1933632,-0.004218161
215,Person_0173,Warehouse_015__Person_0173,70,70,Camera_08,18,Warehouse_015,Person,1,0.6511627906976745,0,8970,/pfs/data6/home/st/st_us-053000/st_st191959/DL-Lab/DataSet/MTMC_Tracking_2025_Preprocessed/val/Warehouse_015/crops/Person_0173/Camera_08/Person_0173_Camera_08_f000000_r009.jpg,None,36,Warehouse_015__Person_0173,1.0,False,False,-0.564513,-0.18986562,-0.564513,-0.1898696,0.009516586
174,Person_0173,Warehouse_015__Person_0173,70,70,Camera_09,19,Warehouse_015,Person,1,0.6666666666666666,2160,4500,/pfs/data6/home/st/st_us-053000/st_st191959/DL-Lab/DataSet/MTMC_Tracking_2025_Preprocessed/val/Warehouse_015/crops/Person_0173/Camera_09/Person_0173_Camera_09_f002160_r001.jpg,None,36,Warehouse_015__Person_0173,1.0,False,False,-0.48439315,-0.22472839,-0.48439312,-0.22474702,-0.044429183
703,Person_0173,Warehouse_015__Person_0173,70,70,Camera_10,20,Warehouse_015,Person,1,0.5945945945945946,150,8970,/pfs/data6/home/st/st_us-053000/st_st191959/DL-Lab/DataSet/MTMC_Tracking_2025_Preprocessed/val/Warehouse_015/crops/Person_0173/Camera_10/Person_0173_Camera_10_f000150_r022.jpg,None,36,Warehouse_015__Person_0173,1.0,False,False,-0.5970299,-0.15477443,-0.59702986,-0.15478231,-0.086703904
601,Person_0173,Warehouse_015__Person_0173,70,70,Camera_12,22,Warehouse_015,Person,1,0.6622296173044925,210,8940,/pfs/data6/home/st/st_us-053000/st_st191959/DL-Lab/DataSet/MTMC_Tracking_2025_Preprocessed/val/Warehouse_015/crops/Person_0173/Camera_12/Person_0173_Camera_12_f000210_r022.jpg,None,36,Warehouse_015__Person_0173,1.0,False,False,-0.6241788,-0.17188981,-0.6241788,-0.17189448,-0.059283253
334,Person_0174,Warehouse_015__Person_0174,71,71,Camera,0,Warehouse_015,Person,1,0.6407185628742516,0,8220,/pfs/data6/home/st/st_us-053000/st_st191959/DL-Lab/DataSet/MTMC_Tracking_2025_Preprocessed/val/Warehouse_015/crops/Person_0174/Camera/Person_0174_Camera_f000000_r016.jpg,None,112,Warehouse_015__Person_0174,1.0,False,False,-0.39610723,0.39493844,-0.39610705,0.39492399,0.49336305
586,Person_0174,Warehouse_015__Person_0174,71,71,Camera_01,11,Warehouse_015,Person,1,0.6075085324232082,360,8970,/pfs/data6/home/st/st_us-053000/st_st191959/DL-Lab/DataSet/MTMC_Tracking_2025_Preprocessed/val/Warehouse_015/crops/Person_0174/Camera_01/Person_0174_Camera_01_f000360_r042.jpg,None,112,Warehouse_015__Person_0174,1.0,False,False,-0.37836766,0.38269076,-0.37836757,0.38267726,0.4970046
752,Person_0174,Warehouse_015__Person_0174,71,71,Camera_03,13,Warehouse_015,Person,1,0.6622340425531915,210,8970,/pfs/data6/home/st/st_us-053000/st_st191959/DL-Lab/DataSet/MTMC_Tracking_2025_Preprocessed/val/Warehouse_015/crops/Person_0174/Camera_03/Person_0174_Camera_03_f000210_r028.jpg,None,112,Warehouse_015__Person_0174,1.0,False,False,-0.4087331,0.3795118,-0.40873295,0.37949756,0.49374273
189,Person_0174,Warehouse_015__Person_0174,71,71,Camera_04,14,Warehouse_015,Person,1,0.6666666666666666,0,8250,/pfs/data6/home/st/st_us-053000/st_st191959/DL-Lab/DataSet/MTMC_Tracking_2025_Preprocessed/val/Warehouse_015/crops/Person_0174/Camera_04/Person_0174_Camera_04_f000000_r009.jpg,None,112,Warehouse_015__Person_0174,1.0,False,False,-0.44881445,0.37793928,-0.44881427,0.37792388,0.4422264
271,Person_0174,Warehouse_015__Person_0174,71,71,Camera_05,15,Warehouse_015,Person,1,0.6642066420664207,3990,8970,/pfs/data6/home/st/st_us-053000/st_st191959/DL-Lab/DataSet/MTMC_Tracking_2025_Preprocessed/val/Warehouse_015/crops/Person_0174/Camera_05/Person_0174_Camera_05_f003990_r018.jpg,None,112,Warehouse_015__Person_0174,1.0,False,False,-0.29409328,0.4070724,-0.2940933,0.40705737,0.5154636
66,Person_0174,Warehouse_015__Person_0174,71,71,Camera_06,16,Warehouse_015,Person,1,0.6666666666666666,4440,6600,/pfs/data6/home/st/st_us-053000/st_st191959/DL-Lab/DataSet/MTMC_Tracking_2025_Preprocessed/val/Warehouse_015/crops/Person_0174/Camera_06/Person_0174_Camera_06_f004440_r005.jpg,None,-1,NOISE,0.0,True,False,-0.14100207,0.48870143,-0.14100179,0.48866847,0.57833534
90,Person_0174,Warehouse_015__Person_0174,71,71,Camera_07,17,Warehouse_015,Person,1,0.6666666666666666,2730,5220,/pfs/data6/home/st/st_us-053000/st_st191959/DL-Lab/DataSet/MTMC_Tracking_2025_Preprocessed/val/Warehouse_015/crops/Person_0174/Camera_07/Person_0174_Camera_07_f002730_r007.jpg,None,112,Warehouse_015__Person_0174,1.0,False,False,-0.3768299,0.44066954,-0.3768296,0.44064793,0.5328716
337,Person_0174,Warehouse_015__Person_0174,71,71,Camera_08,18,Warehouse_015,Person,1,0.6646884272997032,0,8490,/pfs/data6/home/st/st_us-053000/st_st191959/DL-Lab/DataSet/MTMC_Tracking_2025_Preprocessed/val/Warehouse_015/crops/Person_0174/Camera_08/Person_0174_Camera_08_f000000_r016.jpg,None,112,Warehouse_015__Person_0174,1.0,False,False,-0.39635694,0.39214012,-0.39635658,0.3921213,0.467378
18,Person_0174,Warehouse_015__Person_0174,71,71,Camera_09,19,Warehouse_015,Person,1,0.6666666666666666,3180,3330,/pfs/data6/home/st/st_us-053000/st_st191959/DL-Lab/DataSet/MTMC_Tracking_2025_Preprocessed/val/Warehouse_015/crops/Person_0174/Camera_09/Person_0174_Camera_09_f003180_r003.jpg,None,-1,NOISE,0.0,True,False,-0.2175723,0.42469954,-0.2175721,0.42466983,0.5875573
720,Person_0174,Warehouse_015__Person_0174,71,71,Camera_10,20,Warehouse_015,Person,1,0.5972222222222222,0,8970,/pfs/data6/home/st/st_us-053000/st_st191959/DL-Lab/DataSet/MTMC_Tracking_2025_Preprocessed/val/Warehouse_015/crops/Person_0174/Camera_10/Person_0174_Camera_10_f000000_r040.jpg,None,112,Warehouse_015__Person_0174,1.0,False,False,-0.43058625,0.35690084,-0.4305862,0.35688818,0.45987758
60,Person_0174,Warehouse_015__Person_0174,71,71,Camera_11,21,Warehouse_015,Person,1,0.6666666666666666,4380,6540,/pfs/data6/home/st/st_us-053000/st_st191959/DL-Lab/DataSet/MTMC_Tracking_2025_Preprocessed/val/Warehouse_015/crops/Person_0174/Camera_11/Person_0174_Camera_11_f004380_r006.jpg,None,-1,NOISE,0.0,True,False,-0.24340458,0.45734394,-0.24340428,0.4573143,0.54756886
697,Person_0174,Warehouse_015__Person_0174,71,71,Camera_12,22,Warehouse_015,Person,1,0.6513629842180775,210,8970,/pfs/data6/home/st/st_us-053000/st_st191959/DL-Lab/DataSet/MTMC_Tracking_2025_Preprocessed/val/Warehouse_015/crops/Person_0174/Camera_12/Person_0174_Camera_12_f000210_r035.jpg,None,112,Warehouse_015__Person_0174,1.0,False,False,-0.41446444,0.35314077,-0.4144641,0.35312933,0.48255828
48,Person_0175,Warehouse_015__Person_0175,72,72,Camera,0,Warehouse_015,Person,1,0.6666666666666666,5820,8970,/pfs/data6/home/st/st_us-053000/st_st191959/DL-Lab/DataSet/MTMC_Tracking_2025_Preprocessed/val/Warehouse_015/crops/Person_0175/Camera/Person_0175_Camera_f005820_r002.jpg,None,71,Warehouse_015__Person_0175,1.0,False,False,-0.34826437,-0.3047668,-0.34826422,-0.30476585,0.046891507
614,Person_0175,Warehouse_015__Person_0175,72,72,Camera_01,11,Warehouse_015,Person,1,0.6644951140065146,330,8970,/pfs/data6/home/st/st_us-053000/st_st191959/DL-Lab/DataSet/MTMC_Tracking_2025_Preprocessed/val/Warehouse_015/crops/Person_0175/Camera_01/Person_0175_Camera_01_f000330_r005.jpg,None,71,Warehouse_015__Person_0175,1.0,False,False,-0.2173928,-0.1717626,-0.21739276,-0.17175405,-0.072552115
24,Person_0175,Warehouse_015__Person_0175,72,72,Camera_02,12,Warehouse_015,Person,1,0.6666666666666666,1650,1890,/pfs/data6/home/st/st_us-053000/st_st191959/DL-Lab/DataSet/MTMC_Tracking_2025_Preprocessed/val/Warehouse_015/crops/Person_0175/Camera_02/Person_0175_Camera_02_f001650_r000.jpg,None,-1,NOISE,0.0,True,False,-0.34830493,-0.22916333,-0.34830484,-0.2291748,0.1220287
397,Person_0175,Warehouse_015__Person_0175,72,72,Camera_03,13,Warehouse_015,Person,1,0.6649874055415617,270,8970,/pfs/data6/home/st/st_us-053000/st_st191959/DL-Lab/DataSet/MTMC_Tracking_2025_Preprocessed/val/Warehouse_015/crops/Person_0175/Camera_03/Person_0175_Camera_03_f000270_r003.jpg,None,71,Warehouse_015__Person_0175,1.0,False,False,-0.27413887,-0.15597036,-0.27413893,-0.15596427,-0.0725709
42,Person_0175,Warehouse_015__Person_0175,72,72,Camera_04,14,Warehouse_015,Person,1,0.6666666666666666,0,900,/pfs/data6/home/st/st_us-053000/st_st191959/DL-Lab/DataSet/MTMC_Tracking_2025_Preprocessed/val/Warehouse_015/crops/Person_0175/Camera_04/Person_0175_Camera_04_f000000_r000.jpg,None,71,Warehouse_015__Person_0175,1.0,False,False,-0.29582506,-0.15109581,-0.29582503,-0.15108928,-0.074318
459,Person_0175,Warehouse_015__Person_0175,72,72,Camera_05,15,Warehouse_015,Person,1,0.6623093681917211,2760,7920,/pfs/data6/home/st/st_us-053000/st_st191959/DL-Lab/DataSet/MTMC_Tracking_2025_Preprocessed/val/Warehouse_015/crops/Person_0175/Camera_05/Person_0175_Camera_05_f002760_r002.jpg,None,71,Warehouse_015__Person_0175,1.0,False,False,-0.18341446,-0.11775925,-0.18341441,-0.117756285,-0.040699713
189,Person_0175,Warehouse_015__Person_0175,72,72,Camera_06,16,Warehouse_015,Person,1,0.6455026455026455,3180,7650,/pfs/data6/home/st/st_us-053000/st_st191959/DL-Lab/DataSet/MTMC_Tracking_2025_Preprocessed/val/Warehouse_015/crops/Person_0175/Camera_06/Person_0175_Camera_06_f003180_r001.jpg,None,71,Warehouse_015__Person_0175,1.0,False,False,-0.26294,-0.19178066,-0.26293987,-0.19178678,0.033097602
103,Person_0175,Warehouse_015__Person_0175,72,72,Camera_07,17,Warehouse_015,Person,1,0.6601941747572816,3990,8970,/pfs/data6/home/st/st_us-053000/st_st191959/DL-Lab/DataSet/MTMC_Tracking_2025_Preprocessed/val/Warehouse_015/crops/Person_0175/Camera_07/Person_0175_Camera_07_f003990_r002.jpg,None,71,Warehouse_015__Person_0175,1.0,False,False,-0.10520122,-0.17892388,-0.10520113,-0.17892933,-0.011416719
203,Person_0175,Warehouse_015__Person_0175,72,72,Camera_08,18,Warehouse_015,Person,1,0.6206896551724138,0,2400,/pfs/data6/home/st/st_us-053000/st_st191959/DL-Lab/DataSet/MTMC_Tracking_2025_Preprocessed/val/Warehouse_015/crops/Person_0175/Camera_08/Person_0175_Camera_08_f000000_r003.jpg,None,71,Warehouse_015__Person_0175,1.0,False,False,-0.19844957,-0.25634223,-0.19844955,-0.25634074,-0.006376516
812,Person_0175,Warehouse_015__Person_0175,72,72,Camera_10,20,Warehouse_015,Person,1,0.6527093596059114,0,8970,/pfs/data6/home/st/st_us-053000/st_st191959/DL-Lab/DataSet/MTMC_Tracking_2025_Preprocessed/val/Warehouse_015/crops/Person_0175/Camera_10/Person_0175_Camera_10_f000000_r004.jpg,None,71,Warehouse_015__Person_0175,1.0,False,False,-0.23421319,-0.17989382,-0.23421319,-0.17988886,-0.062194005
247,Person_0175,Warehouse_015__Person_0175,72,72,Camera_11,21,Warehouse_015,Person,1,0.6639676113360324,3150,7500,/pfs/data6/home/st/st_us-053000/st_st191959/DL-Lab/DataSet/MTMC_Tracking_2025_Preprocessed/val/Warehouse_015/crops/Person_0175/Camera_11/Person_0175_Camera_11_f003150_r001.jpg,None,71,Warehouse_015__Person_0175,1.0,False,False,-0.29484403,-0.17770125,-0.2948439,-0.17770566,0.021728197
579,Person_0175,Warehouse_015__Person_0175,72,72,Camera_12,22,Warehouse_015,Person,1,0.6493955094991365,0,8970,/pfs/data6/home/st/st_us-053000/st_st191959/DL-Lab/DataSet/MTMC_Tracking_2025_Preprocessed/val/Warehouse_015/crops/Person_0175/Camera_12/Person_0175_Camera_12_f000000_r004.jpg,None,71,Warehouse_015__Person_0175,1.0,False,False,-0.33840698,-0.1619723,-0.33840707,-0.1619681,-0.042888034
544,Person_0176,Warehouse_015__Person_0176,73,73,Camera,0,Warehouse_015,Person,1,0.6654411764705882,0,8970,/pfs/data6/home/st/st_us-053000/st_st191959/DL-Lab/DataSet/MTMC_Tracking_2025_Preprocessed/val/Warehouse_015/crops/Person_0176/Camera/Person_0176_Camera_f000000_r012.jpg,None,4,Warehouse_015__Person_0176,1.0,False,False,-0.523474,0.074617825,-0.5234738,0.074609205,0.017573535
455,Person_0176,Warehouse_015__Person_0176,73,73,Camera_01,11,Warehouse_015,Person,1,0.41318681318681316,0,8970,/pfs/data6/home/st/st_us-053000/st_st191959/DL-Lab/DataSet/MTMC_Tracking_2025_Preprocessed/val/Warehouse_015/crops/Person_0176/Camera_01/Person_0176_Camera_01_f000000_r023.jpg,None,4,Warehouse_015__Person_0176,1.0,False,False,-0.53460914,0.055365216,-0.534609,0.055357017,-0.0038557171
696,Person_0176,Warehouse_015__Person_0176,73,73,Camera_03,13,Warehouse_015,Person,1,0.5948275862068966,0,8730,/pfs/data6/home/st/st_us-053000/st_st191959/DL-Lab/DataSet/MTMC_Tracking_2025_Preprocessed/val/Warehouse_015/crops/Person_0176/Camera_03/Person_0176_Camera_03_f000000_r017.jpg,None,4,Warehouse_015__Person_0176,1.0,False,False,-0.52979076,0.0739169,-0.5297906,0.07390683,0.010569098
240,Person_0176,Warehouse_015__Person_0176,73,73,Camera_04,14,Warehouse_015,Person,1,0.6666666666666666,0,8970,/pfs/data6/home/st/st_us-053000/st_st191959/DL-Lab/DataSet/MTMC_Tracking_2025_Preprocessed/val/Warehouse_015/crops/Person_0176/Camera_04/Person_0176_Camera_04_f000000_r006.jpg,None,4,Warehouse_015__Person_0176,1.0,False,False,-0.53231025,0.10301661,-0.53231007,0.10300937,0.025760513
96,Person_0176,Warehouse_015__Person_0176,73,73,Camera_05,15,Warehouse_015,Person,1,0.6458333333333334,3060,7140,/pfs/data6/home/st/st_us-053000/st_st191959/DL-Lab/DataSet/MTMC_Tracking_2025_Preprocessed/val/Warehouse_015/crops/Person_0176/Camera_05/Person_0176_Camera_05_f003060_r014.jpg,None,4,Warehouse_015__Person_0176,1.0,False,False,-0.47882858,0.07814924,-0.47882855,0.078139395,0.033158768
564,Person_0176,Warehouse_015__Person_0176,73,73,Camera_07,17,Warehouse_015,Person,1,0.6666666666666666,0,7950,/pfs/data6/home/st/st_us-053000/st_st191959/DL-Lab/DataSet/MTMC_Tracking_2025_Preprocessed/val/Warehouse_015/crops/Person_0176/Camera_07/Person_0176_Camera_07_f000000_r008.jpg,None,4,Warehouse_015__Person_0176,1.0,False,False,-0.5402969,0.09158313,-0.5402965,0.09157359,0.019705983
81,Person_0176,Warehouse_015__Person_0176,73,73,Camera_08,18,Warehouse_015,Person,1,0.5925925925925926,7980,8970,/pfs/data6/home/st/st_us-053000/st_st191959/DL-Lab/DataSet/MTMC_Tracking_2025_Preprocessed/val/Warehouse_015/crops/Person_0176/Camera_08/Person_0176_Camera_08_f007980_r010.jpg,None,4,Warehouse_015__Person_0176,1.0,False,False,-0.5443257,0.061112683,-0.54432553,0.06110377,0.016542654
316,Person_0176,Warehouse_015__Person_0176,73,73,Camera_09,19,Warehouse_015,Person,1,0.6645569620253164,540,6600,/pfs/data6/home/st/st_us-053000/st_st191959/DL-Lab/DataSet/MTMC_Tracking_2025_Preprocessed/val/Warehouse_015/crops/Person_0176/Camera_09/Person_0176_Camera_09_f000540_r003.jpg,None,4,Warehouse_015__Person_0176,1.0,False,False,-0.49698234,0.1301475,-0.49698213,0.13012998,0.031709805
595,Person_0176,Warehouse_015__Person_0176,73,73,Camera_10,20,Warehouse_015,Person,1,0.5915966386554622,0,8970,/pfs/data6/home/st/st_us-053000/st_st191959/DL-Lab/DataSet/MTMC_Tracking_2025_Preprocessed/val/Warehouse_015/crops/Person_0176/Camera_10/Person_0176_Camera_10_f000000_r029.jpg,None,4,Warehouse_015__Person_0176,1.0,False,False,-0.52678037,0.059077226,-0.5267802,0.05906832,0.0034389447
487,Person_0176,Warehouse_015__Person_0176,73,73,Camera_12,22,Warehouse_015,Person,1,0.6652977412731006,0,8190,/pfs/data6/home/st/st_us-053000/st_st191959/DL-Lab/DataSet/MTMC_Tracking_2025_Preprocessed/val/Warehouse_015/crops/Person_0176/Camera_12/Person_0176_Camera_12_f000000_r026.jpg,None,4,Warehouse_015__Person_0176,1.0,False,False,-0.5462831,0.08074419,-0.54628307,0.08073916,0.0061191292
66,Person_0177,Warehouse_015__Person_0177,74,74,Camera,0,Warehouse_015,Person,1,0.6666666666666666,0,810,/pfs/data6/home/st/st_us-053000/st_st191959/DL-Lab/DataSet/MTMC_Tracking_2025_Preprocessed/val/Warehouse_015/crops/Person_0177/Camera/Person_0177_Camera_f000000_r006.jpg,None,68,Warehouse_015__Person_0177,0.375,False,False,-0.40075067,0.021764774,-0.40075076,0.0217631,-0.28051123
787,Person_0177,Warehouse_015__Person_0177,74,74,Camera_01,11,Warehouse_015,Person,1,0.650571791613723,0,8970,/pfs/data6/home/st/st_us-053000/st_st191959/DL-Lab/DataSet/MTMC_Tracking_2025_Preprocessed/val/Warehouse_015/crops/Person_0177/Camera_01/Person_0177_Camera_01_f000000_r008.jpg,None,68,Warehouse_015__Person_0177,0.375,False,False,-0.40421835,0.032878097,-0.4042183,0.032880895,-0.26859584
280,Person_0177,Warehouse_015__Person_0177,74,74,Camera_03,13,Warehouse_015,Person,1,0.6642857142857143,0,8970,/pfs/data6/home/st/st_us-053000/st_st191959/DL-Lab/DataSet/MTMC_Tracking_2025_Preprocessed/val/Warehouse_015/crops/Person_0177/Camera_03/Person_0177_Camera_03_f000000_r006.jpg,None,68,Warehouse_015__Person_0177,0.375,False,False,-0.42358,0.028243886,-0.42358,0.028242579,-0.29781407
42,Person_0177,Warehouse_015__Person_0177,74,74,Camera_04,14,Warehouse_015,Person,1,0.6666666666666666,0,630,/pfs/data6/home/st/st_us-053000/st_st191959/DL-Lab/DataSet/MTMC_Tracking_2025_Preprocessed/val/Warehouse_015/crops/Person_0177/Camera_04/Person_0177_Camera_04_f000000_r004.jpg,None,68,Warehouse_015__Person_0177,0.375,False,False,-0.40214512,-0.0008564395,-0.40214482,-0.00085945113,-0.2889633
675,Person_0177,Warehouse_015__Person_0177,74,74,Camera_05,15,Warehouse_015,Person,1,0.6577777777777778,1260,8970,/pfs/data6/home/st/st_us-053000/st_st191959/DL-Lab/DataSet/MTMC_Tracking_2025_Preprocessed/val/Warehouse_015/crops/Person_0177/Camera_05/Person_0177_Camera_05_f001260_r005.jpg,None,68,Warehouse_015__Person_0177,0.375,False,False,-0.44903502,0.028156197,-0.4490351,0.02815631,-0.28272507
261,Person_0177,Warehouse_015__Person_0177,74,74,Camera_06,16,Warehouse_015,Person,1,0.6666666666666666,2280,5610,/pfs/data6/home/st/st_us-053000/st_st191959/DL-Lab/DataSet/MTMC_Tracking_2025_Preprocessed/val/Warehouse_015/crops/Person_0177/Camera_06/Person_0177_Camera_06_f002280_r002.jpg,None,68,Warehouse_015__Person_0177,0.375,False,False,-0.42937627,0.06396971,-0.42937613,0.063966475,-0.24550861
22,Person_0177,Warehouse_015__Person_0177,74,74,Camera_07,17,Warehouse_015,Person,1,0.6363636363636364,570,780,/pfs/data6/home/st/st_us-053000/st_st191959/DL-Lab/DataSet/MTMC_Tracking_2025_Preprocessed/val/Warehouse_015/crops/Person_0177/Camera_07/Person_0177_Camera_07_f000570_r003.jpg,None,68,Warehouse_015__Person_0177,0.375,False,False,-0.4115919,0.03355948,-0.41159183,0.03355528,-0.32295334
14,Person_0177,Warehouse_015__Person_0177,74,74,Camera_08,18,Warehouse_015,Person,1,0.5714285714285714,7230,7740,/pfs/data6/home/st/st_us-053000/st_st191959/DL-Lab/DataSet/MTMC_Tracking_2025_Preprocessed/val/Warehouse_015/crops/Person_0177/Camera_08/Person_0177_Camera_08_f007230_r004.jpg,None,68,Warehouse_015__Person_0177,0.375,False,False,-0.4738172,-0.04528589,-0.47381717,-0.045278594,-0.27460796
24,Person_0177,Warehouse_015__Person_0177,74,74,Camera_09,19,Warehouse_015,Person,1,0.6666666666666666,150,360,/pfs/data6/home/st/st_us-053000/st_st191959/DL-Lab/DataSet/MTMC_Tracking_2025_Preprocessed/val/Warehouse_015/crops/Person_0177/Camera_09/Person_0177_Camera_09_f000150_r000.jpg,None,68,Warehouse_015__Person_0177,0.375,False,False,-0.29062757,0.052389927,-0.29062748,0.052374497,-0.24386436
831,Person_0177,Warehouse_015__Person_0177,74,74,Camera_10,20,Warehouse_015,Person,1,0.6474127557160048,0,8970,/pfs/data6/home/st/st_us-053000/st_st191959/DL-Lab/DataSet/MTMC_Tracking_2025_Preprocessed/val/Warehouse_015/crops/Person_0177/Camera_10/Person_0177_Camera_10_f000000_r012.jpg,None,68,Warehouse_015__Person_0177,0.375,False,False,-0.42014328,0.046783447,-0.42014316,0.046783622,-0.2496605
213,Person_0177,Warehouse_015__Person_0177,74,74,Camera_11,21,Warehouse_015,Person,1,0.6572769953051644,2280,6780,/pfs/data6/home/st/st_us-053000/st_st191959/DL-Lab/DataSet/MTMC_Tracking_2025_Preprocessed/val/Warehouse_015/crops/Person_0177/Camera_11/Person_0177_Camera_11_f002280_r003.jpg,None,68,Warehouse_015__Person_0177,0.375,False,False,-0.48475692,0.07133439,-0.48475665,0.07133637,-0.23253885
716,Person_0177,Warehouse_015__Person_0177,74,74,Camera_12,22,Warehouse_015,Person,1,0.6508379888268156,630,8970,/pfs/data6/home/st/st_us-053000/st_st191959/DL-Lab/DataSet/MTMC_Tracking_2025_Preprocessed/val/Warehouse_015/crops/Person_0177/Camera_12/Person_0177_Camera_12_f000630_r014.jpg,None,68,Warehouse_015__Person_0177,0.375,False,False,-0.45124897,0.015556333,-0.45124885,0.015553962,-0.30275628
882,Person_0178,Warehouse_015__Person_0178,75,75,Camera,0,Warehouse_015,Person,1,0.6598639455782312,0,8970,/pfs/data6/home/st/st_us-053000/st_st191959/DL-Lab/DataSet/MTMC_Tracking_2025_Preprocessed/val/Warehouse_015/crops/Person_0178/Camera/Person_0178_Camera_f000000_r005.jpg,None,77,Warehouse_015__Person_0178,1.0,False,False,-0.3642382,-0.14329946,-0.3642382,-0.14329745,-0.0009030863
95,Person_0178,Warehouse_015__Person_0178,75,75,Camera_01,11,Warehouse_015,Person,1,0.4842105263157895,0,8970,/pfs/data6/home/st/st_us-053000/st_st191959/DL-Lab/DataSet/MTMC_Tracking_2025_Preprocessed/val/Warehouse_015/crops/Person_0178/Camera_01/Person_0178_Camera_01_f000000_r006.jpg,None,77,Warehouse_015__Person_0178,1.0,False,False,-0.4273146,-0.13355444,-0.42731443,-0.13354893,-0.05701613
147,Person_0178,Warehouse_015__Person_0178,75,75,Camera_03,13,Warehouse_015,Person,1,0.6122448979591837,60,3330,/pfs/data6/home/st/st_us-053000/st_st191959/DL-Lab/DataSet/MTMC_Tracking_2025_Preprocessed/val/Warehouse_015/crops/Person_0178/Camera_03/Person_0178_Camera_03_f000060_r005.jpg,None,77,Warehouse_015__Person_0178,1.0,False,False,-0.389323,-0.14324853,-0.389323,-0.14324166,-0.007648289
852,Person_0178,Warehouse_015__Person_0178,75,75,Camera_04,14,Warehouse_015,Person,1,0.6666666666666666,0,8970,/pfs/data6/home/st/st_us-053000/st_st191959/DL-Lab/DataSet/MTMC_Tracking_2025_Preprocessed/val/Warehouse_015/crops/Person_0178/Camera_04/Person_0178_Camera_04_f000000_r003.jpg,None,77,Warehouse_015__Person_0178,1.0,False,False,-0.36342892,-0.1868533,-0.36342895,-0.18684807,-0.04134915
22,Person_0178,Warehouse_015__Person_0178,75,75,Camera_07,17,Warehouse_015,Person,1,0.6363636363636364,150,360,/pfs/data6/home/st/st_us-053000/st_st191959/DL-Lab/DataSet/MTMC_Tracking_2025_Preprocessed/val/Warehouse_015/crops/Person_0178/Camera_07/Person_0178_Camera_07_f000150_r001.jpg,None,-1,NOISE,0.0,True,False,-0.04776789,-0.23407911,-0.04776776,-0.23408654,0.29839262
843,Person_0178,Warehouse_015__Person_0178,75,75,Camera_08,18,Warehouse_015,Person,1,0.6666666666666666,0,8970,/pfs/data6/home/st/st_us-053000/st_st191959/DL-Lab/DataSet/MTMC_Tracking_2025_Preprocessed/val/Warehouse_015/crops/Person_0178/Camera_08/Person_0178_Camera_08_f000000_r006.jpg,None,-1,NOISE,0.0,True,False,-0.032645278,-0.11787152,-0.032645177,-0.117878355,0.11130729
180,Person_0178,Warehouse_015__Person_0178,75,75,Camera_10,20,Warehouse_015,Person,1,0.044444444444444446,0,8670,/pfs/data6/home/st/st_us-053000/st_st191959/DL-Lab/DataSet/MTMC_Tracking_2025_Preprocessed/val/Warehouse_015/crops/Person_0178/Camera_10/Person_0178_Camera_10_f000000_r008.jpg,None,77,Warehouse_015__Person_0178,1.0,False,False,-0.41339839,-0.13277727,-0.41339836,-0.13277107,0.0068977587
37,Person_0178,Warehouse_015__Person_0178,75,75,Camera_12,22,Warehouse_015,Person,1,0.6486486486486487,1770,2130,/pfs/data6/home/st/st_us-053000/st_st191959/DL-Lab/DataSet/MTMC_Tracking_2025_Preprocessed/val/Warehouse_015/crops/Person_0178/Camera_12/Person_0178_Camera_12_f001770_r009.jpg,None,77,Warehouse_015__Person_0178,1.0,False,False,-0.42543748,-0.10659429,-0.4254374,-0.10658878,-0.026620276
480,Person_0179,Warehouse_015__Person_0179,76,76,Camera,0,Warehouse_015,Person,1,0.6583333333333333,0,7680,/pfs/data6/home/st/st_us-053000/st_st191959/DL-Lab/DataSet/MTMC_Tracking_2025_Preprocessed/val/Warehouse_015/crops/Person_0179/Camera/Person_0179_Camera_f000000_r014.jpg,None,79,Warehouse_015__Person_0179,1.0,False,False,-0.4607723,0.5653485,-0.46077225,0.5653388,-0.17355017
379,Person_0179,Warehouse_015__Person_0179,76,76,Camera_01,11,Warehouse_015,Person,1,0.6279683377308707,330,8970,/pfs/data6/home/st/st_us-053000/st_st191959/DL-Lab/DataSet/MTMC_Tracking_2025_Preprocessed/val/Warehouse_015/crops/Person_0179/Camera_01/Person_0179_Camera_01_f000330_r032.jpg,None,79,Warehouse_015__Person_0179,1.0,False,False,-0.43639922,0.6031985,-0.43639913,0.60318995,-0.21005325
21,Person_0179,Warehouse_015__Person_0179,76,76,Camera_02,12,Warehouse_015,Person,1,0.6666666666666666,5790,5970,/pfs/data6/home/st/st_us-053000/st_st191959/DL-Lab/DataSet/MTMC_Tracking_2025_Preprocessed/val/Warehouse_015/crops/Person_0179/Camera_02/Person_0179_Camera_02_f005790_r005.jpg,None,79,Warehouse_015__Person_0179,1.0,False,False,-0.5010843,0.5926206,-0.5010843,0.5926159,-0.17811069
538,Person_0179,Warehouse_015__Person_0179,76,76,Camera_03,13,Warehouse_015,Person,1,0.6654275092936803,330,8970,/pfs/data6/home/st/st_us-053000/st_st191959/DL-Lab/DataSet/MTMC_Tracking_2025_Preprocessed/val/Warehouse_015/crops/Person_0179/Camera_03/Person_0179_Camera_03_f000330_r022.jpg,None,79,Warehouse_015__Person_0179,1.0,False,False,-0.34301546,0.58124965,-0.34301543,0.5812411,-0.1635095
494,Person_0179,Warehouse_015__Person_0179,76,76,Camera_04,14,Warehouse_015,Person,1,0.659919028340081,0,7680,/pfs/data6/home/st/st_us-053000/st_st191959/DL-Lab/DataSet/MTMC_Tracking_2025_Preprocessed/val/Warehouse_015/crops/Person_0179/Camera_04/Person_0179_Camera_04_f000000_r008.jpg,None,79,Warehouse_015__Person_0179,1.0,False,False,-0.48890734,0.56949824,-0.48890698,0.5694915,-0.20246588
21,Person_0179,Warehouse_015__Person_0179,76,76,Camera_07,17,Warehouse_015,Person,1,0.6666666666666666,1110,5010,/pfs/data6/home/st/st_us-053000/st_st191959/DL-Lab/DataSet/MTMC_Tracking_2025_Preprocessed/val/Warehouse_015/crops/Person_0179/Camera_07/Person_0179_Camera_07_f001110_r008.jpg,None,79,Warehouse_015__Person_0179,1.0,False,False,-0.23290083,0.68971324,-0.23290071,0.68970114,-0.1535101
820,Person_0179,Warehouse_015__Person_0179,76,76,Camera_08,18,Warehouse_015,Person,1,0.6658536585365854,0,8970,/pfs/data6/home/st/st_us-053000/st_st191959/DL-Lab/DataSet/MTMC_Tracking_2025_Preprocessed/val/Warehouse_015/crops/Person_0179/Camera_08/Person_0179_Camera_08_f000000_r014.jpg,None,79,Warehouse_015__Person_0179,1.0,False,False,-0.38761076,0.59910727,-0.38761067,0.5990966,-0.20515744
460,Person_0179,Warehouse_015__Person_0179,76,76,Camera_10,20,Warehouse_015,Person,1,0.3826086956521739,0,8970,/pfs/data6/home/st/st_us-053000/st_st191959/DL-Lab/DataSet/MTMC_Tracking_2025_Preprocessed/val/Warehouse_015/crops/Person_0179/Camera_10/Person_0179_Camera_10_f000000_r033.jpg,None,79,Warehouse_015__Person_0179,1.0,False,False,-0.46712962,0.5458879,-0.46712938,0.5458787,-0.15190868
588,Person_0179,Warehouse_015__Person_0179,76,76,Camera_12,22,Warehouse_015,Person,1,0.6496598639455783,330,8970,/pfs/data6/home/st/st_us-053000/st_st191959/DL-Lab/DataSet/MTMC_Tracking_2025_Preprocessed/val/Warehouse_015/crops/Person_0179/Camera_12/Person_0179_Camera_12_f000330_r027.jpg,None,79,Warehouse_015__Person_0179,1.0,False,False,-0.4752969,0.55178905,-0.47529674,0.55178016,-0.13417703
708,Person_0180,Warehouse_015__Person_0180,77,77,Camera,0,Warehouse_015,Person,1,0.6666666666666666,0,8970,/pfs/data6/home/st/st_us-053000/st_st191959/DL-Lab/DataSet/MTMC_Tracking_2025_Preprocessed/val/Warehouse_015/crops/Person_0180/Camera/Person_0180_Camera_f000000_r013.jpg,None,95,Warehouse_015__Person_0180,0.8333333333333334,False,False,-0.31752798,0.5818657,-0.31752777,0.58186877,-0.026266506
342,Person_0180,Warehouse_015__Person_0180,77,77,Camera_01,11,Warehouse_015,Person,1,0.3333333333333333,0,8970,/pfs/data6/home/st/st_us-053000/st_st191959/DL-Lab/DataSet/MTMC_Tracking_2025_Preprocessed/val/Warehouse_015/crops/Person_0180/Camera_01/Person_0180_Camera_01_f000000_r026.jpg,None,95,Warehouse_015__Person_0180,0.8333333333333334,False,False,-0.3636263,0.51711446,-0.36362588,0.5171133,-0.028727707
36,Person_0180,Warehouse_015__Person_0180,77,77,Camera_02,12,Warehouse_015,Person,1,0.6666666666666666,2970,3300,/pfs/data6/home/st/st_us-053000/st_st191959/DL-Lab/DataSet/MTMC_Tracking_2025_Preprocessed/val/Warehouse_015/crops/Person_0180/Camera_02/Person_0180_Camera_02_f002970_r005.jpg,None,95,Warehouse_015__Person_0180,0.8333333333333334,False,False,-0.37076113,0.58320975,-0.3707606,0.5832082,-0.033856265
758,Person_0180,Warehouse_015__Person_0180,77,77,Camera_03,13,Warehouse_015,Person,1,0.6569920844327177,0,8970,/pfs/data6/home/st/st_us-053000/st_st191959/DL-Lab/DataSet/MTMC_Tracking_2025_Preprocessed/val/Warehouse_015/crops/Person_0180/Camera_03/Person_0180_Camera_03_f000000_r018.jpg,None,95,Warehouse_015__Person_0180,0.8333333333333334,False,False,-0.3071906,0.5375811,-0.30719027,0.53758013,-0.052127164
283,Person_0180,Warehouse_015__Person_0180,77,77,Camera_04,14,Warehouse_015,Person,1,0.6643109540636042,0,4770,/pfs/data6/home/st/st_us-053000/st_st191959/DL-Lab/DataSet/MTMC_Tracking_2025_Preprocessed/val/Warehouse_015/crops/Person_0180/Camera_04/Person_0180_Camera_04_f000000_r007.jpg,None,95,Warehouse_015__Person_0180,0.8333333333333334,False,False,-0.32967865,0.553464,-0.32967842,0.5534644,-0.07101179
544,Person_0180,Warehouse_015__Person_0180,77,77,Camera_07,17,Warehouse_015,Person,1,0.6654411764705882,330,8970,/pfs/data6/home/st/st_us-053000/st_st191959/DL-Lab/DataSet/MTMC_Tracking_2025_Preprocessed/val/Warehouse_015/crops/Person_0180/Camera_07/Person_0180_Camera_07_f000330_r007.jpg,None,95,Warehouse_015__Person_0180,0.8333333333333334,False,False,-0.24261342,0.5701204,-0.2426132,0.5701172,-0.014368112
287,Person_0180,Warehouse_015__Person_0180,77,77,Camera_08,18,Warehouse_015,Person,1,0.6550522648083623,1500,4740,/pfs/data6/home/st/st_us-053000/st_st191959/DL-Lab/DataSet/MTMC_Tracking_2025_Preprocessed/val/Warehouse_015/crops/Person_0180/Camera_08/Person_0180_Camera_08_f001500_r014.jpg,None,95,Warehouse_015__Person_0180,0.8333333333333334,False,False,-0.18609205,0.58309704,-0.18609177,0.58309275,-0.02354578
51,Person_0180,Warehouse_015__Person_0180,77,77,Camera_09,19,Warehouse_015,Person,1,0.6666666666666666,390,870,/pfs/data6/home/st/st_us-053000/st_st191959/DL-Lab/DataSet/MTMC_Tracking_2025_Preprocessed/val/Warehouse_015/crops/Person_0180/Camera_09/Person_0180_Camera_09_f000390_r002.jpg,None,95,Warehouse_015__Person_0180,0.8333333333333334,False,False,-0.20503034,0.6034663,-0.20502995,0.6034505,-0.008269245
631,Person_0180,Warehouse_015__Person_0180,77,77,Camera_10,20,Warehouse_015,Person,1,0.5356576862123613,0,8970,/pfs/data6/home/st/st_us-053000/st_st191959/DL-Lab/DataSet/MTMC_Tracking_2025_Preprocessed/val/Warehouse_015/crops/Person_0180/Camera_10/Person_0180_Camera_10_f000000_r032.jpg,None,95,Warehouse_015__Person_0180,0.8333333333333334,False,False,-0.3533098,0.5206993,-0.35330954,0.5206964,-0.06059831
673,Person_0180,Warehouse_015__Person_0180,77,77,Camera_12,22,Warehouse_015,Person,1,0.6537890044576523,390,8970,/pfs/data6/home/st/st_us-053000/st_st191959/DL-Lab/DataSet/MTMC_Tracking_2025_Preprocessed/val/Warehouse_015/crops/Person_0180/Camera_12/Person_0180_Camera_12_f000390_r031.jpg,None,95,Warehouse_015__Person_0180,0.8333333333333334,False,False,-0.27744427,0.5554678,-0.277444,0.55547017,-0.04172984
199,Person_0181,Warehouse_015__Person_0181,78,78,Camera,0,Warehouse_015,Person,1,0.6633165829145728,0,3030,/pfs/data6/home/st/st_us-053000/st_st191959/DL-Lab/DataSet/MTMC_Tracking_2025_Preprocessed/val/Warehouse_015/crops/Person_0181/Camera/Person_0181_Camera_f000000_r007.jpg,None,42,Warehouse_015__Person_0181,1.0,False,False,-0.4253722,0.09133031,-0.4253722,0.09134726,-0.013625055
517,Person_0181,Warehouse_015__Person_0181,78,78,Camera_01,11,Warehouse_015,Person,1,0.6576402321083172,0,8970,/pfs/data6/home/st/st_us-053000/st_st191959/DL-Lab/DataSet/MTMC_Tracking_2025_Preprocessed/val/Warehouse_015/crops/Person_0181/Camera_01/Person_0181_Camera_01_f000000_r009.jpg,None,42,Warehouse_015__Person_0181,1.0,False,False,-0.37981576,0.07849465,-0.37981567,0.07851322,0.01359396
327,Person_0181,Warehouse_015__Person_0181,78,78,Camera_02,12,Warehouse_015,Person,1,0.6666666666666666,3660,8700,/pfs/data6/home/st/st_us-053000/st_st191959/DL-Lab/DataSet/MTMC_Tracking_2025_Preprocessed/val/Warehouse_015/crops/Person_0181/Camera_02/Person_0181_Camera_02_f003660_r001.jpg,None,42,Warehouse_015__Person_0181,1.0,False,False,-0.44521904,0.07173245,-0.44521883,0.07175117,-0.010385602
447,Person_0181,Warehouse_015__Person_0181,78,78,Camera_03,13,Warehouse_015,Person,1,0.6666666666666666,0,8310,/pfs/data6/home/st/st_us-053000/st_st191959/DL-Lab/DataSet/MTMC_Tracking_2025_Preprocessed/val/Warehouse_015/crops/Person_0181/Camera_03/Person_0181_Camera_03_f000000_r007.jpg,None,42,Warehouse_015__Person_0181,1.0,False,False,-0.40142873,0.071247265,-0.4014287,0.071265295,-0.01222737
108,Person_0181,Warehouse_015__Person_0181,78,78,Camera_04,14,Warehouse_015,Person,1,0.6666666666666666,1110,2550,/pfs/data6/home/st/st_us-053000/st_st191959/DL-Lab/DataSet/MTMC_Tracking_2025_Preprocessed/val/Warehouse_015/crops/Person_0181/Camera_04/Person_0181_Camera_04_f001110_r002.jpg,None,42,Warehouse_015__Person_0181,1.0,False,False,-0.44833967,0.09922957,-0.44833952,0.09924836,-0.00046344992
158,Person_0181,Warehouse_015__Person_0181,78,78,Camera_05,15,Warehouse_015,Person,1,0.6582278481012658,60,8970,/pfs/data6/home/st/st_us-053000/st_st191959/DL-Lab/DataSet/MTMC_Tracking_2025_Preprocessed/val/Warehouse_015/crops/Person_0181/Camera_05/Person_0181_Camera_05_f000060_r004.jpg,None,42,Warehouse_015__Person_0181,1.0,False,False,-0.3858765,0.07532117,-0.38587648,0.07534035,0.014285549
48,Person_0181,Warehouse_015__Person_0181,78,78,Camera_07,17,Warehouse_015,Person,1,0.6666666666666666,0,2730,/pfs/data6/home/st/st_us-053000/st_st191959/DL-Lab/DataSet/MTMC_Tracking_2025_Preprocessed/val/Warehouse_015/crops/Person_0181/Camera_07/Person_0181_Camera_07_f000000_r002.jpg,None,42,Warehouse_015__Person_0181,1.0,False,False,-0.41202998,0.10126107,-0.4120299,0.1012791,0.02282152
563,Person_0181,Warehouse_015__Person_0181,78,78,Camera_08,18,Warehouse_015,Person,1,0.6607460035523979,900,8670,/pfs/data6/home/st/st_us-053000/st_st191959/DL-Lab/DataSet/MTMC_Tracking_2025_Preprocessed/val/Warehouse_015/crops/Person_0181/Camera_08/Person_0181_Camera_08_f000900_r009.jpg,None,42,Warehouse_015__Person_0181,1.0,False,False,-0.41307205,0.07054929,-0.41307196,0.070566095,-0.01701915
653,Person_0181,Warehouse_015__Person_0181,78,78,Camera_10,20,Warehouse_015,Person,1,0.6615620214395099,0,8970,/pfs/data6/home/st/st_us-053000/st_st191959/DL-Lab/DataSet/MTMC_Tracking_2025_Preprocessed/val/Warehouse_015/crops/Person_0181/Camera_10/Person_0181_Camera_10_f000000_r013.jpg,None,42,Warehouse_015__Person_0181,1.0,False,False,-0.41778854,0.07574691,-0.41778854,0.07576305,-0.011035849
730,Person_0181,Warehouse_015__Person_0181,78,78,Camera_12,22,Warehouse_015,Person,1,0.6328767123287671,0,8970,/pfs/data6/home/st/st_us-053000/st_st191959/DL-Lab/DataSet/MTMC_Tracking_2025_Preprocessed/val/Warehouse_015/crops/Person_0181/Camera_12/Person_0181_Camera_12_f000000_r012.jpg,None,42,Warehouse_015__Person_0181,1.0,False,False,-0.4264064,0.074964724,-0.42640644,0.07498194,0.011670157
883,Person_0184,Warehouse_015__Person_0184,79,79,Camera_01,11,Warehouse_015,Person,1,0.665911664779162,120,8970,/pfs/data6/home/st/st_us-053000/st_st191959/DL-Lab/DataSet/MTMC_Tracking_2025_Preprocessed/val/Warehouse_015/crops/Person_0184/Camera_01/Person_0184_Camera_01_f000120_r032.jpg,None,82,Warehouse_015__Person_0184,1.0,False,False,-0.42984393,-0.2129937,-0.4298438,-0.21298575,-0.3313864
9,Person_0184,Warehouse_015__Person_0184,79,79,Camera_02,12,Warehouse_015,Person,1,0.6666666666666666,480,540,/pfs/data6/home/st/st_us-053000/st_st191959/DL-Lab/DataSet/MTMC_Tracking_2025_Preprocessed/val/Warehouse_015/crops/Person_0184/Camera_02/Person_0184_Camera_02_f000480_r008.jpg,None,-1,NOISE,0.0,True,False,-0.5569583,-0.29495257,-0.5569581,-0.29494408,-0.044156134
876,Person_0184,Warehouse_015__Person_0184,79,79,Camera_03,13,Warehouse_015,Person,1,0.6666666666666666,0,8970,/pfs/data6/home/st/st_us-053000/st_st191959/DL-Lab/DataSet/MTMC_Tracking_2025_Preprocessed/val/Warehouse_015/crops/Person_0184/Camera_03/Person_0184_Camera_03_f000000_r024.jpg,None,82,Warehouse_015__Person_0184,1.0,False,False,-0.4563579,-0.21880141,-0.45635766,-0.2187962,-0.30764335
248,Person_0184,Warehouse_015__Person_0184,79,79,Camera_05,15,Warehouse_015,Person,1,0.008064516129032258,450,8970,/pfs/data6/home/st/st_us-053000/st_st191959/DL-Lab/DataSet/MTMC_Tracking_2025_Preprocessed/val/Warehouse_015/crops/Person_0184/Camera_05/Person_0184_Camera_05_f000450_r018.jpg,None,-1,NOISE,0.0,True,False,-0.26056,-0.14174505,-0.26056004,-0.14172916,-0.40410766
29,Person_0184,Warehouse_015__Person_0184,79,79,Camera_08,18,Warehouse_015,Person,1,0.6206896551724138,0,600,/pfs/data6/home/st/st_us-053000/st_st191959/DL-Lab/DataSet/MTMC_Tracking_2025_Preprocessed/val/Warehouse_015/crops/Person_0184/Camera_08/Person_0184_Camera_08_f000000_r015.jpg,None,82,Warehouse_015__Person_0184,1.0,False,False,-0.36349165,-0.33697248,-0.3634915,-0.33697072,-0.38526565
885,Person_0184,Warehouse_015__Person_0184,79,79,Camera_10,20,Warehouse_015,Person,1,0.6666666666666666,0,8970,/pfs/data6/home/st/st_us-053000/st_st191959/DL-Lab/DataSet/MTMC_Tracking_2025_Preprocessed/val/Warehouse_015/crops/Person_0184/Camera_10/Person_0184_Camera_10_f000000_r038.jpg,None,82,Warehouse_015__Person_0184,1.0,False,False,-0.36997524,-0.24632734,-0.36997497,-0.24632058,-0.3765729
829,Person_0184,Warehouse_015__Person_0184,79,79,Camera_12,22,Warehouse_015,Person,1,0.6393244873341375,0,8970,/pfs/data6/home/st/st_us-053000/st_st191959/DL-Lab/DataSet/MTMC_Tracking_2025_Preprocessed/val/Warehouse_015/crops/Person_0184/Camera_12/Person_0184_Camera_12_f000000_r032.jpg,None,82,Warehouse_015__Person_0184,1.0,False,False,-0.5005372,-0.21714284,-0.500537,-0.21713881,-0.34257978
270,Person_0185,Warehouse_015__Person_0185,80,80,Camera,0,Warehouse_015,Person,1,0.6666666666666666,180,2880,/pfs/data6/home/st/st_us-053000/st_st191959/DL-Lab/DataSet/MTMC_Tracking_2025_Preprocessed/val/Warehouse_015/crops/Person_0185/Camera/Person_0185_Camera_f000180_r018.jpg,None,29,Warehouse_015__Person_0185,1.0,False,False,-0.2846791,-0.21747127,-0.28467906,-0.21746053,0.04853793
473,Person_0185,Warehouse_015__Person_0185,80,80,Camera_01,11,Warehouse_015,Person,1,0.638477801268499,0,7920,/pfs/data6/home/st/st_us-053000/st_st191959/DL-Lab/DataSet/MTMC_Tracking_2025_Preprocessed/val/Warehouse_015/crops/Person_0185/Camera_01/Person_0185_Camera_01_f000000_r033.jpg,None,29,Warehouse_015__Person_0185,1.0,False,False,-0.3051595,-0.22840595,-0.30515942,-0.2283958,0.047985133
457,Person_0185,Warehouse_015__Person_0185,80,80,Camera_02,12,Warehouse_015,Person,1,0.6652078774617067,3600,8970,/pfs/data6/home/st/st_us-053000/st_st191959/DL-Lab/DataSet/MTMC_Tracking_2025_Preprocessed/val/Warehouse_015/crops/Person_0185/Camera_02/Person_0185_Camera_02_f003600_r006.jpg,None,29,Warehouse_015__Person_0185,1.0,False,False,-0.33349964,-0.22564656,-0.3334995,-0.22563644,0.023069467
341,Person_0185,Warehouse_015__Person_0185,80,80,Camera_03,13,Warehouse_015,Person,1,0.6627565982404692,0,3510,/pfs/data6/home/st/st_us-053000/st_st191959/DL-Lab/DataSet/MTMC_Tracking_2025_Preprocessed/val/Warehouse_015/crops/Person_0185/Camera_03/Person_0185_Camera_03_f000000_r026.jpg,None,29,Warehouse_015__Person_0185,1.0,False,False,-0.26166332,-0.20681585,-0.26166338,-0.20680584,0.062369432
189,Person_0185,Warehouse_015__Person_0185,80,80,Camera_04,14,Warehouse_015,Person,1,0.6666666666666666,270,2640,/pfs/data6/home/st/st_us-053000/st_st191959/DL-Lab/DataSet/MTMC_Tracking_2025_Preprocessed/val/Warehouse_015/crops/Person_0185/Camera_04/Person_0185_Camera_04_f000270_r008.jpg,None,29,Warehouse_015__Person_0185,1.0,False,False,-0.29690498,-0.21716508,-0.29690495,-0.21715531,0.02922547
138,Person_0185,Warehouse_015__Person_0185,80,80,Camera_05,15,Warehouse_015,Person,1,0.6521739130434783,3540,7860,/pfs/data6/home/st/st_us-053000/st_st191959/DL-Lab/DataSet/MTMC_Tracking_2025_Preprocessed/val/Warehouse_015/crops/Person_0185/Camera_05/Person_0185_Camera_05_f003540_r022.jpg,None,29,Warehouse_015__Person_0185,1.0,False,False,-0.23927185,-0.2358929,-0.23927185,-0.23587728,0.04824547
48,Person_0185,Warehouse_015__Person_0185,80,80,Camera_07,17,Warehouse_015,Person,1,0.6666666666666666,870,1680,/pfs/data6/home/st/st_us-053000/st_st191959/DL-Lab/DataSet/MTMC_Tracking_2025_Preprocessed/val/Warehouse_015/crops/Person_0185/Camera_07/Person_0185_Camera_07_f000870_r012.jpg,None,29,Warehouse_015__Person_0185,1.0,False,False,-0.2622784,-0.257435,-0.26227838,-0.257423,0.030733325
398,Person_0185,Warehouse_015__Person_0185,80,80,Camera_08,18,Warehouse_015,Person,1,0.6080402010050251,270,8970,/pfs/data6/home/st/st_us-053000/st_st191959/DL-Lab/DataSet/MTMC_Tracking_2025_Preprocessed/val/Warehouse_015/crops/Person_0185/Camera_08/Person_0185_Camera_08_f000270_r013.jpg,None,29,Warehouse_015__Person_0185,1.0,False,False,-0.2731842,-0.22539738,-0.27318412,-0.2253876,0.0723506
378,Person_0185,Warehouse_015__Person_0185,80,80,Camera_10,20,Warehouse_015,Person,1,0.544973544973545,0,8610,/pfs/data6/home/st/st_us-053000/st_st191959/DL-Lab/DataSet/MTMC_Tracking_2025_Preprocessed/val/Warehouse_015/crops/Person_0185/Camera_10/Person_0185_Camera_10_f000000_r039.jpg,None,29,Warehouse_015__Person_0185,1.0,False,False,-0.30528733,-0.2199282,-0.30528736,-0.21991724,0.03405227
48,Person_0185,Warehouse_015__Person_0185,80,80,Camera_11,21,Warehouse_015,Person,1,0.6666666666666666,4410,6030,/pfs/data6/home/st/st_us-053000/st_st191959/DL-Lab/DataSet/MTMC_Tracking_2025_Preprocessed/val/Warehouse_015/crops/Person_0185/Camera_11/Person_0185_Camera_11_f004410_r006.jpg,None,29,Warehouse_015__Person_0185,1.0,False,False,-0.32430023,-0.18057597,-0.32430008,-0.18056804,0.089401215
426,Person_0185,Warehouse_015__Person_0185,80,80,Camera_12,22,Warehouse_015,Person,1,0.4694835680751174,0,8970,/pfs/data6/home/st/st_us-053000/st_st191959/DL-Lab/DataSet/MTMC_Tracking_2025_Preprocessed/val/Warehouse_015/crops/Person_0185/Camera_12/Person_0185_Camera_12_f000000_r033.jpg,None,29,Warehouse_015__Person_0185,1.0,False,False,-0.3427242,-0.20907657,-0.34272403,-0.20906702,0.030680394
120,Person_0186,Warehouse_015__Person_0186,81,81,Camera,0,Warehouse_015,Person,1,0.6666666666666666,120,8760,/pfs/data6/home/st/st_us-053000/st_st191959/DL-Lab/DataSet/MTMC_Tracking_2025_Preprocessed/val/Warehouse_015/crops/Person_0186/Camera/Person_0186_Camera_f000120_r011.jpg,None,107,Warehouse_015__Person_0186,1.0,False,False,-0.22370991,-0.08340449,-0.2237099,-0.08340062,0.037973378
387,Person_0186,Warehouse_015__Person_0186,81,81,Camera_01,11,Warehouse_015,Person,1,0.661498708010336,0,8910,/pfs/data6/home/st/st_us-053000/st_st191959/DL-Lab/DataSet/MTMC_Tracking_2025_Preprocessed/val/Warehouse_015/crops/Person_0186/Camera_01/Person_0186_Camera_01_f000000_r020.jpg,None,107,Warehouse_015__Person_0186,1.0,False,False,-0.35818642,-0.1430561,-0.3581864,-0.14304966,0.07850422
198,Person_0186,Warehouse_015__Person_0186,81,81,Camera_02,12,Warehouse_015,Person,1,0.6666666666666666,1350,6810,/pfs/data6/home/st/st_us-053000/st_st191959/DL-Lab/DataSet/MTMC_Tracking_2025_Preprocessed/val/Warehouse_015/crops/Person_0186/Camera_02/Person_0186_Camera_02_f001350_r008.jpg,None,107,Warehouse_015__Person_0186,1.0,False,False,-0.39092842,-0.11048419,-0.39092842,-0.11048158,0.04739563
512,Person_0186,Warehouse_015__Person_0186,81,81,Camera_03,13,Warehouse_015,Person,1,0.6640625,0,8970,/pfs/data6/home/st/st_us-053000/st_st191959/DL-Lab/DataSet/MTMC_Tracking_2025_Preprocessed/val/Warehouse_015/crops/Person_0186/Camera_03/Person_0186_Camera_03_f000000_r014.jpg,None,107,Warehouse_015__Person_0186,1.0,False,False,-0.18879439,-0.13077119,-0.18879458,-0.13076264,0.04983377
129,Person_0186,Warehouse_015__Person_0186,81,81,Camera_04,14,Warehouse_015,Person,1,0.6511627906976745,3240,8640,/pfs/data6/home/st/st_us-053000/st_st191959/DL-Lab/DataSet/MTMC_Tracking_2025_Preprocessed/val/Warehouse_015/crops/Person_0186/Camera_04/Person_0186_Camera_04_f003240_r006.jpg,None,107,Warehouse_015__Person_0186,1.0,False,False,-0.42189297,-0.07095677,-0.42189306,-0.070950344,0.15276267
61,Person_0186,Warehouse_015__Person_0186,81,81,Camera_05,15,Warehouse_015,Person,1,0.6557377049180327,630,7830,/pfs/data6/home/st/st_us-053000/st_st191959/DL-Lab/DataSet/MTMC_Tracking_2025_Preprocessed/val/Warehouse_015/crops/Person_0186/Camera_05/Person_0186_Camera_05_f000630_r012.jpg,None,107,Warehouse_015__Person_0186,1.0,False,False,-0.34230682,-0.16342202,-0.3423069,-0.1634168,-0.09157374
6,Person_0186,Warehouse_015__Person_0186,81,81,Camera_07,17,Warehouse_015,Person,1,0.6666666666666666,8340,8370,/pfs/data6/home/st/st_us-053000/st_st191959/DL-Lab/DataSet/MTMC_Tracking_2025_Preprocessed/val/Warehouse_015/crops/Person_0186/Camera_07/Person_0186_Camera_07_f008340_r008.jpg,None,107,Warehouse_015__Person_0186,1.0,False,False,-0.26702517,-0.15193924,-0.2670253,-0.15193366,0.008905835
608,Person_0186,Warehouse_015__Person_0186,81,81,Camera_08,18,Warehouse_015,Person,1,0.6348684210526315,0,8970,/pfs/data6/home/st/st_us-053000/st_st191959/DL-Lab/DataSet/MTMC_Tracking_2025_Preprocessed/val/Warehouse_015/crops/Person_0186/Camera_08/Person_0186_Camera_08_f000000_r011.jpg,None,107,Warehouse_015__Person_0186,1.0,False,False,-0.34369776,-0.12952155,-0.34369782,-0.12951738,0.092790864
637,Person_0186,Warehouse_015__Person_0186,81,81,Camera_10,20,Warehouse_015,Person,1,0.5871271585557299,0,8970,/pfs/data6/home/st/st_us-053000/st_st191959/DL-Lab/DataSet/MTMC_Tracking_2025_Preprocessed/val/Warehouse_015/crops/Person_0186/Camera_10/Person_0186_Camera_10_f000000_r026.jpg,None,107,Warehouse_015__Person_0186,1.0,False,False,-0.37686327,-0.1616374,-0.3768632,-0.16163237,0.098327845
786,Person_0186,Warehouse_015__Person_0186,81,81,Camera_12,22,Warehouse_015,Person,1,0.6335877862595419,0,8970,/pfs/data6/home/st/st_us-053000/st_st191959/DL-Lab/DataSet/MTMC_Tracking_2025_Preprocessed/val/Warehouse_015/crops/Person_0186/Camera_12/Person_0186_Camera_12_f000000_r022.jpg,None,107,Warehouse_015__Person_0186,1.0,False,False,-0.38599744,-0.12790422,-0.38599768,-0.1279012,0.08566703
33,Person_0187,Warehouse_015__Person_0187,82,82,Camera,0,Warehouse_015,Person,1,0.6666666666666666,540,840,/pfs/data6/home/st/st_us-053000/st_st191959/DL-Lab/DataSet/MTMC_Tracking_2025_Preprocessed/val/Warehouse_015/crops/Person_0187/Camera/Person_0187_Camera_f000540_r015.jpg,None,90,Warehouse_015__Person_0187,1.0,False,False,-0.31241032,-0.2410093,-0.31241038,-0.24099796,0.036846787
807,Person_0187,Warehouse_015__Person_0187,82,82,Camera_01,11,Warehouse_015,Person,1,0.6617100371747212,0,8970,/pfs/data6/home/st/st_us-053000/st_st191959/DL-Lab/DataSet/MTMC_Tracking_2025_Preprocessed/val/Warehouse_015/crops/Person_0187/Camera_01/Person_0187_Camera_01_f000000_r043.jpg,None,90,Warehouse_015__Person_0187,1.0,False,False,-0.29603153,-0.2349315,-0.29603156,-0.2349144,-0.12017848
780,Person_0187,Warehouse_015__Person_0187,82,82,Camera_02,12,Warehouse_015,Person,1,0.6666666666666666,1170,8970,/pfs/data6/home/st/st_us-053000/st_st191959/DL-Lab/DataSet/MTMC_Tracking_2025_Preprocessed/val/Warehouse_015/crops/Person_0187/Camera_02/Person_0187_Camera_02_f001170_r014.jpg,None,90,Warehouse_015__Person_0187,1.0,False,False,-0.36309358,-0.24596813,-0.36309335,-0.24595496,-0.051940262
117,Person_0187,Warehouse_015__Person_0187,82,82,Camera_03,13,Warehouse_015,Person,1,0.6666666666666666,30,1170,/pfs/data6/home/st/st_us-053000/st_st191959/DL-Lab/DataSet/MTMC_Tracking_2025_Preprocessed/val/Warehouse_015/crops/Person_0187/Camera_03/Person_0187_Camera_03_f000030_r034.jpg,None,90,Warehouse_015__Person_0187,1.0,False,False,-0.19688298,-0.25674793,-0.19688302,-0.2567292,-0.037699264
30,Person_0187,Warehouse_015__Person_0187,82,82,Camera_04,14,Warehouse_015,Person,1,0.6666666666666666,540,840,/pfs/data6/home/st/st_us-053000/st_st191959/DL-Lab/DataSet/MTMC_Tracking_2025_Preprocessed/val/Warehouse_015/crops/Person_0187/Camera_04/Person_0187_Camera_04_f000540_r008.jpg,None,90,Warehouse_015__Person_0187,1.0,False,False,-0.37140128,-0.22274174,-0.37140092,-0.2227251,0.004737532
735,Person_0187,Warehouse_015__Person_0187,82,82,Camera_05,15,Warehouse_015,Person,1,0.6666666666666666,0,8970,/pfs/data6/home/st/st_us-053000/st_st191959/DL-Lab/DataSet/MTMC_Tracking_2025_Preprocessed/val/Warehouse_015/crops/Person_0187/Camera_05/Person_0187_Camera_05_f000000_r025.jpg,None,-1,NOISE,0.0,True,False,-0.2885622,-0.36030746,-0.28856227,-0.36027375,-0.007914134
406,Person_0187,Warehouse_015__Person_0187,82,82,Camera_08,18,Warehouse_015,Person,1,0.33497536945812806,120,8970,/pfs/data6/home/st/st_us-053000/st_st191959/DL-Lab/DataSet/MTMC_Tracking_2025_Preprocessed/val/Warehouse_015/crops/Person_0187/Camera_08/Person_0187_Camera_08_f000120_r020.jpg,None,90,Warehouse_015__Person_0187,1.0,False,False,-0.4388329,-0.20106527,-0.43883273,-0.20104955,0.038688626
871,Person_0187,Warehouse_015__Person_0187,82,82,Camera_10,20,Warehouse_015,Person,1,0.6567164179104478,0,8970,/pfs/data6/home/st/st_us-053000/st_st191959/DL-Lab/DataSet/MTMC_Tracking_2025_Preprocessed/val/Warehouse_015/crops/Person_0187/Camera_10/Person_0187_Camera_10_f000000_r050.jpg,None,90,Warehouse_015__Person_0187,1.0,False,False,-0.3798828,-0.17564246,-0.37988278,-0.1756305,-0.029148769
812,Person_0187,Warehouse_015__Person_0187,82,82,Camera_12,22,Warehouse_015,Person,1,0.6354679802955665,0,8970,/pfs/data6/home/st/st_us-053000/st_st191959/DL-Lab/DataSet/MTMC_Tracking_2025_Preprocessed/val/Warehouse_015/crops/Person_0187/Camera_12/Person_0187_Camera_12_f000000_r046.jpg,None,90,Warehouse_015__Person_0187,1.0,False,False,-0.4028921,-0.21933094,-0.40289208,-0.21931587,0.03015418
849,Person_0188,Warehouse_015__Person_0188,83,83,Camera,0,Warehouse_015,Person,1,0.6666666666666666,390,8850,/pfs/data6/home/st/st_us-053000/st_st191959/DL-Lab/DataSet/MTMC_Tracking_2025_Preprocessed/val/Warehouse_015/crops/Person_0188/Camera/Person_0188_Camera_f000390_r001.jpg,None,74,Warehouse_015__Person_0188,1.0,False,False,-0.24850237,-0.15262258,-0.24850233,-0.1526347,0.057565555
542,Person_0188,Warehouse_015__Person_0188,83,83,Camera_01,11,Warehouse_015,Person,1,0.47232472324723246,0,8970,/pfs/data6/home/st/st_us-053000/st_st191959/DL-Lab/DataSet/MTMC_Tracking_2025_Preprocessed/val/Warehouse_015/crops/Person_0188/Camera_01/Person_0188_Camera_01_f000000_r003.jpg,None,74,Warehouse_015__Person_0188,1.0,False,False,-0.30957708,-0.19581853,-0.3095771,-0.1958227,0.049469195
851,Person_0188,Warehouse_015__Person_0188,83,83,Camera_03,13,Warehouse_015,Person,1,0.6627497062279671,0,8970,/pfs/data6/home/st/st_us-053000/st_st191959/DL-Lab/DataSet/MTMC_Tracking_2025_Preprocessed/val/Warehouse_015/crops/Person_0188/Camera_03/Person_0188_Camera_03_f000000_r002.jpg,None,74,Warehouse_015__Person_0188,1.0,False,False,-0.23248531,-0.18414585,-0.2324852,-0.18415241,0.066929154
552,Person_0188,Warehouse_015__Person_0188,83,83,Camera_04,14,Warehouse_015,Person,1,0.6666666666666666,1050,8760,/pfs/data6/home/st/st_us-053000/st_st191959/DL-Lab/DataSet/MTMC_Tracking_2025_Preprocessed/val/Warehouse_015/crops/Person_0188/Camera_04/Person_0188_Camera_04_f001050_r000.jpg,None,74,Warehouse_015__Person_0188,1.0,False,False,-0.24137238,-0.16169007,-0.24137218,-0.16169877,0.034063075
4,Person_0188,Warehouse_015__Person_0188,83,83,Camera_05,15,Warehouse_015,Person,0,0.0,8880,8970,/pfs/data6/home/st/st_us-053000/st_st191959/DL-Lab/DataSet/MTMC_Tracking_2025_Preprocessed/val/Warehouse_015/crops/Person_0188/Camera_05/Person_0188_Camera_05_f008880_r002.jpg,None,74,Warehouse_015__Person_0188,1.0,False,False,-0.12235865,-0.27437434,-0.122358635,-0.27438006,0.20866771
471,Person_0188,Warehouse_015__Person_0188,83,83,Camera_07,17,Warehouse_015,Person,1,0.6666666666666666,450,8970,/pfs/data6/home/st/st_us-053000/st_st191959/DL-Lab/DataSet/MTMC_Tracking_2025_Preprocessed/val/Warehouse_015/crops/Person_0188/Camera_07/Person_0188_Camera_07_f000450_r001.jpg,None,74,Warehouse_015__Person_0188,1.0,False,False,-0.21577376,-0.19913986,-0.21577378,-0.19915038,0.16877708
138,Person_0188,Warehouse_015__Person_0188,83,83,Camera_08,18,Warehouse_015,Person,1,0.6666666666666666,0,6870,/pfs/data6/home/st/st_us-053000/st_st191959/DL-Lab/DataSet/MTMC_Tracking_2025_Preprocessed/val/Warehouse_015/crops/Person_0188/Camera_08/Person_0188_Camera_08_f000000_r002.jpg,None,74,Warehouse_015__Person_0188,1.0,False,False,-0.025202962,-0.16818072,-0.025202999,-0.16818681,0.048921715
39,Person_0188,Warehouse_015__Person_0188,83,83,Camera_09,19,Warehouse_015,Person,1,0.6666666666666666,3870,8850,/pfs/data6/home/st/st_us-053000/st_st191959/DL-Lab/DataSet/MTMC_Tracking_2025_Preprocessed/val/Warehouse_015/crops/Person_0188/Camera_09/Person_0188_Camera_09_f003870_r000.jpg,None,74,Warehouse_015__Person_0188,1.0,False,False,-0.13733661,-0.20859297,-0.13733655,-0.20860983,0.09351096
619,Person_0188,Warehouse_015__Person_0188,83,83,Camera_10,20,Warehouse_015,Person,1,0.5266558966074314,0,8940,/pfs/data6/home/st/st_us-053000/st_st191959/DL-Lab/DataSet/MTMC_Tracking_2025_Preprocessed/val/Warehouse_015/crops/Person_0188/Camera_10/Person_0188_Camera_10_f000000_r003.jpg,None,74,Warehouse_015__Person_0188,1.0,False,False,-0.3327029,-0.20217207,-0.33270285,-0.20217793,0.010508408
348,Person_0188,Warehouse_015__Person_0188,83,83,Camera_12,22,Warehouse_015,Person,1,0.6666666666666666,0,8970,/pfs/data6/home/st/st_us-053000/st_st191959/DL-Lab/DataSet/MTMC_Tracking_2025_Preprocessed/val/Warehouse_015/crops/Person_0188/Camera_12/Person_0188_Camera_12_f000000_r003.jpg,None,74,Warehouse_015__Person_0188,1.0,False,False,-0.09755035,-0.12709562,-0.09755044,-0.12709782,0.04916153
511,Person_0189,Warehouse_015__Person_0189,84,84,Camera_01,11,Warehouse_015,Person,1,0.6614481409001957,0,8970,/pfs/data6/home/st/st_us-053000/st_st191959/DL-Lab/DataSet/MTMC_Tracking_2025_Preprocessed/val/Warehouse_015/crops/Person_0189/Camera_01/Person_0189_Camera_01_f000000_r031.jpg,None,81,Warehouse_015__Person_0189,1.0,False,False,-0.30642626,-0.14539488,-0.30642617,-0.14540876,-0.3862076
474,Person_0189,Warehouse_015__Person_0189,84,84,Camera_02,12,Warehouse_015,Person,1,0.6666666666666666,1650,8550,/pfs/data6/home/st/st_us-053000/st_st191959/DL-Lab/DataSet/MTMC_Tracking_2025_Preprocessed/val/Warehouse_015/crops/Person_0189/Camera_02/Person_0189_Camera_02_f001650_r011.jpg,None,81,Warehouse_015__Person_0189,1.0,False,False,-0.43696585,-0.14451125,-0.43696582,-0.14452271,-0.39909595
338,Person_0189,Warehouse_015__Person_0189,84,84,Camera_03,13,Warehouse_015,Person,1,0.6627218934911243,0,8970,/pfs/data6/home/st/st_us-053000/st_st191959/DL-Lab/DataSet/MTMC_Tracking_2025_Preprocessed/val/Warehouse_015/crops/Person_0189/Camera_03/Person_0189_Camera_03_f000000_r023.jpg,None,81,Warehouse_015__Person_0189,1.0,False,False,-0.3934853,-0.17994416,-0.3934853,-0.17995678,-0.38576457
172,Person_0189,Warehouse_015__Person_0189,84,84,Camera_05,15,Warehouse_015,Person,1,0.6627906976744186,0,8640,/pfs/data6/home/st/st_us-053000/st_st191959/DL-Lab/DataSet/MTMC_Tracking_2025_Preprocessed/val/Warehouse_015/crops/Person_0189/Camera_05/Person_0189_Camera_05_f000000_r015.jpg,None,81,Warehouse_015__Person_0189,1.0,False,False,-0.30990636,-0.15904017,-0.30990607,-0.15905493,-0.36532426
15,Person_0189,Warehouse_015__Person_0189,84,84,Camera_06,16,Warehouse_015,Person,1,0.6666666666666666,120,240,/pfs/data6/home/st/st_us-053000/st_st191959/DL-Lab/DataSet/MTMC_Tracking_2025_Preprocessed/val/Warehouse_015/crops/Person_0189/Camera_06/Person_0189_Camera_06_f000120_r009.jpg,None,-1,NOISE,0.0,True,False,0.010509536,-0.14476387,0.010509925,-0.14481187,-0.069432184
401,Person_0189,Warehouse_015__Person_0189,84,84,Camera_08,18,Warehouse_015,Person,1,0.5935162094763092,1620,8580,/pfs/data6/home/st/st_us-053000/st_st191959/DL-Lab/DataSet/MTMC_Tracking_2025_Preprocessed/val/Warehouse_015/crops/Person_0189/Camera_08/Person_0189_Camera_08_f001620_r019.jpg,None,81,Warehouse_015__Person_0189,1.0,False,False,-0.36270526,-0.15093732,-0.36270493,-0.15095368,-0.3986946
652,Person_0189,Warehouse_015__Person_0189,84,84,Camera_10,20,Warehouse_015,Person,1,0.6625766871165644,0,8970,/pfs/data6/home/st/st_us-053000/st_st191959/DL-Lab/DataSet/MTMC_Tracking_2025_Preprocessed/val/Warehouse_015/crops/Person_0189/Camera_10/Person_0189_Camera_10_f000000_r037.jpg,None,81,Warehouse_015__Person_0189,1.0,False,False,-0.37128422,-0.1448067,-0.37128395,-0.1448217,-0.40127018
34,Person_0189,Warehouse_015__Person_0189,84,84,Camera_11,21,Warehouse_015,Person,1,0.6470588235294118,5670,6000,/pfs/data6/home/st/st_us-053000/st_st191959/DL-Lab/DataSet/MTMC_Tracking_2025_Preprocessed/val/Warehouse_015/crops/Person_0189/Camera_11/Person_0189_Camera_11_f005670_r005.jpg,None,81,Warehouse_015__Person_0189,1.0,False,False,-0.35958895,-0.1424697,-0.3595888,-0.14248861,-0.36482462
668,Person_0189,Warehouse_015__Person_0189,84,84,Camera_12,22,Warehouse_015,Person,1,0.5718562874251497,0,8970,/pfs/data6/home/st/st_us-053000/st_st191959/DL-Lab/DataSet/MTMC_Tracking_2025_Preprocessed/val/Warehouse_015/crops/Person_0189/Camera_12/Person_0189_Camera_12_f000000_r031.jpg,None,81,Warehouse_015__Person_0189,1.0,False,False,-0.3807211,-0.1420045,-0.38072106,-0.14202109,-0.37852934
181,Person_0190,Warehouse_015__Person_0190,85,85,Camera,0,Warehouse_015,Person,1,0.6629834254143646,870,5370,/pfs/data6/home/st/st_us-053000/st_st191959/DL-Lab/DataSet/MTMC_Tracking_2025_Preprocessed/val/Warehouse_015/crops/Person_0190/Camera/Person_0190_Camera_f000870_r011.jpg,None,8,Warehouse_015__Person_0190,1.0,False,False,-0.55062264,-0.1951702,-0.55062264,-0.19515155,0.04602916
550,Person_0190,Warehouse_015__Person_0190,85,85,Camera_01,11,Warehouse_015,Person,1,0.5418181818181819,0,8970,/pfs/data6/home/st/st_us-053000/st_st191959/DL-Lab/DataSet/MTMC_Tracking_2025_Preprocessed/val/Warehouse_015/crops/Person_0190/Camera_01/Person_0190_Camera_01_f000000_r032.jpg,None,8,Warehouse_015__Person_0190,1.0,False,False,-0.5446641,-0.22245409,-0.54466397,-0.22243492,0.00089277205
84,Person_0190,Warehouse_015__Person_0190,85,85,Camera_02,12,Warehouse_015,Person,1,0.6666666666666666,6810,7740,/pfs/data6/home/st/st_us-053000/st_st191959/DL-Lab/DataSet/MTMC_Tracking_2025_Preprocessed/val/Warehouse_015/crops/Person_0190/Camera_02/Person_0190_Camera_02_f006810_r007.jpg,None,8,Warehouse_015__Person_0190,1.0,False,False,-0.5903254,-0.21989316,-0.5903251,-0.21987274,0.009892939
459,Person_0190,Warehouse_015__Person_0190,85,85,Camera_03,13,Warehouse_015,Person,1,0.5664488017429193,0,8340,/pfs/data6/home/st/st_us-053000/st_st191959/DL-Lab/DataSet/MTMC_Tracking_2025_Preprocessed/val/Warehouse_015/crops/Person_0190/Camera_03/Person_0190_Camera_03_f000000_r025.jpg,None,8,Warehouse_015__Person_0190,1.0,False,False,-0.5423158,-0.22920668,-0.54231566,-0.22918628,0.0052113393
66,Person_0190,Warehouse_015__Person_0190,85,85,Camera_04,14,Warehouse_015,Person,1,0.6666666666666666,3120,5280,/pfs/data6/home/st/st_us-053000/st_st191959/DL-Lab/DataSet/MTMC_Tracking_2025_Preprocessed/val/Warehouse_015/crops/Person_0190/Camera_04/Person_0190_Camera_04_f003120_r009.jpg,None,8,Warehouse_015__Person_0190,1.0,False,False,-0.5638966,-0.19830807,-0.5638965,-0.19828765,0.0028010146
337,Person_0190,Warehouse_015__Person_0190,85,85,Camera_05,15,Warehouse_015,Person,1,0.6231454005934718,0,8970,/pfs/data6/home/st/st_us-053000/st_st191959/DL-Lab/DataSet/MTMC_Tracking_2025_Preprocessed/val/Warehouse_015/crops/Person_0190/Camera_05/Person_0190_Camera_05_f000000_r016.jpg,None,8,Warehouse_015__Person_0190,1.0,False,False,-0.5483542,-0.22487022,-0.54835397,-0.22485016,0.011163589
57,Person_0190,Warehouse_015__Person_0190,85,85,Camera_06,16,Warehouse_015,Person,1,0.6666666666666666,6000,8970,/pfs/data6/home/st/st_us-053000/st_st191959/DL-Lab/DataSet/MTMC_Tracking_2025_Preprocessed/val/Warehouse_015/crops/Person_0190/Camera_06/Person_0190_Camera_06_f006000_r003.jpg,None,8,Warehouse_015__Person_0190,1.0,False,False,-0.5814309,-0.20497069,-0.5814306,-0.2049549,0.05706805
426,Person_0190,Warehouse_015__Person_0190,85,85,Camera_07,17,Warehouse_015,Person,1,0.6572769953051644,0,4950,/pfs/data6/home/st/st_us-053000/st_st191959/DL-Lab/DataSet/MTMC_Tracking_2025_Preprocessed/val/Warehouse_015/crops/Person_0190/Camera_07/Person_0190_Camera_07_f000000_r011.jpg,None,8,Warehouse_015__Person_0190,1.0,False,False,-0.5386153,-0.22716342,-0.5386153,-0.22714242,0.019292276
52,Person_0190,Warehouse_015__Person_0190,85,85,Camera_08,18,Warehouse_015,Person,1,0.6153846153846154,4980,7740,/pfs/data6/home/st/st_us-053000/st_st191959/DL-Lab/DataSet/MTMC_Tracking_2025_Preprocessed/val/Warehouse_015/crops/Person_0190/Camera_08/Person_0190_Camera_08_f004980_r014.jpg,None,8,Warehouse_015__Person_0190,1.0,False,False,-0.5892364,-0.13333438,-0.5892363,-0.1333188,-0.07537951
234,Person_0190,Warehouse_015__Person_0190,85,85,Camera_09,19,Warehouse_015,Person,1,0.6666666666666666,900,3900,/pfs/data6/home/st/st_us-053000/st_st191959/DL-Lab/DataSet/MTMC_Tracking_2025_Preprocessed/val/Warehouse_015/crops/Person_0190/Camera_09/Person_0190_Camera_09_f000900_r005.jpg,None,8,Warehouse_015__Person_0190,1.0,False,False,-0.28099632,-0.1740364,-0.28099602,-0.17404042,0.0973415
574,Person_0190,Warehouse_015__Person_0190,85,85,Camera_10,20,Warehouse_015,Person,1,0.6445993031358885,300,8970,/pfs/data6/home/st/st_us-053000/st_st191959/DL-Lab/DataSet/MTMC_Tracking_2025_Preprocessed/val/Warehouse_015/crops/Person_0190/Camera_10/Person_0190_Camera_10_f000300_r040.jpg,None,8,Warehouse_015__Person_0190,1.0,False,False,-0.52756417,-0.24313796,-0.5275641,-0.24311584,0.008473902
54,Person_0190,Warehouse_015__Person_0190,85,85,Camera_11,21,Warehouse_015,Person,1,0.6666666666666666,0,8970,/pfs/data6/home/st/st_us-053000/st_st191959/DL-Lab/DataSet/MTMC_Tracking_2025_Preprocessed/val/Warehouse_015/crops/Person_0190/Camera_11/Person_0190_Camera_11_f000000_r008.jpg,None,8,Warehouse_015__Person_0190,1.0,False,False,-0.523821,-0.19525886,-0.52382094,-0.19523868,0.03944764
498,Person_0190,Warehouse_015__Person_0190,85,85,Camera_12,22,Warehouse_015,Person,1,0.6265060240963856,360,8970,/pfs/data6/home/st/st_us-053000/st_st191959/DL-Lab/DataSet/MTMC_Tracking_2025_Preprocessed/val/Warehouse_015/crops/Person_0190/Camera_12/Person_0190_Camera_12_f000360_r036.jpg,None,8,Warehouse_015__Person_0190,1.0,False,False,-0.5475022,-0.22510967,-0.5475024,-0.22508945,0.014563571
145,Person_0191,Warehouse_015__Person_0191,86,86,Camera,0,Warehouse_015,Person,1,0.6620689655172414,180,1920,/pfs/data6/home/st/st_us-053000/st_st191959/DL-Lab/DataSet/MTMC_Tracking_2025_Preprocessed/val/Warehouse_015/crops/Person_0191/Camera/Person_0191_Camera_f000180_r021.jpg,None,102,Warehouse_015__Person_0193,0.35714285714285715,False,True,-0.3659525,-0.3898658,-0.36595222,-0.38987866,0.103996046
645,Person_0191,Warehouse_015__Person_0191,86,86,Camera_01,11,Warehouse_015,Person,1,0.6108527131782946,0,8970,/pfs/data6/home/st/st_us-053000/st_st191959/DL-Lab/DataSet/MTMC_Tracking_2025_Preprocessed/val/Warehouse_015/crops/Person_0191/Camera_01/Person_0191_Camera_01_f000000_r040.jpg,None,102,Warehouse_015__Person_0193,0.35714285714285715,False,True,-0.40833816,-0.40785164,-0.40833795,-0.40786204,0.10050321
184,Person_0191,Warehouse_015__Person_0191,86,86,Camera_02,12,Warehouse_015,Person,1,0.6630434782608695,3210,7950,/pfs/data6/home/st/st_us-053000/st_st191959/DL-Lab/DataSet/MTMC_Tracking_2025_Preprocessed/val/Warehouse_015/crops/Person_0191/Camera_02/Person_0191_Camera_02_f003210_r011.jpg,None,102,Warehouse_015__Person_0193,0.35714285714285715,False,True,-0.43078142,-0.3805272,-0.43078133,-0.38053778,0.112858675
478,Person_0191,Warehouse_015__Person_0191,86,86,Camera_03,13,Warehouse_015,Person,1,0.6652719665271967,0,8130,/pfs/data6/home/st/st_us-053000/st_st191959/DL-Lab/DataSet/MTMC_Tracking_2025_Preprocessed/val/Warehouse_015/crops/Person_0191/Camera_03/Person_0191_Camera_03_f000000_r031.jpg,None,102,Warehouse_015__Person_0193,0.35714285714285715,False,True,-0.3985865,-0.39773825,-0.3985862,-0.397751,0.116174884
458,Person_0191,Warehouse_015__Person_0191,86,86,Camera_05,15,Warehouse_015,Person,1,0.6462882096069869,0,8970,/pfs/data6/home/st/st_us-053000/st_st191959/DL-Lab/DataSet/MTMC_Tracking_2025_Preprocessed/val/Warehouse_015/crops/Person_0191/Camera_05/Person_0191_Camera_05_f000000_r023.jpg,None,102,Warehouse_015__Person_0193,0.35714285714285715,False,True,-0.33444223,-0.41592288,-0.33444193,-0.41593078,0.10500686
190,Person_0191,Warehouse_015__Person_0191,86,86,Camera_07,17,Warehouse_015,Person,1,0.6631578947368421,0,2640,/pfs/data6/home/st/st_us-053000/st_st191959/DL-Lab/DataSet/MTMC_Tracking_2025_Preprocessed/val/Warehouse_015/crops/Person_0191/Camera_07/Person_0191_Camera_07_f000000_r013.jpg,None,102,Warehouse_015__Person_0193,0.35714285714285715,False,True,-0.37336415,-0.40983304,-0.37336373,-0.40984774,0.11126537
94,Person_0191,Warehouse_015__Person_0191,86,86,Camera_08,18,Warehouse_015,Person,1,0.48936170212765956,3240,8100,/pfs/data6/home/st/st_us-053000/st_st191959/DL-Lab/DataSet/MTMC_Tracking_2025_Preprocessed/val/Warehouse_015/crops/Person_0191/Camera_08/Person_0191_Camera_08_f003240_r019.jpg,None,102,Warehouse_015__Person_0193,0.35714285714285715,False,True,-0.4459198,-0.36486027,-0.44591942,-0.36487377,0.1290738
39,Person_0191,Warehouse_015__Person_0191,86,86,Camera_09,19,Warehouse_015,Person,1,0.6666666666666666,210,1320,/pfs/data6/home/st/st_us-053000/st_st191959/DL-Lab/DataSet/MTMC_Tracking_2025_Preprocessed/val/Warehouse_015/crops/Person_0191/Camera_09/Person_0191_Camera_09_f000210_r006.jpg,None,-1,NOISE,0.0,True,False,-0.36607188,-0.40499288,-0.3660716,-0.40501624,0.04589849
633,Person_0191,Warehouse_015__Person_0191,86,86,Camera_10,20,Warehouse_015,Person,1,0.6161137440758294,30,8970,/pfs/data6/home/st/st_us-053000/st_st191959/DL-Lab/DataSet/MTMC_Tracking_2025_Preprocessed/val/Warehouse_015/crops/Person_0191/Camera_10/Person_0191_Camera_10_f000030_r049.jpg,None,102,Warehouse_015__Person_0193,0.35714285714285715,False,True,-0.39987624,-0.37793452,-0.39987594,-0.3779475,0.1452173
4,Person_0191,Warehouse_015__Person_0191,86,86,Camera_11,21,Warehouse_015,Person,1,0.5,5760,5790,/pfs/data6/home/st/st_us-053000/st_st191959/DL-Lab/DataSet/MTMC_Tracking_2025_Preprocessed/val/Warehouse_015/crops/Person_0191/Camera_11/Person_0191_Camera_11_f005760_r008.jpg,None,-1,NOISE,0.0,True,False,-0.199588,-0.43861416,-0.19958772,-0.4386328,0.28473622
714,Person_0191,Warehouse_015__Person_0191,86,86,Camera_12,22,Warehouse_015,Person,1,0.6134453781512605,0,8970,/pfs/data6/home/st/st_us-053000/st_st191959/DL-Lab/DataSet/MTMC_Tracking_2025_Preprocessed/val/Warehouse_015/crops/Person_0191/Camera_12/Person_0191_Camera_12_f000000_r042.jpg,None,102,Warehouse_015__Person_0193,0.35714285714285715,False,True,-0.4050457,-0.39192563,-0.40504557,-0.39194068,0.11888179
291,Person_0192,Warehouse_015__Person_0192,87,87,Camera,0,Warehouse_015,Person,1,0.6666666666666666,1410,4590,/pfs/data6/home/st/st_us-053000/st_st191959/DL-Lab/DataSet/MTMC_Tracking_2025_Preprocessed/val/Warehouse_015/crops/Person_0192/Camera/Person_0192_Camera_f001410_r007.jpg,None,43,Warehouse_015__Person_0192,1.0,False,False,-0.1189225,0.20216617,-0.11892245,0.20218,0.18210167
615,Person_0192,Warehouse_015__Person_0192,87,87,Camera_01,11,Warehouse_015,Person,1,0.6666666666666666,0,8970,/pfs/data6/home/st/st_us-053000/st_st191959/DL-Lab/DataSet/MTMC_Tracking_2025_Preprocessed/val/Warehouse_015/crops/Person_0192/Camera_01/Person_0192_Camera_01_f000000_r010.jpg,None,43,Warehouse_015__Person_0192,1.0,False,False,0.015477581,0.18858425,0.015477543,0.18860215,0.14347152
27,Person_0192,Warehouse_015__Person_0192,87,87,Camera_02,12,Warehouse_015,Person,1,0.6666666666666666,5760,6000,/pfs/data6/home/st/st_us-053000/st_st191959/DL-Lab/DataSet/MTMC_Tracking_2025_Preprocessed/val/Warehouse_015/crops/Person_0192/Camera_02/Person_0192_Camera_02_f005760_r003.jpg,None,43,Warehouse_015__Person_0192,1.0,False,False,-0.06930817,0.17104952,-0.06930816,0.17106284,0.22061455
725,Person_0192,Warehouse_015__Person_0192,87,87,Camera_03,13,Warehouse_015,Person,1,0.6648275862068965,0,8700,/pfs/data6/home/st/st_us-053000/st_st191959/DL-Lab/DataSet/MTMC_Tracking_2025_Preprocessed/val/Warehouse_015/crops/Person_0192/Camera_03/Person_0192_Camera_03_f000000_r008.jpg,None,43,Warehouse_015__Person_0192,1.0,False,False,0.035150047,0.19183697,0.035150014,0.19185326,0.18384312
246,Person_0192,Warehouse_015__Person_0192,87,87,Camera_04,14,Warehouse_015,Person,1,0.6666666666666666,1410,4620,/pfs/data6/home/st/st_us-053000/st_st191959/DL-Lab/DataSet/MTMC_Tracking_2025_Preprocessed/val/Warehouse_015/crops/Person_0192/Camera_04/Person_0192_Camera_04_f001410_r004.jpg,None,43,Warehouse_015__Person_0192,1.0,False,False,-0.136592,0.1866754,-0.136592,0.18668841,0.15619512
163,Person_0192,Warehouse_015__Person_0192,87,87,Camera_05,15,Warehouse_015,Person,1,0.6625766871165644,0,8970,/pfs/data6/home/st/st_us-053000/st_st191959/DL-Lab/DataSet/MTMC_Tracking_2025_Preprocessed/val/Warehouse_015/crops/Person_0192/Camera_05/Person_0192_Camera_05_f000000_r005.jpg,None,43,Warehouse_015__Person_0192,1.0,False,False,0.21602444,0.23270674,0.21602437,0.23272519,0.14747444
30,Person_0192,Warehouse_015__Person_0192,87,87,Camera_07,17,Warehouse_015,Person,1,0.6666666666666666,2130,2400,/pfs/data6/home/st/st_us-053000/st_st191959/DL-Lab/DataSet/MTMC_Tracking_2025_Preprocessed/val/Warehouse_015/crops/Person_0192/Camera_07/Person_0192_Camera_07_f002130_r002.jpg,None,43,Warehouse_015__Person_0192,1.0,False,False,-0.009775076,0.19138038,-0.009775103,0.19139513,0.10558894
417,Person_0192,Warehouse_015__Person_0192,87,87,Camera_08,18,Warehouse_015,Person,1,0.6666666666666666,720,7140,/pfs/data6/home/st/st_us-053000/st_st191959/DL-Lab/DataSet/MTMC_Tracking_2025_Preprocessed/val/Warehouse_015/crops/Person_0192/Camera_08/Person_0192_Camera_08_f000720_r008.jpg,None,43,Warehouse_015__Person_0192,1.0,False,False,-0.0646575,0.2106712,-0.0646575,0.21068703,0.15846588
787,Person_0192,Warehouse_015__Person_0192,87,87,Camera_10,20,Warehouse_015,Person,1,0.6200762388818297,0,8970,/pfs/data6/home/st/st_us-053000/st_st191959/DL-Lab/DataSet/MTMC_Tracking_2025_Preprocessed/val/Warehouse_015/crops/Person_0192/Camera_10/Person_0192_Camera_10_f000000_r014.jpg,None,43,Warehouse_015__Person_0192,1.0,False,False,-0.1070672,0.20551804,-0.10706717,0.20553486,0.13240889
750,Person_0192,Warehouse_015__Person_0192,87,87,Camera_12,22,Warehouse_015,Person,1,0.6666666666666666,0,8970,/pfs/data6/home/st/st_us-053000/st_st191959/DL-Lab/DataSet/MTMC_Tracking_2025_Preprocessed/val/Warehouse_015/crops/Person_0192/Camera_12/Person_0192_Camera_12_f000000_r013.jpg,None,43,Warehouse_015__Person_0192,1.0,False,False,-0.08964766,0.19728127,-0.08964768,0.19729683,0.15899818
3,Person_0193,Warehouse_015__Person_0193,88,88,Camera,0,Warehouse_015,Person,1,0.6666666666666666,2460,2460,/pfs/data6/home/st/st_us-053000/st_st191959/DL-Lab/DataSet/MTMC_Tracking_2025_Preprocessed/val/Warehouse_015/crops/Person_0193/Camera/Person_0193_Camera_f002460_r024.jpg,None,-1,NOISE,0.0,True,False,-0.09044266,-0.4717494,-0.09044255,-0.4717614,0.04092339
627,Person_0193,Warehouse_015__Person_0193,88,88,Camera_01,11,Warehouse_015,Person,1,0.6475279106858054,0,8970,/pfs/data6/home/st/st_us-053000/st_st191959/DL-Lab/DataSet/MTMC_Tracking_2025_Preprocessed/val/Warehouse_015/crops/Person_0193/Camera_01/Person_0193_Camera_01_f000000_r042.jpg,None,102,Warehouse_015__Person_0193,0.35714285714285715,False,False,-0.3657042,-0.42151862,-0.36570394,-0.4215306,0.07047714
21,Person_0193,Warehouse_015__Person_0193,88,88,Camera_02,12,Warehouse_015,Person,1,0.6666666666666666,3300,3480,/pfs/data6/home/st/st_us-053000/st_st191959/DL-Lab/DataSet/MTMC_Tracking_2025_Preprocessed/val/Warehouse_015/crops/Person_0193/Camera_02/Person_0193_Camera_02_f003300_r010.jpg,None,102,Warehouse_015__Person_0193,0.35714285714285715,False,False,-0.450521,-0.38627642,-0.45052078,-0.3862913,0.11415113
307,Person_0193,Warehouse_015__Person_0193,88,88,Camera_03,13,Warehouse_015,Person,1,0.6644951140065146,0,8970,/pfs/data6/home/st/st_us-053000/st_st191959/DL-Lab/DataSet/MTMC_Tracking_2025_Preprocessed/val/Warehouse_015/crops/Person_0193/Camera_03/Person_0193_Camera_03_f000000_r033.jpg,None,102,Warehouse_015__Person_0193,0.35714285714285715,False,False,-0.4404684,-0.39614826,-0.44046822,-0.3961645,0.07148937
763,Person_0193,Warehouse_015__Person_0193,88,88,Camera_05,15,Warehouse_015,Person,1,0.6605504587155964,120,8970,/pfs/data6/home/st/st_us-053000/st_st191959/DL-Lab/DataSet/MTMC_Tracking_2025_Preprocessed/val/Warehouse_015/crops/Person_0193/Camera_05/Person_0193_Camera_05_f000120_r027.jpg,None,102,Warehouse_015__Person_0193,0.35714285714285715,False,False,-0.42213884,-0.3974503,-0.4221387,-0.39746556,0.10399693
390,Person_0193,Warehouse_015__Person_0193,88,88,Camera_06,16,Warehouse_015,Person,1,0.6666666666666666,390,7770,/pfs/data6/home/st/st_us-053000/st_st191959/DL-Lab/DataSet/MTMC_Tracking_2025_Preprocessed/val/Warehouse_015/crops/Person_0193/Camera_06/Person_0193_Camera_06_f000390_r010.jpg,None,102,Warehouse_015__Person_0193,0.35714285714285715,False,False,-0.43383375,-0.38859326,-0.43383336,-0.38860717,0.08209376
33,Person_0193,Warehouse_015__Person_0193,88,88,Camera_07,17,Warehouse_015,Person,1,0.6666666666666666,2160,2460,/pfs/data6/home/st/st_us-053000/st_st191959/DL-Lab/DataSet/MTMC_Tracking_2025_Preprocessed/val/Warehouse_015/crops/Person_0193/Camera_07/Person_0193_Camera_07_f002160_r013.jpg,None,102,Warehouse_015__Person_0193,0.35714285714285715,False,False,-0.4145641,-0.40979716,-0.41456375,-0.40981418,0.08341755
23,Person_0193,Warehouse_015__Person_0193,88,88,Camera_08,18,Warehouse_015,Person,1,0.6086956521739131,2970,3480,/pfs/data6/home/st/st_us-053000/st_st191959/DL-Lab/DataSet/MTMC_Tracking_2025_Preprocessed/val/Warehouse_015/crops/Person_0193/Camera_08/Person_0193_Camera_08_f002970_r020.jpg,None,102,Warehouse_015__Person_0193,0.35714285714285715,False,False,-0.4760572,-0.44021064,-0.47605696,-0.4402232,0.032357715
855,Person_0193,Warehouse_015__Person_0193,88,88,Camera_10,20,Warehouse_015,Person,1,0.6502923976608187,0,8970,/pfs/data6/home/st/st_us-053000/st_st191959/DL-Lab/DataSet/MTMC_Tracking_2025_Preprocessed/val/Warehouse_015/crops/Person_0193/Camera_10/Person_0193_Camera_10_f000000_r049.jpg,None,102,Warehouse_015__Person_0193,0.35714285714285715,False,False,-0.40798151,-0.4355081,-0.40798137,-0.43552154,0.0779122
352,Person_0193,Warehouse_015__Person_0193,88,88,Camera_11,21,Warehouse_015,Person,1,0.6647727272727273,420,7740,/pfs/data6/home/st/st_us-053000/st_st191959/DL-Lab/DataSet/MTMC_Tracking_2025_Preprocessed/val/Warehouse_015/crops/Person_0193/Camera_11/Person_0193_Camera_11_f000420_r008.jpg,None,102,Warehouse_015__Person_0193,0.35714285714285715,False,False,-0.30945078,-0.42259637,-0.30945045,-0.4226155,0.13005812
711,Person_0193,Warehouse_015__Person_0193,88,88,Camera_12,22,Warehouse_015,Person,1,0.6357243319268636,0,8970,/pfs/data6/home/st/st_us-053000/st_st191959/DL-Lab/DataSet/MTMC_Tracking_2025_Preprocessed/val/Warehouse_015/crops/Person_0193/Camera_12/Person_0193_Camera_12_f000000_r044.jpg,None,102,Warehouse_015__Person_0193,0.35714285714285715,False,False,-0.41749877,-0.409852,-0.4174986,-0.40986606,0.10528064
501,Person_0194,Warehouse_015__Person_0194,89,89,Camera,0,Warehouse_015,Person,1,0.6586826347305389,1500,7920,/pfs/data6/home/st/st_us-053000/st_st191959/DL-Lab/DataSet/MTMC_Tracking_2025_Preprocessed/val/Warehouse_015/crops/Person_0194/Camera/Person_0194_Camera_f001500_r017.jpg,None,76,Warehouse_015__Person_0194,1.0,False,False,-0.44274068,-0.31413722,-0.44274047,-0.31412822,-0.21849135
529,Person_0194,Warehouse_015__Person_0194,89,89,Camera_01,11,Warehouse_015,Person,1,0.5746691871455577,0,8970,/pfs/data6/home/st/st_us-053000/st_st191959/DL-Lab/DataSet/MTMC_Tracking_2025_Preprocessed/val/Warehouse_015/crops/Person_0194/Camera_01/Person_0194_Camera_01_f000000_r030.jpg,None,76,Warehouse_015__Person_0194,1.0,False,False,-0.46246153,-0.30724755,-0.46246132,-0.30723852,-0.24524243
709,Person_0194,Warehouse_015__Person_0194,89,89,Camera_03,13,Warehouse_015,Person,1,0.6459802538787024,0,8970,/pfs/data6/home/st/st_us-053000/st_st191959/DL-Lab/DataSet/MTMC_Tracking_2025_Preprocessed/val/Warehouse_015/crops/Person_0194/Camera_03/Person_0194_Camera_03_f000000_r022.jpg,None,76,Warehouse_015__Person_0194,1.0,False,False,-0.446585,-0.32752988,-0.44658476,-0.32751864,-0.20958203
274,Person_0194,Warehouse_015__Person_0194,89,89,Camera_04,14,Warehouse_015,Person,1,0.6642335766423357,780,7620,/pfs/data6/home/st/st_us-053000/st_st191959/DL-Lab/DataSet/MTMC_Tracking_2025_Preprocessed/val/Warehouse_015/crops/Person_0194/Camera_04/Person_0194_Camera_04_f000780_r005.jpg,None,76,Warehouse_015__Person_0194,1.0,False,False,-0.4733552,-0.31004024,-0.47335514,-0.31003007,-0.23975259
74,Person_0194,Warehouse_015__Person_0194,89,89,Camera_05,15,Warehouse_015,Person,1,0.5945945945945946,6150,8640,/pfs/data6/home/st/st_us-053000/st_st191959/DL-Lab/DataSet/MTMC_Tracking_2025_Preprocessed/val/Warehouse_015/crops/Person_0194/Camera_05/Person_0194_Camera_05_f006150_r018.jpg,None,76,Warehouse_015__Person_0194,1.0,False,False,-0.45862424,-0.2901629,-0.45862415,-0.29015127,-0.23108567
330,Person_0194,Warehouse_015__Person_0194,89,89,Camera_07,17,Warehouse_015,Person,1,0.6666666666666666,2940,7920,/pfs/data6/home/st/st_us-053000/st_st191959/DL-Lab/DataSet/MTMC_Tracking_2025_Preprocessed/val/Warehouse_015/crops/Person_0194/Camera_07/Person_0194_Camera_07_f002940_r006.jpg,None,76,Warehouse_015__Person_0194,1.0,False,False,-0.42372105,-0.30501056,-0.4237209,-0.3049999,-0.20701468
275,Person_0194,Warehouse_015__Person_0194,89,89,Camera_08,18,Warehouse_015,Person,1,0.6618181818181819,420,8910,/pfs/data6/home/st/st_us-053000/st_st191959/DL-Lab/DataSet/MTMC_Tracking_2025_Preprocessed/val/Warehouse_015/crops/Person_0194/Camera_08/Person_0194_Camera_08_f000420_r012.jpg,None,76,Warehouse_015__Person_0194,1.0,False,False,-0.41941875,-0.32740638,-0.4194185,-0.32739592,-0.20255984
139,Person_0194,Warehouse_015__Person_0194,89,89,Camera_09,19,Warehouse_015,Person,1,0.6618705035971223,5070,7230,/pfs/data6/home/st/st_us-053000/st_st191959/DL-Lab/DataSet/MTMC_Tracking_2025_Preprocessed/val/Warehouse_015/crops/Person_0194/Camera_09/Person_0194_Camera_09_f005070_r004.jpg,None,-1,NOISE,0.0,True,False,-0.16647427,-0.31772864,-0.16647398,-0.31773633,-0.11976782
671,Person_0194,Warehouse_015__Person_0194,89,89,Camera_10,20,Warehouse_015,Person,1,0.5842026825633383,0,8970,/pfs/data6/home/st/st_us-053000/st_st191959/DL-Lab/DataSet/MTMC_Tracking_2025_Preprocessed/val/Warehouse_015/crops/Person_0194/Camera_10/Person_0194_Camera_10_f000000_r036.jpg,None,76,Warehouse_015__Person_0194,1.0,False,False,-0.46166745,-0.32238325,-0.46166724,-0.32237592,-0.22765318
591,Person_0194,Warehouse_015__Person_0194,89,89,Camera_12,22,Warehouse_015,Person,1,0.6429780033840947,0,8970,/pfs/data6/home/st/st_us-053000/st_st191959/DL-Lab/DataSet/MTMC_Tracking_2025_Preprocessed/val/Warehouse_015/crops/Person_0194/Camera_12/Person_0194_Camera_12_f000000_r030.jpg,None,76,Warehouse_015__Person_0194,1.0,False,False,-0.42583358,-0.3073155,-0.42583334,-0.30730373,-0.21687125
505,Person_0195,Warehouse_015__Person_0195,90,90,Camera_01,11,Warehouse_015,Person,1,0.6613861386138614,0,8970,/pfs/data6/home/st/st_us-053000/st_st191959/DL-Lab/DataSet/MTMC_Tracking_2025_Preprocessed/val/Warehouse_015/crops/Person_0195/Camera_01/Person_0195_Camera_01_f000000_r036.jpg,None,109,Warehouse_015__Person_0195,1.0,False,False,-0.5227137,0.33392578,-0.5227136,0.33392632,0.33823705
667,Person_0195,Warehouse_015__Person_0195,90,90,Camera_02,12,Warehouse_015,Person,1,0.6656671664167916,840,8970,/pfs/data6/home/st/st_us-053000/st_st191959/DL-Lab/DataSet/MTMC_Tracking_2025_Preprocessed/val/Warehouse_015/crops/Person_0195/Camera_02/Person_0195_Camera_02_f000840_r010.jpg,None,109,Warehouse_015__Person_0195,1.0,False,False,-0.5983269,0.34260538,-0.5983268,0.34259662,0.29462084
114,Person_0195,Warehouse_015__Person_0195,90,90,Camera_03,13,Warehouse_015,Person,1,0.6666666666666666,0,7860,/pfs/data6/home/st/st_us-053000/st_st191959/DL-Lab/DataSet/MTMC_Tracking_2025_Preprocessed/val/Warehouse_015/crops/Person_0195/Camera_03/Person_0195_Camera_03_f000000_r029.jpg,None,109,Warehouse_015__Person_0195,1.0,False,False,-0.61580753,0.29424444,-0.6158074,0.29424408,0.3034153
398,Person_0195,Warehouse_015__Person_0195,90,90,Camera_05,15,Warehouse_015,Person,1,0.6582914572864321,0,8970,/pfs/data6/home/st/st_us-053000/st_st191959/DL-Lab/DataSet/MTMC_Tracking_2025_Preprocessed/val/Warehouse_015/crops/Person_0195/Camera_05/Person_0195_Camera_05_f000000_r019.jpg,None,109,Warehouse_015__Person_0195,1.0,False,False,-0.53949326,0.33397126,-0.53949326,0.3339671,0.3642221
273,Person_0195,Warehouse_015__Person_0195,90,90,Camera_08,18,Warehouse_015,Person,1,0.5201465201465202,240,5970,/pfs/data6/home/st/st_us-053000/st_st191959/DL-Lab/DataSet/MTMC_Tracking_2025_Preprocessed/val/Warehouse_015/crops/Person_0195/Camera_08/Person_0195_Camera_08_f000240_r014.jpg,None,109,Warehouse_015__Person_0195,1.0,False,False,-0.5497956,0.3154354,-0.5497954,0.31542757,0.34846163
387,Person_0195,Warehouse_015__Person_0195,90,90,Camera_10,20,Warehouse_015,Person,1,0.6666666666666666,0,8970,/pfs/data6/home/st/st_us-053000/st_st191959/DL-Lab/DataSet/MTMC_Tracking_2025_Preprocessed/val/Warehouse_015/crops/Person_0195/Camera_10/Person_0195_Camera_10_f000000_r044.jpg,None,109,Warehouse_015__Person_0195,1.0,False,False,-0.5159182,0.32754514,-0.5159179,0.327546,0.3359148
96,Person_0195,Warehouse_015__Person_0195,90,90,Camera_11,21,Warehouse_015,Person,1,0.6666666666666666,2970,8700,/pfs/data6/home/st/st_us-053000/st_st191959/DL-Lab/DataSet/MTMC_Tracking_2025_Preprocessed/val/Warehouse_015/crops/Person_0195/Camera_11/Person_0195_Camera_11_f002970_r007.jpg,None,-1,NOISE,0.0,True,False,-0.2657896,0.51860565,-0.26578927,0.5185817,0.4111829
663,Person_0195,Warehouse_015__Person_0195,90,90,Camera_12,22,Warehouse_015,Person,1,0.555052790346908,0,8970,/pfs/data6/home/st/st_us-053000/st_st191959/DL-Lab/DataSet/MTMC_Tracking_2025_Preprocessed/val/Warehouse_015/crops/Person_0195/Camera_12/Person_0195_Camera_12_f000000_r038.jpg,None,109,Warehouse_015__Person_0195,1.0,False,False,-0.6276444,0.28398484,-0.62764436,0.28397965,0.30011013
310,Person_0196,Warehouse_015__Person_0196,91,91,Camera,0,Warehouse_015,Person,1,0.6645161290322581,2970,8160,/pfs/data6/home/st/st_us-053000/st_st191959/DL-Lab/DataSet/MTMC_Tracking_2025_Preprocessed/val/Warehouse_015/crops/Person_0196/Camera/Person_0196_Camera_f002970_r008.jpg,None,22,Warehouse_015__Person_0196,1.0,False,False,-0.47891378,0.35257116,-0.47891364,0.35258356,0.14879906
781,Person_0196,Warehouse_015__Person_0196,91,91,Camera_01,11,Warehouse_015,Person,1,0.6222791293213829,0,8970,/pfs/data6/home/st/st_us-053000/st_st191959/DL-Lab/DataSet/MTMC_Tracking_2025_Preprocessed/val/Warehouse_015/crops/Person_0196/Camera_01/Person_0196_Camera_01_f000000_r013.jpg,None,22,Warehouse_015__Person_0196,1.0,False,False,-0.44157684,0.24267222,-0.441577,0.2426781,0.17607549
707,Person_0196,Warehouse_015__Person_0196,91,91,Camera_03,13,Warehouse_015,Person,1,0.6534653465346535,0,8520,/pfs/data6/home/st/st_us-053000/st_st191959/DL-Lab/DataSet/MTMC_Tracking_2025_Preprocessed/val/Warehouse_015/crops/Person_0196/Camera_03/Person_0196_Camera_03_f000000_r010.jpg,None,22,Warehouse_015__Person_0196,1.0,False,False,-0.5419112,0.242204,-0.54191107,0.24221092,0.15699187
9,Person_0196,Warehouse_015__Person_0196,91,91,Camera_04,14,Warehouse_015,Person,1,0.6666666666666666,5130,5190,/pfs/data6/home/st/st_us-053000/st_st191959/DL-Lab/DataSet/MTMC_Tracking_2025_Preprocessed/val/Warehouse_015/crops/Person_0196/Camera_04/Person_0196_Camera_04_f005130_r004.jpg,None,22,Warehouse_015__Person_0196,1.0,False,False,-0.37011474,0.28567755,-0.3701146,0.28566512,0.14001343
455,Person_0196,Warehouse_015__Person_0196,91,91,Camera_05,15,Warehouse_015,Person,1,0.6285714285714286,0,8970,/pfs/data6/home/st/st_us-053000/st_st191959/DL-Lab/DataSet/MTMC_Tracking_2025_Preprocessed/val/Warehouse_015/crops/Person_0196/Camera_05/Person_0196_Camera_05_f000000_r007.jpg,None,22,Warehouse_015__Person_0196,1.0,False,False,-0.40667087,0.30274102,-0.40667084,0.30275187,0.16325285
113,Person_0196,Warehouse_015__Person_0196,91,91,Camera_06,16,Warehouse_015,Person,1,0.6548672566371682,120,8790,/pfs/data6/home/st/st_us-053000/st_st191959/DL-Lab/DataSet/MTMC_Tracking_2025_Preprocessed/val/Warehouse_015/crops/Person_0196/Camera_06/Person_0196_Camera_06_f000120_r004.jpg,None,22,Warehouse_015__Person_0196,1.0,False,False,-0.44735068,0.39960763,-0.44735053,0.3996079,0.20994177
423,Person_0196,Warehouse_015__Person_0196,91,91,Camera_07,17,Warehouse_015,Person,1,0.6666666666666666,0,7980,/pfs/data6/home/st/st_us-053000/st_st191959/DL-Lab/DataSet/MTMC_Tracking_2025_Preprocessed/val/Warehouse_015/crops/Person_0196/Camera_07/Person_0196_Camera_07_f000000_r004.jpg,None,22,Warehouse_015__Person_0196,1.0,False,False,-0.47818682,0.3358855,-0.47818682,0.33588785,0.18403575
64,Person_0196,Warehouse_015__Person_0196,91,91,Camera_09,19,Warehouse_015,Person,1,0.65625,3060,5250,/pfs/data6/home/st/st_us-053000/st_st191959/DL-Lab/DataSet/MTMC_Tracking_2025_Preprocessed/val/Warehouse_015/crops/Person_0196/Camera_09/Person_0196_Camera_09_f003060_r001.jpg,None,22,Warehouse_015__Person_0196,1.0,False,False,-0.39555028,0.35003927,-0.39555025,0.35002837,0.21033661
792,Person_0196,Warehouse_015__Person_0196,91,91,Camera_10,20,Warehouse_015,Person,1,0.6565656565656566,0,8970,/pfs/data6/home/st/st_us-053000/st_st191959/DL-Lab/DataSet/MTMC_Tracking_2025_Preprocessed/val/Warehouse_015/crops/Person_0196/Camera_10/Person_0196_Camera_10_f000000_r017.jpg,None,22,Warehouse_015__Person_0196,1.0,False,False,-0.5122016,0.24276352,-0.5122015,0.24276862,0.18920651
69,Person_0196,Warehouse_015__Person_0196,91,91,Camera_11,21,Warehouse_015,Person,1,0.6666666666666666,1620,8730,/pfs/data6/home/st/st_us-053000/st_st191959/DL-Lab/DataSet/MTMC_Tracking_2025_Preprocessed/val/Warehouse_015/crops/Person_0196/Camera_11/Person_0196_Camera_11_f001620_r001.jpg,None,22,Warehouse_015__Person_0196,1.0,False,False,-0.45555386,0.3500459,-0.4555536,0.35004833,0.21122289
749,Person_0196,Warehouse_015__Person_0196,91,91,Camera_12,22,Warehouse_015,Person,1,0.664886515353805,0,8970,/pfs/data6/home/st/st_us-053000/st_st191959/DL-Lab/DataSet/MTMC_Tracking_2025_Preprocessed/val/Warehouse_015/crops/Person_0196/Camera_12/Person_0196_Camera_12_f000000_r015.jpg,None,22,Warehouse_015__Person_0196,1.0,False,False,-0.44679666,0.2733918,-0.4467965,0.27339965,0.18713965
289,Person_0197,Warehouse_015__Person_0197,92,92,Camera,0,Warehouse_015,Person,1,0.6643598615916955,840,6180,/pfs/data6/home/st/st_us-053000/st_st191959/DL-Lab/DataSet/MTMC_Tracking_2025_Preprocessed/val/Warehouse_015/crops/Person_0197/Camera/Person_0197_Camera_f000840_r012.jpg,None,113,Warehouse_015__Person_0197,1.0,False,False,-0.49919546,0.4132547,-0.49919513,0.4132416,0.40617007
614,Person_0197,Warehouse_015__Person_0197,92,92,Camera_01,11,Warehouse_015,Person,1,0.6091205211726385,0,8880,/pfs/data6/home/st/st_us-053000/st_st191959/DL-Lab/DataSet/MTMC_Tracking_2025_Preprocessed/val/Warehouse_015/crops/Person_0197/Camera_01/Person_0197_Camera_01_f000000_r035.jpg,None,113,Warehouse_015__Person_0197,1.0,False,False,-0.5359189,0.40099677,-0.53591895,0.40098652,0.35609624
39,Person_0197,Warehouse_015__Person_0197,92,92,Camera_02,12,Warehouse_015,Person,1,0.6666666666666666,6840,8910,/pfs/data6/home/st/st_us-053000/st_st191959/DL-Lab/DataSet/MTMC_Tracking_2025_Preprocessed/val/Warehouse_015/crops/Person_0197/Camera_02/Person_0197_Camera_02_f006840_r008.jpg,None,113,Warehouse_015__Person_0197,1.0,False,False,-0.4666736,0.43281958,-0.46667346,0.43280756,0.45635325
814,Person_0197,Warehouse_015__Person_0197,92,92,Camera_03,13,Warehouse_015,Person,1,0.6609336609336609,0,8970,/pfs/data6/home/st/st_us-053000/st_st191959/DL-Lab/DataSet/MTMC_Tracking_2025_Preprocessed/val/Warehouse_015/crops/Person_0197/Camera_03/Person_0197_Camera_03_f000000_r028.jpg,None,113,Warehouse_015__Person_0197,1.0,False,False,-0.50037986,0.39976248,-0.5003797,0.39975187,0.38951585
120,Person_0197,Warehouse_015__Person_0197,92,92,Camera_04,14,Warehouse_015,Person,1,0.6666666666666666,2370,6000,/pfs/data6/home/st/st_us-053000/st_st191959/DL-Lab/DataSet/MTMC_Tracking_2025_Preprocessed/val/Warehouse_015/crops/Person_0197/Camera_04/Person_0197_Camera_04_f002370_r012.jpg,None,113,Warehouse_015__Person_0197,1.0,False,False,-0.53069156,0.40796787,-0.5306912,0.40795445,0.36628157
105,Person_0197,Warehouse_015__Person_0197,92,92,Camera_05,15,Warehouse_015,Person,1,0.6666666666666666,0,8790,/pfs/data6/home/st/st_us-053000/st_st191959/DL-Lab/DataSet/MTMC_Tracking_2025_Preprocessed/val/Warehouse_015/crops/Person_0197/Camera_05/Person_0197_Camera_05_f000000_r018.jpg,None,-1,NOISE,0.0,True,False,-0.3918152,0.4221882,-0.39181513,0.42218295,0.39493835
237,Person_0197,Warehouse_015__Person_0197,92,92,Camera_07,17,Warehouse_015,Person,1,0.6666666666666666,810,6090,/pfs/data6/home/st/st_us-053000/st_st191959/DL-Lab/DataSet/MTMC_Tracking_2025_Preprocessed/val/Warehouse_015/crops/Person_0197/Camera_07/Person_0197_Camera_07_f000810_r012.jpg,None,-1,NOISE,0.0,True,False,-0.42190078,0.45009002,-0.42190045,0.45007443,0.4501717
299,Person_0197,Warehouse_015__Person_0197,92,92,Camera_08,18,Warehouse_015,Person,1,0.6622073578595318,5220,8970,/pfs/data6/home/st/st_us-053000/st_st191959/DL-Lab/DataSet/MTMC_Tracking_2025_Preprocessed/val/Warehouse_015/crops/Person_0197/Camera_08/Person_0197_Camera_08_f005220_r019.jpg,None,113,Warehouse_015__Person_0197,1.0,False,False,-0.49863148,0.39387986,-0.49863145,0.39386678,0.43017003
70,Person_0197,Warehouse_015__Person_0197,92,92,Camera_09,19,Warehouse_015,Person,1,0.6571428571428571,1110,1800,/pfs/data6/home/st/st_us-053000/st_st191959/DL-Lab/DataSet/MTMC_Tracking_2025_Preprocessed/val/Warehouse_015/crops/Person_0197/Camera_09/Person_0197_Camera_09_f001110_r007.jpg,None,-1,NOISE,0.0,True,False,-0.18275672,0.47430196,-0.18275625,0.47426632,0.4892161
718,Person_0197,Warehouse_015__Person_0197,92,92,Camera_10,20,Warehouse_015,Person,1,0.6183844011142061,0,8970,/pfs/data6/home/st/st_us-053000/st_st191959/DL-Lab/DataSet/MTMC_Tracking_2025_Preprocessed/val/Warehouse_015/crops/Person_0197/Camera_10/Person_0197_Camera_10_f000000_r043.jpg,None,113,Warehouse_015__Person_0197,1.0,False,False,-0.536485,0.38493642,-0.5364849,0.3849268,0.35603777
736,Person_0197,Warehouse_015__Person_0197,92,92,Camera_12,22,Warehouse_015,Person,1,0.6603260869565217,0,8970,/pfs/data6/home/st/st_us-053000/st_st191959/DL-Lab/DataSet/MTMC_Tracking_2025_Preprocessed/val/Warehouse_015/crops/Person_0197/Camera_12/Person_0197_Camera_12_f000000_r036.jpg,None,113,Warehouse_015__Person_0197,1.0,False,False,-0.49585903,0.38428354,-0.49585885,0.384276,0.37131038
159,Person_0198,Warehouse_015__Person_0198,93,93,Camera,0,Warehouse_015,Person,1,0.6666666666666666,1260,2820,/pfs/data6/home/st/st_us-053000/st_st191959/DL-Lab/DataSet/MTMC_Tracking_2025_Preprocessed/val/Warehouse_015/crops/Person_0198/Camera/Person_0198_Camera_f001260_r014.jpg,None,10,Warehouse_015__Person_0198,1.0,False,False,-0.48177382,-0.13919804,-0.48177376,-0.13919927,-0.10937383
616,Person_0198,Warehouse_015__Person_0198,93,93,Camera_01,11,Warehouse_015,Person,1,0.5876623376623377,0,7920,/pfs/data6/home/st/st_us-053000/st_st191959/DL-Lab/DataSet/MTMC_Tracking_2025_Preprocessed/val/Warehouse_015/crops/Person_0198/Camera_01/Person_0198_Camera_01_f000000_r029.jpg,None,10,Warehouse_015__Person_0198,1.0,False,False,-0.5487252,-0.19377455,-0.5487251,-0.19376285,-0.123217754
626,Person_0198,Warehouse_015__Person_0198,93,93,Camera_03,13,Warehouse_015,Person,1,0.6230031948881789,0,7650,/pfs/data6/home/st/st_us-053000/st_st191959/DL-Lab/DataSet/MTMC_Tracking_2025_Preprocessed/val/Warehouse_015/crops/Person_0198/Camera_03/Person_0198_Camera_03_f000000_r021.jpg,None,10,Warehouse_015__Person_0198,1.0,False,False,-0.5805499,-0.19014111,-0.5805498,-0.19013874,-0.14262581
45,Person_0198,Warehouse_015__Person_0198,93,93,Camera_04,14,Warehouse_015,Person,1,0.6666666666666666,1350,2130,/pfs/data6/home/st/st_us-053000/st_st191959/DL-Lab/DataSet/MTMC_Tracking_2025_Preprocessed/val/Warehouse_015/crops/Person_0198/Camera_04/Person_0198_Camera_04_f001350_r008.jpg,None,10,Warehouse_015__Person_0198,1.0,False,False,-0.53555715,-0.20133406,-0.5355571,-0.20133406,-0.15645991
580,Person_0198,Warehouse_015__Person_0198,93,93,Camera_05,15,Warehouse_015,Person,1,0.6620689655172414,0,8880,/pfs/data6/home/st/st_us-053000/st_st191959/DL-Lab/DataSet/MTMC_Tracking_2025_Preprocessed/val/Warehouse_015/crops/Person_0198/Camera_05/Person_0198_Camera_05_f000000_r014.jpg,None,10,Warehouse_015__Person_0198,1.0,False,False,-0.56176805,-0.17055997,-0.56176805,-0.1705513,-0.12135894
162,Person_0198,Warehouse_015__Person_0198,93,93,Camera_06,16,Warehouse_015,Person,1,0.6666666666666666,5400,8970,/pfs/data6/home/st/st_us-053000/st_st191959/DL-Lab/DataSet/MTMC_Tracking_2025_Preprocessed/val/Warehouse_015/crops/Person_0198/Camera_06/Person_0198_Camera_06_f005400_r007.jpg,None,10,Warehouse_015__Person_0198,1.0,False,False,-0.49475592,-0.22069852,-0.49475574,-0.22070517,-0.074770436
312,Person_0198,Warehouse_015__Person_0198,93,93,Camera_07,17,Warehouse_015,Person,1,0.6666666666666666,0,6510,/pfs/data6/home/st/st_us-053000/st_st191959/DL-Lab/DataSet/MTMC_Tracking_2025_Preprocessed/val/Warehouse_015/crops/Person_0198/Camera_07/Person_0198_Camera_07_f000000_r010.jpg,None,10,Warehouse_015__Person_0198,1.0,False,False,-0.5035233,-0.19951718,-0.5035233,-0.1995229,-0.12050093
120,Person_0198,Warehouse_015__Person_0198,93,93,Camera_09,19,Warehouse_015,Person,1,0.6666666666666666,150,1320,/pfs/data6/home/st/st_us-053000/st_st191959/DL-Lab/DataSet/MTMC_Tracking_2025_Preprocessed/val/Warehouse_015/crops/Person_0198/Camera_09/Person_0198_Camera_09_f000150_r005.jpg,None,10,Warehouse_015__Person_0198,1.0,False,False,-0.049548022,-0.09534971,-0.04954774,-0.095382735,0.033460196
739,Person_0198,Warehouse_015__Person_0198,93,93,Camera_10,20,Warehouse_015,Person,1,0.6495263870094723,450,8820,/pfs/data6/home/st/st_us-053000/st_st191959/DL-Lab/DataSet/MTMC_Tracking_2025_Preprocessed/val/Warehouse_015/crops/Person_0198/Camera_10/Person_0198_Camera_10_f000450_r038.jpg,None,10,Warehouse_015__Person_0198,1.0,False,False,-0.5671523,-0.20650643,-0.56715214,-0.20649868,-0.15479253
207,Person_0198,Warehouse_015__Person_0198,93,93,Camera_11,21,Warehouse_015,Person,1,0.6376811594202898,3150,8970,/pfs/data6/home/st/st_us-053000/st_st191959/DL-Lab/DataSet/MTMC_Tracking_2025_Preprocessed/val/Warehouse_015/crops/Person_0198/Camera_11/Person_0198_Camera_11_f003150_r008.jpg,None,10,Warehouse_015__Person_0198,1.0,False,False,-0.4980203,-0.19157535,-0.49802005,-0.19158296,-0.0916753
364,Person_0198,Warehouse_015__Person_0198,93,93,Camera_12,22,Warehouse_015,Person,1,0.6648351648351648,0,7920,/pfs/data6/home/st/st_us-053000/st_st191959/DL-Lab/DataSet/MTMC_Tracking_2025_Preprocessed/val/Warehouse_015/crops/Person_0198/Camera_12/Person_0198_Camera_12_f000000_r029.jpg,None,10,Warehouse_015__Person_0198,1.0,False,False,-0.53724235,-0.17247057,-0.5372426,-0.17246333,-0.19938776
463,Person_0199,Warehouse_015__Person_0199,94,94,Camera,0,Warehouse_015,Person,1,0.6652267818574514,3360,8970,/pfs/data6/home/st/st_us-053000/st_st191959/DL-Lab/DataSet/MTMC_Tracking_2025_Preprocessed/val/Warehouse_015/crops/Person_0199/Camera/Person_0199_Camera_f003360_r007.jpg,None,24,Warehouse_015__Person_0199,1.0,False,False,-0.31584352,-0.12216592,-0.3158434,-0.12218582,0.17258409
475,Person_0199,Warehouse_015__Person_0199,94,94,Camera_01,11,Warehouse_015,Person,1,0.5431578947368421,0,8970,/pfs/data6/home/st/st_us-053000/st_st191959/DL-Lab/DataSet/MTMC_Tracking_2025_Preprocessed/val/Warehouse_015/crops/Person_0199/Camera_01/Person_0199_Camera_01_f000000_r017.jpg,None,24,Warehouse_015__Person_0199,1.0,False,False,-0.41491044,-0.12432847,-0.41491047,-0.12433926,0.035930555
84,Person_0199,Warehouse_015__Person_0199,94,94,Camera_02,12,Warehouse_015,Person,1,0.6666666666666666,720,1950,/pfs/data6/home/st/st_us-053000/st_st191959/DL-Lab/DataSet/MTMC_Tracking_2025_Preprocessed/val/Warehouse_015/crops/Person_0199/Camera_02/Person_0199_Camera_02_f000720_r004.jpg,None,24,Warehouse_015__Person_0199,1.0,False,False,-0.45363376,-0.062041588,-0.45363382,-0.062052,0.050236374
681,Person_0199,Warehouse_015__Person_0199,94,94,Camera_03,13,Warehouse_015,Person,1,0.6490455212922174,0,8970,/pfs/data6/home/st/st_us-053000/st_st191959/DL-Lab/DataSet/MTMC_Tracking_2025_Preprocessed/val/Warehouse_015/crops/Person_0199/Camera_03/Person_0199_Camera_03_f000000_r012.jpg,None,24,Warehouse_015__Person_0199,1.0,False,False,-0.40529475,-0.1106752,-0.4052949,-0.110689916,0.07579815
45,Person_0199,Warehouse_015__Person_0199,94,94,Camera_04,14,Warehouse_015,Person,1,0.5777777777777777,3480,7500,/pfs/data6/home/st/st_us-053000/st_st191959/DL-Lab/DataSet/MTMC_Tracking_2025_Preprocessed/val/Warehouse_015/crops/Person_0199/Camera_04/Person_0199_Camera_04_f003480_r006.jpg,None,24,Warehouse_015__Person_0199,1.0,False,False,-0.39034373,-0.07716959,-0.39034376,-0.07718214,0.12655006
444,Person_0199,Warehouse_015__Person_0199,94,94,Camera_07,17,Warehouse_015,Person,1,0.6666666666666666,3450,8970,/pfs/data6/home/st/st_us-053000/st_st191959/DL-Lab/DataSet/MTMC_Tracking_2025_Preprocessed/val/Warehouse_015/crops/Person_0199/Camera_07/Person_0199_Camera_07_f003450_r004.jpg,None,24,Warehouse_015__Person_0199,1.0,False,False,-0.36379322,-0.047455076,-0.36379337,-0.047473565,0.15324691
234,Person_0199,Warehouse_015__Person_0199,94,94,Camera_08,18,Warehouse_015,Person,1,0.6581196581196581,0,2490,/pfs/data6/home/st/st_us-053000/st_st191959/DL-Lab/DataSet/MTMC_Tracking_2025_Preprocessed/val/Warehouse_015/crops/Person_0199/Camera_08/Person_0199_Camera_08_f000000_r010.jpg,None,24,Warehouse_015__Person_0199,1.0,False,False,-0.43076023,-0.13605882,-0.4307601,-0.13606998,0.09361007
372,Person_0199,Warehouse_015__Person_0199,94,94,Camera_09,19,Warehouse_015,Person,1,0.6666666666666666,3990,7740,/pfs/data6/home/st/st_us-053000/st_st191959/DL-Lab/DataSet/MTMC_Tracking_2025_Preprocessed/val/Warehouse_015/crops/Person_0199/Camera_09/Person_0199_Camera_09_f003990_r003.jpg,None,24,Warehouse_015__Person_0199,1.0,False,False,-0.35889977,-0.05473779,-0.3588999,-0.054761186,0.107119456
711,Person_0199,Warehouse_015__Person_0199,94,94,Camera_10,20,Warehouse_015,Person,1,0.630098452883263,0,8970,/pfs/data6/home/st/st_us-053000/st_st191959/DL-Lab/DataSet/MTMC_Tracking_2025_Preprocessed/val/Warehouse_015/crops/Person_0199/Camera_10/Person_0199_Camera_10_f000000_r023.jpg,None,24,Warehouse_015__Person_0199,1.0,False,False,-0.445955,-0.12605712,-0.4459551,-0.12606947,0.08081289
497,Person_0199,Warehouse_015__Person_0199,94,94,Camera_12,22,Warehouse_015,Person,1,0.6398390342052314,0,8970,/pfs/data6/home/st/st_us-053000/st_st191959/DL-Lab/DataSet/MTMC_Tracking_2025_Preprocessed/val/Warehouse_015/crops/Person_0199/Camera_12/Person_0199_Camera_12_f000000_r019.jpg,None,24,Warehouse_015__Person_0199,1.0,False,False,-0.41568935,-0.08527087,-0.41568896,-0.08527944,0.10011538
874,Person_0200,Warehouse_015__Person_0200,95,95,Camera_01,11,Warehouse_015,Person,1,0.665903890160183,210,8970,/pfs/data6/home/st/st_us-053000/st_st191959/DL-Lab/DataSet/MTMC_Tracking_2025_Preprocessed/val/Warehouse_015/crops/Person_0200/Camera_01/Person_0200_Camera_01_f000210_r048.jpg,None,-1,NOISE,0.0,True,False,-0.22338217,-0.27910256,-0.22338222,-0.2790848,0.31861684
867,Person_0200,Warehouse_015__Person_0200,95,95,Camera_02,12,Warehouse_015,Person,1,0.6666666666666666,180,8970,/pfs/data6/home/st/st_us-053000/st_st191959/DL-Lab/DataSet/MTMC_Tracking_2025_Preprocessed/val/Warehouse_015/crops/Person_0200/Camera_02/Person_0200_Camera_02_f000180_r014.jpg,None,30,Warehouse_015__Person_0200,1.0,False,False,-0.39673194,-0.2642529,-0.3967319,-0.26424733,0.4633198
709,Person_0200,Warehouse_015__Person_0200,95,95,Camera_03,13,Warehouse_015,Person,1,0.6600846262341326,0,8970,/pfs/data6/home/st/st_us-053000/st_st191959/DL-Lab/DataSet/MTMC_Tracking_2025_Preprocessed/val/Warehouse_015/crops/Person_0200/Camera_03/Person_0200_Camera_03_f000000_r036.jpg,None,-1,NOISE,0.0,True,False,-0.16076264,-0.27668673,-0.16076267,-0.27667615,0.4706991
829,Person_0200,Warehouse_015__Person_0200,95,95,Camera_08,18,Warehouse_015,Person,1,0.6537997587454765,0,8970,/pfs/data6/home/st/st_us-053000/st_st191959/DL-Lab/DataSet/MTMC_Tracking_2025_Preprocessed/val/Warehouse_015/crops/Person_0200/Camera_08/Person_0200_Camera_08_f000000_r027.jpg,None,30,Warehouse_015__Person_0200,1.0,False,False,-0.4657701,-0.28210723,-0.46577,-0.28210035,0.36300805
710,Person_0200,Warehouse_015__Person_0200,95,95,Camera_10,20,Warehouse_015,Person,1,0.5830985915492958,0,8970,/pfs/data6/home/st/st_us-053000/st_st191959/DL-Lab/DataSet/MTMC_Tracking_2025_Preprocessed/val/Warehouse_015/crops/Person_0200/Camera_10/Person_0200_Camera_10_f000000_r054.jpg,None,30,Warehouse_015__Person_0200,1.0,False,False,-0.41897002,-0.3246,-0.41896996,-0.3245888,0.37278163
817,Person_0200,Warehouse_015__Person_0200,95,95,Camera_12,22,Warehouse_015,Person,1,0.6340269277845777,0,8970,/pfs/data6/home/st/st_us-053000/st_st191959/DL-Lab/DataSet/MTMC_Tracking_2025_Preprocessed/val/Warehouse_015/crops/Person_0200/Camera_12/Person_0200_Camera_12_f000000_r050.jpg,None,30,Warehouse_015__Person_0200,1.0,False,False,-0.39738396,-0.29338524,-0.39738378,-0.29337654,0.41864625
300,Person_0201,Warehouse_015__Person_0201,96,96,Camera,0,Warehouse_015,Person,1,0.6533333333333333,3030,6630,/pfs/data6/home/st/st_us-053000/st_st191959/DL-Lab/DataSet/MTMC_Tracking_2025_Preprocessed/val/Warehouse_015/crops/Person_0201/Camera/Person_0201_Camera_f003030_r014.jpg,None,103,Warehouse_015__Person_0201,1.0,False,False,-0.60347235,-0.37118435,-0.6034725,-0.3711875,0.02915511
500,Person_0201,Warehouse_015__Person_0201,96,96,Camera_01,11,Warehouse_015,Person,1,0.588,0,8850,/pfs/data6/home/st/st_us-053000/st_st191959/DL-Lab/DataSet/MTMC_Tracking_2025_Preprocessed/val/Warehouse_015/crops/Person_0201/Camera_01/Person_0201_Camera_01_f000000_r041.jpg,None,103,Warehouse_015__Person_0201,1.0,False,False,-0.59782183,-0.36407566,-0.5978214,-0.3640824,0.025945015
12,Person_0201,Warehouse_015__Person_0201,96,96,Camera_02,12,Warehouse_015,Person,1,0.6666666666666666,8340,8430,/pfs/data6/home/st/st_us-053000/st_st191959/DL-Lab/DataSet/MTMC_Tracking_2025_Preprocessed/val/Warehouse_015/crops/Person_0201/Camera_02/Person_0201_Camera_02_f008340_r010.jpg,None,-1,NOISE,0.0,True,False,-0.6088162,-0.40887007,-0.6088161,-0.4088735,0.032160636
397,Person_0201,Warehouse_015__Person_0201,96,96,Camera_03,13,Warehouse_015,Person,1,0.654911838790932,0,7950,/pfs/data6/home/st/st_us-053000/st_st191959/DL-Lab/DataSet/MTMC_Tracking_2025_Preprocessed/val/Warehouse_015/crops/Person_0201/Camera_03/Person_0201_Camera_03_f000000_r032.jpg,None,103,Warehouse_015__Person_0201,1.0,False,False,-0.60075617,-0.3813866,-0.60075605,-0.38139,0.0028772475
230,Person_0201,Warehouse_015__Person_0201,96,96,Camera_04,14,Warehouse_015,Person,1,0.6608695652173913,3300,6720,/pfs/data6/home/st/st_us-053000/st_st191959/DL-Lab/DataSet/MTMC_Tracking_2025_Preprocessed/val/Warehouse_015/crops/Person_0201/Camera_04/Person_0201_Camera_04_f003300_r010.jpg,None,103,Warehouse_015__Person_0201,1.0,False,False,-0.6110124,-0.37470233,-0.61101216,-0.3747074,-0.017900305
354,Person_0201,Warehouse_015__Person_0201,96,96,Camera_05,15,Warehouse_015,Person,1,0.6271186440677966,0,8970,/pfs/data6/home/st/st_us-053000/st_st191959/DL-Lab/DataSet/MTMC_Tracking_2025_Preprocessed/val/Warehouse_015/crops/Person_0201/Camera_05/Person_0201_Camera_05_f000000_r024.jpg,None,103,Warehouse_015__Person_0201,1.0,False,False,-0.6105805,-0.36639926,-0.61058044,-0.36640742,0.054187916
171,Person_0201,Warehouse_015__Person_0201,96,96,Camera_06,16,Warehouse_015,Person,1,0.6666666666666666,660,8970,/pfs/data6/home/st/st_us-053000/st_st191959/DL-Lab/DataSet/MTMC_Tracking_2025_Preprocessed/val/Warehouse_015/crops/Person_0201/Camera_06/Person_0201_Camera_06_f000660_r005.jpg,None,103,Warehouse_015__Person_0201,1.0,False,False,-0.58082956,-0.3716966,-0.58082956,-0.3717043,0.04792974
102,Person_0201,Warehouse_015__Person_0201,96,96,Camera_07,17,Warehouse_015,Person,1,0.6666666666666666,0,4500,/pfs/data6/home/st/st_us-053000/st_st191959/DL-Lab/DataSet/MTMC_Tracking_2025_Preprocessed/val/Warehouse_015/crops/Person_0201/Camera_07/Person_0201_Camera_07_f000000_r014.jpg,None,103,Warehouse_015__Person_0201,1.0,False,False,-0.5261678,-0.40993178,-0.52616745,-0.40994546,0.032309078
284,Person_0201,Warehouse_015__Person_0201,96,96,Camera_08,18,Warehouse_015,Person,1,0.647887323943662,2550,7530,/pfs/data6/home/st/st_us-053000/st_st191959/DL-Lab/DataSet/MTMC_Tracking_2025_Preprocessed/val/Warehouse_015/crops/Person_0201/Camera_08/Person_0201_Camera_08_f002550_r017.jpg,None,103,Warehouse_015__Person_0201,1.0,False,False,-0.5428676,-0.38112327,-0.5428673,-0.38113394,0.034964036
547,Person_0201,Warehouse_015__Person_0201,96,96,Camera_10,20,Warehouse_015,Person,1,0.5411334552102377,390,8880,/pfs/data6/home/st/st_us-053000/st_st191959/DL-Lab/DataSet/MTMC_Tracking_2025_Preprocessed/val/Warehouse_015/crops/Person_0201/Camera_10/Person_0201_Camera_10_f000390_r052.jpg,None,103,Warehouse_015__Person_0201,1.0,False,False,-0.60823095,-0.37760857,-0.60823065,-0.37761593,0.05165101
153,Person_0201,Warehouse_015__Person_0201,96,96,Camera_11,21,Warehouse_015,Person,1,0.6666666666666666,780,8970,/pfs/data6/home/st/st_us-053000/st_st191959/DL-Lab/DataSet/MTMC_Tracking_2025_Preprocessed/val/Warehouse_015/crops/Person_0201/Camera_11/Person_0201_Camera_11_f000780_r009.jpg,None,103,Warehouse_015__Person_0201,1.0,False,False,-0.5443779,-0.37643495,-0.5443775,-0.3764475,0.07406591
511,Person_0201,Warehouse_015__Person_0201,96,96,Camera_12,22,Warehouse_015,Person,1,0.6418786692759295,420,8970,/pfs/data6/home/st/st_us-053000/st_st191959/DL-Lab/DataSet/MTMC_Tracking_2025_Preprocessed/val/Warehouse_015/crops/Person_0201/Camera_12/Person_0201_Camera_12_f000420_r053.jpg,None,103,Warehouse_015__Person_0201,1.0,False,False,-0.5910681,-0.36467478,-0.591068,-0.3646818,0.032346364
78,Person_0202,Warehouse_015__Person_0202,97,97,Camera,0,Warehouse_015,Person,1,0.6666666666666666,330,1380,/pfs/data6/home/st/st_us-053000/st_st191959/DL-Lab/DataSet/MTMC_Tracking_2025_Preprocessed/val/Warehouse_015/crops/Person_0202/Camera/Person_0202_Camera_f000330_r017.jpg,None,62,Warehouse_015__Person_0202,0.9166666666666666,False,False,-0.162291,-0.13578196,-0.16229099,-0.13581116,-0.45704088
700,Person_0202,Warehouse_015__Person_0202,97,97,Camera_01,11,Warehouse_015,Person,1,0.6514285714285715,0,8970,/pfs/data6/home/st/st_us-053000/st_st191959/DL-Lab/DataSet/MTMC_Tracking_2025_Preprocessed/val/Warehouse_015/crops/Person_0202/Camera_01/Person_0202_Camera_01_f000000_r038.jpg,None,62,Warehouse_015__Person_0202,0.9166666666666666,False,False,-0.22632805,-0.11191253,-0.22632806,-0.11194132,-0.43075782
295,Person_0202,Warehouse_015__Person_0202,97,97,Camera_02,12,Warehouse_015,Person,1,0.6644067796610169,4020,8970,/pfs/data6/home/st/st_us-053000/st_st191959/DL-Lab/DataSet/MTMC_Tracking_2025_Preprocessed/val/Warehouse_015/crops/Person_0202/Camera_02/Person_0202_Camera_02_f004020_r008.jpg,None,62,Warehouse_015__Person_0202,0.9166666666666666,False,False,-0.38170418,-0.12155159,-0.3817042,-0.12157908,-0.38816625
257,Person_0202,Warehouse_015__Person_0202,97,97,Camera_03,13,Warehouse_015,Person,1,0.6536964980544747,0,2700,/pfs/data6/home/st/st_us-053000/st_st191959/DL-Lab/DataSet/MTMC_Tracking_2025_Preprocessed/val/Warehouse_015/crops/Person_0202/Camera_03/Person_0202_Camera_03_f000000_r030.jpg,None,62,Warehouse_015__Person_0202,0.9166666666666666,False,False,-0.33879337,-0.12899306,-0.33879325,-0.1290209,-0.42731413
571,Person_0202,Warehouse_015__Person_0202,97,97,Camera_05,15,Warehouse_015,Person,1,0.6619964973730298,0,8970,/pfs/data6/home/st/st_us-053000/st_st191959/DL-Lab/DataSet/MTMC_Tracking_2025_Preprocessed/val/Warehouse_015/crops/Person_0202/Camera_05/Person_0202_Camera_05_f000000_r021.jpg,None,62,Warehouse_015__Person_0202,0.9166666666666666,False,False,-0.25728723,-0.11518961,-0.25728744,-0.11521738,-0.42286047
70,Person_0202,Warehouse_015__Person_0202,97,97,Camera_06,16,Warehouse_015,Person,1,0.6285714285714286,2730,6810,/pfs/data6/home/st/st_us-053000/st_st191959/DL-Lab/DataSet/MTMC_Tracking_2025_Preprocessed/val/Warehouse_015/crops/Person_0202/Camera_06/Person_0202_Camera_06_f002730_r011.jpg,None,62,Warehouse_015__Person_0202,0.9166666666666666,False,False,-0.30530438,-0.121355884,-0.30530444,-0.12138711,-0.390884
114,Person_0202,Warehouse_015__Person_0202,97,97,Camera_07,17,Warehouse_015,Person,1,0.6666666666666666,0,1110,/pfs/data6/home/st/st_us-053000/st_st191959/DL-Lab/DataSet/MTMC_Tracking_2025_Preprocessed/val/Warehouse_015/crops/Person_0202/Camera_07/Person_0202_Camera_07_f000000_r012.jpg,None,62,Warehouse_015__Person_0202,0.9166666666666666,False,False,-0.18966289,-0.1423093,-0.18966293,-0.14234346,-0.39281008
106,Person_0202,Warehouse_015__Person_0202,97,97,Camera_08,18,Warehouse_015,Person,1,0.6037735849056604,4080,8970,/pfs/data6/home/st/st_us-053000/st_st191959/DL-Lab/DataSet/MTMC_Tracking_2025_Preprocessed/val/Warehouse_015/crops/Person_0202/Camera_08/Person_0202_Camera_08_f004080_r018.jpg,None,62,Warehouse_015__Person_0202,0.9166666666666666,False,False,-0.3620841,-0.1529662,-0.36208412,-0.15299746,-0.34647286
6,Person_0202,Warehouse_015__Person_0202,97,97,Camera_09,19,Warehouse_015,Person,1,0.6666666666666666,390,420,/pfs/data6/home/st/st_us-053000/st_st191959/DL-Lab/DataSet/MTMC_Tracking_2025_Preprocessed/val/Warehouse_015/crops/Person_0202/Camera_09/Person_0202_Camera_09_f000390_r004.jpg,None,-1,NOISE,0.0,True,False,0.27960044,0.13021114,0.2796006,0.13017887,0.16631985
657,Person_0202,Warehouse_015__Person_0202,97,97,Camera_10,20,Warehouse_015,Person,1,0.6605783866057838,330,8970,/pfs/data6/home/st/st_us-053000/st_st191959/DL-Lab/DataSet/MTMC_Tracking_2025_Preprocessed/val/Warehouse_015/crops/Person_0202/Camera_10/Person_0202_Camera_10_f000330_r054.jpg,None,62,Warehouse_015__Person_0202,0.9166666666666666,False,False,-0.28567398,-0.107796825,-0.2856741,-0.10782477,-0.42270544
219,Person_0202,Warehouse_015__Person_0202,97,97,Camera_11,21,Warehouse_015,Person,1,0.6666666666666666,2760,7470,/pfs/data6/home/st/st_us-053000/st_st191959/DL-Lab/DataSet/MTMC_Tracking_2025_Preprocessed/val/Warehouse_015/crops/Person_0202/Camera_11/Person_0202_Camera_11_f002760_r011.jpg,None,62,Warehouse_015__Person_0202,0.9166666666666666,False,False,-0.21433863,-0.12876569,-0.2143387,-0.12880015,-0.37705186
644,Person_0202,Warehouse_015__Person_0202,97,97,Camera_12,22,Warehouse_015,Person,1,0.5962732919254659,330,8970,/pfs/data6/home/st/st_us-053000/st_st191959/DL-Lab/DataSet/MTMC_Tracking_2025_Preprocessed/val/Warehouse_015/crops/Person_0202/Camera_12/Person_0202_Camera_12_f000330_r043.jpg,None,62,Warehouse_015__Person_0202,0.9166666666666666,False,False,-0.33708856,-0.11831821,-0.33708856,-0.118347436,-0.41555566
138,Person_0215,Warehouse_015__Person_0215,98,98,Camera,0,Warehouse_015,Person,1,0.6666666666666666,7500,8850,/pfs/data6/home/st/st_us-053000/st_st191959/DL-Lab/DataSet/MTMC_Tracking_2025_Preprocessed/val/Warehouse_015/crops/Person_0215/Camera/Person_0215_Camera_f007500_r010.jpg,None,101,Warehouse_015__Person_0215,1.0,False,False,-0.26905185,0.22202711,-0.26905185,0.2220414,0.57337403
641,Person_0215,Warehouse_015__Person_0215,98,98,Camera_01,11,Warehouse_015,Person,1,0.6021840873634945,0,8970,/pfs/data6/home/st/st_us-053000/st_st191959/DL-Lab/DataSet/MTMC_Tracking_2025_Preprocessed/val/Warehouse_015/crops/Person_0215/Camera_01/Person_0215_Camera_01_f000000_r015.jpg,None,101,Warehouse_015__Person_0215,1.0,False,False,-0.26069337,0.25459075,-0.26069343,0.25460884,0.55696523
45,Person_0215,Warehouse_015__Person_0215,98,98,Camera_02,12,Warehouse_015,Person,1,0.5777777777777777,1380,1950,/pfs/data6/home/st/st_us-053000/st_st191959/DL-Lab/DataSet/MTMC_Tracking_2025_Preprocessed/val/Warehouse_015/crops/Person_0215/Camera_02/Person_0215_Camera_02_f001380_r006.jpg,None,101,Warehouse_015__Person_0215,1.0,False,False,-0.47915757,0.19635594,-0.47915754,0.19636577,0.5463577
603,Person_0215,Warehouse_015__Person_0215,98,98,Camera_03,13,Warehouse_015,Person,1,0.6533996683250415,120,8970,/pfs/data6/home/st/st_us-053000/st_st191959/DL-Lab/DataSet/MTMC_Tracking_2025_Preprocessed/val/Warehouse_015/crops/Person_0215/Camera_03/Person_0215_Camera_03_f000120_r011.jpg,None,101,Warehouse_015__Person_0215,1.0,False,False,-0.33614472,0.18527612,-0.33614472,0.18529175,0.5870043
36,Person_0215,Warehouse_015__Person_0215,98,98,Camera_04,14,Warehouse_015,Person,1,0.6666666666666666,8220,8550,/pfs/data6/home/st/st_us-053000/st_st191959/DL-Lab/DataSet/MTMC_Tracking_2025_Preprocessed/val/Warehouse_015/crops/Person_0215/Camera_04/Person_0215_Camera_04_f008220_r007.jpg,None,101,Warehouse_015__Person_0215,1.0,False,False,-0.08347278,0.3186025,-0.083472684,0.31859592,0.71431106
423,Person_0215,Warehouse_015__Person_0215,98,98,Camera_05,15,Warehouse_015,Person,1,0.6524822695035462,0,7410,/pfs/data6/home/st/st_us-053000/st_st191959/DL-Lab/DataSet/MTMC_Tracking_2025_Preprocessed/val/Warehouse_015/crops/Person_0215/Camera_05/Person_0215_Camera_05_f000000_r009.jpg,None,101,Warehouse_015__Person_0215,1.0,False,False,-0.20852092,0.22972614,-0.20852098,0.22974269,0.6115347
165,Person_0215,Warehouse_015__Person_0215,98,98,Camera_06,16,Warehouse_015,Person,1,0.6666666666666666,1770,3450,/pfs/data6/home/st/st_us-053000/st_st191959/DL-Lab/DataSet/MTMC_Tracking_2025_Preprocessed/val/Warehouse_015/crops/Person_0215/Camera_06/Person_0215_Camera_06_f001770_r002.jpg,None,101,Warehouse_015__Person_0215,1.0,False,False,-0.2983364,0.27233875,-0.2983362,0.27234206,0.66750515
167,Person_0215,Warehouse_015__Person_0215,98,98,Camera_07,17,Warehouse_015,Person,1,0.6586826347305389,6450,8790,/pfs/data6/home/st/st_us-053000/st_st191959/DL-Lab/DataSet/MTMC_Tracking_2025_Preprocessed/val/Warehouse_015/crops/Person_0215/Camera_07/Person_0215_Camera_07_f006450_r007.jpg,None,101,Warehouse_015__Person_0215,1.0,False,False,-0.26944515,0.276769,-0.26944515,0.2767707,0.6708765
57,Person_0215,Warehouse_015__Person_0215,98,98,Camera_08,18,Warehouse_015,Person,1,0.6666666666666666,3780,4680,/pfs/data6/home/st/st_us-053000/st_st191959/DL-Lab/DataSet/MTMC_Tracking_2025_Preprocessed/val/Warehouse_015/crops/Person_0215/Camera_08/Person_0215_Camera_08_f003780_r013.jpg,None,101,Warehouse_015__Person_0215,1.0,False,False,-0.33869803,0.21921991,-0.33869815,0.2192318,0.52260035
45,Person_0215,Warehouse_015__Person_0215,98,98,Camera_09,19,Warehouse_015,Person,1,0.6666666666666666,8010,8460,/pfs/data6/home/st/st_us-053000/st_st191959/DL-Lab/DataSet/MTMC_Tracking_2025_Preprocessed/val/Warehouse_015/crops/Person_0215/Camera_09/Person_0215_Camera_09_f008010_r002.jpg,None,101,Warehouse_015__Person_0215,1.0,False,False,-0.26975748,0.26484904,-0.26975742,0.26484415,0.6901491
723,Person_0215,Warehouse_015__Person_0215,98,98,Camera_10,20,Warehouse_015,Person,1,0.6334716459197787,0,8910,/pfs/data6/home/st/st_us-053000/st_st191959/DL-Lab/DataSet/MTMC_Tracking_2025_Preprocessed/val/Warehouse_015/crops/Person_0215/Camera_10/Person_0215_Camera_10_f000000_r019.jpg,None,101,Warehouse_015__Person_0215,1.0,False,False,-0.22721605,0.24743505,-0.22721618,0.24745469,0.5362432
147,Person_0215,Warehouse_015__Person_0215,98,98,Camera_11,21,Warehouse_015,Person,1,0.6666666666666666,1380,2970,/pfs/data6/home/st/st_us-053000/st_st191959/DL-Lab/DataSet/MTMC_Tracking_2025_Preprocessed/val/Warehouse_015/crops/Person_0215/Camera_11/Person_0215_Camera_11_f001380_r003.jpg,None,101,Warehouse_015__Person_0215,1.0,False,False,-0.2409734,0.26935872,-0.24097331,0.2693527,0.7304795
687,Person_0215,Warehouse_015__Person_0215,98,98,Camera_12,22,Warehouse_015,Person,1,0.6404657933042213,0,8970,/pfs/data6/home/st/st_us-053000/st_st191959/DL-Lab/DataSet/MTMC_Tracking_2025_Preprocessed/val/Warehouse_015/crops/Person_0215/Camera_12/Person_0215_Camera_12_f000000_r018.jpg,None,101,Warehouse_015__Person_0215,1.0,False,False,-0.35337278,0.20221876,-0.3533727,0.20223549,0.5300082
156,Person_0216,Warehouse_015__Person_0216,99,99,Camera,0,Warehouse_015,Person,1,0.6410256410256411,7290,8970,/pfs/data6/home/st/st_us-053000/st_st191959/DL-Lab/DataSet/MTMC_Tracking_2025_Preprocessed/val/Warehouse_015/crops/Person_0216/Camera/Person_0216_Camera_f007290_r019.jpg,None,37,Warehouse_015__Person_0216,1.0,False,False,-0.49460408,-0.3580804,-0.49460417,-0.35808167,0.21138708
334,Person_0216,Warehouse_015__Person_0216,99,99,Camera_01,11,Warehouse_015,Person,1,0.6467065868263473,0,8970,/pfs/data6/home/st/st_us-053000/st_st191959/DL-Lab/DataSet/MTMC_Tracking_2025_Preprocessed/val/Warehouse_015/crops/Person_0216/Camera_01/Person_0216_Camera_01_f000000_r046.jpg,None,37,Warehouse_015__Person_0216,1.0,False,False,-0.43474543,-0.33431417,-0.43474528,-0.3343078,0.29844594
630,Person_0216,Warehouse_015__Person_0216,99,99,Camera_02,12,Warehouse_015,Person,1,0.6666666666666666,0,6480,/pfs/data6/home/st/st_us-053000/st_st191959/DL-Lab/DataSet/MTMC_Tracking_2025_Preprocessed/val/Warehouse_015/crops/Person_0216/Camera_02/Person_0216_Camera_02_f000000_r015.jpg,None,37,Warehouse_015__Person_0216,1.0,False,False,-0.48738778,-0.3049207,-0.48738775,-0.30492225,0.19816676
101,Person_0216,Warehouse_015__Person_0216,99,99,Camera_03,13,Warehouse_015,Person,1,0.6336633663366337,6480,8970,/pfs/data6/home/st/st_us-053000/st_st191959/DL-Lab/DataSet/MTMC_Tracking_2025_Preprocessed/val/Warehouse_015/crops/Person_0216/Camera_03/Person_0216_Camera_03_f006480_r033.jpg,None,37,Warehouse_015__Person_0216,1.0,False,False,-0.46586934,-0.33005282,-0.46586925,-0.3300494,0.2776556
160,Person_0216,Warehouse_015__Person_0216,99,99,Camera_04,14,Warehouse_015,Person,1,0.6625,7230,8970,/pfs/data6/home/st/st_us-053000/st_st191959/DL-Lab/DataSet/MTMC_Tracking_2025_Preprocessed/val/Warehouse_015/crops/Person_0216/Camera_04/Person_0216_Camera_04_f007230_r009.jpg,None,37,Warehouse_015__Person_0216,1.0,False,False,-0.50099593,-0.30085444,-0.50099605,-0.3008544,0.20413378
255,Person_0216,Warehouse_015__Person_0216,99,99,Camera_05,15,Warehouse_015,Person,1,0.6666666666666666,0,2790,/pfs/data6/home/st/st_us-053000/st_st191959/DL-Lab/DataSet/MTMC_Tracking_2025_Preprocessed/val/Warehouse_015/crops/Person_0216/Camera_05/Person_0216_Camera_05_f000000_r027.jpg,None,-1,NOISE,0.0,True,False,-0.32641363,-0.2980133,-0.32641348,-0.29800048,0.359527
12,Person_0216,Warehouse_015__Person_0216,99,99,Camera_07,17,Warehouse_015,Person,1,0.6666666666666666,8880,8970,/pfs/data6/home/st/st_us-053000/st_st191959/DL-Lab/DataSet/MTMC_Tracking_2025_Preprocessed/val/Warehouse_015/crops/Person_0216/Camera_07/Person_0216_Camera_07_f008880_r009.jpg,None,-1,NOISE,0.0,True,False,0.21741343,-0.11482175,0.21741366,-0.114845164,0.5220537
404,Person_0216,Warehouse_015__Person_0216,99,99,Camera_08,18,Warehouse_015,Person,1,0.5148514851485149,300,8850,/pfs/data6/home/st/st_us-053000/st_st191959/DL-Lab/DataSet/MTMC_Tracking_2025_Preprocessed/val/Warehouse_015/crops/Person_0216/Camera_08/Person_0216_Camera_08_f000300_r024.jpg,None,37,Warehouse_015__Person_0216,1.0,False,False,-0.48487347,-0.32739347,-0.48487356,-0.32739186,0.2636235
316,Person_0216,Warehouse_015__Person_0216,99,99,Camera_10,20,Warehouse_015,Person,1,0.4873417721518987,0,8970,/pfs/data6/home/st/st_us-053000/st_st191959/DL-Lab/DataSet/MTMC_Tracking_2025_Preprocessed/val/Warehouse_015/crops/Person_0216/Camera_10/Person_0216_Camera_10_f000000_r052.jpg,None,37,Warehouse_015__Person_0216,1.0,False,False,-0.5084477,-0.34388712,-0.5084478,-0.34388426,0.1877528
288,Person_0216,Warehouse_015__Person_0216,99,99,Camera_12,22,Warehouse_015,Person,1,0.3958333333333333,0,8250,/pfs/data6/home/st/st_us-053000/st_st191959/DL-Lab/DataSet/MTMC_Tracking_2025_Preprocessed/val/Warehouse_015/crops/Person_0216/Camera_12/Person_0216_Camera_12_f000000_r049.jpg,None,37,Warehouse_015__Person_0216,1.0,False,False,-0.47197428,-0.35644525,-0.4719742,-0.35644236,0.22624226
375,Person_0217,Warehouse_015__Person_0217,100,100,Camera,0,Warehouse_015,Person,1,0.6666666666666666,3990,8970,/pfs/data6/home/st/st_us-053000/st_st191959/DL-Lab/DataSet/MTMC_Tracking_2025_Preprocessed/val/Warehouse_015/crops/Person_0217/Camera/Person_0217_Camera_f003990_r002.jpg,None,21,Warehouse_015__Person_0217,1.0,False,False,-0.3916772,-0.046640158,-0.3916772,-0.046629608,-0.44893086
604,Person_0217,Warehouse_015__Person_0217,100,100,Camera_01,11,Warehouse_015,Person,1,0.5761589403973509,210,8970,/pfs/data6/home/st/st_us-053000/st_st191959/DL-Lab/DataSet/MTMC_Tracking_2025_Preprocessed/val/Warehouse_015/crops/Person_0217/Camera_01/Person_0217_Camera_01_f000210_r005.jpg,None,21,Warehouse_015__Person_0217,1.0,False,False,-0.38438618,-0.028274775,-0.3843861,-0.028257415,-0.4945441
177,Person_0217,Warehouse_015__Person_0217,100,100,Camera_02,12,Warehouse_015,Person,1,0.632768361581921,0,2160,/pfs/data6/home/st/st_us-053000/st_st191959/DL-Lab/DataSet/MTMC_Tracking_2025_Preprocessed/val/Warehouse_015/crops/Person_0217/Camera_02/Person_0217_Camera_02_f000000_r001.jpg,None,21,Warehouse_015__Person_0217,1.0,False,False,-0.45845583,-0.03187872,-0.45845556,-0.03186391,-0.4612701
598,Person_0217,Warehouse_015__Person_0217,100,100,Camera_03,13,Warehouse_015,Person,1,0.6421404682274248,2250,8970,/pfs/data6/home/st/st_us-053000/st_st191959/DL-Lab/DataSet/MTMC_Tracking_2025_Preprocessed/val/Warehouse_015/crops/Person_0217/Camera_03/Person_0217_Camera_03_f002250_r005.jpg,None,21,Warehouse_015__Person_0217,1.0,False,False,-0.43019485,-0.03995181,-0.4301947,-0.039939214,-0.47430664
46,Person_0217,Warehouse_015__Person_0217,100,100,Camera_04,14,Warehouse_015,Person,1,0.6521739130434783,5940,8970,/pfs/data6/home/st/st_us-053000/st_st191959/DL-Lab/DataSet/MTMC_Tracking_2025_Preprocessed/val/Warehouse_015/crops/Person_0217/Camera_04/Person_0217_Camera_04_f005940_r001.jpg,None,21,Warehouse_015__Person_0217,1.0,False,False,-0.32434565,-0.023181578,-0.32434553,-0.023168867,-0.46442825
250,Person_0217,Warehouse_015__Person_0217,100,100,Camera_05,15,Warehouse_015,Person,1,0.648,0,6900,/pfs/data6/home/st/st_us-053000/st_st191959/DL-Lab/DataSet/MTMC_Tracking_2025_Preprocessed/val/Warehouse_015/crops/Person_0217/Camera_05/Person_0217_Camera_05_f000000_r003.jpg,None,21,Warehouse_015__Person_0217,1.0,False,False,-0.3447864,-0.018952793,-0.34478638,-0.01893662,-0.45777023
6,Person_0217,Warehouse_015__Person_0217,100,100,Camera_06,16,Warehouse_015,Person,1,0.6666666666666666,3210,3240,/pfs/data6/home/st/st_us-053000/st_st191959/DL-Lab/DataSet/MTMC_Tracking_2025_Preprocessed/val/Warehouse_015/crops/Person_0217/Camera_06/Person_0217_Camera_06_f003210_r001.jpg,None,-1,NOISE,0.0,True,False,0.3087994,0.1712283,0.30879933,0.17122395,-0.47277007
322,Person_0217,Warehouse_015__Person_0217,100,100,Camera_07,17,Warehouse_015,Person,1,0.6645962732919255,3990,8970,/pfs/data6/home/st/st_us-053000/st_st191959/DL-Lab/DataSet/MTMC_Tracking_2025_Preprocessed/val/Warehouse_015/crops/Person_0217/Camera_07/Person_0217_Camera_07_f003990_r003.jpg,None,21,Warehouse_015__Person_0217,1.0,False,False,-0.42530245,-0.05135943,-0.42530227,-0.0513483,-0.46746358
73,Person_0217,Warehouse_015__Person_0217,100,100,Camera_08,18,Warehouse_015,Person,1,0.5205479452054794,840,1920,/pfs/data6/home/st/st_us-053000/st_st191959/DL-Lab/DataSet/MTMC_Tracking_2025_Preprocessed/val/Warehouse_015/crops/Person_0217/Camera_08/Person_0217_Camera_08_f000840_r004.jpg,None,21,Warehouse_015__Person_0217,1.0,False,False,-0.36326757,0.037367158,-0.3632676,0.03737829,-0.50698876
255,Person_0217,Warehouse_015__Person_0217,100,100,Camera_09,19,Warehouse_015,Person,1,0.6666666666666666,5130,8880,/pfs/data6/home/st/st_us-053000/st_st191959/DL-Lab/DataSet/MTMC_Tracking_2025_Preprocessed/val/Warehouse_015/crops/Person_0217/Camera_09/Person_0217_Camera_09_f005130_r000.jpg,None,-1,NOISE,0.0,True,False,-0.17951109,-0.026480155,-0.17951077,-0.026488883,-0.3139471
705,Person_0217,Warehouse_015__Person_0217,100,100,Camera_10,20,Warehouse_015,Person,1,0.649645390070922,210,8970,/pfs/data6/home/st/st_us-053000/st_st191959/DL-Lab/DataSet/MTMC_Tracking_2025_Preprocessed/val/Warehouse_015/crops/Person_0217/Camera_10/Person_0217_Camera_10_f000210_r006.jpg,None,21,Warehouse_015__Person_0217,1.0,False,False,-0.43786377,-0.032876477,-0.43786356,-0.032864228,-0.4519887
45,Person_0217,Warehouse_015__Person_0217,100,100,Camera_11,21,Warehouse_015,Person,1,0.6666666666666666,0,750,/pfs/data6/home/st/st_us-053000/st_st191959/DL-Lab/DataSet/MTMC_Tracking_2025_Preprocessed/val/Warehouse_015/crops/Person_0217/Camera_11/Person_0217_Camera_11_f000000_r001.jpg,None,21,Warehouse_015__Person_0217,1.0,False,False,-0.44970948,-0.026530145,-0.4497095,-0.02651979,-0.47357237
638,Person_0217,Warehouse_015__Person_0217,100,100,Camera_12,22,Warehouse_015,Person,1,0.6332288401253918,0,8970,/pfs/data6/home/st/st_us-053000/st_st191959/DL-Lab/DataSet/MTMC_Tracking_2025_Preprocessed/val/Warehouse_015/crops/Person_0217/Camera_12/Person_0217_Camera_12_f000000_r006.jpg,None,21,Warehouse_015__Person_0217,1.0,False,False,-0.4084419,-0.009626276,-0.4084418,-0.009612026,-0.48643696
99,Person_0218,Warehouse_015__Person_0218,101,101,Camera,0,Warehouse_015,Person,1,0.6666666666666666,4080,5040,/pfs/data6/home/st/st_us-053000/st_st191959/DL-Lab/DataSet/MTMC_Tracking_2025_Preprocessed/val/Warehouse_015/crops/Person_0218/Camera/Person_0218_Camera_f004080_r019.jpg,None,105,Warehouse_015__Person_0218,1.0,False,False,-0.5622657,0.27388304,-0.5622656,0.27388602,0.3845466
491,Person_0218,Warehouse_015__Person_0218,101,101,Camera_01,11,Warehouse_015,Person,1,0.6639511201629328,0,8940,/pfs/data6/home/st/st_us-053000/st_st191959/DL-Lab/DataSet/MTMC_Tracking_2025_Preprocessed/val/Warehouse_015/crops/Person_0218/Camera_01/Person_0218_Camera_01_f000000_r034.jpg,None,105,Warehouse_015__Person_0218,1.0,False,False,-0.51735705,0.32617873,-0.5173572,0.3261824,0.39874464
279,Person_0218,Warehouse_015__Person_0218,101,101,Camera_02,12,Warehouse_015,Person,1,0.6666666666666666,570,6720,/pfs/data6/home/st/st_us-053000/st_st191959/DL-Lab/DataSet/MTMC_Tracking_2025_Preprocessed/val/Warehouse_015/crops/Person_0218/Camera_02/Person_0218_Camera_02_f000570_r007.jpg,None,105,Warehouse_015__Person_0218,1.0,False,False,-0.5940515,0.3213114,-0.5940515,0.32131222,0.34829986
309,Person_0218,Warehouse_015__Person_0218,101,101,Camera_03,13,Warehouse_015,Person,1,0.6666666666666666,3480,8970,/pfs/data6/home/st/st_us-053000/st_st191959/DL-Lab/DataSet/MTMC_Tracking_2025_Preprocessed/val/Warehouse_015/crops/Person_0218/Camera_03/Person_0218_Camera_03_f003480_r030.jpg,None,105,Warehouse_015__Person_0218,1.0,False,False,-0.5261197,0.28381264,-0.52611965,0.28381744,0.42472178
102,Person_0218,Warehouse_015__Person_0218,101,101,Camera_04,14,Warehouse_015,Person,1,0.6666666666666666,4050,5040,/pfs/data6/home/st/st_us-053000/st_st191959/DL-Lab/DataSet/MTMC_Tracking_2025_Preprocessed/val/Warehouse_015/crops/Person_0218/Camera_04/Person_0218_Camera_04_f004050_r010.jpg,None,105,Warehouse_015__Person_0218,1.0,False,False,-0.5633146,0.34594902,-0.5633145,0.34594938,0.40979448
187,Person_0218,Warehouse_015__Person_0218,101,101,Camera_05,15,Warehouse_015,Person,1,0.6310160427807486,0,7710,/pfs/data6/home/st/st_us-053000/st_st191959/DL-Lab/DataSet/MTMC_Tracking_2025_Preprocessed/val/Warehouse_015/crops/Person_0218/Camera_05/Person_0218_Camera_05_f000000_r017.jpg,None,105,Warehouse_015__Person_0218,1.0,False,False,-0.5119511,0.34432113,-0.51195115,0.34431982,0.44935152
366,Person_0218,Warehouse_015__Person_0218,101,101,Camera_08,18,Warehouse_015,Person,1,0.5846994535519126,1530,8910,/pfs/data6/home/st/st_us-053000/st_st191959/DL-Lab/DataSet/MTMC_Tracking_2025_Preprocessed/val/Warehouse_015/crops/Person_0218/Camera_08/Person_0218_Camera_08_f001530_r018.jpg,None,105,Warehouse_015__Person_0218,1.0,False,False,-0.61204123,0.29601112,-0.6120409,0.2960082,0.38523495
568,Person_0218,Warehouse_015__Person_0218,101,101,Camera_10,20,Warehouse_015,Person,1,0.6232394366197183,0,8970,/pfs/data6/home/st/st_us-053000/st_st191959/DL-Lab/DataSet/MTMC_Tracking_2025_Preprocessed/val/Warehouse_015/crops/Person_0218/Camera_10/Person_0218_Camera_10_f000000_r042.jpg,None,105,Warehouse_015__Person_0218,1.0,False,False,-0.5377448,0.29028878,-0.53774476,0.29029453,0.39404404
87,Person_0218,Warehouse_015__Person_0218,101,101,Camera_11,21,Warehouse_015,Person,1,0.6666666666666666,0,2220,/pfs/data6/home/st/st_us-053000/st_st191959/DL-Lab/DataSet/MTMC_Tracking_2025_Preprocessed/val/Warehouse_015/crops/Person_0218/Camera_11/Person_0218_Camera_11_f000000_r009.jpg,None,105,Warehouse_015__Person_0218,1.0,False,False,-0.35782433,0.43238384,-0.35782415,0.4323692,0.49510226
569,Person_0218,Warehouse_015__Person_0218,101,101,Camera_12,22,Warehouse_015,Person,1,0.5588752196836555,0,8970,/pfs/data6/home/st/st_us-053000/st_st191959/DL-Lab/DataSet/MTMC_Tracking_2025_Preprocessed/val/Warehouse_015/crops/Person_0218/Camera_12/Person_0218_Camera_12_f000000_r035.jpg,None,105,Warehouse_015__Person_0218,1.0,False,False,-0.58195025,0.27437985,-0.58194995,0.27438277,0.373747
504,Person_0219,Warehouse_015__Person_0219,102,102,Camera_01,11,Warehouse_015,Person,1,0.6626984126984127,0,7920,/pfs/data6/home/st/st_us-053000/st_st191959/DL-Lab/DataSet/MTMC_Tracking_2025_Preprocessed/val/Warehouse_015/crops/Person_0219/Camera_01/Person_0219_Camera_01_f000000_r039.jpg,None,31,Warehouse_015__Person_0219,1.0,False,False,-0.542205,0.25663012,-0.54220504,0.25664437,-0.0066485126
262,Person_0219,Warehouse_015__Person_0219,102,102,Camera_02,12,Warehouse_015,Person,1,0.6641221374045801,930,8070,/pfs/data6/home/st/st_us-053000/st_st191959/DL-Lab/DataSet/MTMC_Tracking_2025_Preprocessed/val/Warehouse_015/crops/Person_0219/Camera_02/Person_0219_Camera_02_f000930_r009.jpg,None,31,Warehouse_015__Person_0219,1.0,False,False,-0.52468073,0.2530514,-0.52468085,0.2530642,-0.0018703991
628,Person_0219,Warehouse_015__Person_0219,102,102,Camera_05,15,Warehouse_015,Person,1,0.6624203821656051,0,8970,/pfs/data6/home/st/st_us-053000/st_st191959/DL-Lab/DataSet/MTMC_Tracking_2025_Preprocessed/val/Warehouse_015/crops/Person_0219/Camera_05/Person_0219_Camera_05_f000000_r022.jpg,None,31,Warehouse_015__Person_0219,1.0,False,False,-0.5689639,0.2466909,-0.56896377,0.24670222,0.022679752
295,Person_0219,Warehouse_015__Person_0219,102,102,Camera_06,16,Warehouse_015,Person,1,0.6644067796610169,30,8970,/pfs/data6/home/st/st_us-053000/st_st191959/DL-Lab/DataSet/MTMC_Tracking_2025_Preprocessed/val/Warehouse_015/crops/Person_0219/Camera_06/Person_0219_Camera_06_f000030_r009.jpg,None,31,Warehouse_015__Person_0219,1.0,False,False,-0.54476273,0.2874662,-0.54476297,0.28747538,0.054532297
33,Person_0219,Warehouse_015__Person_0219,102,102,Camera_08,18,Warehouse_015,Person,1,0.6666666666666666,7140,7440,/pfs/data6/home/st/st_us-053000/st_st191959/DL-Lab/DataSet/MTMC_Tracking_2025_Preprocessed/val/Warehouse_015/crops/Person_0219/Camera_08/Person_0219_Camera_08_f007140_r021.jpg,None,31,Warehouse_015__Person_0219,1.0,False,False,-0.5435972,0.2535575,-0.5435972,0.25356948,-0.012965624
624,Person_0219,Warehouse_015__Person_0219,102,102,Camera_10,20,Warehouse_015,Person,1,0.6666666666666666,0,8970,/pfs/data6/home/st/st_us-053000/st_st191959/DL-Lab/DataSet/MTMC_Tracking_2025_Preprocessed/val/Warehouse_015/crops/Person_0219/Camera_10/Person_0219_Camera_10_f000000_r048.jpg,None,31,Warehouse_015__Person_0219,1.0,False,False,-0.5278623,0.24407159,-0.52786225,0.24408594,0.015666293
615,Person_0219,Warehouse_015__Person_0219,102,102,Camera_11,21,Warehouse_015,Person,1,0.6666666666666666,0,8970,/pfs/data6/home/st/st_us-053000/st_st191959/DL-Lab/DataSet/MTMC_Tracking_2025_Preprocessed/val/Warehouse_015/crops/Person_0219/Camera_11/Person_0219_Camera_11_f000000_r011.jpg,None,31,Warehouse_015__Person_0219,1.0,False,False,-0.50376153,0.2559898,-0.5037616,0.25600195,0.036964692
542,Person_0219,Warehouse_015__Person_0219,102,102,Camera_12,22,Warehouse_015,Person,1,0.6162361623616236,60,8160,/pfs/data6/home/st/st_us-053000/st_st191959/DL-Lab/DataSet/MTMC_Tracking_2025_Preprocessed/val/Warehouse_015/crops/Person_0219/Camera_12/Person_0219_Camera_12_f000060_r043.jpg,None,31,Warehouse_015__Person_0219,1.0,False,False,-0.54845625,0.27382487,-0.54845613,0.2738334,0.02304181
879,Person_0220,Warehouse_015__Person_0220,103,103,Camera_01,11,Warehouse_015,Person,1,0.6666666666666666,0,8970,/pfs/data6/home/st/st_us-053000/st_st191959/DL-Lab/DataSet/MTMC_Tracking_2025_Preprocessed/val/Warehouse_015/crops/Person_0220/Camera_01/Person_0220_Camera_01_f000000_r014.jpg,None,110,Warehouse_015__Person_0220,1.0,False,False,-0.41137463,0.5333922,-0.4113745,0.53339976,-0.06438386
81,Person_0220,Warehouse_015__Person_0220,103,103,Camera_02,12,Warehouse_015,Person,1,0.6666666666666666,210,2460,/pfs/data6/home/st/st_us-053000/st_st191959/DL-Lab/DataSet/MTMC_Tracking_2025_Preprocessed/val/Warehouse_015/crops/Person_0220/Camera_02/Person_0220_Camera_02_f000210_r006.jpg,None,-1,NOISE,0.0,True,False,-0.47431803,0.5333576,-0.47431773,0.533368,-0.13645439
719,Person_0220,Warehouse_015__Person_0220,103,103,Camera_03,13,Warehouse_015,Person,1,0.6648122392211405,1140,8970,/pfs/data6/home/st/st_us-053000/st_st191959/DL-Lab/DataSet/MTMC_Tracking_2025_Preprocessed/val/Warehouse_015/crops/Person_0220/Camera_03/Person_0220_Camera_03_f001140_r012.jpg,None,110,Warehouse_015__Person_0220,1.0,False,False,-0.4740144,0.56787074,-0.47401428,0.56787926,-0.11555051
207,Person_0220,Warehouse_015__Person_0220,103,103,Camera_05,15,Warehouse_015,Person,1,0.6666666666666666,0,2040,/pfs/data6/home/st/st_us-053000/st_st191959/DL-Lab/DataSet/MTMC_Tracking_2025_Preprocessed/val/Warehouse_015/crops/Person_0220/Camera_05/Person_0220_Camera_05_f000000_r008.jpg,None,-1,NOISE,0.0,True,False,-0.3390876,0.5795059,-0.33908743,0.5795144,-0.14061417
38,Person_0220,Warehouse_015__Person_0220,103,103,Camera_06,16,Warehouse_015,Person,1,0.631578947368421,870,1290,/pfs/data6/home/st/st_us-053000/st_st191959/DL-Lab/DataSet/MTMC_Tracking_2025_Preprocessed/val/Warehouse_015/crops/Person_0220/Camera_06/Person_0220_Camera_06_f000870_r004.jpg,None,111,Warehouse_015__Person_0006,0.9,False,True,-0.4832235,0.5843465,-0.48322326,0.58435017,-0.10742565
9,Person_0220,Warehouse_015__Person_0220,103,103,Camera_07,17,Warehouse_015,Person,1,0.6666666666666666,1440,1500,/pfs/data6/home/st/st_us-053000/st_st191959/DL-Lab/DataSet/MTMC_Tracking_2025_Preprocessed/val/Warehouse_015/crops/Person_0220/Camera_07/Person_0220_Camera_07_f001440_r004.jpg,None,-1,NOISE,0.0,True,False,-0.4137999,0.5420096,-0.41379955,0.5420156,-0.14509444
675,Person_0220,Warehouse_015__Person_0220,103,103,Camera_08,18,Warehouse_015,Person,1,0.6666666666666666,2220,8970,/pfs/data6/home/st/st_us-053000/st_st191959/DL-Lab/DataSet/MTMC_Tracking_2025_Preprocessed/val/Warehouse_015/crops/Person_0220/Camera_08/Person_0220_Camera_08_f002220_r007.jpg,None,110,Warehouse_015__Person_0220,1.0,False,False,-0.47622547,0.5347413,-0.4762253,0.53474844,-0.019681199
845,Person_0220,Warehouse_015__Person_0220,103,103,Camera_10,20,Warehouse_015,Person,1,0.6650887573964497,0,8970,/pfs/data6/home/st/st_us-053000/st_st191959/DL-Lab/DataSet/MTMC_Tracking_2025_Preprocessed/val/Warehouse_015/crops/Person_0220/Camera_10/Person_0220_Camera_10_f000000_r018.jpg,None,110,Warehouse_015__Person_0220,1.0,False,False,-0.5136621,0.49045897,-0.51366174,0.49046457,-0.11052767
82,Person_0220,Warehouse_015__Person_0220,103,103,Camera_11,21,Warehouse_015,Person,1,0.6585365853658537,270,1080,/pfs/data6/home/st/st_us-053000/st_st191959/DL-Lab/DataSet/MTMC_Tracking_2025_Preprocessed/val/Warehouse_015/crops/Person_0220/Camera_11/Person_0220_Camera_11_f000270_r004.jpg,None,-1,NOISE,0.0,True,False,-0.43161082,0.60650444,-0.43161047,0.60650915,-0.06144098
873,Person_0220,Warehouse_015__Person_0220,103,103,Camera_12,22,Warehouse_015,Person,1,0.6575028636884307,0,8970,/pfs/data6/home/st/st_us-053000/st_st191959/DL-Lab/DataSet/MTMC_Tracking_2025_Preprocessed/val/Warehouse_015/crops/Person_0220/Camera_12/Person_0220_Camera_12_f000000_r017.jpg,None,110,Warehouse_015__Person_0220,1.0,False,False,-0.5004125,0.5513632,-0.5004123,0.5513691,-0.08113111
227,Person_0221,Warehouse_015__Person_0221,104,104,Camera,0,Warehouse_015,Person,1,0.6607929515418502,4350,7200,/pfs/data6/home/st/st_us-053000/st_st191959/DL-Lab/DataSet/MTMC_Tracking_2025_Preprocessed/val/Warehouse_015/crops/Person_0221/Camera/Person_0221_Camera_f004350_r002.jpg,None,59,Warehouse_015__Person_0221,1.0,False,False,-0.25796947,-0.016803712,-0.25796938,-0.016796764,-0.07270181
460,Person_0221,Warehouse_015__Person_0221,104,104,Camera_01,11,Warehouse_015,Person,1,0.6565217391304348,30,8970,/pfs/data6/home/st/st_us-053000/st_st191959/DL-Lab/DataSet/MTMC_Tracking_2025_Preprocessed/val/Warehouse_015/crops/Person_0221/Camera_01/Person_0221_Camera_01_f000030_r004.jpg,None,59,Warehouse_015__Person_0221,1.0,False,False,-0.33998528,-0.059361354,-0.3399851,-0.05935355,-0.082590036
224,Person_0221,Warehouse_015__Person_0221,104,104,Camera_02,12,Warehouse_015,Person,1,0.6607142857142857,0,3990,/pfs/data6/home/st/st_us-053000/st_st191959/DL-Lab/DataSet/MTMC_Tracking_2025_Preprocessed/val/Warehouse_015/crops/Person_0221/Camera_02/Person_0221_Camera_02_f000000_r000.jpg,None,59,Warehouse_015__Person_0221,1.0,False,False,-0.3646397,-0.028504154,-0.3646397,-0.02850135,-0.1103201
471,Person_0221,Warehouse_015__Person_0221,104,104,Camera_03,13,Warehouse_015,Person,1,0.6666666666666666,720,8970,/pfs/data6/home/st/st_us-053000/st_st191959/DL-Lab/DataSet/MTMC_Tracking_2025_Preprocessed/val/Warehouse_015/crops/Person_0221/Camera_03/Person_0221_Camera_03_f000720_r004.jpg,None,59,Warehouse_015__Person_0221,1.0,False,False,-0.33376142,-0.038908202,-0.3337612,-0.03890113,-0.054355673
130,Person_0221,Warehouse_015__Person_0221,104,104,Camera_04,14,Warehouse_015,Person,1,0.6615384615384615,4290,6750,/pfs/data6/home/st/st_us-053000/st_st191959/DL-Lab/DataSet/MTMC_Tracking_2025_Preprocessed/val/Warehouse_015/crops/Person_0221/Camera_04/Person_0221_Camera_04_f004290_r000.jpg,None,59,Warehouse_015__Person_0221,1.0,False,False,-0.3441613,-0.04746929,-0.34416145,-0.04746098,-0.13272502
190,Person_0221,Warehouse_015__Person_0221,104,104,Camera_05,15,Warehouse_015,Person,1,0.6631578947368421,0,8970,/pfs/data6/home/st/st_us-053000/st_st191959/DL-Lab/DataSet/MTMC_Tracking_2025_Preprocessed/val/Warehouse_015/crops/Person_0221/Camera_05/Person_0221_Camera_05_f000000_r002.jpg,None,59,Warehouse_015__Person_0221,1.0,False,False,-0.26831648,0.007458498,-0.2683165,0.0074693584,-0.044044573
18,Person_0221,Warehouse_015__Person_0221,104,104,Camera_07,17,Warehouse_015,Person,1,0.6666666666666666,5160,6780,/pfs/data6/home/st/st_us-053000/st_st191959/DL-Lab/DataSet/MTMC_Tracking_2025_Preprocessed/val/Warehouse_015/crops/Person_0221/Camera_07/Person_0221_Camera_07_f005160_r003.jpg,None,59,Warehouse_015__Person_0221,1.0,False,False,-0.2197776,-0.14625709,-0.21977748,-0.1462617,0.004147849
501,Person_0221,Warehouse_015__Person_0221,104,104,Camera_08,18,Warehouse_015,Person,1,0.6187624750499002,90,7200,/pfs/data6/home/st/st_us-053000/st_st191959/DL-Lab/DataSet/MTMC_Tracking_2025_Preprocessed/val/Warehouse_015/crops/Person_0221/Camera_08/Person_0221_Camera_08_f000090_r004.jpg,None,59,Warehouse_015__Person_0221,1.0,False,False,-0.33251417,-0.08359475,-0.33251402,-0.083590224,-0.109588005
664,Person_0221,Warehouse_015__Person_0221,104,104,Camera_10,20,Warehouse_015,Person,1,0.6234939759036144,420,8970,/pfs/data6/home/st/st_us-053000/st_st191959/DL-Lab/DataSet/MTMC_Tracking_2025_Preprocessed/val/Warehouse_015/crops/Person_0221/Camera_10/Person_0221_Camera_10_f000420_r006.jpg,None,59,Warehouse_015__Person_0221,1.0,False,False,-0.29711652,-0.041468814,-0.29711646,-0.041464467,-0.08401636
3,Person_0221,Warehouse_015__Person_0221,104,104,Camera_11,21,Warehouse_015,Person,1,0.6666666666666666,0,0,/pfs/data6/home/st/st_us-053000/st_st191959/DL-Lab/DataSet/MTMC_Tracking_2025_Preprocessed/val/Warehouse_015/crops/Person_0221/Camera_11/Person_0221_Camera_11_f000000_r000.jpg,None,56,Hospital_000__Person_0002,0.9411764705882353,False,True,0.10568457,-0.034060027,0.10568479,-0.034075946,0.056860484
704,Person_0221,Warehouse_015__Person_0221,104,104,Camera_12,22,Warehouse_015,Person,1,0.6107954545454546,0,8970,/pfs/data6/home/st/st_us-053000/st_st191959/DL-Lab/DataSet/MTMC_Tracking_2025_Preprocessed/val/Warehouse_015/crops/Person_0221/Camera_12/Person_0221_Camera_12_f000000_r005.jpg,None,59,Warehouse_015__Person_0221,1.0,False,False,-0.36789972,-0.046889562,-0.36789963,-0.046884507,-0.07957561
709,Person_0222,Warehouse_015__Person_0222,105,105,Camera_01,11,Warehouse_015,Person,1,0.6657263751763046,0,8970,/pfs/data6/home/st/st_us-053000/st_st191959/DL-Lab/DataSet/MTMC_Tracking_2025_Preprocessed/val/Warehouse_015/crops/Person_0222/Camera_01/Person_0222_Camera_01_f000000_r045.jpg,None,-1,NOISE,0.0,True,False,-0.36777303,-0.25969455,-0.3677731,-0.25967935,0.48556256
867,Person_0222,Warehouse_015__Person_0222,105,105,Camera_02,12,Warehouse_015,Person,1,0.6666666666666666,0,8970,/pfs/data6/home/st/st_us-053000/st_st191959/DL-Lab/DataSet/MTMC_Tracking_2025_Preprocessed/val/Warehouse_015/crops/Person_0222/Camera_02/Person_0222_Camera_02_f000000_r014.jpg,None,63,Warehouse_015__Person_0222,1.0,False,False,-0.47270098,-0.18528466,-0.47270086,-0.18527351,0.4826504
24,Person_0222,Warehouse_015__Person_0222,105,105,Camera_03,13,Warehouse_015,Person,1,0.6666666666666666,1830,2040,/pfs/data6/home/st/st_us-053000/st_st191959/DL-Lab/DataSet/MTMC_Tracking_2025_Preprocessed/val/Warehouse_015/crops/Person_0222/Camera_03/Person_0222_Camera_03_f001830_r036.jpg,None,-1,NOISE,0.0,True,False,-0.35274717,-0.31736067,-0.35274705,-0.31735098,0.43559974
52,Person_0222,Warehouse_015__Person_0222,105,105,Camera_05,15,Warehouse_015,Person,1,0.6153846153846154,0,2400,/pfs/data6/home/st/st_us-053000/st_st191959/DL-Lab/DataSet/MTMC_Tracking_2025_Preprocessed/val/Warehouse_015/crops/Person_0222/Camera_05/Person_0222_Camera_05_f000000_r026.jpg,None,-1,NOISE,0.0,True,False,-0.23145935,-0.2907823,-0.23145935,-0.29076692,0.35633272
219,Person_0222,Warehouse_015__Person_0222,105,105,Camera_08,18,Warehouse_015,Person,1,0.3926940639269406,0,8970,/pfs/data6/home/st/st_us-053000/st_st191959/DL-Lab/DataSet/MTMC_Tracking_2025_Preprocessed/val/Warehouse_015/crops/Person_0222/Camera_08/Person_0222_Camera_08_f000000_r025.jpg,None,63,Warehouse_015__Person_0222,1.0,False,False,-0.49773398,-0.22687179,-0.49773377,-0.22686027,0.44107443
750,Person_0222,Warehouse_015__Person_0222,105,105,Camera_10,20,Warehouse_015,Person,1,0.6666666666666666,0,8970,/pfs/data6/home/st/st_us-053000/st_st191959/DL-Lab/DataSet/MTMC_Tracking_2025_Preprocessed/val/Warehouse_015/crops/Person_0222/Camera_10/Person_0222_Camera_10_f000000_r051.jpg,None,63,Warehouse_015__Person_0222,1.0,False,False,-0.44552544,-0.18679044,-0.4455253,-0.18677662,0.49721262
318,Person_0222,Warehouse_015__Person_0222,105,105,Camera_12,22,Warehouse_015,Person,1,0.14465408805031446,0,8970,/pfs/data6/home/st/st_us-053000/st_st191959/DL-Lab/DataSet/MTMC_Tracking_2025_Preprocessed/val/Warehouse_015/crops/Person_0222/Camera_12/Person_0222_Camera_12_f000000_r048.jpg,None,63,Warehouse_015__Person_0222,1.0,False,False,-0.5112928,-0.20255871,-0.51129264,-0.20254597,0.41404518
583,Person_0230,Warehouse_015__Person_0230,106,106,Camera_01,11,Warehouse_015,Person,1,0.6655231560891939,0,8970,/pfs/data6/home/st/st_us-053000/st_st191959/DL-Lab/DataSet/MTMC_Tracking_2025_Preprocessed/val/Warehouse_015/crops/Person_0230/Camera_01/Person_0230_Camera_01_f000000_r044.jpg,None,92,Warehouse_015__Person_0230,1.0,False,False,-0.06948052,-0.16199398,-0.069480486,-0.16200973,-0.2869472
180,Person_0230,Warehouse_015__Person_0230,106,106,Camera_02,12,Warehouse_015,Person,1,0.6666666666666666,0,1800,/pfs/data6/home/st/st_us-053000/st_st191959/DL-Lab/DataSet/MTMC_Tracking_2025_Preprocessed/val/Warehouse_015/crops/Person_0230/Camera_02/Person_0230_Camera_02_f000000_r013.jpg,None,92,Warehouse_015__Person_0230,1.0,False,False,-0.26398757,-0.19187076,-0.26398745,-0.19188048,-0.27829355
588,Person_0230,Warehouse_015__Person_0230,106,106,Camera_03,13,Warehouse_015,Person,1,0.6666666666666666,3120,8970,/pfs/data6/home/st/st_us-053000/st_st191959/DL-Lab/DataSet/MTMC_Tracking_2025_Preprocessed/val/Warehouse_015/crops/Person_0230/Camera_03/Person_0230_Camera_03_f003120_r032.jpg,None,92,Warehouse_015__Person_0230,1.0,False,False,-0.06488044,-0.19953938,-0.06488035,-0.19954982,-0.35678223
301,Person_0230,Warehouse_015__Person_0230,106,106,Camera_08,18,Warehouse_015,Person,1,0.6179401993355482,0,6450,/pfs/data6/home/st/st_us-053000/st_st191959/DL-Lab/DataSet/MTMC_Tracking_2025_Preprocessed/val/Warehouse_015/crops/Person_0230/Camera_08/Person_0230_Camera_08_f000000_r024.jpg,None,92,Warehouse_015__Person_0230,1.0,False,False,-0.34789142,-0.19021012,-0.34789133,-0.19021884,-0.2910954
683,Person_0230,Warehouse_015__Person_0230,106,106,Camera_10,20,Warehouse_015,Person,1,0.6500732064421669,1770,8970,/pfs/data6/home/st/st_us-053000/st_st191959/DL-Lab/DataSet/MTMC_Tracking_2025_Preprocessed/val/Warehouse_015/crops/Person_0230/Camera_10/Person_0230_Camera_10_f001770_r055.jpg,None,92,Warehouse_015__Person_0230,1.0,False,False,-0.08303645,-0.15835808,-0.08303643,-0.15836856,-0.35417616
791,Person_0230,Warehouse_015__Person_0230,106,106,Camera_12,22,Warehouse_015,Person,1,0.6219974715549936,0,8970,/pfs/data6/home/st/st_us-053000/st_st191959/DL-Lab/DataSet/MTMC_Tracking_2025_Preprocessed/val/Warehouse_015/crops/Person_0230/Camera_12/Person_0230_Camera_12_f000000_r047.jpg,None,92,Warehouse_015__Person_0230,1.0,False,False,-0.33628276,-0.17418443,-0.3362827,-0.17419265,-0.31933025
291,Person_0231,Warehouse_015__Person_0231,107,107,Camera,0,Warehouse_015,Person,1,0.6666666666666666,5850,8760,/pfs/data6/home/st/st_us-053000/st_st191959/DL-Lab/DataSet/MTMC_Tracking_2025_Preprocessed/val/Warehouse_015/crops/Person_0231/Camera/Person_0231_Camera_f005850_r012.jpg,None,88,Warehouse_015__Person_0231,1.0,False,False,-0.5094434,0.45097247,-0.5094434,0.45100248,0.07625746
585,Person_0231,Warehouse_015__Person_0231,107,107,Camera_01,11,Warehouse_015,Person,1,0.6564102564102564,300,8970,/pfs/data6/home/st/st_us-053000/st_st191959/DL-Lab/DataSet/MTMC_Tracking_2025_Preprocessed/val/Warehouse_015/crops/Person_0231/Camera_01/Person_0231_Camera_01_f000300_r019.jpg,None,88,Warehouse_015__Person_0231,1.0,False,False,-0.47805604,0.4850284,-0.47805583,0.48505732,0.010319138
201,Person_0231,Warehouse_015__Person_0231,107,107,Camera_02,12,Warehouse_015,Person,1,0.6666666666666666,0,4230,/pfs/data6/home/st/st_us-053000/st_st191959/DL-Lab/DataSet/MTMC_Tracking_2025_Preprocessed/val/Warehouse_015/crops/Person_0231/Camera_02/Person_0231_Camera_02_f000000_r005.jpg,None,88,Warehouse_015__Person_0231,1.0,False,False,-0.56333053,0.45102397,-0.5633303,0.45105153,0.013719472
440,Person_0231,Warehouse_015__Person_0231,107,107,Camera_03,13,Warehouse_015,Person,1,0.6636363636363637,3660,8970,/pfs/data6/home/st/st_us-053000/st_st191959/DL-Lab/DataSet/MTMC_Tracking_2025_Preprocessed/val/Warehouse_015/crops/Person_0231/Camera_03/Person_0231_Camera_03_f003660_r011.jpg,None,88,Warehouse_015__Person_0231,1.0,False,False,-0.50429285,0.4994129,-0.50429267,0.4994407,0.07051304
135,Person_0231,Warehouse_015__Person_0231,107,107,Camera_04,14,Warehouse_015,Person,1,0.6666666666666666,5820,8280,/pfs/data6/home/st/st_us-053000/st_st191959/DL-Lab/DataSet/MTMC_Tracking_2025_Preprocessed/val/Warehouse_015/crops/Person_0231/Camera_04/Person_0231_Camera_04_f005820_r005.jpg,None,88,Warehouse_015__Person_0231,1.0,False,False,-0.5498069,0.4705367,-0.54980665,0.4705634,0.010527655
213,Person_0231,Warehouse_015__Person_0231,107,107,Camera_05,15,Warehouse_015,Person,1,0.6666666666666666,300,3210,/pfs/data6/home/st/st_us-053000/st_st191959/DL-Lab/DataSet/MTMC_Tracking_2025_Preprocessed/val/Warehouse_015/crops/Person_0231/Camera_05/Person_0231_Camera_05_f000300_r010.jpg,None,88,Warehouse_015__Person_0231,1.0,False,False,-0.56758726,0.45920873,-0.5675869,0.4592313,0.084194325
156,Person_0231,Warehouse_015__Person_0231,107,107,Camera_06,16,Warehouse_015,Person,1,0.6666666666666666,690,2220,/pfs/data6/home/st/st_us-053000/st_st191959/DL-Lab/DataSet/MTMC_Tracking_2025_Preprocessed/val/Warehouse_015/crops/Person_0231/Camera_06/Person_0231_Camera_06_f000690_r002.jpg,None,88,Warehouse_015__Person_0231,1.0,False,False,-0.5986338,0.44753554,-0.5986338,0.44756025,0.03392353
42,Person_0231,Warehouse_015__Person_0231,107,107,Camera_07,17,Warehouse_015,Person,1,0.6666666666666666,7410,8310,/pfs/data6/home/st/st_us-053000/st_st191959/DL-Lab/DataSet/MTMC_Tracking_2025_Preprocessed/val/Warehouse_015/crops/Person_0231/Camera_07/Person_0231_Camera_07_f007410_r004.jpg,None,88,Warehouse_015__Person_0231,1.0,False,False,-0.4718408,0.5624031,-0.47184056,0.5624256,-0.020219604
435,Person_0231,Warehouse_015__Person_0231,107,107,Camera_08,18,Warehouse_015,Person,1,0.6620689655172414,0,8670,/pfs/data6/home/st/st_us-053000/st_st191959/DL-Lab/DataSet/MTMC_Tracking_2025_Preprocessed/val/Warehouse_015/crops/Person_0231/Camera_08/Person_0231_Camera_08_f000000_r008.jpg,None,88,Warehouse_015__Person_0231,1.0,False,False,-0.49402377,0.5356554,-0.49402347,0.5356815,-0.048839122
626,Person_0231,Warehouse_015__Person_0231,107,107,Camera_10,20,Warehouse_015,Person,1,0.6006389776357828,330,8970,/pfs/data6/home/st/st_us-053000/st_st191959/DL-Lab/DataSet/MTMC_Tracking_2025_Preprocessed/val/Warehouse_015/crops/Person_0231/Camera_10/Person_0231_Camera_10_f000330_r021.jpg,None,88,Warehouse_015__Person_0231,1.0,False,False,-0.5167123,0.49835443,-0.5167122,0.49838036,0.042525347
201,Person_0231,Warehouse_015__Person_0231,107,107,Camera_11,21,Warehouse_015,Person,1,0.6666666666666666,690,2670,/pfs/data6/home/st/st_us-053000/st_st191959/DL-Lab/DataSet/MTMC_Tracking_2025_Preprocessed/val/Warehouse_015/crops/Person_0231/Camera_11/Person_0231_Camera_11_f000690_r003.jpg,None,88,Warehouse_015__Person_0231,1.0,False,False,-0.42921665,0.60203487,-0.42921633,0.6020515,0.052842394
779,Person_0231,Warehouse_015__Person_0231,107,107,Camera_12,22,Warehouse_015,Person,1,0.6469833119383825,0,8970,/pfs/data6/home/st/st_us-053000/st_st191959/DL-Lab/DataSet/MTMC_Tracking_2025_Preprocessed/val/Warehouse_015/crops/Person_0231/Camera_12/Person_0231_Camera_12_f000000_r016.jpg,None,88,Warehouse_015__Person_0231,1.0,False,False,-0.53135,0.47331297,-0.5313498,0.47334144,0.080563135
60,Person_0232,Warehouse_015__Person_0232,108,108,Camera,0,Warehouse_015,Person,1,0.6666666666666666,840,7530,/pfs/data6/home/st/st_us-053000/st_st191959/DL-Lab/DataSet/MTMC_Tracking_2025_Preprocessed/val/Warehouse_015/crops/Person_0232/Camera/Person_0232_Camera_f000840_r016.jpg,None,78,Warehouse_015__Person_0232,0.55,False,False,-0.0011283926,-0.020926092,-0.001128533,-0.020901695,-0.19873579
439,Person_0232,Warehouse_015__Person_0232,108,108,Camera_01,11,Warehouse_015,Person,1,0.6378132118451025,1590,8400,/pfs/data6/home/st/st_us-053000/st_st191959/DL-Lab/DataSet/MTMC_Tracking_2025_Preprocessed/val/Warehouse_015/crops/Person_0232/Camera_01/Person_0232_Camera_01_f001590_r049.jpg,None,78,Warehouse_015__Person_0232,0.55,False,False,-0.33513427,-0.08527595,-0.3351341,-0.08525572,-0.1711166
192,Person_0232,Warehouse_015__Person_0232,108,108,Camera_02,12,Warehouse_015,Person,1,0.6666666666666666,0,8550,/pfs/data6/home/st/st_us-053000/st_st191959/DL-Lab/DataSet/MTMC_Tracking_2025_Preprocessed/val/Warehouse_015/crops/Person_0232/Camera_02/Person_0232_Camera_02_f000000_r012.jpg,None,78,Warehouse_015__Person_0232,0.55,False,False,-0.39906153,-0.1617223,-0.39906162,-0.16170785,-0.16751839
168,Person_0232,Warehouse_015__Person_0232,108,108,Camera_03,13,Warehouse_015,Person,1,0.6666666666666666,330,7830,/pfs/data6/home/st/st_us-053000/st_st191959/DL-Lab/DataSet/MTMC_Tracking_2025_Preprocessed/val/Warehouse_015/crops/Person_0232/Camera_03/Person_0232_Camera_03_f000330_r039.jpg,None,78,Warehouse_015__Person_0232,0.55,False,False,-0.24391454,-0.07651321,-0.24391462,-0.07649429,-0.18330008
27,Person_0232,Warehouse_015__Person_0232,108,108,Camera_04,14,Warehouse_015,Person,1,0.6666666666666666,810,1050,/pfs/data6/home/st/st_us-053000/st_st191959/DL-Lab/DataSet/MTMC_Tracking_2025_Preprocessed/val/Warehouse_015/crops/Person_0232/Camera_04/Person_0232_Camera_04_f000810_r008.jpg,None,78,Warehouse_015__Person_0232,0.55,False,False,-0.43056408,-0.075297326,-0.43056396,-0.07527715,-0.20504095
571,Person_0232,Warehouse_015__Person_0232,108,108,Camera_05,15,Warehouse_015,Person,1,0.6654991243432574,2160,8880,/pfs/data6/home/st/st_us-053000/st_st191959/DL-Lab/DataSet/MTMC_Tracking_2025_Preprocessed/val/Warehouse_015/crops/Person_0232/Camera_05/Person_0232_Camera_05_f002160_r024.jpg,None,78,Warehouse_015__Person_0232,0.55,False,False,-0.3433259,-0.068301775,-0.3433258,-0.0682845,-0.12051449
442,Person_0232,Warehouse_015__Person_0232,108,108,Camera_06,16,Warehouse_015,Person,1,0.6606334841628959,2760,8970,/pfs/data6/home/st/st_us-053000/st_st191959/DL-Lab/DataSet/MTMC_Tracking_2025_Preprocessed/val/Warehouse_015/crops/Person_0232/Camera_06/Person_0232_Camera_06_f002760_r013.jpg,None,78,Warehouse_015__Person_0232,0.55,False,False,-0.35482487,-0.09875965,-0.3548248,-0.09875078,-0.12400244
184,Person_0232,Warehouse_015__Person_0232,108,108,Camera_08,18,Warehouse_015,Person,1,0.6086956521739131,0,2160,/pfs/data6/home/st/st_us-053000/st_st191959/DL-Lab/DataSet/MTMC_Tracking_2025_Preprocessed/val/Warehouse_015/crops/Person_0232/Camera_08/Person_0232_Camera_08_f000000_r023.jpg,None,78,Warehouse_015__Person_0232,0.55,False,False,-0.37378812,-0.10936558,-0.37378812,-0.10934734,-0.18496352
723,Person_0232,Warehouse_015__Person_0232,108,108,Camera_10,20,Warehouse_015,Person,1,0.636237897648686,150,8880,/pfs/data6/home/st/st_us-053000/st_st191959/DL-Lab/DataSet/MTMC_Tracking_2025_Preprocessed/val/Warehouse_015/crops/Person_0232/Camera_10/Person_0232_Camera_10_f000150_r049.jpg,None,78,Warehouse_015__Person_0232,0.55,False,False,-0.31462392,-0.07516337,-0.31462416,-0.07514284,-0.19466072
349,Person_0232,Warehouse_015__Person_0232,108,108,Camera_11,21,Warehouse_015,Person,1,0.664756446991404,3030,8970,/pfs/data6/home/st/st_us-053000/st_st191959/DL-Lab/DataSet/MTMC_Tracking_2025_Preprocessed/val/Warehouse_015/crops/Person_0232/Camera_11/Person_0232_Camera_11_f003030_r011.jpg,None,78,Warehouse_015__Person_0232,0.55,False,False,-0.29083943,-0.0191993,-0.29083937,-0.019186316,-0.092408136
583,Person_0232,Warehouse_015__Person_0232,108,108,Camera_12,22,Warehouse_015,Person,1,0.6380789022298456,0,8820,/pfs/data6/home/st/st_us-053000/st_st191959/DL-Lab/DataSet/MTMC_Tracking_2025_Preprocessed/val/Warehouse_015/crops/Person_0232/Camera_12/Person_0232_Camera_12_f000000_r045.jpg,None,78,Warehouse_015__Person_0232,0.55,False,False,-0.44217086,-0.10714886,-0.44217068,-0.10713109,-0.14661835
653,Person_0233,Warehouse_015__Person_0233,109,109,Camera_01,11,Warehouse_015,Person,1,0.664624808575804,540,8910,/pfs/data6/home/st/st_us-053000/st_st191959/DL-Lab/DataSet/MTMC_Tracking_2025_Preprocessed/val/Warehouse_015/crops/Person_0233/Camera_01/Person_0233_Camera_01_f000540_r012.jpg,None,68,Warehouse_015__Person_0177,0.375,False,True,-0.42133394,0.027813781,-0.421334,0.027811361,-0.28660464
720,Person_0233,Warehouse_015__Person_0233,109,109,Camera_02,12,Warehouse_015,Person,1,0.6666666666666666,0,8970,/pfs/data6/home/st/st_us-053000/st_st191959/DL-Lab/DataSet/MTMC_Tracking_2025_Preprocessed/val/Warehouse_015/crops/Person_0233/Camera_02/Person_0233_Camera_02_f000000_r004.jpg,None,68,Warehouse_015__Person_0177,0.375,False,True,-0.5009664,-0.00036372847,-0.50096637,-0.00036250724,-0.26798493
7,Person_0233,Warehouse_015__Person_0233,109,109,Camera_03,13,Warehouse_015,Person,1,0.5714285714285714,8910,8970,/pfs/data6/home/st/st_us-053000/st_st191959/DL-Lab/DataSet/MTMC_Tracking_2025_Preprocessed/val/Warehouse_015/crops/Person_0233/Camera_03/Person_0233_Camera_03_f008910_r010.jpg,None,68,Warehouse_015__Person_0177,0.375,False,True,-0.51912475,0.03933438,-0.5191245,0.03932906,-0.24303058
361,Person_0233,Warehouse_015__Person_0233,109,109,Camera_05,15,Warehouse_015,Person,1,0.6648199445983379,690,7350,/pfs/data6/home/st/st_us-053000/st_st191959/DL-Lab/DataSet/MTMC_Tracking_2025_Preprocessed/val/Warehouse_015/crops/Person_0233/Camera_05/Person_0233_Camera_05_f000690_r005.jpg,None,68,Warehouse_015__Person_0177,0.375,False,True,-0.48015743,0.019380424,-0.48015714,0.019378245,-0.25921068
33,Person_0233,Warehouse_015__Person_0233,109,109,Camera_06,16,Warehouse_015,Person,1,0.6666666666666666,6270,6870,/pfs/data6/home/st/st_us-053000/st_st191959/DL-Lab/DataSet/MTMC_Tracking_2025_Preprocessed/val/Warehouse_015/crops/Person_0233/Camera_06/Person_0233_Camera_06_f006270_r000.jpg,None,68,Warehouse_015__Person_0177,0.375,False,True,-0.494355,0.04769885,-0.49435487,0.047696818,-0.22405209
350,Person_0233,Warehouse_015__Person_0233,109,109,Camera_08,18,Warehouse_015,Person,1,0.4857142857142857,0,8970,/pfs/data6/home/st/st_us-053000/st_st191959/DL-Lab/DataSet/MTMC_Tracking_2025_Preprocessed/val/Warehouse_015/crops/Person_0233/Camera_08/Person_0233_Camera_08_f000000_r007.jpg,None,68,Warehouse_015__Person_0177,0.375,False,True,-0.4822251,-0.017998593,-0.48222515,-0.017998677,-0.27301708
416,Person_0233,Warehouse_015__Person_0233,109,109,Camera_10,20,Warehouse_015,Person,1,0.6634615384615384,0,8970,/pfs/data6/home/st/st_us-053000/st_st191959/DL-Lab/DataSet/MTMC_Tracking_2025_Preprocessed/val/Warehouse_015/crops/Person_0233/Camera_10/Person_0233_Camera_10_f000000_r011.jpg,None,68,Warehouse_015__Person_0177,0.375,False,True,-0.46249008,0.014368719,-0.46249,0.014368834,-0.26688385
136,Person_0233,Warehouse_015__Person_0233,109,109,Camera_11,21,Warehouse_015,Person,1,0.6617647058823529,2220,7140,/pfs/data6/home/st/st_us-053000/st_st191959/DL-Lab/DataSet/MTMC_Tracking_2025_Preprocessed/val/Warehouse_015/crops/Person_0233/Camera_11/Person_0233_Camera_11_f002220_r002.jpg,None,68,Warehouse_015__Person_0177,0.375,False,True,-0.350553,0.06457875,-0.35055298,0.06457366,-0.19690709
513,Person_0233,Warehouse_015__Person_0233,109,109,Camera_12,22,Warehouse_015,Person,1,0.46393762183235865,0,8970,/pfs/data6/home/st/st_us-053000/st_st191959/DL-Lab/DataSet/MTMC_Tracking_2025_Preprocessed/val/Warehouse_015/crops/Person_0233/Camera_12/Person_0233_Camera_12_f000000_r011.jpg,None,68,Warehouse_015__Person_0177,0.375,False,True,-0.493999,-0.011808302,-0.49399886,-0.011810719,-0.2804031
169,Person_0234,Warehouse_015__Person_0234,110,110,Camera,0,Warehouse_015,Person,1,0.6627218934911243,4530,6630,/pfs/data6/home/st/st_us-053000/st_st191959/DL-Lab/DataSet/MTMC_Tracking_2025_Preprocessed/val/Warehouse_015/crops/Person_0234/Camera/Person_0234_Camera_f004530_r018.jpg,None,1,Warehouse_015__Person_0234,1.0,False,False,-0.46305946,-0.22429207,-0.4630594,-0.22429857,-0.09478562
651,Person_0234,Warehouse_015__Person_0234,110,110,Camera_01,11,Warehouse_015,Person,1,0.663594470046083,1500,8970,/pfs/data6/home/st/st_us-053000/st_st191959/DL-Lab/DataSet/MTMC_Tracking_2025_Preprocessed/val/Warehouse_015/crops/Person_0234/Camera_01/Person_0234_Camera_01_f001500_r042.jpg,None,1,Warehouse_015__Person_0234,1.0,False,False,-0.46822515,-0.23672089,-0.46822497,-0.23672795,-0.13828537
165,Person_0234,Warehouse_015__Person_0234,110,110,Camera_02,12,Warehouse_015,Person,1,0.6666666666666666,270,8130,/pfs/data6/home/st/st_us-053000/st_st191959/DL-Lab/DataSet/MTMC_Tracking_2025_Preprocessed/val/Warehouse_015/crops/Person_0234/Camera_02/Person_0234_Camera_02_f000270_r009.jpg,None,1,Warehouse_015__Person_0234,1.0,False,False,-0.4886229,-0.2462211,-0.48862267,-0.24622905,-0.06545725
473,Person_0234,Warehouse_015__Person_0234,110,110,Camera_03,13,Warehouse_015,Person,1,0.6638477801268499,180,8970,/pfs/data6/home/st/st_us-053000/st_st191959/DL-Lab/DataSet/MTMC_Tracking_2025_Preprocessed/val/Warehouse_015/crops/Person_0234/Camera_03/Person_0234_Camera_03_f000180_r032.jpg,None,1,Warehouse_015__Person_0234,1.0,False,False,-0.3590216,-0.24078064,-0.3590216,-0.24078555,-0.15281168
145,Person_0234,Warehouse_015__Person_0234,110,110,Camera_04,14,Warehouse_015,Person,1,0.6620689655172414,5130,7080,/pfs/data6/home/st/st_us-053000/st_st191959/DL-Lab/DataSet/MTMC_Tracking_2025_Preprocessed/val/Warehouse_015/crops/Person_0234/Camera_04/Person_0234_Camera_04_f005130_r010.jpg,None,1,Warehouse_015__Person_0234,1.0,False,False,-0.45825356,-0.2578759,-0.4582534,-0.25788242,-0.07426683
293,Person_0234,Warehouse_015__Person_0234,110,110,Camera_05,15,Warehouse_015,Person,1,0.6621160409556314,1530,8220,/pfs/data6/home/st/st_us-053000/st_st191959/DL-Lab/DataSet/MTMC_Tracking_2025_Preprocessed/val/Warehouse_015/crops/Person_0234/Camera_05/Person_0234_Camera_05_f001530_r019.jpg,None,1,Warehouse_015__Person_0234,1.0,False,False,-0.4669369,-0.23698077,-0.46693683,-0.23698768,-0.11962242
169,Person_0234,Warehouse_015__Person_0234,110,110,Camera_06,16,Warehouse_015,Person,1,0.6627218934911243,1860,3960,/pfs/data6/home/st/st_us-053000/st_st191959/DL-Lab/DataSet/MTMC_Tracking_2025_Preprocessed/val/Warehouse_015/crops/Person_0234/Camera_06/Person_0234_Camera_06_f001860_r006.jpg,None,1,Warehouse_015__Person_0234,1.0,False,False,-0.47848946,-0.23213801,-0.4784892,-0.23214857,-0.0151274605
27,Person_0234,Warehouse_015__Person_0234,110,110,Camera_07,17,Warehouse_015,Person,1,0.6666666666666666,5100,5340,/pfs/data6/home/st/st_us-053000/st_st191959/DL-Lab/DataSet/MTMC_Tracking_2025_Preprocessed/val/Warehouse_015/crops/Person_0234/Camera_07/Person_0234_Camera_07_f005100_r017.jpg,None,1,Warehouse_015__Person_0234,1.0,False,False,-0.3309114,-0.10024744,-0.33091143,-0.10025064,-0.3773276
354,Person_0234,Warehouse_015__Person_0234,110,110,Camera_08,18,Warehouse_015,Person,1,0.655367231638418,0,8160,/pfs/data6/home/st/st_us-053000/st_st191959/DL-Lab/DataSet/MTMC_Tracking_2025_Preprocessed/val/Warehouse_015/crops/Person_0234/Camera_08/Person_0234_Camera_08_f000000_r021.jpg,None,1,Warehouse_015__Person_0234,1.0,False,False,-0.42110538,-0.25493038,-0.42110536,-0.2549412,-0.13698003
759,Person_0234,Warehouse_015__Person_0234,110,110,Camera_10,20,Warehouse_015,Person,1,0.6350461133069829,0,8970,/pfs/data6/home/st/st_us-053000/st_st191959/DL-Lab/DataSet/MTMC_Tracking_2025_Preprocessed/val/Warehouse_015/crops/Person_0234/Camera_10/Person_0234_Camera_10_f000000_r047.jpg,None,1,Warehouse_015__Person_0234,1.0,False,False,-0.40595347,-0.24583977,-0.4059535,-0.24584445,-0.09370145
171,Person_0234,Warehouse_015__Person_0234,110,110,Camera_11,21,Warehouse_015,Person,1,0.6666666666666666,2250,3930,/pfs/data6/home/st/st_us-053000/st_st191959/DL-Lab/DataSet/MTMC_Tracking_2025_Preprocessed/val/Warehouse_015/crops/Person_0234/Camera_11/Person_0234_Camera_11_f002250_r008.jpg,None,1,Warehouse_015__Person_0234,1.0,False,False,-0.4423483,-0.2420558,-0.4423482,-0.24206683,-0.09740943
721,Person_0234,Warehouse_015__Person_0234,110,110,Camera_12,22,Warehouse_015,Person,1,0.6296809986130375,0,8970,/pfs/data6/home/st/st_us-053000/st_st191959/DL-Lab/DataSet/MTMC_Tracking_2025_Preprocessed/val/Warehouse_015/crops/Person_0234/Camera_12/Person_0234_Camera_12_f000000_r040.jpg,None,1,Warehouse_015__Person_0234,1.0,False,False,-0.478073,-0.23054239,-0.47807285,-0.2305499,-0.09480294
436,Person_0235,Warehouse_015__Person_0235,111,111,Camera,0,Warehouse_015,Person,1,0.6605504587155964,990,8970,/pfs/data6/home/st/st_us-053000/st_st191959/DL-Lab/DataSet/MTMC_Tracking_2025_Preprocessed/val/Warehouse_015/crops/Person_0235/Camera/Person_0235_Camera_f000990_r013.jpg,None,114,Warehouse_015__Person_0235,1.0,False,False,-0.48485827,0.39857858,-0.484858,0.3985676,0.3957266
727,Person_0235,Warehouse_015__Person_0235,111,111,Camera_01,11,Warehouse_015,Person,1,0.6437414030261348,90,8670,/pfs/data6/home/st/st_us-053000/st_st191959/DL-Lab/DataSet/MTMC_Tracking_2025_Preprocessed/val/Warehouse_015/crops/Person_0235/Camera_01/Person_0235_Camera_01_f000090_r036.jpg,None,114,Warehouse_015__Person_0235,1.0,False,False,-0.5400608,0.37154084,-0.5400605,0.37153104,0.3566147
36,Person_0235,Warehouse_015__Person_0235,111,111,Camera_02,12,Warehouse_015,Person,1,0.6666666666666666,0,360,/pfs/data6/home/st/st_us-053000/st_st191959/DL-Lab/DataSet/MTMC_Tracking_2025_Preprocessed/val/Warehouse_015/crops/Person_0235/Camera_02/Person_0235_Camera_02_f000000_r008.jpg,None,114,Warehouse_015__Person_0235,1.0,False,False,-0.5222451,0.39026147,-0.52224493,0.39025012,0.34436384
741,Person_0235,Warehouse_015__Person_0235,111,111,Camera_03,13,Warehouse_015,Person,1,0.6531713900134952,570,8640,/pfs/data6/home/st/st_us-053000/st_st191959/DL-Lab/DataSet/MTMC_Tracking_2025_Preprocessed/val/Warehouse_015/crops/Person_0235/Camera_03/Person_0235_Camera_03_f000570_r033.jpg,None,114,Warehouse_015__Person_0235,1.0,False,False,-0.4974778,0.39217257,-0.49747786,0.39216468,0.38278347
169,Person_0235,Warehouse_015__Person_0235,111,111,Camera_04,14,Warehouse_015,Person,1,0.6627218934911243,990,8970,/pfs/data6/home/st/st_us-053000/st_st191959/DL-Lab/DataSet/MTMC_Tracking_2025_Preprocessed/val/Warehouse_015/crops/Person_0235/Camera_04/Person_0235_Camera_04_f000990_r005.jpg,None,114,Warehouse_015__Person_0235,1.0,False,False,-0.49448335,0.40063515,-0.49448323,0.400623,0.38246888
80,Person_0235,Warehouse_015__Person_0235,111,111,Camera_05,15,Warehouse_015,Person,1,0.625,120,6570,/pfs/data6/home/st/st_us-053000/st_st191959/DL-Lab/DataSet/MTMC_Tracking_2025_Preprocessed/val/Warehouse_015/crops/Person_0235/Camera_05/Person_0235_Camera_05_f000120_r020.jpg,None,114,Warehouse_015__Person_0235,1.0,False,False,-0.5324042,0.4091329,-0.532404,0.40911976,0.35758427
193,Person_0235,Warehouse_015__Person_0235,111,111,Camera_07,17,Warehouse_015,Person,1,0.6632124352331606,1890,8160,/pfs/data6/home/st/st_us-053000/st_st191959/DL-Lab/DataSet/MTMC_Tracking_2025_Preprocessed/val/Warehouse_015/crops/Person_0235/Camera_07/Person_0235_Camera_07_f001890_r007.jpg,None,114,Warehouse_015__Person_0235,1.0,False,False,-0.48208138,0.3994855,-0.4820813,0.39947188,0.42686635
304,Person_0235,Warehouse_015__Person_0235,111,111,Camera_08,18,Warehouse_015,Person,1,0.6644736842105263,0,8970,/pfs/data6/home/st/st_us-053000/st_st191959/DL-Lab/DataSet/MTMC_Tracking_2025_Preprocessed/val/Warehouse_015/crops/Person_0235/Camera_08/Person_0235_Camera_08_f000000_r018.jpg,None,114,Warehouse_015__Person_0235,1.0,False,False,-0.48946056,0.39492464,-0.4894603,0.39491102,0.3938149
39,Person_0235,Warehouse_015__Person_0235,111,111,Camera_09,19,Warehouse_015,Person,1,0.6666666666666666,2280,2640,/pfs/data6/home/st/st_us-053000/st_st191959/DL-Lab/DataSet/MTMC_Tracking_2025_Preprocessed/val/Warehouse_015/crops/Person_0235/Camera_09/Person_0235_Camera_09_f002280_r004.jpg,None,-1,NOISE,0.0,True,False,-0.28868845,0.44379273,-0.28868812,0.44376552,0.47215563
765,Person_0235,Warehouse_015__Person_0235,111,111,Camera_10,20,Warehouse_015,Person,1,0.6196078431372549,120,8970,/pfs/data6/home/st/st_us-053000/st_st191959/DL-Lab/DataSet/MTMC_Tracking_2025_Preprocessed/val/Warehouse_015/crops/Person_0235/Camera_10/Person_0235_Camera_10_f000120_r043.jpg,None,114,Warehouse_015__Person_0235,1.0,False,False,-0.5429209,0.35266724,-0.5429205,0.35265768,0.3495266
781,Person_0235,Warehouse_015__Person_0235,111,111,Camera_12,22,Warehouse_015,Person,1,0.6581306017925737,0,8400,/pfs/data6/home/st/st_us-053000/st_st191959/DL-Lab/DataSet/MTMC_Tracking_2025_Preprocessed/val/Warehouse_015/crops/Person_0235/Camera_12/Person_0235_Camera_12_f000000_r037.jpg,None,114,Warehouse_015__Person_0235,1.0,False,False,-0.52434504,0.36076212,-0.52434444,0.36075264,0.37194017
451,Person_0236,Warehouse_015__Person_0236,112,112,Camera,0,Warehouse_015,Person,1,0.656319290465632,2190,6870,/pfs/data6/home/st/st_us-053000/st_st191959/DL-Lab/DataSet/MTMC_Tracking_2025_Preprocessed/val/Warehouse_015/crops/Person_0236/Camera/Person_0236_Camera_f002190_r018.jpg,None,99,Warehouse_015__Person_0236,1.0,False,False,-0.28903356,0.43208864,-0.28903344,0.4320834,0.5064584
456,Person_0236,Warehouse_015__Person_0236,112,112,Camera_01,11,Warehouse_015,Person,1,0.6008771929824561,510,8970,/pfs/data6/home/st/st_us-053000/st_st191959/DL-Lab/DataSet/MTMC_Tracking_2025_Preprocessed/val/Warehouse_015/crops/Person_0236/Camera_01/Person_0236_Camera_01_f000510_r038.jpg,None,99,Warehouse_015__Person_0236,1.0,False,False,-0.34747556,0.37257257,-0.34747547,0.37257677,0.48483935
7,Person_0236,Warehouse_015__Person_0236,112,112,Camera_02,12,Warehouse_015,Person,1,0.5714285714285714,7560,8460,/pfs/data6/home/st/st_us-053000/st_st191959/DL-Lab/DataSet/MTMC_Tracking_2025_Preprocessed/val/Warehouse_015/crops/Person_0236/Camera_02/Person_0236_Camera_02_f007560_r011.jpg,None,99,Warehouse_015__Person_0236,1.0,False,False,-0.45881805,0.33641535,-0.45881793,0.33641866,0.41952273
520,Person_0236,Warehouse_015__Person_0236,112,112,Camera_03,13,Warehouse_015,Person,1,0.6538461538461539,150,8970,/pfs/data6/home/st/st_us-053000/st_st191959/DL-Lab/DataSet/MTMC_Tracking_2025_Preprocessed/val/Warehouse_015/crops/Person_0236/Camera_03/Person_0236_Camera_03_f000150_r028.jpg,None,99,Warehouse_015__Person_0236,1.0,False,False,-0.31165436,0.4032865,-0.31165436,0.40328327,0.5190375
336,Person_0236,Warehouse_015__Person_0236,112,112,Camera_04,14,Warehouse_015,Person,1,0.6666666666666666,2280,6900,/pfs/data6/home/st/st_us-053000/st_st191959/DL-Lab/DataSet/MTMC_Tracking_2025_Preprocessed/val/Warehouse_015/crops/Person_0236/Camera_04/Person_0236_Camera_04_f002280_r011.jpg,None,99,Warehouse_015__Person_0236,1.0,False,False,-0.250384,0.4669004,-0.25038385,0.46689203,0.53271943
90,Person_0236,Warehouse_015__Person_0236,112,112,Camera_05,15,Warehouse_015,Person,1,0.6444444444444445,870,3390,/pfs/data6/home/st/st_us-053000/st_st191959/DL-Lab/DataSet/MTMC_Tracking_2025_Preprocessed/val/Warehouse_015/crops/Person_0236/Camera_05/Person_0236_Camera_05_f000870_r013.jpg,None,99,Warehouse_015__Person_0236,1.0,False,False,-0.36887774,0.42601177,-0.36887744,0.4260129,0.46091402
153,Person_0236,Warehouse_015__Person_0236,112,112,Camera_07,17,Warehouse_015,Person,1,0.6666666666666666,2490,4530,/pfs/data6/home/st/st_us-053000/st_st191959/DL-Lab/DataSet/MTMC_Tracking_2025_Preprocessed/val/Warehouse_015/crops/Person_0236/Camera_07/Person_0236_Camera_07_f002490_r007.jpg,None,99,Warehouse_015__Person_0236,1.0,False,False,-0.3017033,0.43828222,-0.3017031,0.43827754,0.51816577
474,Person_0236,Warehouse_015__Person_0236,112,112,Camera_08,18,Warehouse_015,Person,1,0.6582278481012658,0,8550,/pfs/data6/home/st/st_us-053000/st_st191959/DL-Lab/DataSet/MTMC_Tracking_2025_Preprocessed/val/Warehouse_015/crops/Person_0236/Camera_08/Person_0236_Camera_08_f000000_r017.jpg,None,99,Warehouse_015__Person_0236,1.0,False,False,-0.2936464,0.43946713,-0.29364628,0.43946454,0.51422215
36,Person_0236,Warehouse_015__Person_0236,112,112,Camera_09,19,Warehouse_015,Person,1,0.6666666666666666,3420,3750,/pfs/data6/home/st/st_us-053000/st_st191959/DL-Lab/DataSet/MTMC_Tracking_2025_Preprocessed/val/Warehouse_015/crops/Person_0236/Camera_09/Person_0236_Camera_09_f003420_r004.jpg,None,99,Warehouse_015__Person_0236,1.0,False,False,-0.15601292,0.49528477,-0.1560127,0.4952689,0.518621
665,Person_0236,Warehouse_015__Person_0236,112,112,Camera_10,20,Warehouse_015,Person,1,0.5804511278195489,0,8970,/pfs/data6/home/st/st_us-053000/st_st191959/DL-Lab/DataSet/MTMC_Tracking_2025_Preprocessed/val/Warehouse_015/crops/Person_0236/Camera_10/Person_0236_Camera_10_f000000_r041.jpg,None,99,Warehouse_015__Person_0236,1.0,False,False,-0.40564466,0.3508929,-0.40564424,0.35089597,0.45211625
537,Person_0236,Warehouse_015__Person_0236,112,112,Camera_12,22,Warehouse_015,Person,1,0.6182495344506518,0,8970,/pfs/data6/home/st/st_us-053000/st_st191959/DL-Lab/DataSet/MTMC_Tracking_2025_Preprocessed/val/Warehouse_015/crops/Person_0236/Camera_12/Person_0236_Camera_12_f000000_r034.jpg,None,99,Warehouse_015__Person_0236,1.0,False,False,-0.3971742,0.38861385,-0.39717397,0.3886179,0.4710253
421,Person_0237,Warehouse_015__Person_0237,113,113,Camera_01,11,Warehouse_015,Person,1,0.665083135391924,420,8970,/pfs/data6/home/st/st_us-053000/st_st191959/DL-Lab/DataSet/MTMC_Tracking_2025_Preprocessed/val/Warehouse_015/crops/Person_0237/Camera_01/Person_0237_Camera_01_f000420_r043.jpg,None,5,Warehouse_015__Person_0237,1.0,False,False,-0.28502986,-0.2777987,-0.28502983,-0.27780217,-0.010636707
622,Person_0237,Warehouse_015__Person_0237,113,113,Camera_02,12,Warehouse_015,Person,1,0.6559485530546624,0,7710,/pfs/data6/home/st/st_us-053000/st_st191959/DL-Lab/DataSet/MTMC_Tracking_2025_Preprocessed/val/Warehouse_015/crops/Person_0237/Camera_02/Person_0237_Camera_02_f000000_r009.jpg,None,5,Warehouse_015__Person_0237,1.0,False,False,-0.35009143,-0.23831652,-0.35009155,-0.23831931,-0.02336087
9,Person_0237,Warehouse_015__Person_0237,113,113,Camera_03,13,Warehouse_015,Person,1,0.6666666666666666,8910,8970,/pfs/data6/home/st/st_us-053000/st_st191959/DL-Lab/DataSet/MTMC_Tracking_2025_Preprocessed/val/Warehouse_015/crops/Person_0237/Camera_03/Person_0237_Camera_03_f008910_r033.jpg,None,5,Warehouse_015__Person_0237,1.0,False,False,-0.30020863,-0.26098463,-0.30020872,-0.26098865,-0.030130254
226,Person_0237,Warehouse_015__Person_0237,113,113,Camera_05,15,Warehouse_015,Person,1,0.6548672566371682,1740,8880,/pfs/data6/home/st/st_us-053000/st_st191959/DL-Lab/DataSet/MTMC_Tracking_2025_Preprocessed/val/Warehouse_015/crops/Person_0237/Camera_05/Person_0237_Camera_05_f001740_r017.jpg,None,5,Warehouse_015__Person_0237,1.0,False,False,-0.3327318,-0.23974147,-0.33273178,-0.23974293,-0.0009313173
76,Person_0237,Warehouse_015__Person_0237,113,113,Camera_06,16,Warehouse_015,Person,1,0.631578947368421,7710,8520,/pfs/data6/home/st/st_us-053000/st_st191959/DL-Lab/DataSet/MTMC_Tracking_2025_Preprocessed/val/Warehouse_015/crops/Person_0237/Camera_06/Person_0237_Camera_06_f007710_r002.jpg,None,5,Warehouse_015__Person_0237,1.0,False,False,-0.31309208,-0.25372976,-0.31309208,-0.2537348,-0.0054233274
147,Person_0237,Warehouse_015__Person_0237,113,113,Camera_08,18,Warehouse_015,Person,1,0.3673469387755102,0,8970,/pfs/data6/home/st/st_us-053000/st_st191959/DL-Lab/DataSet/MTMC_Tracking_2025_Preprocessed/val/Warehouse_015/crops/Person_0237/Camera_08/Person_0237_Camera_08_f000000_r019.jpg,None,5,Warehouse_015__Person_0237,1.0,False,False,-0.3575381,-0.22137283,-0.35753798,-0.22137775,-0.0012074265
330,Person_0237,Warehouse_015__Person_0237,113,113,Camera_10,20,Warehouse_015,Person,1,0.6606060606060606,960,8910,/pfs/data6/home/st/st_us-053000/st_st191959/DL-Lab/DataSet/MTMC_Tracking_2025_Preprocessed/val/Warehouse_015/crops/Person_0237/Camera_10/Person_0237_Camera_10_f000960_r050.jpg,None,5,Warehouse_015__Person_0237,1.0,False,False,-0.3434409,-0.2218947,-0.34344083,-0.2218975,-0.026121445
103,Person_0237,Warehouse_015__Person_0237,113,113,Camera_11,21,Warehouse_015,Person,1,0.6601941747572816,6600,8190,/pfs/data6/home/st/st_us-053000/st_st191959/DL-Lab/DataSet/MTMC_Tracking_2025_Preprocessed/val/Warehouse_015/crops/Person_0237/Camera_11/Person_0237_Camera_11_f006600_r005.jpg,None,5,Warehouse_015__Person_0237,1.0,False,False,-0.27745113,-0.29326814,-0.27745116,-0.29327482,-0.06256552
315,Person_0237,Warehouse_015__Person_0237,113,113,Camera_12,22,Warehouse_015,Person,1,0.39365079365079364,0,8970,/pfs/data6/home/st/st_us-053000/st_st191959/DL-Lab/DataSet/MTMC_Tracking_2025_Preprocessed/val/Warehouse_015/crops/Person_0237/Camera_12/Person_0237_Camera_12_f000000_r039.jpg,None,5,Warehouse_015__Person_0237,1.0,False,False,-0.3509093,-0.21926472,-0.35090926,-0.21926804,0.033678886
165,Person_0238,Warehouse_015__Person_0238,114,114,Camera,0,Warehouse_015,Person,1,0.6666666666666666,2310,3930,/pfs/data6/home/st/st_us-053000/st_st191959/DL-Lab/DataSet/MTMC_Tracking_2025_Preprocessed/val/Warehouse_015/crops/Person_0238/Camera/Person_0238_Camera_f002310_r002.jpg,None,12,Warehouse_015__Person_0169,0.5217391304347826,False,True,-0.39039907,-0.002145583,-0.39039895,-0.0021352484,-0.59739864
511,Person_0238,Warehouse_015__Person_0238,114,114,Camera_01,11,Warehouse_015,Person,1,0.6575342465753424,1020,8970,/pfs/data6/home/st/st_us-053000/st_st191959/DL-Lab/DataSet/MTMC_Tracking_2025_Preprocessed/val/Warehouse_015/crops/Person_0238/Camera_01/Person_0238_Camera_01_f001020_r007.jpg,None,12,Warehouse_015__Person_0169,0.5217391304347826,False,True,-0.2546397,0.007523702,-0.2546397,0.0075376234,-0.63211364
508,Person_0238,Warehouse_015__Person_0238,114,114,Camera_02,12,Warehouse_015,Person,1,0.6653543307086615,0,8970,/pfs/data6/home/st/st_us-053000/st_st191959/DL-Lab/DataSet/MTMC_Tracking_2025_Preprocessed/val/Warehouse_015/crops/Person_0238/Camera_02/Person_0238_Camera_02_f000000_r002.jpg,None,12,Warehouse_015__Person_0169,0.5217391304347826,False,True,-0.36959168,0.016528495,-0.36959177,0.016541444,-0.59527904
216,Person_0238,Warehouse_015__Person_0238,114,114,Camera_03,13,Warehouse_015,Person,1,0.6666666666666666,1620,4830,/pfs/data6/home/st/st_us-053000/st_st191959/DL-Lab/DataSet/MTMC_Tracking_2025_Preprocessed/val/Warehouse_015/crops/Person_0238/Camera_03/Person_0238_Camera_03_f001620_r005.jpg,None,12,Warehouse_015__Person_0169,0.5217391304347826,False,True,-0.2585011,-0.0064794202,-0.25850114,-0.0064674276,-0.6434719
162,Person_0238,Warehouse_015__Person_0238,114,114,Camera_04,14,Warehouse_015,Person,1,0.6666666666666666,2370,3990,/pfs/data6/home/st/st_us-053000/st_st191959/DL-Lab/DataSet/MTMC_Tracking_2025_Preprocessed/val/Warehouse_015/crops/Person_0238/Camera_04/Person_0238_Camera_04_f002370_r002.jpg,None,12,Warehouse_015__Person_0169,0.5217391304347826,False,True,-0.2743049,0.026706789,-0.27430484,0.026715776,-0.6229555
181,Person_0238,Warehouse_015__Person_0238,114,114,Camera_05,15,Warehouse_015,Person,1,0.6629834254143646,1050,8970,/pfs/data6/home/st/st_us-053000/st_st191959/DL-Lab/DataSet/MTMC_Tracking_2025_Preprocessed/val/Warehouse_015/crops/Person_0238/Camera_05/Person_0238_Camera_05_f001050_r002.jpg,None,12,Warehouse_015__Person_0169,0.5217391304347826,False,True,-0.37935522,-0.027005756,-0.37935522,-0.026997468,-0.5805901
18,Person_0238,Warehouse_015__Person_0238,114,114,Camera_06,16,Warehouse_015,Person,1,0.6666666666666666,8580,8730,/pfs/data6/home/st/st_us-053000/st_st191959/DL-Lab/DataSet/MTMC_Tracking_2025_Preprocessed/val/Warehouse_015/crops/Person_0238/Camera_06/Person_0238_Camera_06_f008580_r000.jpg,None,12,Warehouse_015__Person_0169,0.5217391304347826,False,True,-0.42066118,-0.018258607,-0.42066118,-0.018252235,-0.55686116
502,Person_0238,Warehouse_015__Person_0238,114,114,Camera_08,18,Warehouse_015,Person,1,0.6334661354581673,0,7560,/pfs/data6/home/st/st_us-053000/st_st191959/DL-Lab/DataSet/MTMC_Tracking_2025_Preprocessed/val/Warehouse_015/crops/Person_0238/Camera_08/Person_0238_Camera_08_f000000_r004.jpg,None,12,Warehouse_015__Person_0169,0.5217391304347826,False,True,-0.3662297,-0.011028832,-0.36622968,-0.011017859,-0.58749497
346,Person_0238,Warehouse_015__Person_0238,114,114,Camera_10,20,Warehouse_015,Person,1,0.5433526011560693,270,8970,/pfs/data6/home/st/st_us-053000/st_st191959/DL-Lab/DataSet/MTMC_Tracking_2025_Preprocessed/val/Warehouse_015/crops/Person_0238/Camera_10/Person_0238_Camera_10_f000270_r009.jpg,None,12,Warehouse_015__Person_0169,0.5217391304347826,False,True,-0.38230014,0.030307999,-0.3823001,0.03031889,-0.6078792
117,Person_0238,Warehouse_015__Person_0238,114,114,Camera_11,21,Warehouse_015,Person,1,0.6666666666666666,1080,8970,/pfs/data6/home/st/st_us-053000/st_st191959/DL-Lab/DataSet/MTMC_Tracking_2025_Preprocessed/val/Warehouse_015/crops/Person_0238/Camera_11/Person_0238_Camera_11_f001080_r001.jpg,None,12,Warehouse_015__Person_0169,0.5217391304347826,False,True,-0.3904741,0.02789699,-0.39047396,0.027905194,-0.53677803
596,Person_0238,Warehouse_015__Person_0238,114,114,Camera_12,22,Warehouse_015,Person,1,0.5503355704697986,0,8970,/pfs/data6/home/st/st_us-053000/st_st191959/DL-Lab/DataSet/MTMC_Tracking_2025_Preprocessed/val/Warehouse_015/crops/Person_0238/Camera_12/Person_0238_Camera_12_f000000_r008.jpg,None,12,Warehouse_015__Person_0169,0.5217391304347826,False,True,-0.39689803,-0.0009951843,-0.39689806,-0.0009864031,-0.5813722
174,Person_0239,Warehouse_015__Person_0239,115,115,Camera_01,11,Warehouse_015,Person,1,0.6206896551724138,6660,8970,/pfs/data6/home/st/st_us-053000/st_st191959/DL-Lab/DataSet/MTMC_Tracking_2025_Preprocessed/val/Warehouse_015/crops/Person_0239/Camera_01/Person_0239_Camera_01_f006660_r050.jpg,None,102,Warehouse_015__Person_0193,0.35714285714285715,False,True,-0.4772466,-0.3900481,-0.47724634,-0.39006194,0.04595812
369,Person_0239,Warehouse_015__Person_0239,115,115,Camera_02,12,Warehouse_015,Person,1,0.6666666666666666,0,7620,/pfs/data6/home/st/st_us-053000/st_st191959/DL-Lab/DataSet/MTMC_Tracking_2025_Preprocessed/val/Warehouse_015/crops/Person_0239/Camera_02/Person_0239_Camera_02_f000000_r011.jpg,None,102,Warehouse_015__Person_0193,0.35714285714285715,False,True,-0.5034974,-0.38156354,-0.50349724,-0.3815743,0.019748896
79,Person_0239,Warehouse_015__Person_0239,115,115,Camera_03,13,Warehouse_015,Person,1,0.6075949367088608,2880,8730,/pfs/data6/home/st/st_us-053000/st_st191959/DL-Lab/DataSet/MTMC_Tracking_2025_Preprocessed/val/Warehouse_015/crops/Person_0239/Camera_03/Person_0239_Camera_03_f002880_r034.jpg,None,102,Warehouse_015__Person_0193,0.35714285714285715,False,True,-0.45400646,-0.40255725,-0.45400617,-0.40256846,0.04451977
125,Person_0239,Warehouse_015__Person_0239,115,115,Camera_05,15,Warehouse_015,Person,1,0.608,7230,8970,/pfs/data6/home/st/st_us-053000/st_st191959/DL-Lab/DataSet/MTMC_Tracking_2025_Preprocessed/val/Warehouse_015/crops/Person_0239/Camera_05/Person_0239_Camera_05_f007230_r019.jpg,None,102,Warehouse_015__Person_0193,0.35714285714285715,False,True,-0.46961886,-0.38623846,-0.46961868,-0.3862511,0.043913435
26,Person_0239,Warehouse_015__Person_0239,115,115,Camera_06,16,Warehouse_015,Person,1,0.6153846153846154,8040,8970,/pfs/data6/home/st/st_us-053000/st_st191959/DL-Lab/DataSet/MTMC_Tracking_2025_Preprocessed/val/Warehouse_015/crops/Person_0239/Camera_06/Person_0239_Camera_06_f008040_r005.jpg,None,-1,NOISE,0.0,True,False,-0.25193855,-0.40762997,-0.2519381,-0.40765935,0.09841533
39,Person_0239,Warehouse_015__Person_0239,115,115,Camera_07,17,Warehouse_015,Person,1,0.6666666666666666,8340,8700,/pfs/data6/home/st/st_us-053000/st_st191959/DL-Lab/DataSet/MTMC_Tracking_2025_Preprocessed/val/Warehouse_015/crops/Person_0239/Camera_07/Person_0239_Camera_07_f008340_r011.jpg,None,102,Warehouse_015__Person_0193,0.35714285714285715,False,True,-0.49160326,-0.4619222,-0.4916032,-0.46193996,0.04590763
392,Person_0239,Warehouse_015__Person_0239,115,115,Camera_08,18,Warehouse_015,Person,1,0.45408163265306123,0,7230,/pfs/data6/home/st/st_us-053000/st_st191959/DL-Lab/DataSet/MTMC_Tracking_2025_Preprocessed/val/Warehouse_015/crops/Person_0239/Camera_08/Person_0239_Camera_08_f000000_r022.jpg,None,102,Warehouse_015__Person_0193,0.35714285714285715,False,True,-0.48375568,-0.36205617,-0.48375553,-0.362071,0.059729543
532,Person_0239,Warehouse_015__Person_0239,115,115,Camera_10,20,Warehouse_015,Person,1,0.6353383458646616,2610,8970,/pfs/data6/home/st/st_us-053000/st_st191959/DL-Lab/DataSet/MTMC_Tracking_2025_Preprocessed/val/Warehouse_015/crops/Person_0239/Camera_10/Person_0239_Camera_10_f002610_r051.jpg,None,102,Warehouse_015__Person_0193,0.35714285714285715,False,True,-0.46406016,-0.35394984,-0.46405977,-0.3539619,0.05087489
30,Person_0239,Warehouse_015__Person_0239,115,115,Camera_11,21,Warehouse_015,Person,1,0.6666666666666666,7770,8970,/pfs/data6/home/st/st_us-053000/st_st191959/DL-Lab/DataSet/MTMC_Tracking_2025_Preprocessed/val/Warehouse_015/crops/Person_0239/Camera_11/Person_0239_Camera_11_f007770_r005.jpg,None,102,Warehouse_015__Person_0193,0.35714285714285715,False,True,-0.45355934,-0.38914624,-0.45355907,-0.38916096,0.12146948
359,Person_0239,Warehouse_015__Person_0239,115,115,Camera_12,22,Warehouse_015,Person,1,0.36768802228412256,0,8250,/pfs/data6/home/st/st_us-053000/st_st191959/DL-Lab/DataSet/MTMC_Tracking_2025_Preprocessed/val/Warehouse_015/crops/Person_0239/Camera_12/Person_0239_Camera_12_f000000_r043.jpg,None,102,Warehouse_015__Person_0193,0.35714285714285715,False,True,-0.48505968,-0.3612317,-0.48505923,-0.3612481,0.044551853
327,Person_0240,Warehouse_015__Person_0240,116,116,Camera_01,11,Warehouse_015,Person,1,0.654434250764526,1980,8970,/pfs/data6/home/st/st_us-053000/st_st191959/DL-Lab/DataSet/MTMC_Tracking_2025_Preprocessed/val/Warehouse_015/crops/Person_0240/Camera_01/Person_0240_Camera_01_f001980_r022.jpg,None,7,Warehouse_015__Person_0240,1.0,False,False,-0.43027535,-0.25544763,-0.43027514,-0.2554616,-0.1754709
475,Person_0240,Warehouse_015__Person_0240,116,116,Camera_02,12,Warehouse_015,Person,1,0.6610526315789473,0,6540,/pfs/data6/home/st/st_us-053000/st_st191959/DL-Lab/DataSet/MTMC_Tracking_2025_Preprocessed/val/Warehouse_015/crops/Person_0240/Camera_02/Person_0240_Camera_02_f000000_r007.jpg,None,7,Warehouse_015__Person_0240,1.0,False,False,-0.4271083,-0.22876915,-0.4271082,-0.22878039,-0.12476226
81,Person_0240,Warehouse_015__Person_0240,116,116,Camera_03,13,Warehouse_015,Person,1,0.6666666666666666,5430,7110,/pfs/data6/home/st/st_us-053000/st_st191959/DL-Lab/DataSet/MTMC_Tracking_2025_Preprocessed/val/Warehouse_015/crops/Person_0240/Camera_03/Person_0240_Camera_03_f005430_r021.jpg,None,7,Warehouse_015__Person_0240,1.0,False,False,-0.43937844,-0.22786504,-0.43937856,-0.22787754,-0.10090207
177,Person_0240,Warehouse_015__Person_0240,116,116,Camera_05,15,Warehouse_015,Person,1,0.655367231638418,6780,8970,/pfs/data6/home/st/st_us-053000/st_st191959/DL-Lab/DataSet/MTMC_Tracking_2025_Preprocessed/val/Warehouse_015/crops/Person_0240/Camera_05/Person_0240_Camera_05_f006780_r013.jpg,None,7,Warehouse_015__Person_0240,1.0,False,False,-0.44775158,-0.2649843,-0.44775143,-0.26499966,-0.106227465
12,Person_0240,Warehouse_015__Person_0240,116,116,Camera_06,16,Warehouse_015,Person,1,0.6666666666666666,8880,8970,/pfs/data6/home/st/st_us-053000/st_st191959/DL-Lab/DataSet/MTMC_Tracking_2025_Preprocessed/val/Warehouse_015/crops/Person_0240/Camera_06/Person_0240_Camera_06_f008880_r001.jpg,None,7,Warehouse_015__Person_0240,1.0,False,False,-0.4550531,-0.24966429,-0.45505294,-0.2496749,-0.090851136
216,Person_0240,Warehouse_015__Person_0240,116,116,Camera_08,18,Warehouse_015,Person,1,0.4166666666666667,0,6570,/pfs/data6/home/st/st_us-053000/st_st191959/DL-Lab/DataSet/MTMC_Tracking_2025_Preprocessed/val/Warehouse_015/crops/Person_0240/Camera_08/Person_0240_Camera_08_f000000_r013.jpg,None,7,Warehouse_015__Person_0240,1.0,False,False,-0.39783508,-0.19915068,-0.3978347,-0.19916755,-0.179368
370,Person_0240,Warehouse_015__Person_0240,116,116,Camera_10,20,Warehouse_015,Person,1,0.6216216216216216,510,8970,/pfs/data6/home/st/st_us-053000/st_st191959/DL-Lab/DataSet/MTMC_Tracking_2025_Preprocessed/val/Warehouse_015/crops/Person_0240/Camera_10/Person_0240_Camera_10_f000510_r030.jpg,None,7,Warehouse_015__Person_0240,1.0,False,False,-0.4076565,-0.20686246,-0.4076564,-0.20687544,-0.11007363
9,Person_0240,Warehouse_015__Person_0240,116,116,Camera_11,21,Warehouse_015,Person,1,0.6666666666666666,8910,8970,/pfs/data6/home/st/st_us-053000/st_st191959/DL-Lab/DataSet/MTMC_Tracking_2025_Preprocessed/val/Warehouse_015/crops/Person_0240/Camera_11/Person_0240_Camera_11_f008910_r004.jpg,None,7,Warehouse_015__Person_0240,1.0,False,False,-0.45650068,-0.21923782,-0.45650032,-0.21924919,-0.09516916
342,Person_0240,Warehouse_015__Person_0240,116,116,Camera_12,22,Warehouse_015,Person,1,0.34502923976608185,0,8940,/pfs/data6/home/st/st_us-053000/st_st191959/DL-Lab/DataSet/MTMC_Tracking_2025_Preprocessed/val/Warehouse_015/crops/Person_0240/Camera_12/Person_0240_Camera_12_f000000_r025.jpg,None,7,Warehouse_015__Person_0240,1.0,False,False,-0.42916325,-0.23146379,-0.42916307,-0.23147632,-0.11899517
520,Person_0241,Warehouse_015__Person_0241,117,117,Camera_01,11,Warehouse_015,Person,1,0.6653846153846154,2520,8970,/pfs/data6/home/st/st_us-053000/st_st191959/DL-Lab/DataSet/MTMC_Tracking_2025_Preprocessed/val/Warehouse_015/crops/Person_0241/Camera_01/Person_0241_Camera_01_f002520_r025.jpg,None,6,Warehouse_015__Person_0241,1.0,False,False,-0.29790446,-0.17970978,-0.2979042,-0.17971672,-0.13448316
517,Person_0241,Warehouse_015__Person_0241,117,117,Camera_02,12,Warehouse_015,Person,1,0.6653771760154739,0,8970,/pfs/data6/home/st/st_us-053000/st_st191959/DL-Lab/DataSet/MTMC_Tracking_2025_Preprocessed/val/Warehouse_015/crops/Person_0241/Camera_02/Person_0241_Camera_02_f000000_r006.jpg,None,6,Warehouse_015__Person_0241,1.0,False,False,-0.29606515,-0.17036372,-0.29606497,-0.17037137,-0.12843692
486,Person_0241,Warehouse_015__Person_0241,117,117,Camera_05,15,Warehouse_015,Person,1,0.6625514403292181,3570,8970,/pfs/data6/home/st/st_us-053000/st_st191959/DL-Lab/DataSet/MTMC_Tracking_2025_Preprocessed/val/Warehouse_015/crops/Person_0241/Camera_05/Person_0241_Camera_05_f003570_r014.jpg,None,6,Warehouse_015__Person_0241,1.0,False,False,-0.30833915,-0.18911588,-0.30833897,-0.18912557,-0.13344996
92,Person_0241,Warehouse_015__Person_0241,117,117,Camera_06,16,Warehouse_015,Person,1,0.5869565217391305,3930,5820,/pfs/data6/home/st/st_us-053000/st_st191959/DL-Lab/DataSet/MTMC_Tracking_2025_Preprocessed/val/Warehouse_015/crops/Person_0241/Camera_06/Person_0241_Camera_06_f003930_r003.jpg,None,6,Warehouse_015__Person_0241,1.0,False,False,-0.34142646,-0.19417353,-0.3414263,-0.19418386,-0.14570913
105,Person_0241,Warehouse_015__Person_0241,117,117,Camera_08,18,Warehouse_015,Person,1,0.2857142857142857,0,3030,/pfs/data6/home/st/st_us-053000/st_st191959/DL-Lab/DataSet/MTMC_Tracking_2025_Preprocessed/val/Warehouse_015/crops/Person_0241/Camera_08/Person_0241_Camera_08_f000000_r012.jpg,None,6,Warehouse_015__Person_0241,1.0,False,False,-0.2758901,-0.14989874,-0.27589,-0.14990745,-0.13323678
509,Person_0241,Warehouse_015__Person_0241,117,117,Camera_10,20,Warehouse_015,Person,1,0.6483300589390962,0,8970,/pfs/data6/home/st/st_us-053000/st_st191959/DL-Lab/DataSet/MTMC_Tracking_2025_Preprocessed/val/Warehouse_015/crops/Person_0241/Camera_10/Person_0241_Camera_10_f000000_r027.jpg,None,6,Warehouse_015__Person_0241,1.0,False,False,-0.25883988,-0.12480232,-0.25883967,-0.12481037,-0.14680848
273,Person_0241,Warehouse_015__Person_0241,117,117,Camera_11,21,Warehouse_015,Person,1,0.6666666666666666,3630,6420,/pfs/data6/home/st/st_us-053000/st_st191959/DL-Lab/DataSet/MTMC_Tracking_2025_Preprocessed/val/Warehouse_015/crops/Person_0241/Camera_11/Person_0241_Camera_11_f003630_r002.jpg,None,6,Warehouse_015__Person_0241,1.0,False,False,-0.3175278,-0.15700921,-0.3175276,-0.15701894,-0.110559545
371,Person_0241,Warehouse_015__Person_0241,117,117,Camera_12,22,Warehouse_015,Person,1,0.3557951482479784,0,8970,/pfs/data6/home/st/st_us-053000/st_st191959/DL-Lab/DataSet/MTMC_Tracking_2025_Preprocessed/val/Warehouse_015/crops/Person_0241/Camera_12/Person_0241_Camera_12_f000000_r023.jpg,None,6,Warehouse_015__Person_0241,1.0,False,False,-0.2918506,-0.17024437,-0.29185045,-0.17025377,-0.12253228
264,Person_0242,Warehouse_015__Person_0242,118,118,Camera_01,11,Warehouse_015,Person,1,0.6666666666666666,570,3180,/pfs/data6/home/st/st_us-053000/st_st191959/DL-Lab/DataSet/MTMC_Tracking_2025_Preprocessed/val/Warehouse_015/crops/Person_0242/Camera_01/Person_0242_Camera_01_f000570_r046.jpg,None,14,Warehouse_015__Person_0242,1.0,False,False,-0.27637658,0.21350206,-0.27637655,0.21353458,-0.10947367
33,Person_0242,Warehouse_015__Person_0242,118,118,Camera_02,12,Warehouse_015,Person,1,0.6666666666666666,0,330,/pfs/data6/home/st/st_us-053000/st_st191959/DL-Lab/DataSet/MTMC_Tracking_2025_Preprocessed/val/Warehouse_015/crops/Person_0242/Camera_02/Person_0242_Camera_02_f000000_r010.jpg,None,14,Warehouse_015__Person_0242,1.0,False,False,-0.4413012,0.23854096,-0.44130123,0.23856944,-0.09862136
21,Person_0242,Warehouse_015__Person_0242,118,118,Camera_03,13,Warehouse_015,Person,1,0.6666666666666666,1860,2790,/pfs/data6/home/st/st_us-053000/st_st191959/DL-Lab/DataSet/MTMC_Tracking_2025_Preprocessed/val/Warehouse_015/crops/Person_0242/Camera_03/Person_0242_Camera_03_f001860_r031.jpg,None,14,Warehouse_015__Person_0242,1.0,False,False,-0.30997202,0.17755036,-0.30997196,0.17758131,-0.16893727
853,Person_0242,Warehouse_015__Person_0242,118,118,Camera_05,15,Warehouse_015,Person,1,0.6635404454865181,390,8970,/pfs/data6/home/st/st_us-053000/st_st191959/DL-Lab/DataSet/MTMC_Tracking_2025_Preprocessed/val/Warehouse_015/crops/Person_0242/Camera_05/Person_0242_Camera_05_f000390_r022.jpg,None,14,Warehouse_015__Person_0242,1.0,False,False,-0.3541311,0.2190619,-0.35413077,0.21908383,0.021020647
219,Person_0242,Warehouse_015__Person_0242,118,118,Camera_06,16,Warehouse_015,Person,1,0.6666666666666666,360,3150,/pfs/data6/home/st/st_us-053000/st_st191959/DL-Lab/DataSet/MTMC_Tracking_2025_Preprocessed/val/Warehouse_015/crops/Person_0242/Camera_06/Person_0242_Camera_06_f000360_r008.jpg,None,14,Warehouse_015__Person_0242,1.0,False,False,-0.3562194,0.2441913,-0.35621923,0.24422225,0.0015345147
833,Person_0242,Warehouse_015__Person_0242,118,118,Camera_10,20,Warehouse_015,Person,1,0.6650660264105642,510,8970,/pfs/data6/home/st/st_us-053000/st_st191959/DL-Lab/DataSet/MTMC_Tracking_2025_Preprocessed/val/Warehouse_015/crops/Person_0242/Camera_10/Person_0242_Camera_10_f000510_r054.jpg,None,14,Warehouse_015__Person_0242,1.0,False,False,-0.32172486,0.19316663,-0.32172477,0.19319765,-0.07051304
793,Person_0242,Warehouse_015__Person_0242,118,118,Camera_11,21,Warehouse_015,Person,1,0.6658259773013872,270,8970,/pfs/data6/home/st/st_us-053000/st_st191959/DL-Lab/DataSet/MTMC_Tracking_2025_Preprocessed/val/Warehouse_015/crops/Person_0242/Camera_11/Person_0242_Camera_11_f000270_r009.jpg,None,14,Warehouse_015__Person_0242,1.0,False,False,-0.2647111,0.26091522,-0.26471105,0.26094037,0.00017044548
749,Person_0242,Warehouse_015__Person_0242,118,118,Camera_12,22,Warehouse_015,Person,1,0.6114819759679573,0,8970,/pfs/data6/home/st/st_us-053000/st_st191959/DL-Lab/DataSet/MTMC_Tracking_2025_Preprocessed/val/Warehouse_015/crops/Person_0242/Camera_12/Person_0242_Camera_12_f000000_r041.jpg,None,14,Warehouse_015__Person_0242,1.0,False,False,-0.38200536,0.24689716,-0.3820052,0.24692339,-0.049307026
33,Transporter_0007,Warehouse_015__Transporter_0007,119,119,Camera,0,Warehouse_015,Transporter,1,0.5454545454545454,5970,8970,/pfs/data6/home/st/st_us-053000/st_st191959/DL-Lab/DataSet/MTMC_Tracking_2025_Preprocessed/val/Warehouse_015/crops/Transporter_0007/Camera/Transporter_0007_Camera_f005970_r001.jpg,None,2,Warehouse_015__Transporter_0007,0.6111111111111112,False,False,0.16985703,-0.034117464,0.16985711,-0.034144424,-0.09309478
317,Transporter_0007,Warehouse_015__Transporter_0007,119,119,Camera_01,11,Warehouse_015,Transporter,1,0.5678233438485805,90,7770,/pfs/data6/home/st/st_us-053000/st_st191959/DL-Lab/DataSet/MTMC_Tracking_2025_Preprocessed/val/Warehouse_015/crops/Transporter_0007/Camera_01/Transporter_0007_Camera_01_f000090_r003.jpg,None,2,Warehouse_015__Transporter_0007,0.6111111111111112,False,False,0.18390173,-0.028858028,0.18390186,-0.028885938,-0.13792348
3,Transporter_0007,Warehouse_015__Transporter_0007,119,119,Camera_02,12,Warehouse_015,Transporter,0,0.0,1890,1950,/pfs/data6/home/st/st_us-053000/st_st191959/DL-Lab/DataSet/MTMC_Tracking_2025_Preprocessed/val/Warehouse_015/crops/Transporter_0007/Camera_02/Transporter_0007_Camera_02_f001890_r000.jpg,None,2,Warehouse_015__Transporter_0007,0.6111111111111112,False,False,0.4860357,0.07889978,0.48603594,0.07886897,0.03205685
210,Transporter_0007,Warehouse_015__Transporter_0007,119,119,Camera_03,13,Warehouse_015,Transporter,1,0.4380952380952381,3810,8940,/pfs/data6/home/st/st_us-053000/st_st191959/DL-Lab/DataSet/MTMC_Tracking_2025_Preprocessed/val/Warehouse_015/crops/Transporter_0007/Camera_03/Transporter_0007_Camera_03_f003810_r002.jpg,None,2,Warehouse_015__Transporter_0007,0.6111111111111112,False,False,0.18138218,-0.018775608,0.18138227,-0.018803397,-0.13153248
372,Transporter_0007,Warehouse_015__Transporter_0007,119,119,Camera_05,15,Warehouse_015,Transporter,1,0.6021505376344086,0,7740,/pfs/data6/home/st/st_us-053000/st_st191959/DL-Lab/DataSet/MTMC_Tracking_2025_Preprocessed/val/Warehouse_015/crops/Transporter_0007/Camera_05/Transporter_0007_Camera_05_f000000_r001.jpg,None,2,Warehouse_015__Transporter_0007,0.6111111111111112,False,False,0.15552302,-0.01351483,0.15552321,-0.013543867,-0.12577386
305,Transporter_0007,Warehouse_015__Transporter_0007,119,119,Camera_06,16,Warehouse_015,Transporter,1,0.6622950819672131,0,3570,/pfs/data6/home/st/st_us-053000/st_st191959/DL-Lab/DataSet/MTMC_Tracking_2025_Preprocessed/val/Warehouse_015/crops/Transporter_0007/Camera_06/Transporter_0007_Camera_06_f000000_r000.jpg,None,2,Warehouse_015__Transporter_0007,0.6111111111111112,False,False,0.1984908,-0.017022021,0.19849102,-0.017053181,-0.1085726
359,Transporter_0007,Warehouse_015__Transporter_0007,119,119,Camera_07,17,Warehouse_015,Transporter,1,0.6629526462395543,5100,8970,/pfs/data6/home/st/st_us-053000/st_st191959/DL-Lab/DataSet/MTMC_Tracking_2025_Preprocessed/val/Warehouse_015/crops/Transporter_0007/Camera_07/Transporter_0007_Camera_07_f005100_r001.jpg,None,2,Warehouse_015__Transporter_0007,0.6111111111111112,False,False,0.24729177,0.003737795,0.24729197,0.0037068746,-0.07720814
175,Transporter_0007,Warehouse_015__Transporter_0007,119,119,Camera_09,19,Warehouse_015,Transporter,1,0.6628571428571428,5940,8970,/pfs/data6/home/st/st_us-053000/st_st191959/DL-Lab/DataSet/MTMC_Tracking_2025_Preprocessed/val/Warehouse_015/crops/Transporter_0007/Camera_09/Transporter_0007_Camera_09_f005940_r000.jpg,None,2,Warehouse_015__Transporter_0007,0.6111111111111112,False,False,0.36027572,0.044873383,0.36027586,0.044836298,-0.031260837
433,Transporter_0007,Warehouse_015__Transporter_0007,119,119,Camera_10,20,Warehouse_015,Transporter,1,0.6374133949191686,0,7740,/pfs/data6/home/st/st_us-053000/st_st191959/DL-Lab/DataSet/MTMC_Tracking_2025_Preprocessed/val/Warehouse_015/crops/Transporter_0007/Camera_10/Transporter_0007_Camera_10_f000000_r002.jpg,None,2,Warehouse_015__Transporter_0007,0.6111111111111112,False,False,0.10065946,-0.04671172,0.100659564,-0.046735153,-0.14063789
326,Transporter_0007,Warehouse_015__Transporter_0007,119,119,Camera_11,21,Warehouse_015,Transporter,1,0.6625766871165644,30,4020,/pfs/data6/home/st/st_us-053000/st_st191959/DL-Lab/DataSet/MTMC_Tracking_2025_Preprocessed/val/Warehouse_015/crops/Transporter_0007/Camera_11/Transporter_0007_Camera_11_f000030_r000.jpg,None,2,Warehouse_015__Transporter_0007,0.6111111111111112,False,False,0.16800663,0.00083930604,0.16800684,0.0008077388,-0.08019453
306,Transporter_0007,Warehouse_015__Transporter_0007,119,119,Camera_12,22,Warehouse_015,Transporter,1,0.5882352941176471,480,7740,/pfs/data6/home/st/st_us-053000/st_st191959/DL-Lab/DataSet/MTMC_Tracking_2025_Preprocessed/val/Warehouse_015/crops/Transporter_0007/Camera_12/Transporter_0007_Camera_12_f000480_r003.jpg,None,2,Warehouse_015__Transporter_0007,0.6111111111111112,False,False,0.093423344,-0.04581655,0.09342344,-0.04583915,-0.12763795
755,FourierGR1T2_0352,Warehouse_016__FourierGR1T2_0352,120,120,Camera,0,Warehouse_016,FourierGR1T2,1,0.6569536423841059,0,8970,/pfs/data6/home/st/st_us-053000/st_st191959/DL-Lab/DataSet/MTMC_Tracking_2025_Preprocessed/val/Warehouse_016/crops/FourierGR1T2_0352/Camera/FourierGR1T2_0352_Camera_f000000_r002.jpg,None,84,Warehouse_016__FourierGR1T2_0352,0.21428571428571427,False,False,0.7097741,0.22763117,0.7097739,0.22764677,0.078626476
863,FourierGR1T2_0352,Warehouse_016__FourierGR1T2_0352,120,120,Camera_01,11,Warehouse_016,FourierGR1T2,1,0.6628041714947857,0,8970,/pfs/data6/home/st/st_us-053000/st_st191959/DL-Lab/DataSet/MTMC_Tracking_2025_Preprocessed/val/Warehouse_016/crops/FourierGR1T2_0352/Camera_01/FourierGR1T2_0352_Camera_01_f000000_r002.jpg,None,84,Warehouse_016__FourierGR1T2_0352,0.21428571428571427,False,False,0.7247906,0.20513633,0.7247903,0.20514598,0.046321906
606,FourierGR1T2_0352,Warehouse_016__FourierGR1T2_0352,120,120,Camera_02,12,Warehouse_016,FourierGR1T2,1,0.6600660066006601,0,8970,/pfs/data6/home/st/st_us-053000/st_st191959/DL-Lab/DataSet/MTMC_Tracking_2025_Preprocessed/val/Warehouse_016/crops/FourierGR1T2_0352/Camera_02/FourierGR1T2_0352_Camera_02_f000000_r002.jpg,None,84,Warehouse_016__FourierGR1T2_0352,0.21428571428571427,False,False,0.6793895,0.28346244,0.6793896,0.2834727,0.04436726
860,FourierGR1T2_0352,Warehouse_016__FourierGR1T2_0352,120,120,Camera_03,13,Warehouse_016,FourierGR1T2,1,0.6651162790697674,0,8880,/pfs/data6/home/st/st_us-053000/st_st191959/DL-Lab/DataSet/MTMC_Tracking_2025_Preprocessed/val/Warehouse_016/crops/FourierGR1T2_0352/Camera_03/FourierGR1T2_0352_Camera_03_f000000_r001.jpg,None,84,Warehouse_016__FourierGR1T2_0352,0.21428571428571427,False,False,0.7103244,0.23161817,0.7103241,0.23163325,0.21213304
474,FourierGR1T2_0352,Warehouse_016__FourierGR1T2_0352,120,120,Camera_04,14,Warehouse_016,FourierGR1T2,1,0.6582278481012658,0,8970,/pfs/data6/home/st/st_us-053000/st_st191959/DL-Lab/DataSet/MTMC_Tracking_2025_Preprocessed/val/Warehouse_016/crops/FourierGR1T2_0352/Camera_04/FourierGR1T2_0352_Camera_04_f000000_r001.jpg,None,84,Warehouse_016__FourierGR1T2_0352,0.21428571428571427,False,False,0.74454415,0.26172215,0.74454373,0.26173958,0.15659386
429,FourierGR1T2_0352,Warehouse_016__FourierGR1T2_0352,120,120,Camera_05,15,Warehouse_016,FourierGR1T2,1,0.6666666666666666,30,8370,/pfs/data6/home/st/st_us-053000/st_st191959/DL-Lab/DataSet/MTMC_Tracking_2025_Preprocessed/val/Warehouse_016/crops/FourierGR1T2_0352/Camera_05/FourierGR1T2_0352_Camera_05_f000030_r000.jpg,None,84,Warehouse_016__FourierGR1T2_0352,0.21428571428571427,False,False,0.70380974,0.30044678,0.70380914,0.30046254,0.08361493
22,FourierGR1T2_0352,Warehouse_016__FourierGR1T2_0352,120,120,Camera_06,16,Warehouse_016,FourierGR1T2,1,0.6363636363636364,360,570,/pfs/data6/home/st/st_us-053000/st_st191959/DL-Lab/DataSet/MTMC_Tracking_2025_Preprocessed/val/Warehouse_016/crops/FourierGR1T2_0352/Camera_06/FourierGR1T2_0352_Camera_06_f000360_r000.jpg,None,84,Warehouse_016__FourierGR1T2_0352,0.21428571428571427,False,False,0.7203016,0.1525311,0.72030145,0.1525446,0.06555414
560,FourierGR1T2_0352,Warehouse_016__FourierGR1T2_0352,120,120,Camera_07,17,Warehouse_016,FourierGR1T2,1,0.6464285714285715,60,8490,/pfs/data6/home/st/st_us-053000/st_st191959/DL-Lab/DataSet/MTMC_Tracking_2025_Preprocessed/val/Warehouse_016/crops/FourierGR1T2_0352/Camera_07/FourierGR1T2_0352_Camera_07_f000060_r002.jpg,None,84,Warehouse_016__FourierGR1T2_0352,0.21428571428571427,False,False,0.79919463,0.05511343,0.7991946,0.055132437,0.21131997
168,FourierGR1T2_0352,Warehouse_016__FourierGR1T2_0352,120,120,Camera_08,18,Warehouse_016,FourierGR1T2,1,0.6666666666666666,780,2640,/pfs/data6/home/st/st_us-053000/st_st191959/DL-Lab/DataSet/MTMC_Tracking_2025_Preprocessed/val/Warehouse_016/crops/FourierGR1T2_0352/Camera_08/FourierGR1T2_0352_Camera_08_f000780_r000.jpg,None,84,Warehouse_016__FourierGR1T2_0352,0.21428571428571427,False,False,0.8134243,0.029348081,0.8134239,0.029356847,0.017831778
155,FourierGR1T2_0352,Warehouse_016__FourierGR1T2_0352,120,120,Camera_09,19,Warehouse_016,FourierGR1T2,1,0.5935483870967742,0,8370,/pfs/data6/home/st/st_us-053000/st_st191959/DL-Lab/DataSet/MTMC_Tracking_2025_Preprocessed/val/Warehouse_016/crops/FourierGR1T2_0352/Camera_09/FourierGR1T2_0352_Camera_09_f000000_r000.jpg,None,84,Warehouse_016__FourierGR1T2_0352,0.21428571428571427,False,False,0.7494053,0.08634986,0.7494049,0.08636475,0.15397885
429,FourierGR1T2_0352,Warehouse_016__FourierGR1T2_0352,120,120,Camera_10,20,Warehouse_016,FourierGR1T2,1,0.662004662004662,810,8340,/pfs/data6/home/st/st_us-053000/st_st191959/DL-Lab/DataSet/MTMC_Tracking_2025_Preprocessed/val/Warehouse_016/crops/FourierGR1T2_0352/Camera_10/FourierGR1T2_0352_Camera_10_f000810_r002.jpg,None,84,Warehouse_016__FourierGR1T2_0352,0.21428571428571427,False,False,0.74139285,0.21600962,0.7413923,0.21602792,0.08365931
105,FourierGR1T2_0352,Warehouse_016__FourierGR1T2_0352,120,120,Camera_11,21,Warehouse_016,FourierGR1T2,1,0.6666666666666666,1020,5640,/pfs/data6/home/st/st_us-053000/st_st191959/DL-Lab/DataSet/MTMC_Tracking_2025_Preprocessed/val/Warehouse_016/crops/FourierGR1T2_0352/Camera_11/FourierGR1T2_0352_Camera_11_f001020_r002.jpg,None,84,Warehouse_016__FourierGR1T2_0352,0.21428571428571427,False,False,0.69796443,0.26018417,0.697964,0.26019603,0.06278778
254,FourierGR1T2_0353,Warehouse_016__FourierGR1T2_0353,121,121,Camera,0,Warehouse_016,FourierGR1T2,1,0.6299212598425197,1920,8550,/pfs/data6/home/st/st_us-053000/st_st191959/DL-Lab/DataSet/MTMC_Tracking_2025_Preprocessed/val/Warehouse_016/crops/FourierGR1T2_0353/Camera/FourierGR1T2_0353_Camera_f001920_r002.jpg,None,84,Warehouse_016__FourierGR1T2_0352,0.21428571428571427,False,True,0.8037369,0.16085163,0.80373615,0.16086395,0.022383414
321,FourierGR1T2_0353,Warehouse_016__FourierGR1T2_0353,121,121,Camera_01,11,Warehouse_016,FourierGR1T2,1,0.6417445482866043,450,8970,/pfs/data6/home/st/st_us-053000/st_st191959/DL-Lab/DataSet/MTMC_Tracking_2025_Preprocessed/val/Warehouse_016/crops/FourierGR1T2_0353/Camera_01/FourierGR1T2_0353_Camera_01_f000450_r003.jpg,None,84,Warehouse_016__FourierGR1T2_0352,0.21428571428571427,False,True,0.8288072,0.097120024,0.82880634,0.0971317,0.028378213
33,FourierGR1T2_0353,Warehouse_016__FourierGR1T2_0353,121,121,Camera_02,12,Warehouse_016,FourierGR1T2,1,0.6666666666666666,1950,3600,/pfs/data6/home/st/st_us-053000/st_st191959/DL-Lab/DataSet/MTMC_Tracking_2025_Preprocessed/val/Warehouse_016/crops/FourierGR1T2_0353/Camera_02/FourierGR1T2_0353_Camera_02_f001950_r002.jpg,None,84,Warehouse_016__FourierGR1T2_0352,0.21428571428571427,False,True,0.65553063,0.21878941,0.65553045,0.21880087,0.11066865
654,FourierGR1T2_0353,Warehouse_016__FourierGR1T2_0353,121,121,Camera_03,13,Warehouse_016,FourierGR1T2,1,0.6636085626911316,540,8970,/pfs/data6/home/st/st_us-053000/st_st191959/DL-Lab/DataSet/MTMC_Tracking_2025_Preprocessed/val/Warehouse_016/crops/FourierGR1T2_0353/Camera_03/FourierGR1T2_0353_Camera_03_f000540_r003.jpg,None,84,Warehouse_016__FourierGR1T2_0352,0.21428571428571427,False,True,0.80816245,0.13326469,0.8081622,0.13328159,0.110343486
76,FourierGR1T2_0353,Warehouse_016__FourierGR1T2_0353,121,121,Camera_04,14,Warehouse_016,FourierGR1T2,1,0.6578947368421053,570,8520,/pfs/data6/home/st/st_us-053000/st_st191959/DL-Lab/DataSet/MTMC_Tracking_2025_Preprocessed/val/Warehouse_016/crops/FourierGR1T2_0353/Camera_04/FourierGR1T2_0353_Camera_04_f000570_r001.jpg,None,84,Warehouse_016__FourierGR1T2_0352,0.21428571428571427,False,True,0.68554634,0.13590664,0.6855463,0.13592027,0.06533388
866,FourierGR1T2_0353,Warehouse_016__FourierGR1T2_0353,121,121,Camera_05,15,Warehouse_016,FourierGR1T2,1,0.6651270207852193,0,8970,/pfs/data6/home/st/st_us-053000/st_st191959/DL-Lab/DataSet/MTMC_Tracking_2025_Preprocessed/val/Warehouse_016/crops/FourierGR1T2_0353/Camera_05/FourierGR1T2_0353_Camera_05_f000000_r000.jpg,None,84,Warehouse_016__FourierGR1T2_0352,0.21428571428571427,False,True,0.72757393,0.20150842,0.72757345,0.20152575,0.08429699
757,FourierGR1T2_0353,Warehouse_016__FourierGR1T2_0353,121,121,Camera_07,17,Warehouse_016,FourierGR1T2,1,0.6235138705416117,0,8970,/pfs/data6/home/st/st_us-053000/st_st191959/DL-Lab/DataSet/MTMC_Tracking_2025_Preprocessed/val/Warehouse_016/crops/FourierGR1T2_0353/Camera_07/FourierGR1T2_0353_Camera_07_f000000_r002.jpg,None,84,Warehouse_016__FourierGR1T2_0352,0.21428571428571427,False,True,0.85499483,-0.008450481,0.8549942,-0.008434655,-0.031401902
514,FourierGR1T2_0353,Warehouse_016__FourierGR1T2_0353,121,121,Camera_08,18,Warehouse_016,FourierGR1T2,1,0.6536964980544747,0,8970,/pfs/data6/home/st/st_us-053000/st_st191959/DL-Lab/DataSet/MTMC_Tracking_2025_Preprocessed/val/Warehouse_016/crops/FourierGR1T2_0353/Camera_08/FourierGR1T2_0353_Camera_08_f000000_r000.jpg,None,84,Warehouse_016__FourierGR1T2_0352,0.21428571428571427,False,True,0.8214858,0.1078829,0.8214856,0.10789864,0.03460009
506,FourierGR1T2_0353,Warehouse_016__FourierGR1T2_0353,121,121,Camera_09,19,Warehouse_016,FourierGR1T2,1,0.5731225296442688,0,8970,/pfs/data6/home/st/st_us-053000/st_st191959/DL-Lab/DataSet/MTMC_Tracking_2025_Preprocessed/val/Warehouse_016/crops/FourierGR1T2_0353/Camera_09/FourierGR1T2_0353_Camera_09_f000000_r001.jpg,None,84,Warehouse_016__FourierGR1T2_0352,0.21428571428571427,False,True,0.8277035,0.03132542,0.8277031,0.03134246,0.0695002
746,FourierGR1T2_0353,Warehouse_016__FourierGR1T2_0353,121,121,Camera_10,20,Warehouse_016,FourierGR1T2,1,0.6568364611260054,0,8970,/pfs/data6/home/st/st_us-053000/st_st191959/DL-Lab/DataSet/MTMC_Tracking_2025_Preprocessed/val/Warehouse_016/crops/FourierGR1T2_0353/Camera_10/FourierGR1T2_0353_Camera_10_f000000_r001.jpg,None,84,Warehouse_016__FourierGR1T2_0352,0.21428571428571427,False,True,0.8189183,0.104430065,0.81891775,0.104445234,0.14333102
613,FourierGR1T2_0353,Warehouse_016__FourierGR1T2_0353,121,121,Camera_11,21,Warehouse_016,FourierGR1T2,1,0.6590538336052202,1290,8970,/pfs/data6/home/st/st_us-053000/st_st191959/DL-Lab/DataSet/MTMC_Tracking_2025_Preprocessed/val/Warehouse_016/crops/FourierGR1T2_0353/Camera_11/FourierGR1T2_0353_Camera_11_f001290_r002.jpg,None,84,Warehouse_016__FourierGR1T2_0352,0.21428571428571427,False,True,0.78818053,0.3308553,0.7881804,0.33086255,0.07468321
649,FourierGR1T2_0354,Warehouse_016__FourierGR1T2_0354,122,122,Camera,0,Warehouse_016,FourierGR1T2,1,0.6471494607087828,1950,8970,/pfs/data6/home/st/st_us-053000/st_st191959/DL-Lab/DataSet/MTMC_Tracking_2025_Preprocessed/val/Warehouse_016/crops/FourierGR1T2_0354/Camera/FourierGR1T2_0354_Camera_f001950_r003.jpg,None,84,Warehouse_016__FourierGR1T2_0352,0.21428571428571427,False,True,0.7684794,0.18102121,0.76847893,0.18103305,0.116617255
563,FourierGR1T2_0354,Warehouse_016__FourierGR1T2_0354,122,122,Camera_01,11,Warehouse_016,FourierGR1T2,1,0.6607460035523979,0,8970,/pfs/data6/home/st/st_us-053000/st_st191959/DL-Lab/DataSet/MTMC_Tracking_2025_Preprocessed/val/Warehouse_016/crops/FourierGR1T2_0354/Camera_01/FourierGR1T2_0354_Camera_01_f000000_r003.jpg,None,84,Warehouse_016__FourierGR1T2_0352,0.21428571428571427,False,True,0.7311387,0.22428669,0.73113817,0.22429857,0.018604258
491,FourierGR1T2_0354,Warehouse_016__FourierGR1T2_0354,122,122,Camera_02,12,Warehouse_016,FourierGR1T2,1,0.6639511201629328,1980,8970,/pfs/data6/home/st/st_us-053000/st_st191959/DL-Lab/DataSet/MTMC_Tracking_2025_Preprocessed/val/Warehouse_016/crops/FourierGR1T2_0354/Camera_02/FourierGR1T2_0354_Camera_02_f001980_r003.jpg,None,84,Warehouse_016__FourierGR1T2_0352,0.21428571428571427,False,True,0.7942307,0.1859382,0.7942303,0.18594965,-0.006377662
431,FourierGR1T2_0354,Warehouse_016__FourierGR1T2_0354,122,122,Camera_03,13,Warehouse_016,FourierGR1T2,1,0.6125290023201856,0,8970,/pfs/data6/home/st/st_us-053000/st_st191959/DL-Lab/DataSet/MTMC_Tracking_2025_Preprocessed/val/Warehouse_016/crops/FourierGR1T2_0354/Camera_03/FourierGR1T2_0354_Camera_03_f000000_r002.jpg,None,84,Warehouse_016__FourierGR1T2_0352,0.21428571428571427,False,True,0.7448408,0.19610766,0.7448402,0.19612038,0.1085556
60,FourierGR1T2_0354,Warehouse_016__FourierGR1T2_0354,122,122,Camera_04,14,Warehouse_016,FourierGR1T2,1,0.6666666666666666,1740,2430,/pfs/data6/home/st/st_us-053000/st_st191959/DL-Lab/DataSet/MTMC_Tracking_2025_Preprocessed/val/Warehouse_016/crops/FourierGR1T2_0354/Camera_04/FourierGR1T2_0354_Camera_04_f001740_r001.jpg,None,84,Warehouse_016__FourierGR1T2_0352,0.21428571428571427,False,True,0.79958487,0.28695792,0.7995848,0.28696263,0.1304155
202,FourierGR1T2_0354,Warehouse_016__FourierGR1T2_0354,122,122,Camera_05,15,Warehouse_016,FourierGR1T2,1,0.6138613861386139,0,2430,/pfs/data6/home/st/st_us-053000/st_st191959/DL-Lab/DataSet/MTMC_Tracking_2025_Preprocessed/val/Warehouse_016/crops/FourierGR1T2_0354/Camera_05/FourierGR1T2_0354_Camera_05_f000000_r001.jpg,None,84,Warehouse_016__FourierGR1T2_0352,0.21428571428571427,False,True,0.72298694,0.18813945,0.7229869,0.1881543,0.0786844
742,FourierGR1T2_0354,Warehouse_016__FourierGR1T2_0354,122,122,Camera_07,17,Warehouse_016,FourierGR1T2,1,0.6388140161725068,0,8970,/pfs/data6/home/st/st_us-053000/st_st191959/DL-Lab/DataSet/MTMC_Tracking_2025_Preprocessed/val/Warehouse_016/crops/FourierGR1T2_0354/Camera_07/FourierGR1T2_0354_Camera_07_f000000_r003.jpg,None,84,Warehouse_016__FourierGR1T2_0352,0.21428571428571427,False,True,0.78445554,0.0694278,0.7844554,0.06944649,0.22633418
192,FourierGR1T2_0354,Warehouse_016__FourierGR1T2_0354,122,122,Camera_08,18,Warehouse_016,FourierGR1T2,1,0.6666666666666666,0,1920,/pfs/data6/home/st/st_us-053000/st_st191959/DL-Lab/DataSet/MTMC_Tracking_2025_Preprocessed/val/Warehouse_016/crops/FourierGR1T2_0354/Camera_08/FourierGR1T2_0354_Camera_08_f000000_r001.jpg,None,84,Warehouse_016__FourierGR1T2_0352,0.21428571428571427,False,True,0.8066723,-0.029247466,0.8066718,-0.029234916,0.009282166
63,FourierGR1T2_0354,Warehouse_016__FourierGR1T2_0354,122,122,Camera_09,19,Warehouse_016,FourierGR1T2,1,0.4444444444444444,0,2400,/pfs/data6/home/st/st_us-053000/st_st191959/DL-Lab/DataSet/MTMC_Tracking_2025_Preprocessed/val/Warehouse_016/crops/FourierGR1T2_0354/Camera_09/FourierGR1T2_0354_Camera_09_f000000_r002.jpg,None,84,Warehouse_016__FourierGR1T2_0352,0.21428571428571427,False,True,0.8287352,-0.014957973,0.8287351,-0.01495051,0.05193669
603,FourierGR1T2_0354,Warehouse_016__FourierGR1T2_0354,122,122,Camera_10,20,Warehouse_016,FourierGR1T2,1,0.6633499170812603,0,8820,/pfs/data6/home/st/st_us-053000/st_st191959/DL-Lab/DataSet/MTMC_Tracking_2025_Preprocessed/val/Warehouse_016/crops/FourierGR1T2_0354/Camera_10/FourierGR1T2_0354_Camera_10_f000000_r002.jpg,None,84,Warehouse_016__FourierGR1T2_0352,0.21428571428571427,False,True,0.7750161,0.17247553,0.7750154,0.17248727,0.14899074
402,FourierGR1T2_0354,Warehouse_016__FourierGR1T2_0354,122,122,Camera_11,21,Warehouse_016,FourierGR1T2,1,0.6467661691542289,330,8970,/pfs/data6/home/st/st_us-053000/st_st191959/DL-Lab/DataSet/MTMC_Tracking_2025_Preprocessed/val/Warehouse_016/crops/FourierGR1T2_0354/Camera_11/FourierGR1T2_0354_Camera_11_f000330_r001.jpg,None,84,Warehouse_016__FourierGR1T2_0352,0.21428571428571427,False,True,0.7893673,0.14903997,0.789367,0.14905646,0.18350221
482,FourierGR1T2_0626,Warehouse_016__FourierGR1T2_0626,123,123,Camera,0,Warehouse_016,FourierGR1T2,1,0.6307053941908713,0,8970,/pfs/data6/home/st/st_us-053000/st_st191959/DL-Lab/DataSet/MTMC_Tracking_2025_Preprocessed/val/Warehouse_016/crops/FourierGR1T2_0626/Camera/FourierGR1T2_0626_Camera_f000000_r000.jpg,None,84,Warehouse_016__FourierGR1T2_0352,0.21428571428571427,False,True,0.7949004,0.18694913,0.7949001,0.18695289,0.062462997
286,FourierGR1T2_0626,Warehouse_016__FourierGR1T2_0626,123,123,Camera_01,11,Warehouse_016,FourierGR1T2,1,0.6573426573426573,0,8970,/pfs/data6/home/st/st_us-053000/st_st191959/DL-Lab/DataSet/MTMC_Tracking_2025_Preprocessed/val/Warehouse_016/crops/FourierGR1T2_0626/Camera_01/FourierGR1T2_0626_Camera_01_f000000_r000.jpg,None,84,Warehouse_016__FourierGR1T2_0352,0.21428571428571427,False,True,0.811904,0.19199997,0.8119042,0.19200137,-0.0031101904
370,FourierGR1T2_0626,Warehouse_016__FourierGR1T2_0626,123,123,Camera_02,12,Warehouse_016,FourierGR1T2,1,0.6594594594594595,0,8970,/pfs/data6/home/st/st_us-053000/st_st191959/DL-Lab/DataSet/MTMC_Tracking_2025_Preprocessed/val/Warehouse_016/crops/FourierGR1T2_0626/Camera_02/FourierGR1T2_0626_Camera_02_f000000_r000.jpg,None,84,Warehouse_016__FourierGR1T2_0352,0.21428571428571427,False,True,0.80032635,0.21228962,0.80032647,0.21229643,-0.030757513
296,FourierGR1T2_0626,Warehouse_016__FourierGR1T2_0626,123,123,Camera_03,13,Warehouse_016,FourierGR1T2,1,0.6283783783783784,360,8970,/pfs/data6/home/st/st_us-053000/st_st191959/DL-Lab/DataSet/MTMC_Tracking_2025_Preprocessed/val/Warehouse_016/crops/FourierGR1T2_0626/Camera_03/FourierGR1T2_0626_Camera_03_f000360_r000.jpg,None,84,Warehouse_016__FourierGR1T2_0352,0.21428571428571427,False,True,0.8113836,-0.1190907,0.81138325,-0.11908897,0.18072233
82,FourierGR1T2_0626,Warehouse_016__FourierGR1T2_0626,123,123,Camera_04,14,Warehouse_016,FourierGR1T2,1,0.6585365853658537,4800,5610,/pfs/data6/home/st/st_us-053000/st_st191959/DL-Lab/DataSet/MTMC_Tracking_2025_Preprocessed/val/Warehouse_016/crops/FourierGR1T2_0626/Camera_04/FourierGR1T2_0626_Camera_04_f004800_r000.jpg,None,84,Warehouse_016__FourierGR1T2_0352,0.21428571428571427,False,True,0.7771414,0.13331363,0.777141,0.13332748,0.19983421
184,FourierGR1T2_0626,Warehouse_016__FourierGR1T2_0626,123,123,Camera_05,15,Warehouse_016,FourierGR1T2,1,0.6413043478260869,1020,6960,/pfs/data6/home/st/st_us-053000/st_st191959/DL-Lab/DataSet/MTMC_Tracking_2025_Preprocessed/val/Warehouse_016/crops/FourierGR1T2_0626/Camera_05/FourierGR1T2_0626_Camera_05_f001020_r000.jpg,None,84,Warehouse_016__FourierGR1T2_0352,0.21428571428571427,False,True,0.79189545,0.14727667,0.7918954,0.14729019,0.16171743
1,FourierGR1T2_0626,Warehouse_016__FourierGR1T2_0626,123,123,Camera_06,16,Warehouse_016,FourierGR1T2,0,0.0,5370,5370,/pfs/data6/home/st/st_us-053000/st_st191959/DL-Lab/DataSet/MTMC_Tracking_2025_Preprocessed/val/Warehouse_016/crops/FourierGR1T2_0626/Camera_06/FourierGR1T2_0626_Camera_06_f005370_r000.jpg,None,-1,NOISE,0.0,True,False,0.6389233,-0.26031882,0.6389234,-0.2603127,0.22906202
546,FourierGR1T2_0626,Warehouse_016__FourierGR1T2_0626,123,123,Camera_07,17,Warehouse_016,FourierGR1T2,1,0.5787545787545788,0,8970,/pfs/data6/home/st/st_us-053000/st_st191959/DL-Lab/DataSet/MTMC_Tracking_2025_Preprocessed/val/Warehouse_016/crops/FourierGR1T2_0626/Camera_07/FourierGR1T2_0626_Camera_07_f000000_r000.jpg,None,84,Warehouse_016__FourierGR1T2_0352,0.21428571428571427,False,True,0.78912103,0.024319908,0.7891206,0.024336318,0.20813069
44,FourierGR1T2_0626,Warehouse_016__FourierGR1T2_0626,123,123,Camera_08,18,Warehouse_016,FourierGR1T2,1,0.5909090909090909,5640,6930,/pfs/data6/home/st/st_us-053000/st_st191959/DL-Lab/DataSet/MTMC_Tracking_2025_Preprocessed/val/Warehouse_016/crops/FourierGR1T2_0626/Camera_08/FourierGR1T2_0626_Camera_08_f005640_r000.jpg,None,84,Warehouse_016__FourierGR1T2_0352,0.21428571428571427,False,True,0.84327155,0.029784339,0.8432714,0.029808223,0.025368711
83,FourierGR1T2_0626,Warehouse_016__FourierGR1T2_0626,123,123,Camera_09,19,Warehouse_016,FourierGR1T2,1,0.5542168674698795,5550,6960,/pfs/data6/home/st/st_us-053000/st_st191959/DL-Lab/DataSet/MTMC_Tracking_2025_Preprocessed/val/Warehouse_016/crops/FourierGR1T2_0626/Camera_09/FourierGR1T2_0626_Camera_09_f005550_r000.jpg,None,84,Warehouse_016__FourierGR1T2_0352,0.21428571428571427,False,True,0.8215457,0.062059253,0.8215451,0.062068082,0.15105227
548,FourierGR1T2_0626,Warehouse_016__FourierGR1T2_0626,123,123,Camera_10,20,Warehouse_016,FourierGR1T2,1,0.6459854014598541,360,8970,/pfs/data6/home/st/st_us-053000/st_st191959/DL-Lab/DataSet/MTMC_Tracking_2025_Preprocessed/val/Warehouse_016/crops/FourierGR1T2_0626/Camera_10/FourierGR1T2_0626_Camera_10_f000360_r000.jpg,None,84,Warehouse_016__FourierGR1T2_0352,0.21428571428571427,False,True,0.79513246,0.18392137,0.7951318,0.18393871,0.1417008
684,FourierGR1T2_0626,Warehouse_016__FourierGR1T2_0626,123,123,Camera_11,21,Warehouse_016,FourierGR1T2,1,0.6578947368421053,0,8970,/pfs/data6/home/st/st_us-053000/st_st191959/DL-Lab/DataSet/MTMC_Tracking_2025_Preprocessed/val/Warehouse_016/crops/FourierGR1T2_0626/Camera_11/FourierGR1T2_0626_Camera_11_f000000_r000.jpg,None,84,Warehouse_016__FourierGR1T2_0352,0.21428571428571427,False,True,0.81603867,0.16183282,0.81603825,0.16184455,0.16702151
858,FourierGR1T2_0627,Warehouse_016__FourierGR1T2_0627,124,124,Camera,0,Warehouse_016,FourierGR1T2,1,0.6666666666666666,0,8970,/pfs/data6/home/st/st_us-053000/st_st191959/DL-Lab/DataSet/MTMC_Tracking_2025_Preprocessed/val/Warehouse_016/crops/FourierGR1T2_0627/Camera/FourierGR1T2_0627_Camera_f000000_r001.jpg,None,84,Warehouse_016__FourierGR1T2_0352,0.21428571428571427,False,True,0.74178106,0.09833055,0.7417805,0.0983477,0.08717995
867,FourierGR1T2_0627,Warehouse_016__FourierGR1T2_0627,124,124,Camera_01,11,Warehouse_016,FourierGR1T2,1,0.6643598615916955,0,8970,/pfs/data6/home/st/st_us-053000/st_st191959/DL-Lab/DataSet/MTMC_Tracking_2025_Preprocessed/val/Warehouse_016/crops/FourierGR1T2_0627/Camera_01/FourierGR1T2_0627_Camera_01_f000000_r001.jpg,None,84,Warehouse_016__FourierGR1T2_0352,0.21428571428571427,False,True,0.73532635,0.25229922,0.7353261,0.25230622,-0.047108416
764,FourierGR1T2_0627,Warehouse_016__FourierGR1T2_0627,124,124,Camera_02,12,Warehouse_016,FourierGR1T2,1,0.662303664921466,0,8970,/pfs/data6/home/st/st_us-053000/st_st191959/DL-Lab/DataSet/MTMC_Tracking_2025_Preprocessed/val/Warehouse_016/crops/FourierGR1T2_0627/Camera_02/FourierGR1T2_0627_Camera_02_f000000_r001.jpg,None,84,Warehouse_016__FourierGR1T2_0352,0.21428571428571427,False,True,0.77529955,0.18644825,0.7752997,0.18645991,0.040176652
614,FourierGR1T2_0627,Warehouse_016__FourierGR1T2_0627,124,124,Camera_03,13,Warehouse_016,FourierGR1T2,1,0.6254071661237784,0,8370,/pfs/data6/home/st/st_us-053000/st_st191959/DL-Lab/DataSet/MTMC_Tracking_2025_Preprocessed/val/Warehouse_016/crops/FourierGR1T2_0627/Camera_03/FourierGR1T2_0627_Camera_03_f000000_r000.jpg,None,84,Warehouse_016__FourierGR1T2_0352,0.21428571428571427,False,True,0.81807846,0.19207174,0.8180786,0.19207995,0.14747418
86,FourierGR1T2_0627,Warehouse_016__FourierGR1T2_0627,124,124,Camera_04,14,Warehouse_016,FourierGR1T2,1,0.6511627906976745,7740,8970,/pfs/data6/home/st/st_us-053000/st_st191959/DL-Lab/DataSet/MTMC_Tracking_2025_Preprocessed/val/Warehouse_016/crops/FourierGR1T2_0627/Camera_04/FourierGR1T2_0627_Camera_04_f007740_r000.jpg,None,84,Warehouse_016__FourierGR1T2_0352,0.21428571428571427,False,True,0.7634152,0.1890373,0.7634147,0.18905333,0.18090472
15,FourierGR1T2_0627,Warehouse_016__FourierGR1T2_0627,124,124,Camera_05,15,Warehouse_016,FourierGR1T2,1,0.6666666666666666,7680,7800,/pfs/data6/home/st/st_us-053000/st_st191959/DL-Lab/DataSet/MTMC_Tracking_2025_Preprocessed/val/Warehouse_016/crops/FourierGR1T2_0627/Camera_05/FourierGR1T2_0627_Camera_05_f007680_r000.jpg,None,84,Warehouse_016__FourierGR1T2_0352,0.21428571428571427,False,True,0.6298438,0.24342628,0.62984365,0.24343829,0.029887725
54,FourierGR1T2_0627,Warehouse_016__FourierGR1T2_0627,124,124,Camera_06,16,Warehouse_016,FourierGR1T2,1,0.6666666666666666,8460,8970,/pfs/data6/home/st/st_us-053000/st_st191959/DL-Lab/DataSet/MTMC_Tracking_2025_Preprocessed/val/Warehouse_016/crops/FourierGR1T2_0627/Camera_06/FourierGR1T2_0627_Camera_06_f008460_r000.jpg,None,84,Warehouse_016__FourierGR1T2_0352,0.21428571428571427,False,True,0.7493348,0.14488886,0.74933445,0.14490356,0.06679238
681,FourierGR1T2_0627,Warehouse_016__FourierGR1T2_0627,124,124,Camera_07,17,Warehouse_016,FourierGR1T2,1,0.6226138032305433,0,7800,/pfs/data6/home/st/st_us-053000/st_st191959/DL-Lab/DataSet/MTMC_Tracking_2025_Preprocessed/val/Warehouse_016/crops/FourierGR1T2_0627/Camera_07/FourierGR1T2_0627_Camera_07_f000000_r001.jpg,None,84,Warehouse_016__FourierGR1T2_0352,0.21428571428571427,False,True,0.8233862,0.04209646,0.82338583,0.04211303,0.21813634
16,FourierGR1T2_0627,Warehouse_016__FourierGR1T2_0627,124,124,Camera_09,19,Warehouse_016,FourierGR1T2,1,0.625,7710,8880,/pfs/data6/home/st/st_us-053000/st_st191959/DL-Lab/DataSet/MTMC_Tracking_2025_Preprocessed/val/Warehouse_016/crops/FourierGR1T2_0627/Camera_09/FourierGR1T2_0627_Camera_09_f007710_r000.jpg,None,84,Warehouse_016__FourierGR1T2_0352,0.21428571428571427,False,True,0.7586862,0.07443386,0.75868565,0.07444907,0.028843697
606,FourierGR1T2_0627,Warehouse_016__FourierGR1T2_0627,124,124,Camera_10,20,Warehouse_016,FourierGR1T2,1,0.6633663366336634,540,7710,/pfs/data6/home/st/st_us-053000/st_st191959/DL-Lab/DataSet/MTMC_Tracking_2025_Preprocessed/val/Warehouse_016/crops/FourierGR1T2_0627/Camera_10/FourierGR1T2_0627_Camera_10_f000540_r001.jpg,None,84,Warehouse_016__FourierGR1T2_0352,0.21428571428571427,False,True,0.6818259,0.23252897,0.68182564,0.23254769,0.1226071
525,FourierGR1T2_0627,Warehouse_016__FourierGR1T2_0627,124,124,Camera_11,21,Warehouse_016,FourierGR1T2,1,0.659047619047619,600,6900,/pfs/data6/home/st/st_us-053000/st_st191959/DL-Lab/DataSet/MTMC_Tracking_2025_Preprocessed/val/Warehouse_016/crops/FourierGR1T2_0627/Camera_11/FourierGR1T2_0627_Camera_11_f000600_r001.jpg,None,84,Warehouse_016__FourierGR1T2_0352,0.21428571428571427,False,True,0.76079303,0.24374978,0.76079285,0.24376321,0.19269316
212,Person_0182,Warehouse_016__Person_0182,125,125,Camera,0,Warehouse_016,Person,1,0.6509433962264151,2520,8970,/pfs/data6/home/st/st_us-053000/st_st191959/DL-Lab/DataSet/MTMC_Tracking_2025_Preprocessed/val/Warehouse_016/crops/Person_0182/Camera/Person_0182_Camera_f002520_r005.jpg,None,67,Hospital_000__Person_0033,0.5714285714285714,False,True,0.3136018,0.07244278,0.31360158,0.07244676,-0.37403587
593,Person_0182,Warehouse_016__Person_0182,125,125,Camera_01,11,Warehouse_016,Person,1,0.6104553119730185,180,8970,/pfs/data6/home/st/st_us-053000/st_st191959/DL-Lab/DataSet/MTMC_Tracking_2025_Preprocessed/val/Warehouse_016/crops/Person_0182/Camera_01/Person_0182_Camera_01_f000180_r005.jpg,None,67,Hospital_000__Person_0033,0.5714285714285714,False,True,0.507857,0.042698156,0.5078568,0.04270246,-0.33912316
284,Person_0182,Warehouse_016__Person_0182,125,125,Camera_02,12,Warehouse_016,Person,1,0.6549295774647887,0,8580,/pfs/data6/home/st/st_us-053000/st_st191959/DL-Lab/DataSet/MTMC_Tracking_2025_Preprocessed/val/Warehouse_016/crops/Person_0182/Camera_02/Person_0182_Camera_02_f000000_r004.jpg,None,67,Hospital_000__Person_0033,0.5714285714285714,False,True,0.42247757,0.04866524,0.42247725,0.048665352,-0.3678839
591,Person_0182,Warehouse_016__Person_0182,125,125,Camera_03,13,Warehouse_016,Person,1,0.6666666666666666,900,8970,/pfs/data6/home/st/st_us-053000/st_st191959/DL-Lab/DataSet/MTMC_Tracking_2025_Preprocessed/val/Warehouse_016/crops/Person_0182/Camera_03/Person_0182_Camera_03_f000900_r005.jpg,None,67,Hospital_000__Person_0033,0.5714285714285714,False,True,0.28607377,0.11221772,0.2860735,0.112221606,-0.3069118
531,Person_0182,Warehouse_016__Person_0182,125,125,Camera_04,14,Warehouse_016,Person,1,0.6516007532956686,180,6150,/pfs/data6/home/st/st_us-053000/st_st191959/DL-Lab/DataSet/MTMC_Tracking_2025_Preprocessed/val/Warehouse_016/crops/Person_0182/Camera_04/Person_0182_Camera_04_f000180_r004.jpg,None,67,Hospital_000__Person_0033,0.5714285714285714,False,True,0.10672676,0.05244892,0.10672658,0.052456714,-0.30365437
359,Person_0182,Warehouse_016__Person_0182,125,125,Camera_05,15,Warehouse_016,Person,1,0.6629526462395543,2010,7650,/pfs/data6/home/st/st_us-053000/st_st191959/DL-Lab/DataSet/MTMC_Tracking_2025_Preprocessed/val/Warehouse_016/crops/Person_0182/Camera_05/Person_0182_Camera_05_f002010_r004.jpg,None,67,Hospital_000__Person_0033,0.5714285714285714,False,True,0.27313414,0.034087464,0.2731339,0.034094233,-0.30329984
421,Person_0182,Warehouse_016__Person_0182,125,125,Camera_06,16,Warehouse_016,Person,1,0.6555819477434679,0,5220,/pfs/data6/home/st/st_us-053000/st_st191959/DL-Lab/DataSet/MTMC_Tracking_2025_Preprocessed/val/Warehouse_016/crops/Person_0182/Camera_06/Person_0182_Camera_06_f000000_r000.jpg,None,67,Hospital_000__Person_0033,0.5714285714285714,False,True,0.4577729,0.0477018,0.45777273,0.047709715,-0.27672133
326,Person_0182,Warehouse_016__Person_0182,125,125,Camera_07,17,Warehouse_016,Person,1,0.6380368098159509,5280,8970,/pfs/data6/home/st/st_us-053000/st_st191959/DL-Lab/DataSet/MTMC_Tracking_2025_Preprocessed/val/Warehouse_016/crops/Person_0182/Camera_07/Person_0182_Camera_07_f005280_r005.jpg,None,67,Hospital_000__Person_0033,0.5714285714285714,False,True,0.550825,0.063784316,0.5508248,0.06379188,-0.28870645
307,Person_0182,Warehouse_016__Person_0182,125,125,Camera_08,18,Warehouse_016,Person,1,0.6579804560260586,2040,7560,/pfs/data6/home/st/st_us-053000/st_st191959/DL-Lab/DataSet/MTMC_Tracking_2025_Preprocessed/val/Warehouse_016/crops/Person_0182/Camera_08/Person_0182_Camera_08_f002040_r001.jpg,None,67,Hospital_000__Person_0033,0.5714285714285714,False,True,0.30520797,0.09914574,0.30520794,0.09915209,-0.32598302
359,Person_0182,Warehouse_016__Person_0182,125,125,Camera_09,19,Warehouse_016,Person,1,0.6183844011142061,0,7620,/pfs/data6/home/st/st_us-053000/st_st191959/DL-Lab/DataSet/MTMC_Tracking_2025_Preprocessed/val/Warehouse_016/crops/Person_0182/Camera_09/Person_0182_Camera_09_f000000_r004.jpg,None,67,Hospital_000__Person_0033,0.5714285714285714,False,True,0.59018725,0.07695521,0.59018683,0.07696101,-0.26351404
281,Person_0182,Warehouse_016__Person_0182,125,125,Camera_10,20,Warehouse_016,Person,1,0.6548042704626335,6090,8970,/pfs/data6/home/st/st_us-053000/st_st191959/DL-Lab/DataSet/MTMC_Tracking_2025_Preprocessed/val/Warehouse_016/crops/Person_0182/Camera_10/Person_0182_Camera_10_f006090_r005.jpg,None,67,Hospital_000__Person_0033,0.5714285714285714,False,True,0.1586513,0.07239505,0.15865105,0.07239997,-0.29365146
159,Person_0182,Warehouse_016__Person_0182,125,125,Camera_11,21,Warehouse_016,Person,1,0.6666666666666666,6420,8970,/pfs/data6/home/st/st_us-053000/st_st191959/DL-Lab/DataSet/MTMC_Tracking_2025_Preprocessed/val/Warehouse_016/crops/Person_0182/Camera_11/Person_0182_Camera_11_f006420_r003.jpg,None,67,Hospital_000__Person_0033,0.5714285714285714,False,True,0.2527959,0.10929054,0.25279576,0.109294064,-0.291275
697,Person_0350,Warehouse_016__Person_0350,126,126,Camera,0,Warehouse_016,Person,1,0.6599713055954088,0,8970,/pfs/data6/home/st/st_us-053000/st_st191959/DL-Lab/DataSet/MTMC_Tracking_2025_Preprocessed/val/Warehouse_016/crops/Person_0350/Camera/Person_0350_Camera_f000000_r006.jpg,None,48,Hospital_000__Person_0018,0.5714285714285714,False,True,0.07165129,0.33924496,0.07165102,0.33925292,-0.14666276
625,Person_0350,Warehouse_016__Person_0350,126,126,Camera_01,11,Warehouse_016,Person,1,0.6624,210,8970,/pfs/data6/home/st/st_us-053000/st_st191959/DL-Lab/DataSet/MTMC_Tracking_2025_Preprocessed/val/Warehouse_016/crops/Person_0350/Camera_01/Person_0350_Camera_01_f000210_r008.jpg,None,48,Hospital_000__Person_0018,0.5714285714285714,False,True,-0.0294817,0.33272496,-0.029481953,0.3327371,-0.15392941
521,Person_0350,Warehouse_016__Person_0350,126,126,Camera_02,12,Warehouse_016,Person,1,0.6641074856046065,2040,8970,/pfs/data6/home/st/st_us-053000/st_st191959/DL-Lab/DataSet/MTMC_Tracking_2025_Preprocessed/val/Warehouse_016/crops/Person_0350/Camera_02/Person_0350_Camera_02_f002040_r005.jpg,None,48,Hospital_000__Person_0018,0.5714285714285714,False,True,-0.22851071,0.35261136,-0.22851084,0.35261792,-0.13488133
608,Person_0350,Warehouse_016__Person_0350,126,126,Camera_03,13,Warehouse_016,Person,1,0.6546052631578947,0,8970,/pfs/data6/home/st/st_us-053000/st_st191959/DL-Lab/DataSet/MTMC_Tracking_2025_Preprocessed/val/Warehouse_016/crops/Person_0350/Camera_03/Person_0350_Camera_03_f000000_r006.jpg,None,48,Hospital_000__Person_0018,0.5714285714285714,False,True,0.03964089,0.2941473,0.03964066,0.29415688,-0.10766479
273,Person_0350,Warehouse_016__Person_0350,126,126,Camera_04,14,Warehouse_016,Person,1,0.6666666666666666,6270,8970,/pfs/data6/home/st/st_us-053000/st_st191959/DL-Lab/DataSet/MTMC_Tracking_2025_Preprocessed/val/Warehouse_016/crops/Person_0350/Camera_04/Person_0350_Camera_04_f006270_r004.jpg,None,48,Hospital_000__Person_0018,0.5714285714285714,False,True,0.21355535,0.28285143,0.21355504,0.28286213,-0.14167826
249,Person_0350,Warehouse_016__Person_0350,126,126,Camera_05,15,Warehouse_016,Person,1,0.6666666666666666,0,4860,/pfs/data6/home/st/st_us-053000/st_st191959/DL-Lab/DataSet/MTMC_Tracking_2025_Preprocessed/val/Warehouse_016/crops/Person_0350/Camera_05/Person_0350_Camera_05_f000000_r004.jpg,None,48,Hospital_000__Person_0018,0.5714285714285714,False,True,0.10616654,0.3045597,0.10616623,0.3045702,-0.13135974
99,Person_0350,Warehouse_016__Person_0350,126,126,Camera_06,16,Warehouse_016,Person,1,0.6666666666666666,7140,8670,/pfs/data6/home/st/st_us-053000/st_st191959/DL-Lab/DataSet/MTMC_Tracking_2025_Preprocessed/val/Warehouse_016/crops/Person_0350/Camera_06/Person_0350_Camera_06_f007140_r001.jpg,None,48,Hospital_000__Person_0018,0.5714285714285714,False,True,-0.21178295,0.27699485,-0.21178314,0.2770042,-0.15555325
618,Person_0350,Warehouse_016__Person_0350,126,126,Camera_07,17,Warehouse_016,Person,1,0.627831715210356,0,7080,/pfs/data6/home/st/st_us-053000/st_st191959/DL-Lab/DataSet/MTMC_Tracking_2025_Preprocessed/val/Warehouse_016/crops/Person_0350/Camera_07/Person_0350_Camera_07_f000000_r006.jpg,None,48,Hospital_000__Person_0018,0.5714285714285714,False,True,0.42464125,0.2421327,0.42464077,0.24215123,-0.15206611
61,Person_0350,Warehouse_016__Person_0350,126,126,Camera_08,18,Warehouse_016,Person,1,0.6557377049180327,690,4140,/pfs/data6/home/st/st_us-053000/st_st191959/DL-Lab/DataSet/MTMC_Tracking_2025_Preprocessed/val/Warehouse_016/crops/Person_0350/Camera_08/Person_0350_Camera_08_f000690_r002.jpg,None,48,Hospital_000__Person_0018,0.5714285714285714,False,True,0.28594387,0.34154364,0.28594363,0.34155333,-0.12518181
135,Person_0350,Warehouse_016__Person_0350,126,126,Camera_09,19,Warehouse_016,Person,1,0.6222222222222222,0,4830,/pfs/data6/home/st/st_us-053000/st_st191959/DL-Lab/DataSet/MTMC_Tracking_2025_Preprocessed/val/Warehouse_016/crops/Person_0350/Camera_09/Person_0350_Camera_09_f000000_r006.jpg,None,48,Hospital_000__Person_0018,0.5714285714285714,False,True,0.5482441,0.23989236,0.5482436,0.2399025,-0.124863066
625,Person_0350,Warehouse_016__Person_0350,126,126,Camera_10,20,Warehouse_016,Person,1,0.6656,0,6240,/pfs/data6/home/st/st_us-053000/st_st191959/DL-Lab/DataSet/MTMC_Tracking_2025_Preprocessed/val/Warehouse_016/crops/Person_0350/Camera_10/Person_0350_Camera_10_f000000_r005.jpg,None,48,Hospital_000__Person_0018,0.5714285714285714,False,True,-0.05172242,0.3143708,-0.05172272,0.31438562,-0.14688523
529,Person_0350,Warehouse_016__Person_0350,126,126,Camera_11,21,Warehouse_016,Person,1,0.6616257088846881,0,6210,/pfs/data6/home/st/st_us-053000/st_st191959/DL-Lab/DataSet/MTMC_Tracking_2025_Preprocessed/val/Warehouse_016/crops/Person_0350/Camera_11/Person_0350_Camera_11_f000000_r003.jpg,None,48,Hospital_000__Person_0018,0.5714285714285714,False,True,0.10929063,0.2675891,0.10929034,0.26760197,-0.17341049
802,Person_0351,Warehouse_016__Person_0351,127,127,Camera,0,Warehouse_016,Person,1,0.6633416458852868,240,8970,/pfs/data6/home/st/st_us-053000/st_st191959/DL-Lab/DataSet/MTMC_Tracking_2025_Preprocessed/val/Warehouse_016/crops/Person_0351/Camera/Person_0351_Camera_f000240_r006.jpg,None,108,Warehouse_016__Person_0351,1.0,False,False,0.20385349,-0.15030143,0.20385313,-0.150293,-0.087297246
523,Person_0351,Warehouse_016__Person_0351,127,127,Camera_01,11,Warehouse_016,Person,1,0.6577437858508605,240,8970,/pfs/data6/home/st/st_us-053000/st_st191959/DL-Lab/DataSet/MTMC_Tracking_2025_Preprocessed/val/Warehouse_016/crops/Person_0351/Camera_01/Person_0351_Camera_01_f000240_r008.jpg,None,108,Warehouse_016__Person_0351,1.0,False,False,-0.13733934,-0.15175667,-0.13733959,-0.15175192,-0.18252957
418,Person_0351,Warehouse_016__Person_0351,127,127,Camera_02,12,Warehouse_016,Person,1,0.6650717703349283,660,8970,/pfs/data6/home/st/st_us-053000/st_st191959/DL-Lab/DataSet/MTMC_Tracking_2025_Preprocessed/val/Warehouse_016/crops/Person_0351/Camera_02/Person_0351_Camera_02_f000660_r005.jpg,None,-1,NOISE,0.0,True,False,0.027124505,-0.20090836,0.027124347,-0.20090246,-0.11923204
526,Person_0351,Warehouse_016__Person_0351,127,127,Camera_03,13,Warehouse_016,Person,1,0.6387832699619772,180,8970,/pfs/data6/home/st/st_us-053000/st_st191959/DL-Lab/DataSet/MTMC_Tracking_2025_Preprocessed/val/Warehouse_016/crops/Person_0351/Camera_03/Person_0351_Camera_03_f000180_r006.jpg,None,-1,NOISE,0.0,True,False,0.1671469,-0.2286952,0.16714664,-0.22870214,-0.12129156
70,Person_0351,Warehouse_016__Person_0351,127,127,Camera_05,15,Warehouse_016,Person,1,0.6571428571428571,0,1140,/pfs/data6/home/st/st_us-053000/st_st191959/DL-Lab/DataSet/MTMC_Tracking_2025_Preprocessed/val/Warehouse_016/crops/Person_0351/Camera_05/Person_0351_Camera_05_f000000_r003.jpg,None,108,Warehouse_016__Person_0351,1.0,False,False,0.022157341,-0.16117239,0.022157079,-0.16116601,-0.16464138
754,Person_0351,Warehouse_016__Person_0351,127,127,Camera_07,17,Warehouse_016,Person,1,0.6180371352785146,180,8970,/pfs/data6/home/st/st_us-053000/st_st191959/DL-Lab/DataSet/MTMC_Tracking_2025_Preprocessed/val/Warehouse_016/crops/Person_0351/Camera_07/Person_0351_Camera_07_f000180_r007.jpg,None,108,Warehouse_016__Person_0351,1.0,False,False,0.36139876,-0.13599253,0.36139837,-0.13597822,-0.083293036
24,Person_0351,Warehouse_016__Person_0351,127,127,Camera_08,18,Warehouse_016,Person,1,0.6666666666666666,0,210,/pfs/data6/home/st/st_us-053000/st_st191959/DL-Lab/DataSet/MTMC_Tracking_2025_Preprocessed/val/Warehouse_016/crops/Person_0351/Camera_08/Person_0351_Camera_08_f000000_r002.jpg,None,-1,NOISE,0.0,True,False,0.18231362,-0.19579683,0.18231332,-0.19578908,-0.07525885
31,Person_0351,Warehouse_016__Person_0351,127,127,Camera_09,19,Warehouse_016,Person,1,0.6451612903225806,0,300,/pfs/data6/home/st/st_us-053000/st_st191959/DL-Lab/DataSet/MTMC_Tracking_2025_Preprocessed/val/Warehouse_016/crops/Person_0351/Camera_09/Person_0351_Camera_09_f000000_r005.jpg,None,-1,NOISE,0.0,True,False,0.5492433,-0.09976095,0.5492429,-0.09975007,-0.05238372
734,Person_0351,Warehouse_016__Person_0351,127,127,Camera_10,20,Warehouse_016,Person,1,0.662125340599455,0,8550,/pfs/data6/home/st/st_us-053000/st_st191959/DL-Lab/DataSet/MTMC_Tracking_2025_Preprocessed/val/Warehouse_016/crops/Person_0351/Camera_10/Person_0351_Camera_10_f000000_r004.jpg,None,108,Warehouse_016__Person_0351,1.0,False,False,-0.10039775,-0.13106406,-0.10039799,-0.13105534,-0.1315063
708,Person_0351,Warehouse_016__Person_0351,127,127,Camera_11,21,Warehouse_016,Person,1,0.6638418079096046,0,8370,/pfs/data6/home/st/st_us-053000/st_st191959/DL-Lab/DataSet/MTMC_Tracking_2025_Preprocessed/val/Warehouse_016/crops/Person_0351/Camera_11/Person_0351_Camera_11_f000000_r002.jpg,None,108,Warehouse_016__Person_0351,1.0,False,False,0.2571139,-0.13030495,0.25711355,-0.13029595,-0.10011208
532,Person_0625,Warehouse_016__Person_0625,128,128,Camera,0,Warehouse_016,Person,1,0.6578947368421053,0,6090,/pfs/data6/home/st/st_us-053000/st_st191959/DL-Lab/DataSet/MTMC_Tracking_2025_Preprocessed/val/Warehouse_016/crops/Person_0625/Camera/Person_0625_Camera_f000000_r004.jpg,None,16,Hospital_000__Person_0022,0.52,False,True,0.24932246,-0.23505156,0.24932241,-0.23505358,0.21028116
507,Person_0625,Warehouse_016__Person_0625,128,128,Camera_01,11,Warehouse_016,Person,1,0.6469428007889546,240,8850,/pfs/data6/home/st/st_us-053000/st_st191959/DL-Lab/DataSet/MTMC_Tracking_2025_Preprocessed/val/Warehouse_016/crops/Person_0625/Camera_01/Person_0625_Camera_01_f000240_r005.jpg,None,16,Hospital_000__Person_0022,0.52,False,True,0.22105943,-0.2246082,0.22105934,-0.22461064,0.15028398
428,Person_0625,Warehouse_016__Person_0625,128,128,Camera_02,12,Warehouse_016,Person,1,0.6448598130841121,240,8520,/pfs/data6/home/st/st_us-053000/st_st191959/DL-Lab/DataSet/MTMC_Tracking_2025_Preprocessed/val/Warehouse_016/crops/Person_0625/Camera_02/Person_0625_Camera_02_f000240_r004.jpg,None,16,Hospital_000__Person_0022,0.52,False,True,0.09346101,-0.22692704,0.09346102,-0.22692998,0.15725058
451,Person_0625,Warehouse_016__Person_0625,128,128,Camera_03,13,Warehouse_016,Person,1,0.5986696230598669,270,8970,/pfs/data6/home/st/st_us-053000/st_st191959/DL-Lab/DataSet/MTMC_Tracking_2025_Preprocessed/val/Warehouse_016/crops/Person_0625/Camera_03/Person_0625_Camera_03_f000270_r004.jpg,None,16,Hospital_000__Person_0022,0.52,False,True,0.25444087,-0.2756713,0.25444067,-0.27566785,0.17991465
349,Person_0625,Warehouse_016__Person_0625,128,128,Camera_04,14,Warehouse_016,Person,1,0.664756446991404,5340,8970,/pfs/data6/home/st/st_us-053000/st_st191959/DL-Lab/DataSet/MTMC_Tracking_2025_Preprocessed/val/Warehouse_016/crops/Person_0625/Camera_04/Person_0625_Camera_04_f005340_r002.jpg,None,16,Hospital_000__Person_0022,0.52,False,True,0.1320133,-0.29097563,0.13201329,-0.2909765,0.21407929
127,Person_0625,Warehouse_016__Person_0625,128,128,Camera_05,15,Warehouse_016,Person,1,0.6614173228346457,4950,7680,/pfs/data6/home/st/st_us-053000/st_st191959/DL-Lab/DataSet/MTMC_Tracking_2025_Preprocessed/val/Warehouse_016/crops/Person_0625/Camera_05/Person_0625_Camera_05_f004950_r003.jpg,None,16,Hospital_000__Person_0022,0.52,False,True,0.16003704,-0.29221424,0.16003703,-0.29221573,0.18521193
268,Person_0625,Warehouse_016__Person_0625,128,128,Camera_06,16,Warehouse_016,Person,1,0.664179104477612,6090,8970,/pfs/data6/home/st/st_us-053000/st_st191959/DL-Lab/DataSet/MTMC_Tracking_2025_Preprocessed/val/Warehouse_016/crops/Person_0625/Camera_06/Person_0625_Camera_06_f006090_r000.jpg,None,16,Hospital_000__Person_0022,0.52,False,True,0.3981502,-0.2361711,0.3981499,-0.23617277,0.14837378
475,Person_0625,Warehouse_016__Person_0625,128,128,Camera_07,17,Warehouse_016,Person,1,0.6063157894736843,60,6030,/pfs/data6/home/st/st_us-053000/st_st191959/DL-Lab/DataSet/MTMC_Tracking_2025_Preprocessed/val/Warehouse_016/crops/Person_0625/Camera_07/Person_0625_Camera_07_f000060_r005.jpg,None,16,Hospital_000__Person_0022,0.52,False,True,0.36748245,-0.25755462,0.36748233,-0.257555,0.1665246
117,Person_0625,Warehouse_016__Person_0625,128,128,Camera_08,18,Warehouse_016,Person,1,0.6666666666666666,5280,8040,/pfs/data6/home/st/st_us-053000/st_st191959/DL-Lab/DataSet/MTMC_Tracking_2025_Preprocessed/val/Warehouse_016/crops/Person_0625/Camera_08/Person_0625_Camera_08_f005280_r000.jpg,None,16,Hospital_000__Person_0022,0.52,False,True,0.11733377,-0.28089038,0.11733377,-0.28089452,0.18814574
230,Person_0625,Warehouse_016__Person_0625,128,128,Camera_09,19,Warehouse_016,Person,1,0.6434782608695652,5010,8820,/pfs/data6/home/st/st_us-053000/st_st191959/DL-Lab/DataSet/MTMC_Tracking_2025_Preprocessed/val/Warehouse_016/crops/Person_0625/Camera_09/Person_0625_Camera_09_f005010_r002.jpg,None,16,Hospital_000__Person_0022,0.52,False,True,0.3833734,-0.2280226,0.3833733,-0.22802395,0.16646953
426,Person_0625,Warehouse_016__Person_0625,128,128,Camera_10,20,Warehouse_016,Person,1,0.6619718309859155,0,5790,/pfs/data6/home/st/st_us-053000/st_st191959/DL-Lab/DataSet/MTMC_Tracking_2025_Preprocessed/val/Warehouse_016/crops/Person_0625/Camera_10/Person_0625_Camera_10_f000000_r003.jpg,None,16,Hospital_000__Person_0022,0.52,False,True,0.0459888,-0.3013438,0.045988858,-0.30134398,0.19026963
526,Person_0625,Warehouse_016__Person_0625,128,128,Camera_11,21,Warehouse_016,Person,1,0.6653992395437263,0,5280,/pfs/data6/home/st/st_us-053000/st_st191959/DL-Lab/DataSet/MTMC_Tracking_2025_Preprocessed/val/Warehouse_016/crops/Person_0625/Camera_11/Person_0625_Camera_11_f000000_r001.jpg,None,16,Hospital_000__Person_0022,0.52,False,True,0.209158,-0.25353697,0.20915791,-0.25353974,0.19873674
883,Person_0699,Warehouse_016__Person_0699,129,129,Camera,0,Warehouse_016,Person,1,0.665911664779162,0,8970,/pfs/data6/home/st/st_us-053000/st_st191959/DL-Lab/DataSet/MTMC_Tracking_2025_Preprocessed/val/Warehouse_016/crops/Person_0699/Camera/Person_0699_Camera_f000000_r005.jpg,None,11,Warehouse_016__Person_0699,1.0,False,False,0.0041958163,0.023106273,0.00419567,0.023123123,-0.26255363
711,Person_0699,Warehouse_016__Person_0699,129,129,Camera_01,11,Warehouse_016,Person,1,0.6638537271448663,0,8970,/pfs/data6/home/st/st_us-053000/st_st191959/DL-Lab/DataSet/MTMC_Tracking_2025_Preprocessed/val/Warehouse_016/crops/Person_0699/Camera_01/Person_0699_Camera_01_f000000_r006.jpg,None,11,Warehouse_016__Person_0699,1.0,False,False,-0.111308075,0.02099501,-0.11130824,0.021011747,-0.2400514
624,Person_0699,Warehouse_016__Person_0699,129,129,Camera_02,12,Warehouse_016,Person,1,0.657051282051282,0,8970,/pfs/data6/home/st/st_us-053000/st_st191959/DL-Lab/DataSet/MTMC_Tracking_2025_Preprocessed/val/Warehouse_016/crops/Person_0699/Camera_02/Person_0699_Camera_02_f000000_r005.jpg,None,11,Warehouse_016__Person_0699,1.0,False,False,-0.271244,0.083695464,-0.27124393,0.08370893,-0.22064525
678,Person_0699,Warehouse_016__Person_0699,129,129,Camera_03,13,Warehouse_016,Person,1,0.6578171091445427,0,8970,/pfs/data6/home/st/st_us-053000/st_st191959/DL-Lab/DataSet/MTMC_Tracking_2025_Preprocessed/val/Warehouse_016/crops/Person_0699/Camera_03/Person_0699_Camera_03_f000000_r004.jpg,None,11,Warehouse_016__Person_0699,1.0,False,False,-0.03536523,0.00014017707,-0.035365403,0.00015885134,-0.25417578
239,Person_0699,Warehouse_016__Person_0699,129,129,Camera_04,14,Warehouse_016,Person,1,0.6276150627615062,0,8310,/pfs/data6/home/st/st_us-053000/st_st191959/DL-Lab/DataSet/MTMC_Tracking_2025_Preprocessed/val/Warehouse_016/crops/Person_0699/Camera_04/Person_0699_Camera_04_f000000_r005.jpg,None,11,Warehouse_016__Person_0699,1.0,False,False,0.06812771,-0.025477802,0.06812748,-0.025456805,-0.2280398
233,Person_0699,Warehouse_016__Person_0699,129,129,Camera_05,15,Warehouse_016,Person,1,0.6609442060085837,4770,8970,/pfs/data6/home/st/st_us-053000/st_st191959/DL-Lab/DataSet/MTMC_Tracking_2025_Preprocessed/val/Warehouse_016/crops/Person_0699/Camera_05/Person_0699_Camera_05_f004770_r002.jpg,None,11,Warehouse_016__Person_0699,1.0,False,False,-0.13563842,-0.012992408,-0.13563856,-0.012976648,-0.25430685
870,Person_0699,Warehouse_016__Person_0699,129,129,Camera_07,17,Warehouse_016,Person,1,0.6666666666666666,90,8970,/pfs/data6/home/st/st_us-053000/st_st191959/DL-Lab/DataSet/MTMC_Tracking_2025_Preprocessed/val/Warehouse_016/crops/Person_0699/Camera_07/Person_0699_Camera_07_f000090_r006.jpg,None,11,Warehouse_016__Person_0699,1.0,False,False,0.092368744,-0.060862467,0.092368536,-0.0608403,-0.22186075
15,Person_0699,Warehouse_016__Person_0699,129,129,Camera_08,18,Warehouse_016,Person,1,0.6666666666666666,5490,5610,/pfs/data6/home/st/st_us-053000/st_st191959/DL-Lab/DataSet/MTMC_Tracking_2025_Preprocessed/val/Warehouse_016/crops/Person_0699/Camera_08/Person_0699_Camera_08_f005490_r002.jpg,None,11,Warehouse_016__Person_0699,1.0,False,False,0.07807041,-0.098455295,0.07807037,-0.09845121,-0.07319823
154,Person_0699,Warehouse_016__Person_0699,129,129,Camera_09,19,Warehouse_016,Person,1,0.5454545454545454,4860,8970,/pfs/data6/home/st/st_us-053000/st_st191959/DL-Lab/DataSet/MTMC_Tracking_2025_Preprocessed/val/Warehouse_016/crops/Person_0699/Camera_09/Person_0699_Camera_09_f004860_r002.jpg,None,27,Hospital_000__Person_0008,0.9473684210526315,False,True,0.58885294,0.06134576,0.588853,0.06134498,-0.18141682
561,Person_0699,Warehouse_016__Person_0699,129,129,Camera_10,20,Warehouse_016,Person,1,0.6666666666666666,480,8970,/pfs/data6/home/st/st_us-053000/st_st191959/DL-Lab/DataSet/MTMC_Tracking_2025_Preprocessed/val/Warehouse_016/crops/Person_0699/Camera_10/Person_0699_Camera_10_f000480_r005.jpg,None,11,Warehouse_016__Person_0699,1.0,False,False,-0.1276229,-0.008840081,-0.12762304,-0.008822502,-0.23380895
492,Person_0699,Warehouse_016__Person_0699,129,129,Camera_11,21,Warehouse_016,Person,1,0.6666666666666666,510,5610,/pfs/data6/home/st/st_us-053000/st_st191959/DL-Lab/DataSet/MTMC_Tracking_2025_Preprocessed/val/Warehouse_016/crops/Person_0699/Camera_11/Person_0699_Camera_11_f000510_r003.jpg,None,11,Warehouse_016__Person_0699,1.0,False,False,-0.04454963,-0.0025915527,-0.04454982,-0.0025735633,-0.20448308
900,Transporter_0349,Warehouse_016__Transporter_0349,130,130,Camera,0,Warehouse_016,Transporter,1,0.6666666666666666,0,8970,/pfs/data6/home/st/st_us-053000/st_st191959/DL-Lab/DataSet/MTMC_Tracking_2025_Preprocessed/val/Warehouse_016/crops/Transporter_0349/Camera/Transporter_0349_Camera_f000000_r003.jpg,None,2,Warehouse_015__Transporter_0007,0.6111111111111112,False,True,-0.020767815,-0.07951348,-0.020767746,-0.07953078,-0.1333519
900,Transporter_0349,Warehouse_016__Transporter_0349,130,130,Camera_01,11,Warehouse_016,Transporter,1,0.6666666666666666,0,8970,/pfs/data6/home/st/st_us-053000/st_st191959/DL-Lab/DataSet/MTMC_Tracking_2025_Preprocessed/val/Warehouse_016/crops/Transporter_0349/Camera_01/Transporter_0349_Camera_01_f000000_r004.jpg,None,2,Warehouse_015__Transporter_0007,0.6111111111111112,False,True,0.1946248,-0.04381248,0.19462477,-0.04382334,-0.17281404
900,Transporter_0349,Warehouse_016__Transporter_0349,130,130,Camera_02,12,Warehouse_016,Transporter,1,0.6666666666666666,0,8970,/pfs/data6/home/st/st_us-053000/st_st191959/DL-Lab/DataSet/MTMC_Tracking_2025_Preprocessed/val/Warehouse_016/crops/Transporter_0349/Camera_02/Transporter_0349_Camera_02_f000000_r003.jpg,None,2,Warehouse_015__Transporter_0007,0.6111111111111112,False,True,-0.056218475,-0.102159336,-0.056218382,-0.102176175,-0.15257117
900,Transporter_0349,Warehouse_016__Transporter_0349,130,130,Camera_03,13,Warehouse_016,Transporter,1,0.6666666666666666,0,8970,/pfs/data6/home/st/st_us-053000/st_st191959/DL-Lab/DataSet/MTMC_Tracking_2025_Preprocessed/val/Warehouse_016/crops/Transporter_0349/Camera_03/Transporter_0349_Camera_03_f000000_r003.jpg,None,2,Warehouse_015__Transporter_0007,0.6111111111111112,False,True,0.011681578,-0.042930022,0.011681675,-0.04295057,-0.17690495
900,Transporter_0349,Warehouse_016__Transporter_0349,130,130,Camera_04,14,Warehouse_016,Transporter,1,0.6666666666666666,0,8970,/pfs/data6/home/st/st_us-053000/st_st191959/DL-Lab/DataSet/MTMC_Tracking_2025_Preprocessed/val/Warehouse_016/crops/Transporter_0349/Camera_04/Transporter_0349_Camera_04_f000000_r003.jpg,None,2,Warehouse_015__Transporter_0007,0.6111111111111112,False,True,0.29718947,-0.1417831,0.2971894,-0.14180022,-0.06785173
900,Transporter_0349,Warehouse_016__Transporter_0349,130,130,Camera_05,15,Warehouse_016,Transporter,1,0.6666666666666666,0,8970,/pfs/data6/home/st/st_us-053000/st_st191959/DL-Lab/DataSet/MTMC_Tracking_2025_Preprocessed/val/Warehouse_016/crops/Transporter_0349/Camera_05/Transporter_0349_Camera_05_f000000_r002.jpg,None,2,Warehouse_015__Transporter_0007,0.6111111111111112,False,True,0.049259726,-0.08712175,0.049259815,-0.08714412,-0.21186934
900,Transporter_0349,Warehouse_016__Transporter_0349,130,130,Camera_09,19,Warehouse_016,Transporter,1,0.6666666666666666,0,8970,/pfs/data6/home/st/st_us-053000/st_st191959/DL-Lab/DataSet/MTMC_Tracking_2025_Preprocessed/val/Warehouse_016/crops/Transporter_0349/Camera_09/Transporter_0349_Camera_09_f000000_r003.jpg,None,2,Warehouse_015__Transporter_0007,0.6111111111111112,False,True,0.26906708,-0.021173324,0.26906717,-0.02119503,-0.19165322
