query_index,query_id,query_camera,top1_index,top1_id,top1_camera,top1_score,top1_correct,ap
0,Hospital_000__Person_0000,Camera,574,Lab_000__Person_0000,Camera_0001,0.9564192891120911,0,0.6722050610208504
1,Hospital_000__Person_0000,Camera_03,8,Hospital_000__Person_0000,Camera_22,0.9890483021736145,1,0.8101237381601751
2,Hospital_000__Person_0000,Camera_04,0,Hospital_000__Person_0000,Camera,0.8387616276741028,1,0.5850040652443399
3,Hospital_000__Person_0000,Camera_05,10,Hospital_000__Person_0000,Camera_24,0.9913658499717712,1,0.7377836473811705
4,Hospital_000__Person_0000,Camera_06,1,Hospital_000__Person_0000,Camera_03,0.986293375492096,1,0.7938388415585367
5,Hospital_000__Person_0000,Camera_08,3,Hospital_000__Person_0000,Camera_05,0.9730225801467896,1,0.7131881276618117
6,Hospital_000__Person_0000,Camera_09,1,Hospital_000__Person_0000,Camera_03,0.9872105717658997,1,0.8323815073815073
7,Hospital_000__Person_0000,Camera_20,0,Hospital_000__Person_0000,Camera,0.9345769882202148,1,0.7347112765248036
8,Hospital_000__Person_0000,Camera_22,10,Hospital_000__Person_0000,Camera_24,0.9969991445541382,1,0.8047818578182948
9,Hospital_000__Person_0000,Camera_23,0,Hospital_000__Person_0000,Camera,0.9433392882347107,1,0.7174565541230222
10,Hospital_000__Person_0000,Camera_24,8,Hospital_000__Person_0000,Camera_22,0.9969991445541382,1,0.7974675908886435
11,Hospital_000__Person_0000,Camera_26,8,Hospital_000__Person_0000,Camera_22,0.9926129579544067,1,0.8031481676218517
12,Hospital_000__Person_0000,Camera_27,577,Lab_000__Person_0000,Camera_0004,0.9153586626052856,0,0.6128213468413516
13,Hospital_000__Person_0000,Camera_31,4,Hospital_000__Person_0000,Camera_06,0.9604091644287109,1,0.7922601907896025
14,Hospital_000__Person_0001,Camera_03,36,Hospital_000__Person_0002,Camera_21,0.8295202255249023,0,0.04495942916604547
15,Hospital_000__Person_0001,Camera_04,25,Hospital_000__Person_0001,Camera_29,0.9856084585189819,1,0.9281609195402298
16,Hospital_000__Person_0001,Camera_07,20,Hospital_000__Person_0001,Camera_21,0.9753715395927429,1,0.9345238095238096
17,Hospital_000__Person_0001,Camera_10,23,Hospital_000__Person_0001,Camera_25,0.9782975316047668,1,0.925287356321839
18,Hospital_000__Person_0001,Camera_16,25,Hospital_000__Person_0001,Camera_29,0.9826756715774536,1,0.9276556776556778
19,Hospital_000__Person_0001,Camera_19,22,Hospital_000__Person_0001,Camera_24,0.9517931938171387,1,0.8636466080685149
20,Hospital_000__Person_0001,Camera_21,21,Hospital_000__Person_0001,Camera_23,0.9860674142837524,1,0.9285714285714287
21,Hospital_000__Person_0001,Camera_23,20,Hospital_000__Person_0001,Camera_21,0.9860674142837524,1,0.9274193548387097
22,Hospital_000__Person_0001,Camera_24,19,Hospital_000__Person_0001,Camera_19,0.9517931938171387,1,0.8195993111897003
23,Hospital_000__Person_0001,Camera_25,17,Hospital_000__Person_0001,Camera_10,0.9782975316047668,1,0.9261006289308176
24,Hospital_000__Person_0001,Camera_28,16,Hospital_000__Person_0001,Camera_07,0.9746207594871521,1,0.9362745098039216
25,Hospital_000__Person_0001,Camera_29,15,Hospital_000__Person_0001,Camera_04,0.9856084585189819,1,0.9276556776556778
26,Hospital_000__Person_0001,Camera_30,17,Hospital_000__Person_0001,Camera_10,0.9561788439750671,1,0.9239130434782608
27,Hospital_000__Person_0002,Camera,1243,Warehouse_015__Person_0221,Camera_07,0.7894721031188965,0,0.2561267054388236
28,Hospital_000__Person_0002,Camera_03,39,Hospital_000__Person_0002,Camera_24,0.9900582432746887,1,0.9652777777777778
29,Hospital_000__Person_0002,Camera_04,41,Hospital_000__Person_0002,Camera_27,0.9843014478683472,1,0.9487359550561798
30,Hospital_000__Person_0002,Camera_05,37,Hospital_000__Person_0002,Camera_22,0.9790950417518616,1,0.9669117647058824
31,Hospital_000__Person_0002,Camera_07,35,Hospital_000__Person_0002,Camera_19,0.9830333590507507,1,0.961890243902439
32,Hospital_000__Person_0002,Camera_08,34,Hospital_000__Person_0002,Camera_18,0.9742342829704285,1,0.9963235294117647
33,Hospital_000__Person_0002,Camera_16,34,Hospital_000__Person_0002,Camera_18,0.9802412390708923,1,0.9930555555555556
34,Hospital_000__Person_0002,Camera_18,33,Hospital_000__Person_0002,Camera_16,0.9802412390708923,1,0.9930555555555556
35,Hospital_000__Person_0002,Camera_19,41,Hospital_000__Person_0002,Camera_27,0.9902727603912354,1,0.964527027027027
36,Hospital_000__Person_0002,Camera_21,43,Hospital_000__Person_0002,Camera_29,0.9761956334114075,1,0.9579081632653061
37,Hospital_000__Person_0002,Camera_22,39,Hospital_000__Person_0002,Camera_24,0.9863218069076538,1,0.969758064516129
38,Hospital_000__Person_0002,Camera_23,35,Hospital_000__Person_0002,Camera_19,0.9853540062904358,1,0.9638157894736842
39,Hospital_000__Person_0002,Camera_24,28,Hospital_000__Person_0002,Camera_03,0.9900582432746887,1,0.9631410256410257
40,Hospital_000__Person_0002,Camera_26,30,Hospital_000__Person_0002,Camera_05,0.9714950323104858,1,0.9809782608695652
41,Hospital_000__Person_0002,Camera_27,35,Hospital_000__Person_0002,Camera_19,0.9902727603912354,1,0.9631410256410257
42,Hospital_000__Person_0002,Camera_28,35,Hospital_000__Person_0002,Camera_19,0.979860782623291,1,0.9488636363636364
43,Hospital_000__Person_0002,Camera_29,35,Hospital_000__Person_0002,Camera_19,0.9845040440559387,1,0.9613095238095238
44,Hospital_000__Person_0003,Camera,46,Hospital_000__Person_0003,Camera_04,0.9739478230476379,1,0.9325714285714286
45,Hospital_000__Person_0003,Camera_03,52,Hospital_000__Person_0003,Camera_19,0.9798146486282349,1,0.9131684876365727
46,Hospital_000__Person_0003,Camera_04,52,Hospital_000__Person_0003,Camera_19,0.9778767824172974,1,0.9005616605616605
47,Hospital_000__Person_0003,Camera_05,54,Hospital_000__Person_0003,Camera_22,0.9664037823677063,1,0.9009502923976608
48,Hospital_000__Person_0003,Camera_06,54,Hospital_000__Person_0003,Camera_22,0.9874585270881653,1,0.9069491525423728
49,Hospital_000__Person_0003,Camera_08,54,Hospital_000__Person_0003,Camera_22,0.9884533882141113,1,0.9092307692307693
50,Hospital_000__Person_0003,Camera_09,49,Hospital_000__Person_0003,Camera_08,0.9766481518745422,1,0.9010364842454395
51,Hospital_000__Person_0003,Camera_18,59,Hospital_000__Person_0003,Camera_31,0.9766392707824707,1,0.8764267396470786
52,Hospital_000__Person_0003,Camera_19,49,Hospital_000__Person_0003,Camera_08,0.9800834655761719,1,0.9175925925925925
53,Hospital_000__Person_0003,Camera_20,1411,Warehouse_016__FourierGR1T2_0353,Camera_07,0.749428927898407,0,0.05753627033975708
54,Hospital_000__Person_0003,Camera_22,49,Hospital_000__Person_0003,Camera_08,0.9884533882141113,1,0.9032974661575841
55,Hospital_000__Person_0003,Camera_23,44,Hospital_000__Person_0003,Camera,0.7798482775688171,1,0.2554784327350601
56,Hospital_000__Person_0003,Camera_24,49,Hospital_000__Person_0003,Camera_08,0.9794058203697205,1,0.9162280701754386
57,Hospital_000__Person_0003,Camera_26,54,Hospital_000__Person_0003,Camera_22,0.9839848875999451,1,0.8807345160286336
58,Hospital_000__Person_0003,Camera_27,45,Hospital_000__Person_0003,Camera_03,0.9726613163948059,1,0.9182053089029834
59,Hospital_000__Person_0003,Camera_31,51,Hospital_000__Person_0003,Camera_18,0.9766392707824707,1,0.8652471666264769
60,Hospital_000__Person_0004,Camera,68,Hospital_000__Person_0004,Camera_20,0.9570232033729553,1,0.8420930126938713
61,Hospital_000__Person_0004,Camera_03,66,Hospital_000__Person_0004,Camera_09,0.9870608448982239,1,0.8893707482993198
62,Hospital_000__Person_0004,Camera_04,72,Hospital_000__Person_0004,Camera_27,0.8323244452476501,1,0.9190115440115442
63,Hospital_000__Person_0004,Camera_05,70,Hospital_000__Person_0004,Camera_24,0.9798880219459534,1,0.9252873563218389
64,Hospital_000__Person_0004,Camera_06,66,Hospital_000__Person_0004,Camera_09,0.9865418672561646,1,0.8833333333333334
65,Hospital_000__Person_0004,Camera_08,72,Hospital_000__Person_0004,Camera_27,0.9454205632209778,1,0.9442640692640694
66,Hospital_000__Person_0004,Camera_09,61,Hospital_000__Person_0004,Camera_03,0.9870608448982239,1,0.8826923076923078
67,Hospital_000__Person_0004,Camera_19,228,Hospital_000__Person_0015,Camera_25,0.7018871903419495,0,0.0912300944545047
68,Hospital_000__Person_0004,Camera_20,60,Hospital_000__Person_0004,Camera,0.9570232033729553,1,0.8493252724287208
69,Hospital_000__Person_0004,Camera_22,71,Hospital_000__Person_0004,Camera_26,0.9959566593170166,1,0.9213900134952767
70,Hospital_000__Person_0004,Camera_24,69,Hospital_000__Person_0004,Camera_22,0.9936427474021912,1,0.9202395964691047
71,Hospital_000__Person_0004,Camera_26,69,Hospital_000__Person_0004,Camera_22,0.9959566593170166,1,0.9116858237547895
72,Hospital_000__Person_0004,Camera_27,65,Hospital_000__Person_0004,Camera_08,0.9454205632209778,1,0.930365296803653
73,Hospital_000__Person_0005,Camera_02,77,Hospital_000__Person_0005,Camera_13,0.9856313467025757,1,0.724637321144674
74,Hospital_000__Person_0005,Camera_03,80,Hospital_000__Person_0005,Camera_24,0.92242032289505,1,0.7621136173767753
75,Hospital_000__Person_0005,Camera_10,73,Hospital_000__Person_0005,Camera_02,0.9568442702293396,1,0.8070627289377289
76,Hospital_000__Person_0005,Camera_12,73,Hospital_000__Person_0005,Camera_02,0.9346336126327515,1,0.5205641367912535
77,Hospital_000__Person_0005,Camera_13,73,Hospital_000__Person_0005,Camera_02,0.9856313467025757,1,0.7626400560224089
78,Hospital_000__Person_0005,Camera_17,77,Hospital_000__Person_0005,Camera_13,0.9855258464813232,1,0.9381313131313131
79,Hospital_000__Person_0005,Camera_23,73,Hospital_000__Person_0005,Camera_02,0.9320381283760071,1,0.5611071047452121
80,Hospital_000__Person_0005,Camera_24,74,Hospital_000__Person_0005,Camera_03,0.92242032289505,1,0.7930240508365508
81,Hospital_000__Person_0005,Camera_28,74,Hospital_000__Person_0005,Camera_03,0.9211378693580627,1,0.9861111111111112
82,Hospital_000__Person_0006,Camera,91,Hospital_000__Person_0006,Camera_25,0.9393513798713684,1,1.0
83,Hospital_000__Person_0006,Camera_03,90,Hospital_000__Person_0006,Camera_24,0.9942249655723572,1,1.0
84,Hospital_000__Person_0006,Camera_04,91,Hospital_000__Person_0006,Camera_25,0.9706505537033081,1,1.0
85,Hospital_000__Person_0006,Camera_07,88,Hospital_000__Person_0006,Camera_21,0.9838531017303467,1,1.0
86,Hospital_000__Person_0006,Camera_10,94,Hospital_000__Person_0006,Camera_30,0.986470639705658,1,0.9467893217893218
87,Hospital_000__Person_0006,Camera_16,88,Hospital_000__Person_0006,Camera_21,0.9926937222480774,1,1.0
88,Hospital_000__Person_0006,Camera_21,87,Hospital_000__Person_0006,Camera_16,0.9926937222480774,1,1.0
89,Hospital_000__Person_0006,Camera_23,88,Hospital_000__Person_0006,Camera_21,0.9901264309883118,1,1.0
90,Hospital_000__Person_0006,Camera_24,83,Hospital_000__Person_0006,Camera_03,0.9942249655723572,1,1.0
91,Hospital_000__Person_0006,Camera_25,87,Hospital_000__Person_0006,Camera_16,0.989504337310791,1,1.0
92,Hospital_000__Person_0006,Camera_28,90,Hospital_000__Person_0006,Camera_24,0.9902666211128235,1,1.0
93,Hospital_000__Person_0006,Camera_29,87,Hospital_000__Person_0006,Camera_16,0.9624183177947998,1,0.9006734006734008
94,Hospital_000__Person_0006,Camera_30,86,Hospital_000__Person_0006,Camera_10,0.986470639705658,1,0.9576330532212884
95,Hospital_000__Person_0007,Camera,96,Hospital_000__Person_0007,Camera_01,0.9546478390693665,1,0.9095088202505082
96,Hospital_000__Person_0007,Camera_01,95,Hospital_000__Person_0007,Camera,0.9546478390693665,1,0.8975070397065282
97,Hospital_000__Person_0007,Camera_03,107,Hospital_000__Person_0007,Camera_24,0.9895913004875183,1,0.8512776057791538
98,Hospital_000__Person_0007,Camera_04,96,Hospital_000__Person_0007,Camera_01,0.8884337544441223,1,0.8606229389850077
99,Hospital_000__Person_0007,Camera_05,102,Hospital_000__Person_0007,Camera_09,0.9700003862380981,1,0.9138528138528138
100,Hospital_000__Person_0007,Camera_06,102,Hospital_000__Person_0007,Camera_09,0.9691671133041382,1,0.9059763989341454
101,Hospital_000__Person_0007,Camera_08,109,Hospital_000__Person_0007,Camera_27,0.9546318054199219,1,0.9052121212121211
102,Hospital_000__Person_0007,Camera_09,107,Hospital_000__Person_0007,Camera_24,0.9818475246429443,1,0.9096179183135704
103,Hospital_000__Person_0007,Camera_19,1300,Warehouse_015__Person_0234,Camera_07,0.5442867279052734,0,0.09798789972731813
104,Hospital_000__Person_0007,Camera_20,97,Hospital_000__Person_0007,Camera_03,0.9788438677787781,1,0.8546593558958845
105,Hospital_000__Person_0007,Camera_22,102,Hospital_000__Person_0007,Camera_09,0.9679171442985535,1,0.8853864124848145
106,Hospital_000__Person_0007,Camera_23,1435,Warehouse_016__FourierGR1T2_0626,Camera_08,0.7431071400642395,0,0.08470684051423605
107,Hospital_000__Person_0007,Camera_24,97,Hospital_000__Person_0007,Camera_03,0.9895913004875183,1,0.889181613716249
108,Hospital_000__Person_0007,Camera_26,102,Hospital_000__Person_0007,Camera_09,0.9624686241149902,1,0.9263783686990776
109,Hospital_000__Person_0007,Camera_27,101,Hospital_000__Person_0007,Camera_08,0.9546318054199219,1,0.8858264811300864
110,Hospital_000__Person_0007,Camera_31,287,Hospital_000__Person_0019,Camera_25,0.6549155116081238,0,0.11011800851550356
111,Hospital_000__Person_0008,Camera,123,Hospital_000__Person_0008,Camera_24,0.9880319237709045,1,0.9967320261437909
112,Hospital_000__Person_0008,Camera_03,123,Hospital_000__Person_0008,Camera_24,0.9925524592399597,1,1.0
113,Hospital_000__Person_0008,Camera_04,120,Hospital_000__Person_0008,Camera_20,0.9681469798088074,1,1.0
114,Hospital_000__Person_0008,Camera_05,121,Hospital_000__Person_0008,Camera_22,0.9883489012718201,1,1.0
115,Hospital_000__Person_0008,Camera_06,125,Hospital_000__Person_0008,Camera_26,0.9868595004081726,1,1.0
116,Hospital_000__Person_0008,Camera_08,112,Hospital_000__Person_0008,Camera_03,0.9925076961517334,1,1.0
117,Hospital_000__Person_0008,Camera_09,112,Hospital_000__Person_0008,Camera_03,0.9854772090911865,1,1.0
118,Hospital_000__Person_0008,Camera_18,125,Hospital_000__Person_0008,Camera_26,0.9871254563331604,1,1.0
119,Hospital_000__Person_0008,Camera_19,117,Hospital_000__Person_0008,Camera_09,0.9828460812568665,1,1.0
120,Hospital_000__Person_0008,Camera_20,116,Hospital_000__Person_0008,Camera_08,0.9742542505264282,1,1.0
121,Hospital_000__Person_0008,Camera_22,125,Hospital_000__Person_0008,Camera_26,0.9917771220207214,1,1.0
122,Hospital_000__Person_0008,Camera_23,126,Hospital_000__Person_0008,Camera_27,0.9768528938293457,1,0.9769472117655509
123,Hospital_000__Person_0008,Camera_24,112,Hospital_000__Person_0008,Camera_03,0.9925524592399597,1,1.0
124,Hospital_000__Person_0008,Camera_25,113,Hospital_000__Person_0008,Camera_04,0.9190872311592102,1,1.0
125,Hospital_000__Person_0008,Camera_26,121,Hospital_000__Person_0008,Camera_22,0.9917771220207214,1,1.0
126,Hospital_000__Person_0008,Camera_27,111,Hospital_000__Person_0008,Camera,0.9877411127090454,1,0.9932718185313343
127,Hospital_000__Person_0008,Camera_28,116,Hospital_000__Person_0008,Camera_08,0.991460382938385,1,1.0
128,Hospital_000__Person_0008,Camera_31,115,Hospital_000__Person_0008,Camera_06,0.9643900394439697,1,1.0
129,Hospital_000__Person_0009,Camera,130,Hospital_000__Person_0009,Camera_03,0.9782837629318237,1,0.9901360544217686
130,Hospital_000__Person_0009,Camera_03,142,Hospital_000__Person_0009,Camera_27,0.9874117374420166,1,0.9901360544217686
131,Hospital_000__Person_0009,Camera_04,142,Hospital_000__Person_0009,Camera_27,0.9789988398551941,1,1.0
132,Hospital_000__Person_0009,Camera_05,138,Hospital_000__Person_0009,Camera_22,0.9767259359359741,1,0.9786891679748824
133,Hospital_000__Person_0009,Camera_06,135,Hospital_000__Person_0009,Camera_09,0.9784078598022461,1,0.9999999999999999
134,Hospital_000__Person_0009,Camera_08,136,Hospital_000__Person_0009,Camera_18,0.9772198796272278,1,0.9901360544217687
135,Hospital_000__Person_0009,Camera_09,133,Hospital_000__Person_0009,Camera_06,0.9784078598022461,1,0.9999999999999999
136,Hospital_000__Person_0009,Camera_18,134,Hospital_000__Person_0009,Camera_08,0.9772198796272278,1,0.9901360544217687
137,Hospital_000__Person_0009,Camera_19,142,Hospital_000__Person_0009,Camera_27,0.9733849167823792,1,1.0
138,Hospital_000__Person_0009,Camera_22,140,Hospital_000__Person_0009,Camera_24,0.9851993322372437,1,0.9846415489272631
139,Hospital_000__Person_0009,Camera_23,130,Hospital_000__Person_0009,Camera_03,0.9829902052879333,1,0.957845638255302
140,Hospital_000__Person_0009,Camera_24,138,Hospital_000__Person_0009,Camera_22,0.9851993322372437,1,0.9786891679748823
141,Hospital_000__Person_0009,Camera_26,134,Hospital_000__Person_0009,Camera_08,0.9614285230636597,1,0.9901360544217686
142,Hospital_000__Person_0009,Camera_27,130,Hospital_000__Person_0009,Camera_03,0.9874117374420166,1,0.995238095238095
143,Hospital_000__Person_0009,Camera_28,133,Hospital_000__Person_0009,Camera_06,0.9679118990898132,1,1.0
144,Hospital_000__Person_0010,Camera_03,152,Hospital_000__Person_0010,Camera_24,0.9911935925483704,1,1.0
145,Hospital_000__Person_0010,Camera_04,147,Hospital_000__Person_0010,Camera_10,0.9513735771179199,1,1.0
146,Hospital_000__Person_0010,Camera_07,150,Hospital_000__Person_0010,Camera_21,0.9885230660438538,1,1.0
147,Hospital_000__Person_0010,Camera_10,156,Hospital_000__Person_0010,Camera_30,0.9800540804862976,1,1.0
148,Hospital_000__Person_0010,Camera_16,150,Hospital_000__Person_0010,Camera_21,0.9930508732795715,1,1.0
149,Hospital_000__Person_0010,Camera_19,152,Hospital_000__Person_0010,Camera_24,0.980034351348877,1,0.9999999999999999
150,Hospital_000__Person_0010,Camera_21,148,Hospital_000__Person_0010,Camera_16,0.9930508732795715,1,1.0
151,Hospital_000__Person_0010,Camera_23,150,Hospital_000__Person_0010,Camera_21,0.991751492023468,1,1.0
152,Hospital_000__Person_0010,Camera_24,144,Hospital_000__Person_0010,Camera_03,0.9911935925483704,1,1.0
153,Hospital_000__Person_0010,Camera_25,148,Hospital_000__Person_0010,Camera_16,0.9864501357078552,1,1.0
154,Hospital_000__Person_0010,Camera_28,150,Hospital_000__Person_0010,Camera_21,0.98505699634552,1,1.0
155,Hospital_000__Person_0010,Camera_29,156,Hospital_000__Person_0010,Camera_30,0.9856523275375366,1,1.0
156,Hospital_000__Person_0010,Camera_30,155,Hospital_000__Person_0010,Camera_29,0.9856523275375366,1,1.0
157,Hospital_000__Person_0011,Camera_03,165,Hospital_000__Person_0011,Camera_24,0.9958617091178894,1,0.9935897435897437
158,Hospital_000__Person_0011,Camera_04,161,Hospital_000__Person_0011,Camera_16,0.9689440131187439,1,1.0
159,Hospital_000__Person_0011,Camera_07,167,Hospital_000__Person_0011,Camera_28,0.9581350088119507,1,1.0
160,Hospital_000__Person_0011,Camera_10,161,Hospital_000__Person_0011,Camera_16,0.9583368301391602,1,1.0
161,Hospital_000__Person_0011,Camera_16,166,Hospital_000__Person_0011,Camera_25,0.9858936071395874,1,1.0
162,Hospital_000__Person_0011,Camera_19,165,Hospital_000__Person_0011,Camera_24,0.974282443523407,1,0.9935897435897435
163,Hospital_000__Person_0011,Camera_21,164,Hospital_000__Person_0011,Camera_23,0.9881840348243713,1,1.0
164,Hospital_000__Person_0011,Camera_23,163,Hospital_000__Person_0011,Camera_21,0.9881840348243713,1,1.0
165,Hospital_000__Person_0011,Camera_24,157,Hospital_000__Person_0011,Camera_03,0.9958617091178894,1,1.0
166,Hospital_000__Person_0011,Camera_25,161,Hospital_000__Person_0011,Camera_16,0.9858936071395874,1,1.0
167,Hospital_000__Person_0011,Camera_28,165,Hospital_000__Person_0011,Camera_24,0.9746761322021484,1,1.0
168,Hospital_000__Person_0011,Camera_29,166,Hospital_000__Person_0011,Camera_25,0.9772548079490662,1,1.0
169,Hospital_000__Person_0011,Camera_30,166,Hospital_000__Person_0011,Camera_25,0.9698013067245483,1,1.0
170,Hospital_000__Person_0012,Camera,178,Hospital_000__Person_0012,Camera_20,0.9568386077880859,1,0.6699059646070517
171,Hospital_000__Person_0012,Camera_01,170,Hospital_000__Person_0012,Camera,0.9503557085990906,1,0.6857877190311243
172,Hospital_000__Person_0012,Camera_03,179,Hospital_000__Person_0012,Camera_22,0.9670634865760803,1,0.7266181988742965
173,Hospital_000__Person_0012,Camera_05,180,Hospital_000__Person_0012,Camera_24,0.9214004278182983,1,0.6116265543967865
174,Hospital_000__Person_0012,Camera_06,178,Hospital_000__Person_0012,Camera_20,0.9606374502182007,1,0.9024410774410775
175,Hospital_000__Person_0012,Camera_08,196,Hospital_000__Person_0013,Camera_27,0.5941203832626343,0,0.25385737805872444
176,Hospital_000__Person_0012,Camera_09,174,Hospital_000__Person_0012,Camera_06,0.9423350691795349,1,0.8847853535353537
177,Hospital_000__Person_0012,Camera_14,1230,Warehouse_015__Person_0220,Camera_05,0.9268754124641418,0,0.22021534136374732
178,Hospital_000__Person_0012,Camera_20,174,Hospital_000__Person_0012,Camera_06,0.9606374502182007,1,0.9110644257703081
179,Hospital_000__Person_0012,Camera_22,172,Hospital_000__Person_0012,Camera_03,0.9670634865760803,1,0.44983929340353485
180,Hospital_000__Person_0012,Camera_24,172,Hospital_000__Person_0012,Camera_03,0.9629773497581482,1,0.5821141041976782
181,Hospital_000__Person_0012,Camera_26,172,Hospital_000__Person_0012,Camera_03,0.7687325477600098,1,0.7826367668279434
182,Hospital_000__Person_0012,Camera_27,174,Hospital_000__Person_0012,Camera_06,0.8301994204521179,1,0.8156242478463611
183,Hospital_000__Person_0013,Camera,190,Hospital_000__Person_0013,Camera_20,0.9833510518074036,1,0.9468468468468467
184,Hospital_000__Person_0013,Camera_03,193,Hospital_000__Person_0013,Camera_24,0.9966863393783569,1,0.9475702075702076
185,Hospital_000__Person_0013,Camera_04,196,Hospital_000__Person_0013,Camera_27,0.701609194278717,1,0.26724398978762126
186,Hospital_000__Person_0013,Camera_05,191,Hospital_000__Person_0013,Camera_22,0.9813968539237976,1,0.9428876678876679
187,Hospital_000__Person_0013,Camera_06,189,Hospital_000__Person_0013,Camera_09,0.9900203943252563,1,0.9212606837606837
188,Hospital_000__Person_0013,Camera_08,196,Hospital_000__Person_0013,Camera_27,0.9669812321662903,1,0.6205125722230985
189,Hospital_000__Person_0013,Camera_09,187,Hospital_000__Person_0013,Camera_06,0.9900203943252563,1,0.9118527725944605
190,Hospital_000__Person_0013,Camera_20,193,Hospital_000__Person_0013,Camera_24,0.9834513068199158,1,0.9480392156862745
191,Hospital_000__Person_0013,Camera_22,195,Hospital_000__Person_0013,Camera_26,0.9946545362472534,1,0.9124589490968802
192,Hospital_000__Person_0013,Camera_23,183,Hospital_000__Person_0013,Camera,0.9038342237472534,1,0.5613097565876433
193,Hospital_000__Person_0013,Camera_24,184,Hospital_000__Person_0013,Camera_03,0.9966863393783569,1,0.9603603603603603
194,Hospital_000__Person_0013,Camera_25,183,Hospital_000__Person_0013,Camera,0.9300693273544312,1,0.9363221060782037
195,Hospital_000__Person_0013,Camera_26,191,Hospital_000__Person_0013,Camera_22,0.9946545362472534,1,0.913690476190476
196,Hospital_000__Person_0013,Camera_27,188,Hospital_000__Person_0013,Camera_08,0.9669812321662903,1,0.4722042271978173
197,Hospital_000__Person_0013,Camera_28,189,Hospital_000__Person_0013,Camera_09,0.8831566572189331,1,0.5323846130014523
198,Hospital_000__Person_0013,Camera_31,187,Hospital_000__Person_0013,Camera_06,0.9815881252288818,1,0.9136904761904762
199,Hospital_000__Person_0014,Camera_03,207,Hospital_000__Person_0014,Camera_24,0.9154949188232422,1,1.0
200,Hospital_000__Person_0014,Camera_04,210,Hospital_000__Person_0014,Camera_29,0.9911844730377197,1,1.0
201,Hospital_000__Person_0014,Camera_07,205,Hospital_000__Person_0014,Camera_21,0.9896430373191833,1,1.0
202,Hospital_000__Person_0014,Camera_10,208,Hospital_000__Person_0014,Camera_25,0.989657998085022,1,1.0
203,Hospital_000__Person_0014,Camera_16,210,Hospital_000__Person_0014,Camera_29,0.9880142211914062,1,1.0
204,Hospital_000__Person_0014,Camera_19,201,Hospital_000__Person_0014,Camera_07,0.9568203091621399,1,1.0
205,Hospital_000__Person_0014,Camera_21,206,Hospital_000__Person_0014,Camera_23,0.9899997711181641,1,1.0
206,Hospital_000__Person_0014,Camera_23,205,Hospital_000__Person_0014,Camera_21,0.9899997711181641,1,1.0
207,Hospital_000__Person_0014,Camera_24,199,Hospital_000__Person_0014,Camera_03,0.9154949188232422,1,0.9708624708624709
208,Hospital_000__Person_0014,Camera_25,202,Hospital_000__Person_0014,Camera_10,0.989657998085022,1,1.0
209,Hospital_000__Person_0014,Camera_28,201,Hospital_000__Person_0014,Camera_07,0.9779559373855591,1,1.0
210,Hospital_000__Person_0014,Camera_29,200,Hospital_000__Person_0014,Camera_04,0.9911844730377197,1,1.0
211,Hospital_000__Person_0015,Camera,233,Hospital_000__Person_0015,Camera_31,0.9580663442611694,1,0.9017335225555202
212,Hospital_000__Person_0015,Camera_03,225,Hospital_000__Person_0015,Camera_22,0.9633193612098694,1,0.8991714565852339
213,Hospital_000__Person_0015,Camera_04,230,Hospital_000__Person_0015,Camera_27,0.9634906053543091,1,0.8888922288166247
214,Hospital_000__Person_0015,Camera_05,212,Hospital_000__Person_0015,Camera_03,0.9343332648277283,1,0.8252972098480266
215,Hospital_000__Person_0015,Camera_06,231,Hospital_000__Person_0015,Camera_28,0.9587500095367432,1,0.9223019543989586
216,Hospital_000__Person_0015,Camera_07,231,Hospital_000__Person_0015,Camera_28,0.9224501848220825,1,0.917707445187895
217,Hospital_000__Person_0015,Camera_08,230,Hospital_000__Person_0015,Camera_27,0.9724248647689819,1,0.9151860513306295
218,Hospital_000__Person_0015,Camera_09,221,Hospital_000__Person_0015,Camera_18,0.909098744392395,1,0.7285145246551692
219,Hospital_000__Person_0015,Camera_10,233,Hospital_000__Person_0015,Camera_31,0.7278728485107422,1,0.28458119814342064
220,Hospital_000__Person_0015,Camera_16,232,Hospital_000__Person_0015,Camera_29,0.9385349154472351,1,0.9568710359408032
221,Hospital_000__Person_0015,Camera_18,218,Hospital_000__Person_0015,Camera_09,0.909098744392395,1,0.9350344669992763
222,Hospital_000__Person_0015,Camera_19,231,Hospital_000__Person_0015,Camera_28,0.9563813209533691,1,0.9103718974172957
223,Hospital_000__Person_0015,Camera_20,213,Hospital_000__Person_0015,Camera_04,0.8825048804283142,1,0.7033342012771966
224,Hospital_000__Person_0015,Camera_21,215,Hospital_000__Person_0015,Camera_06,0.9546493291854858,1,0.9197398190045247
225,Hospital_000__Person_0015,Camera_22,212,Hospital_000__Person_0015,Camera_03,0.9633193612098694,1,0.9104377682238091
226,Hospital_000__Person_0015,Camera_23,231,Hospital_000__Person_0015,Camera_28,0.9589018225669861,1,0.8554180430924422
227,Hospital_000__Person_0015,Camera_24,222,Hospital_000__Person_0015,Camera_19,0.9515721797943115,1,0.8651645104951292
228,Hospital_000__Person_0015,Camera_25,67,Hospital_000__Person_0004,Camera_19,0.7018871903419495,0,0.046227233675414495
229,Hospital_000__Person_0015,Camera_26,225,Hospital_000__Person_0015,Camera_22,0.9398631453514099,1,0.9072695138268907
230,Hospital_000__Person_0015,Camera_27,217,Hospital_000__Person_0015,Camera_08,0.9724248647689819,1,0.906814175129683
231,Hospital_000__Person_0015,Camera_28,226,Hospital_000__Person_0015,Camera_23,0.9589018225669861,1,0.905791592672781
232,Hospital_000__Person_0015,Camera_29,220,Hospital_000__Person_0015,Camera_16,0.9385349154472351,1,0.9578241430700445
233,Hospital_000__Person_0015,Camera_31,211,Hospital_000__Person_0015,Camera,0.9580663442611694,1,0.8863110768500949
234,Hospital_000__Person_0016,Camera_03,242,Hospital_000__Person_0016,Camera_24,0.9437540173530579,1,0.827149470899471
235,Hospital_000__Person_0016,Camera_04,238,Hospital_000__Person_0016,Camera_16,0.9749024510383606,1,1.0
236,Hospital_000__Person_0016,Camera_07,244,Hospital_000__Person_0016,Camera_28,0.9809070825576782,1,1.0
237,Hospital_000__Person_0016,Camera_10,246,Hospital_000__Person_0016,Camera_30,0.9544336795806885,1,0.9398864809081527
238,Hospital_000__Person_0016,Camera_16,235,Hospital_000__Person_0016,Camera_04,0.9749024510383606,1,1.0
239,Hospital_000__Person_0016,Camera_19,244,Hospital_000__Person_0016,Camera_28,0.9814143776893616,1,0.9935897435897435
240,Hospital_000__Person_0016,Camera_21,236,Hospital_000__Person_0016,Camera_07,0.9725978374481201,1,1.0
241,Hospital_000__Person_0016,Camera_23,240,Hospital_000__Person_0016,Camera_21,0.9672973155975342,1,0.9811507936507937
242,Hospital_000__Person_0016,Camera_24,234,Hospital_000__Person_0016,Camera_03,0.9437540173530579,1,0.7543276850505767
243,Hospital_000__Person_0016,Camera_25,237,Hospital_000__Person_0016,Camera_10,0.9107863903045654,1,0.8933006535947713
244,Hospital_000__Person_0016,Camera_28,239,Hospital_000__Person_0016,Camera_19,0.9814143776893616,1,1.0
245,Hospital_000__Person_0016,Camera_29,246,Hospital_000__Person_0016,Camera_30,0.9832399487495422,1,1.0
246,Hospital_000__Person_0016,Camera_30,245,Hospital_000__Person_0016,Camera_29,0.9832399487495422,1,0.9866452991452991
247,Hospital_000__Person_0017,Camera_03,253,Hospital_000__Person_0017,Camera_24,0.9777033925056458,1,0.9833333333333333
248,Hospital_000__Person_0017,Camera_04,252,Hospital_000__Person_0017,Camera_23,0.9649634957313538,1,1.0
249,Hospital_000__Person_0017,Camera_10,257,Hospital_000__Person_0017,Camera_30,0.9635852575302124,1,0.5031175412135164
250,Hospital_000__Person_0017,Camera_16,251,Hospital_000__Person_0017,Camera_21,0.9884511828422546,1,0.9484848484848484
251,Hospital_000__Person_0017,Camera_21,252,Hospital_000__Person_0017,Camera_23,0.988659679889679,1,0.9833333333333333
252,Hospital_000__Person_0017,Camera_23,251,Hospital_000__Person_0017,Camera_21,0.988659679889679,1,0.9999999999999999
253,Hospital_000__Person_0017,Camera_24,247,Hospital_000__Person_0017,Camera_03,0.9777033925056458,1,0.9669230769230769
254,Hospital_000__Person_0017,Camera_25,257,Hospital_000__Person_0017,Camera_30,0.9797040820121765,1,0.8927579365079364
255,Hospital_000__Person_0017,Camera_28,253,Hospital_000__Person_0017,Camera_24,0.9728351831436157,1,0.9909090909090909
256,Hospital_000__Person_0017,Camera_29,254,Hospital_000__Person_0017,Camera_25,0.9663044214248657,1,0.9809090909090908
257,Hospital_000__Person_0017,Camera_30,254,Hospital_000__Person_0017,Camera_25,0.9797040820121765,1,0.7885704646230962
258,Hospital_000__Person_0018,Camera,262,Hospital_000__Person_0018,Camera_05,0.9554836750030518,1,0.5071830267206752
259,Hospital_000__Person_0018,Camera_01,1469,Warehouse_016__Person_0350,Camera_07,0.8594089150428772,0,0.36098312568587615
260,Hospital_000__Person_0018,Camera_03,270,Hospital_000__Person_0018,Camera_24,0.989987850189209,1,0.7924741493148673
261,Hospital_000__Person_0018,Camera_04,269,Hospital_000__Person_0018,Camera_23,0.8727906346321106,1,0.631163324229273
262,Hospital_000__Person_0018,Camera_05,258,Hospital_000__Person_0018,Camera,0.9554836750030518,1,0.6477828402061139
263,Hospital_000__Person_0018,Camera_06,260,Hospital_000__Person_0018,Camera_03,0.9619634747505188,1,0.8335822985494038
264,Hospital_000__Person_0018,Camera_08,267,Hospital_000__Person_0018,Camera_20,0.9609584212303162,1,0.6559559486673457
265,Hospital_000__Person_0018,Camera_09,268,Hospital_000__Person_0018,Camera_22,0.9906964302062988,1,0.7102140819710477
266,Hospital_000__Person_0018,Camera_19,595,Lab_000__Person_0002,Camera_0002,0.6767481565475464,0,0.1878159135729221
267,Hospital_000__Person_0018,Camera_20,270,Hospital_000__Person_0018,Camera_24,0.9638255834579468,1,0.6476188709596218
268,Hospital_000__Person_0018,Camera_22,265,Hospital_000__Person_0018,Camera_09,0.9906964302062988,1,0.7313534055464286
269,Hospital_000__Person_0018,Camera_23,258,Hospital_000__Person_0018,Camera,0.9260709285736084,1,0.5450747106066
270,Hospital_000__Person_0018,Camera_24,260,Hospital_000__Person_0018,Camera_03,0.989987850189209,1,0.7932473323777671
271,Hospital_000__Person_0018,Camera_25,259,Hospital_000__Person_0018,Camera_01,0.8420632481575012,1,0.22801826160316802
272,Hospital_000__Person_0018,Camera_26,268,Hospital_000__Person_0018,Camera_22,0.9849397540092468,1,0.7644983240331706
273,Hospital_000__Person_0018,Camera_27,264,Hospital_000__Person_0018,Camera_08,0.9420055150985718,1,0.8312941578970192
274,Hospital_000__Person_0018,Camera_31,272,Hospital_000__Person_0018,Camera_26,0.9771547317504883,1,0.7584537998014134
275,Hospital_000__Person_0019,Camera,283,Hospital_000__Person_0019,Camera_20,0.9727182388305664,1,0.9505747126436781
276,Hospital_000__Person_0019,Camera_03,286,Hospital_000__Person_0019,Camera_24,0.9933648705482483,1,0.918782423538521
277,Hospital_000__Person_0019,Camera_04,289,Hospital_000__Person_0019,Camera_27,0.8895975947380066,1,0.9645833333333333
278,Hospital_000__Person_0019,Camera_05,284,Hospital_000__Person_0019,Camera_22,0.9836517572402954,1,0.952027027027027
279,Hospital_000__Person_0019,Camera_06,281,Hospital_000__Person_0019,Camera_09,0.9936261773109436,1,0.9541666666666666
280,Hospital_000__Person_0019,Camera_08,289,Hospital_000__Person_0019,Camera_27,0.974280834197998,1,0.9505747126436781
281,Hospital_000__Person_0019,Camera_09,279,Hospital_000__Person_0019,Camera_06,0.9936261773109436,1,0.9419491525423729
282,Hospital_000__Person_0019,Camera_19,290,Hospital_000__Person_0019,Camera_31,0.8401879668235779,1,0.8808155464601021
283,Hospital_000__Person_0019,Camera_20,275,Hospital_000__Person_0019,Camera,0.9727182388305664,1,0.9445138888888889
284,Hospital_000__Person_0019,Camera_22,281,Hospital_000__Person_0019,Camera_09,0.9927864670753479,1,0.9301500563795644
285,Hospital_000__Person_0019,Camera_23,275,Hospital_000__Person_0019,Camera,0.8649771213531494,1,0.620706955909406
286,Hospital_000__Person_0019,Camera_24,276,Hospital_000__Person_0019,Camera_03,0.9933648705482483,1,0.9433816425120772
287,Hospital_000__Person_0019,Camera_25,110,Hospital_000__Person_0007,Camera_31,0.6549155116081238,0,0.12257113421095023
288,Hospital_000__Person_0019,Camera_26,284,Hospital_000__Person_0019,Camera_22,0.9885262250900269,1,0.9115864527629234
289,Hospital_000__Person_0019,Camera_27,280,Hospital_000__Person_0019,Camera_08,0.974280834197998,1,0.9541666666666666
290,Hospital_000__Person_0019,Camera_31,288,Hospital_000__Person_0019,Camera_26,0.9832635521888733,1,0.9285714285714286
291,Hospital_000__Person_0020,Camera,292,Hospital_000__Person_0020,Camera_01,0.9863085746765137,1,1.0
292,Hospital_000__Person_0020,Camera_01,291,Hospital_000__Person_0020,Camera,0.9863085746765137,1,1.0
293,Hospital_000__Person_0020,Camera_03,298,Hospital_000__Person_0020,Camera_09,0.9740551710128784,1,1.0
294,Hospital_000__Person_0020,Camera_04,291,Hospital_000__Person_0020,Camera,0.8695897459983826,1,1.0
295,Hospital_000__Person_0020,Camera_05,301,Hospital_000__Person_0020,Camera_22,0.9730340838432312,1,1.0
296,Hospital_000__Person_0020,Camera_06,301,Hospital_000__Person_0020,Camera_22,0.984898030757904,1,1.0
297,Hospital_000__Person_0020,Camera_08,305,Hospital_000__Person_0020,Camera_27,0.9818408489227295,1,1.0
298,Hospital_000__Person_0020,Camera_09,296,Hospital_000__Person_0020,Camera_06,0.9770862460136414,1,1.0
299,Hospital_000__Person_0020,Camera_19,303,Hospital_000__Person_0020,Camera_24,0.9786511659622192,1,1.0
300,Hospital_000__Person_0020,Camera_20,296,Hospital_000__Person_0020,Camera_06,0.9758484363555908,1,1.0
301,Hospital_000__Person_0020,Camera_22,303,Hospital_000__Person_0020,Camera_24,0.9911807775497437,1,1.0
302,Hospital_000__Person_0020,Camera_23,292,Hospital_000__Person_0020,Camera_01,0.9350353479385376,1,1.0
303,Hospital_000__Person_0020,Camera_24,301,Hospital_000__Person_0020,Camera_22,0.9911807775497437,1,1.0
304,Hospital_000__Person_0020,Camera_26,301,Hospital_000__Person_0020,Camera_22,0.9885669350624084,1,1.0
305,Hospital_000__Person_0020,Camera_27,297,Hospital_000__Person_0020,Camera_08,0.9818408489227295,1,1.0
306,Hospital_000__Person_0020,Camera_31,296,Hospital_000__Person_0020,Camera_06,0.9847996234893799,1,1.0
307,Hospital_000__Person_0021,Camera,316,Hospital_000__Person_0021,Camera_23,0.896793782711029,1,0.6951065224062355
308,Hospital_000__Person_0021,Camera_03,313,Hospital_000__Person_0021,Camera_09,0.9830171465873718,1,0.6810239102504676
309,Hospital_000__Person_0021,Camera_04,142,Hospital_000__Person_0009,Camera_27,0.931606650352478,0,0.014576233034729227
310,Hospital_000__Person_0021,Camera_05,307,Hospital_000__Person_0021,Camera,0.8545105457305908,1,0.7525395211638697
311,Hospital_000__Person_0021,Camera_06,317,Hospital_000__Person_0021,Camera_24,0.9720553159713745,1,0.8855277872645331
312,Hospital_000__Person_0021,Camera_08,319,Hospital_000__Person_0021,Camera_27,0.9004338979721069,1,0.777981359557741
313,Hospital_000__Person_0021,Camera_09,308,Hospital_000__Person_0021,Camera_03,0.9830171465873718,1,0.711004978621047
314,Hospital_000__Person_0021,Camera_20,317,Hospital_000__Person_0021,Camera_24,0.8914056420326233,1,0.8596226722627438
315,Hospital_000__Person_0021,Camera_22,318,Hospital_000__Person_0021,Camera_26,0.982343316078186,1,0.8217478013130186
316,Hospital_000__Person_0021,Camera_23,307,Hospital_000__Person_0021,Camera,0.896793782711029,1,0.1956259038430044
317,Hospital_000__Person_0021,Camera_24,315,Hospital_000__Person_0021,Camera_22,0.9733389019966125,1,0.8368883258724139
318,Hospital_000__Person_0021,Camera_26,315,Hospital_000__Person_0021,Camera_22,0.982343316078186,1,0.7972290949978575
319,Hospital_000__Person_0021,Camera_27,313,Hospital_000__Person_0021,Camera_09,0.9033377170562744,1,0.7612388415138727
320,Hospital_000__Person_0021,Camera_31,516,Hospital_000__Person_0035,Camera_26,0.6479682922363281,0,0.11301627463326387
321,Hospital_000__Person_0022,Camera,325,Hospital_000__Person_0022,Camera_06,0.9742698073387146,1,0.8394164593812933
322,Hospital_000__Person_0022,Camera_01,1493,Warehouse_016__Person_0625,Camera_09,0.9719905257225037,0,0.42328391273404065
323,Hospital_000__Person_0022,Camera_03,330,Hospital_000__Person_0022,Camera_24,0.9946104884147644,1,0.864568302068302
324,Hospital_000__Person_0022,Camera_05,327,Hospital_000__Person_0022,Camera_09,0.9933559894561768,1,0.8506249469484763
325,Hospital_000__Person_0022,Camera_06,328,Hospital_000__Person_0022,Camera_20,0.9864041209220886,1,0.8158898770311814
326,Hospital_000__Person_0022,Camera_08,332,Hospital_000__Person_0022,Camera_27,0.8791232109069824,1,0.5751365202658277
327,Hospital_000__Person_0022,Camera_09,324,Hospital_000__Person_0022,Camera_05,0.9933559894561768,1,0.8333347573479154
328,Hospital_000__Person_0022,Camera_20,324,Hospital_000__Person_0022,Camera_05,0.9918045997619629,1,0.8606078904991951
329,Hospital_000__Person_0022,Camera_22,324,Hospital_000__Person_0022,Camera_05,0.9918913841247559,1,0.8581712433257057
330,Hospital_000__Person_0022,Camera_24,323,Hospital_000__Person_0022,Camera_03,0.9946104884147644,1,0.8248184484597528
331,Hospital_000__Person_0022,Camera_26,329,Hospital_000__Person_0022,Camera_22,0.9777191877365112,1,0.8892123878536923
332,Hospital_000__Person_0022,Camera_27,1495,Warehouse_016__Person_0625,Camera_11,0.8835245966911316,0,0.4601062540400776
333,Hospital_000__Person_0022,Camera_31,329,Hospital_000__Person_0022,Camera_22,0.9642696380615234,1,0.8631734006734006
334,Hospital_000__Person_0023,Camera,343,Hospital_000__Person_0023,Camera_20,0.9793216586112976,1,0.950487012987013
335,Hospital_000__Person_0023,Camera_01,334,Hospital_000__Person_0023,Camera,0.9768374562263489,1,0.9511986301369864
336,Hospital_000__Person_0023,Camera_03,341,Hospital_000__Person_0023,Camera_09,0.9870059490203857,1,0.9678030303030303
337,Hospital_000__Person_0023,Camera_04,67,Hospital_000__Person_0004,Camera_19,0.7011024951934814,0,0.372034605613186
338,Hospital_000__Person_0023,Camera_05,341,Hospital_000__Person_0023,Camera_09,0.9933640956878662,1,0.9862253289473684
339,Hospital_000__Person_0023,Camera_06,344,Hospital_000__Person_0023,Camera_22,0.9883150458335876,1,0.9827786377708978
340,Hospital_000__Person_0023,Camera_08,341,Hospital_000__Person_0023,Camera_09,0.9804404973983765,1,0.9930555555555556
341,Hospital_000__Person_0023,Camera_09,344,Hospital_000__Person_0023,Camera_22,0.9939257502555847,1,0.9829545454545454
342,Hospital_000__Person_0023,Camera_19,348,Hospital_000__Person_0023,Camera_26,0.886665940284729,1,0.9492647058823529
343,Hospital_000__Person_0023,Camera_20,334,Hospital_000__Person_0023,Camera,0.9793216586112976,1,0.9575
344,Hospital_000__Person_0023,Camera_22,341,Hospital_000__Person_0023,Camera_09,0.9939257502555847,1,0.9827786377708978
345,Hospital_000__Person_0023,Camera_23,1402,Warehouse_016__FourierGR1T2_0352,Camera_09,0.8216241002082825,0,0.1600839795447468
346,Hospital_000__Person_0023,Camera_24,341,Hospital_000__Person_0023,Camera_09,0.9903584122657776,1,0.9583333333333333
347,Hospital_000__Person_0023,Camera_25,334,Hospital_000__Person_0023,Camera,0.8940514922142029,1,0.8608842899978583
348,Hospital_000__Person_0023,Camera_26,339,Hospital_000__Person_0023,Camera_06,0.981846809387207,1,0.9659803921568628
349,Hospital_000__Person_0023,Camera_27,340,Hospital_000__Person_0023,Camera_08,0.9796484708786011,1,0.974537037037037
350,Hospital_000__Person_0023,Camera_31,339,Hospital_000__Person_0023,Camera_06,0.9834141135215759,1,0.9812127976190477
351,Hospital_000__Person_0024,Camera_03,359,Hospital_000__Person_0024,Camera_26,0.979971706867218,1,0.9888888888888892
352,Hospital_000__Person_0024,Camera_04,360,Hospital_000__Person_0024,Camera_27,0.9582798480987549,1,0.9888888888888889
353,Hospital_000__Person_0024,Camera_05,357,Hospital_000__Person_0024,Camera_22,0.9819350838661194,1,0.9241622574955909
354,Hospital_000__Person_0024,Camera_08,356,Hospital_000__Person_0024,Camera_19,0.965522825717926,1,1.0
355,Hospital_000__Person_0024,Camera_18,354,Hospital_000__Person_0024,Camera_08,0.9594054818153381,1,0.9598765432098766
356,Hospital_000__Person_0024,Camera_19,360,Hospital_000__Person_0024,Camera_27,0.9864477515220642,1,1.0
357,Hospital_000__Person_0024,Camera_22,359,Hospital_000__Person_0024,Camera_26,0.9832026958465576,1,0.9888888888888892
358,Hospital_000__Person_0024,Camera_24,359,Hospital_000__Person_0024,Camera_26,0.9792279005050659,1,0.9722222222222223
359,Hospital_000__Person_0024,Camera_26,357,Hospital_000__Person_0024,Camera_22,0.9832026958465576,1,0.9797979797979799
360,Hospital_000__Person_0024,Camera_27,356,Hospital_000__Person_0024,Camera_19,0.9864477515220642,1,1.0000000000000002
361,Hospital_000__Person_0025,Camera,373,Hospital_000__Person_0025,Camera_24,0.9709683060646057,1,1.0
362,Hospital_000__Person_0025,Camera_03,367,Hospital_000__Person_0025,Camera_09,0.983763575553894,1,1.0
363,Hospital_000__Person_0025,Camera_04,361,Hospital_000__Person_0025,Camera,0.950490415096283,1,1.0
364,Hospital_000__Person_0025,Camera_05,371,Hospital_000__Person_0025,Camera_22,0.9740875959396362,1,1.0
365,Hospital_000__Person_0025,Camera_06,367,Hospital_000__Person_0025,Camera_09,0.9828886389732361,1,0.9691876750700279
366,Hospital_000__Person_0025,Camera_08,369,Hospital_000__Person_0025,Camera_19,0.9725848436355591,1,1.0
367,Hospital_000__Person_0025,Camera_09,362,Hospital_000__Person_0025,Camera_03,0.983763575553894,1,1.0
368,Hospital_000__Person_0025,Camera_18,374,Hospital_000__Person_0025,Camera_26,0.9544112682342529,1,1.0
369,Hospital_000__Person_0025,Camera_19,371,Hospital_000__Person_0025,Camera_22,0.9807515144348145,1,1.0
370,Hospital_000__Person_0025,Camera_20,361,Hospital_000__Person_0025,Camera,0.9649872779846191,1,0.9958333333333333
371,Hospital_000__Person_0025,Camera_22,373,Hospital_000__Person_0025,Camera_24,0.9858520030975342,1,1.0
372,Hospital_000__Person_0025,Camera_23,361,Hospital_000__Person_0025,Camera,0.9547181129455566,1,0.9759432234432235
373,Hospital_000__Person_0025,Camera_24,371,Hospital_000__Person_0025,Camera_22,0.9858520030975342,1,1.0
374,Hospital_000__Person_0025,Camera_26,376,Hospital_000__Person_0025,Camera_31,0.9767129421234131,1,1.0
375,Hospital_000__Person_0025,Camera_27,369,Hospital_000__Person_0025,Camera_19,0.9679992198944092,1,1.0
376,Hospital_000__Person_0025,Camera_31,374,Hospital_000__Person_0025,Camera_26,0.9767129421234131,1,0.9958333333333333
377,Hospital_000__Person_0026,Camera,378,Hospital_000__Person_0026,Camera_01,0.9804790019989014,1,0.9152777777777777
378,Hospital_000__Person_0026,Camera_01,377,Hospital_000__Person_0026,Camera,0.9804790019989014,1,0.9231182795698925
379,Hospital_000__Person_0026,Camera_03,386,Hospital_000__Person_0026,Camera_22,0.9868754744529724,1,0.9192573402417962
380,Hospital_000__Person_0026,Camera_04,120,Hospital_000__Person_0008,Camera_20,0.7744004130363464,0,0.02421423852275975
381,Hospital_000__Person_0026,Camera_05,382,Hospital_000__Person_0026,Camera_06,0.9887688755989075,1,0.9221915285451195
382,Hospital_000__Person_0026,Camera_06,381,Hospital_000__Person_0026,Camera_05,0.9887688755989075,1,0.9228778467908904
383,Hospital_000__Person_0026,Camera_08,389,Hospital_000__Person_0026,Camera_27,0.9062526226043701,1,0.9199239956568948
384,Hospital_000__Person_0026,Camera_09,385,Hospital_000__Person_0026,Camera_20,0.9913462400436401,1,0.9227642276422764
385,Hospital_000__Person_0026,Camera_20,384,Hospital_000__Person_0026,Camera_09,0.9913462400436401,1,0.9215210355987055
386,Hospital_000__Person_0026,Camera_22,379,Hospital_000__Person_0026,Camera_03,0.9868754744529724,1,0.8820237423538158
387,Hospital_000__Person_0026,Camera_24,388,Hospital_000__Person_0026,Camera_26,0.9816258549690247,1,0.9204834605597965
388,Hospital_000__Person_0026,Camera_26,387,Hospital_000__Person_0026,Camera_24,0.9816258549690247,1,0.9207482993197279
389,Hospital_000__Person_0026,Camera_27,383,Hospital_000__Person_0026,Camera_08,0.9062526226043701,1,0.9206192358366271
390,Hospital_000__Person_0027,Camera,391,Hospital_000__Person_0027,Camera_01,0.972899317741394,1,0.8949422372499294
391,Hospital_000__Person_0027,Camera_01,390,Hospital_000__Person_0027,Camera,0.972899317741394,1,0.9575596816976124
392,Hospital_000__Person_0027,Camera_03,400,Hospital_000__Person_0027,Camera_24,0.9770410656929016,1,0.9999999999999998
393,Hospital_000__Person_0027,Camera_05,396,Hospital_000__Person_0027,Camera_09,0.9929223656654358,1,1.0
394,Hospital_000__Person_0027,Camera_06,393,Hospital_000__Person_0027,Camera_05,0.9910393953323364,1,0.9999999999999998
395,Hospital_000__Person_0027,Camera_08,394,Hospital_000__Person_0027,Camera_06,0.8977014422416687,1,1.0
396,Hospital_000__Person_0027,Camera_09,393,Hospital_000__Person_0027,Camera_05,0.9929223656654358,1,0.9999999999999998
397,Hospital_000__Person_0027,Camera_20,393,Hospital_000__Person_0027,Camera_05,0.9928362965583801,1,0.9999999999999998
398,Hospital_000__Person_0027,Camera_22,394,Hospital_000__Person_0027,Camera_06,0.9582570195198059,1,0.9774161735700195
399,Hospital_000__Person_0027,Camera_23,390,Hospital_000__Person_0027,Camera,0.9650766253471375,1,0.8459170063448136
400,Hospital_000__Person_0027,Camera_24,392,Hospital_000__Person_0027,Camera_03,0.9770410656929016,1,0.9774161735700195
401,Hospital_000__Person_0027,Camera_26,398,Hospital_000__Person_0027,Camera_22,0.958230197429657,1,0.9593120554659014
402,Hospital_000__Person_0027,Camera_27,400,Hospital_000__Person_0027,Camera_24,0.7805514335632324,1,0.8709195216548156
403,Hospital_000__Person_0027,Camera_31,401,Hospital_000__Person_0027,Camera_26,0.8658621907234192,1,0.778018710680001
404,Hospital_000__Person_0028,Camera,405,Hospital_000__Person_0028,Camera_01,0.9827982187271118,1,0.815001024616409
405,Hospital_000__Person_0028,Camera_01,404,Hospital_000__Person_0028,Camera,0.9827982187271118,1,0.9294871794871793
406,Hospital_000__Person_0028,Camera_03,411,Hospital_000__Person_0028,Camera_09,0.9910906553268433,1,0.9267904509283817
407,Hospital_000__Person_0028,Camera_04,410,Hospital_000__Person_0028,Camera_08,0.9043042063713074,1,0.7540644611798457
408,Hospital_000__Person_0028,Camera_05,409,Hospital_000__Person_0028,Camera_06,0.9870303273200989,1,0.8988514711095357
409,Hospital_000__Person_0028,Camera_06,413,Hospital_000__Person_0028,Camera_22,0.9949107766151428,1,0.9267904509283817
410,Hospital_000__Person_0028,Camera_08,417,Hospital_000__Person_0028,Camera_27,0.9889126420021057,1,0.9436726734803658
411,Hospital_000__Person_0028,Camera_09,409,Hospital_000__Person_0028,Camera_06,0.9917187690734863,1,0.9331501831501829
412,Hospital_000__Person_0028,Camera_20,415,Hospital_000__Person_0028,Camera_24,0.9851711392402649,1,0.9587912087912087
413,Hospital_000__Person_0028,Camera_22,409,Hospital_000__Person_0028,Camera_06,0.9949107766151428,1,0.9245926487305796
414,Hospital_000__Person_0028,Camera_23,404,Hospital_000__Person_0028,Camera,0.9696386456489563,1,0.8505040397008721
415,Hospital_000__Person_0028,Camera_24,409,Hospital_000__Person_0028,Camera_06,0.9944766163825989,1,0.9601139601139599
416,Hospital_000__Person_0028,Camera_26,413,Hospital_000__Person_0028,Camera_22,0.9787155985832214,1,0.8840003393353268
417,Hospital_000__Person_0028,Camera_27,410,Hospital_000__Person_0028,Camera_08,0.9889126420021057,1,0.963782051282051
418,Hospital_000__Person_0029,Camera_02,422,Hospital_000__Person_0029,Camera_13,0.915363073348999,1,0.5783983688508576
419,Hospital_000__Person_0029,Camera_03,427,Hospital_000__Person_0029,Camera_24,0.9351202845573425,1,0.8142298938563792
420,Hospital_000__Person_0029,Camera_10,431,Hospital_000__Person_0029,Camera_30,0.9628942608833313,1,0.9730769230769227
421,Hospital_000__Person_0029,Camera_12,420,Hospital_000__Person_0029,Camera_10,0.8596087694168091,1,0.9358579881656803
422,Hospital_000__Person_0029,Camera_13,424,Hospital_000__Person_0029,Camera_17,0.991960346698761,1,0.9265157362147327
423,Hospital_000__Person_0029,Camera_16,428,Hospital_000__Person_0029,Camera_25,0.9947904944419861,1,0.954681517577445
424,Hospital_000__Person_0029,Camera_17,422,Hospital_000__Person_0029,Camera_13,0.991960346698761,1,0.9488161411238332
425,Hospital_000__Person_0029,Camera_21,428,Hospital_000__Person_0029,Camera_25,0.991763710975647,1,0.9645011850894201
426,Hospital_000__Person_0029,Camera_23,428,Hospital_000__Person_0029,Camera_25,0.9900866150856018,1,0.9474358974358972
427,Hospital_000__Person_0029,Camera_24,429,Hospital_000__Person_0029,Camera_28,0.9566712379455566,1,0.8852508602508602
428,Hospital_000__Person_0029,Camera_25,423,Hospital_000__Person_0029,Camera_16,0.9947904944419861,1,0.9562594268476619
429,Hospital_000__Person_0029,Camera_28,424,Hospital_000__Person_0029,Camera_17,0.962777316570282,1,0.9432605855682779
430,Hospital_000__Person_0029,Camera_29,431,Hospital_000__Person_0029,Camera_30,0.9708310961723328,1,0.9626696832579182
431,Hospital_000__Person_0029,Camera_30,425,Hospital_000__Person_0029,Camera_21,0.9828814268112183,1,0.9838264299802761
432,Hospital_000__Person_0030,Camera_03,440,Hospital_000__Person_0030,Camera_24,0.9954140186309814,1,0.9909090909090909
433,Hospital_000__Person_0030,Camera_04,442,Hospital_000__Person_0030,Camera_27,0.987004280090332,1,1.0
434,Hospital_000__Person_0030,Camera_05,441,Hospital_000__Person_0030,Camera_26,0.9012609720230103,1,0.9909090909090909
435,Hospital_000__Person_0030,Camera_07,432,Hospital_000__Person_0030,Camera_03,0.9573884010314941,1,0.9833333333333333
436,Hospital_000__Person_0030,Camera_08,437,Hospital_000__Person_0030,Camera_18,0.9873754382133484,1,1.0
437,Hospital_000__Person_0030,Camera_18,436,Hospital_000__Person_0030,Camera_08,0.9873754382133484,1,0.9909090909090909
438,Hospital_000__Person_0030,Camera_19,432,Hospital_000__Person_0030,Camera_03,0.9868767261505127,1,0.9999999999999999
439,Hospital_000__Person_0030,Camera_22,440,Hospital_000__Person_0030,Camera_24,0.9941016435623169,1,0.9999999999999999
440,Hospital_000__Person_0030,Camera_24,432,Hospital_000__Person_0030,Camera_03,0.9954140186309814,1,0.9999999999999999
441,Hospital_000__Person_0030,Camera_26,439,Hospital_000__Person_0030,Camera_22,0.9763532876968384,1,0.9999999999999999
442,Hospital_000__Person_0030,Camera_27,433,Hospital_000__Person_0030,Camera_04,0.987004280090332,1,0.9999999999999999
443,Hospital_000__Person_0031,Camera_03,451,Hospital_000__Person_0031,Camera_24,0.949737548828125,1,0.9866452991452993
444,Hospital_000__Person_0031,Camera_04,447,Hospital_000__Person_0031,Camera_16,0.9821613430976868,1,1.0
445,Hospital_000__Person_0031,Camera_07,450,Hospital_000__Person_0031,Camera_23,0.9814931750297546,1,1.0
446,Hospital_000__Person_0031,Camera_10,447,Hospital_000__Person_0031,Camera_16,0.9709871411323547,1,0.9935897435897437
447,Hospital_000__Person_0031,Camera_16,444,Hospital_000__Person_0031,Camera_04,0.9821613430976868,1,1.0
448,Hospital_000__Person_0031,Camera_19,443,Hospital_000__Person_0031,Camera_03,0.9483509659767151,1,0.7481036324786324
449,Hospital_000__Person_0031,Camera_21,450,Hospital_000__Person_0031,Camera_23,0.9928513765335083,1,1.0
450,Hospital_000__Person_0031,Camera_23,449,Hospital_000__Person_0031,Camera_21,0.9928513765335083,1,1.0
451,Hospital_000__Person_0031,Camera_24,443,Hospital_000__Person_0031,Camera_03,0.949737548828125,1,1.0
452,Hospital_000__Person_0031,Camera_25,454,Hospital_000__Person_0031,Camera_29,0.9783337712287903,1,1.0
453,Hospital_000__Person_0031,Camera_28,451,Hospital_000__Person_0031,Camera_24,0.9474616050720215,1,1.0
454,Hospital_000__Person_0031,Camera_29,452,Hospital_000__Person_0031,Camera_25,0.9783337712287903,1,1.0
455,Hospital_000__Person_0031,Camera_30,454,Hospital_000__Person_0031,Camera_29,0.9653348922729492,1,0.988095238095238
456,Hospital_000__Person_0032,Camera_03,466,Hospital_000__Person_0032,Camera_26,0.971526026725769,1,1.0
457,Hospital_000__Person_0032,Camera_04,463,Hospital_000__Person_0032,Camera_19,0.9570473432540894,1,1.0
458,Hospital_000__Person_0032,Camera_05,465,Hospital_000__Person_0032,Camera_24,0.9760213494300842,1,1.0
459,Hospital_000__Person_0032,Camera_07,462,Hospital_000__Person_0032,Camera_18,0.9519839882850647,1,1.0
460,Hospital_000__Person_0032,Camera_08,467,Hospital_000__Person_0032,Camera_27,0.9656205773353577,1,1.0
461,Hospital_000__Person_0032,Camera_09,463,Hospital_000__Person_0032,Camera_19,0.9652547240257263,1,1.0
462,Hospital_000__Person_0032,Camera_18,466,Hospital_000__Person_0032,Camera_26,0.9716910719871521,1,1.0
463,Hospital_000__Person_0032,Camera_19,467,Hospital_000__Person_0032,Camera_27,0.9771621227264404,1,1.0
464,Hospital_000__Person_0032,Camera_22,466,Hospital_000__Person_0032,Camera_26,0.9732062816619873,1,1.0
465,Hospital_000__Person_0032,Camera_24,458,Hospital_000__Person_0032,Camera_05,0.9760213494300842,1,1.0
466,Hospital_000__Person_0032,Camera_26,463,Hospital_000__Person_0032,Camera_19,0.9770277142524719,1,1.0
467,Hospital_000__Person_0032,Camera_27,463,Hospital_000__Person_0032,Camera_19,0.9771621227264404,1,1.0
468,Hospital_000__Person_0033,Camera,469,Hospital_000__Person_0033,Camera_01,0.9837594032287598,1,0.6964096017863896
469,Hospital_000__Person_0033,Camera_01,468,Hospital_000__Person_0033,Camera,0.9837594032287598,1,0.7323011059122171
470,Hospital_000__Person_0033,Camera_03,481,Hospital_000__Person_0033,Camera_24,0.9870008230209351,1,0.7924319091484742
471,Hospital_000__Person_0033,Camera_04,474,Hospital_000__Person_0033,Camera_08,0.7714596390724182,1,0.9844444444444445
472,Hospital_000__Person_0033,Camera_05,479,Hospital_000__Person_0033,Camera_22,0.9787656664848328,1,0.8932616609548976
473,Hospital_000__Person_0033,Camera_06,479,Hospital_000__Person_0033,Camera_22,0.9834913611412048,1,0.8548704478010271
474,Hospital_000__Person_0033,Camera_08,484,Hospital_000__Person_0033,Camera_27,0.9263541102409363,1,0.7818422860736114
475,Hospital_000__Person_0033,Camera_09,470,Hospital_000__Person_0033,Camera_03,0.9748109579086304,1,0.7771318342151676
476,Hospital_000__Person_0033,Camera_14,470,Hospital_000__Person_0033,Camera_03,0.9515678882598877,1,0.757312610363879
477,Hospital_000__Person_0033,Camera_19,486,Hospital_000__Person_0033,Camera_31,0.6976353526115417,1,0.758205724212855
478,Hospital_000__Person_0033,Camera_20,472,Hospital_000__Person_0033,Camera_05,0.9486154317855835,1,0.8678297295155534
479,Hospital_000__Person_0033,Camera_22,481,Hospital_000__Person_0033,Camera_24,0.9858481287956238,1,0.8463361528912579
480,Hospital_000__Person_0033,Camera_23,468,Hospital_000__Person_0033,Camera,0.9364696741104126,1,0.5613782104477535
481,Hospital_000__Person_0033,Camera_24,470,Hospital_000__Person_0033,Camera_03,0.9870008230209351,1,0.8566086581637631
482,Hospital_000__Person_0033,Camera_25,468,Hospital_000__Person_0033,Camera,0.9359865188598633,1,0.682291306515526
483,Hospital_000__Person_0033,Camera_26,479,Hospital_000__Person_0033,Camera_22,0.9439893960952759,1,0.9159449464216198
484,Hospital_000__Person_0033,Camera_27,470,Hospital_000__Person_0033,Camera_03,0.9450520277023315,1,0.7399707746396903
485,Hospital_000__Person_0033,Camera_28,478,Hospital_000__Person_0033,Camera_20,0.8099095225334167,1,0.7434398554097258
486,Hospital_000__Person_0033,Camera_31,475,Hospital_000__Person_0033,Camera_09,0.8667102456092834,1,0.5758080865703169
487,Hospital_000__Person_0034,Camera_02,497,Hospital_000__Person_0034,Camera_23,0.9802461862564087,1,1.0
488,Hospital_000__Person_0034,Camera_03,498,Hospital_000__Person_0034,Camera_24,0.9680523872375488,1,1.0
489,Hospital_000__Person_0034,Camera_04,493,Hospital_000__Person_0034,Camera_16,0.9481558203697205,1,1.0
490,Hospital_000__Person_0034,Camera_07,496,Hospital_000__Person_0034,Camera_21,0.9798535108566284,1,1.0
491,Hospital_000__Person_0034,Camera_10,501,Hospital_000__Person_0034,Camera_29,0.9851071238517761,1,1.0
492,Hospital_000__Person_0034,Camera_13,494,Hospital_000__Person_0034,Camera_17,0.9854980111122131,1,1.0
493,Hospital_000__Person_0034,Camera_16,501,Hospital_000__Person_0034,Camera_29,0.9827399849891663,1,1.0
494,Hospital_000__Person_0034,Camera_17,492,Hospital_000__Person_0034,Camera_13,0.9854980111122131,1,1.0
495,Hospital_000__Person_0034,Camera_19,498,Hospital_000__Person_0034,Camera_24,0.9617253541946411,1,1.0
496,Hospital_000__Person_0034,Camera_21,497,Hospital_000__Person_0034,Camera_23,0.9888452887535095,1,1.0
497,Hospital_000__Person_0034,Camera_23,496,Hospital_000__Person_0034,Camera_21,0.9888452887535095,1,1.0
498,Hospital_000__Person_0034,Camera_24,500,Hospital_000__Person_0034,Camera_28,0.9803581833839417,1,1.0
499,Hospital_000__Person_0034,Camera_25,497,Hospital_000__Person_0034,Camera_23,0.9867894053459167,1,1.0
500,Hospital_000__Person_0034,Camera_28,498,Hospital_000__Person_0034,Camera_24,0.9803581833839417,1,1.0
501,Hospital_000__Person_0034,Camera_29,502,Hospital_000__Person_0034,Camera_30,0.9856415390968323,1,1.0
502,Hospital_000__Person_0034,Camera_30,501,Hospital_000__Person_0034,Camera_29,0.9856415390968323,1,1.0
503,Hospital_000__Person_0035,Camera,511,Hospital_000__Person_0035,Camera_20,0.9712815284729004,1,0.9181868131868132
504,Hospital_000__Person_0035,Camera_03,509,Hospital_000__Person_0035,Camera_09,0.9744452238082886,1,0.881076811229483
505,Hospital_000__Person_0035,Camera_04,508,Hospital_000__Person_0035,Camera_08,0.8967776894569397,1,0.8718258673693456
506,Hospital_000__Person_0035,Camera_05,514,Hospital_000__Person_0035,Camera_24,0.961388111114502,1,0.8703481592537065
507,Hospital_000__Person_0035,Camera_06,514,Hospital_000__Person_0035,Camera_24,0.9832850098609924,1,0.893573331561237
508,Hospital_000__Person_0035,Camera_08,517,Hospital_000__Person_0035,Camera_27,0.9786264896392822,1,0.939250493096647
509,Hospital_000__Person_0035,Camera_09,518,Hospital_000__Person_0035,Camera_31,0.984136700630188,1,0.8892495222829109
510,Hospital_000__Person_0035,Camera_19,968,Warehouse_015__Person_0180,Camera_09,0.7565097212791443,0,0.03423469296348543
511,Hospital_000__Person_0035,Camera_20,503,Hospital_000__Person_0035,Camera,0.9712815284729004,1,0.8739414766218889
512,Hospital_000__Person_0035,Camera_22,514,Hospital_000__Person_0035,Camera_24,0.99007648229599,1,0.8867217459959396
513,Hospital_000__Person_0035,Camera_23,503,Hospital_000__Person_0035,Camera,0.9637083411216736,1,0.8596238238520117
514,Hospital_000__Person_0035,Camera_24,512,Hospital_000__Person_0035,Camera_22,0.99007648229599,1,0.8822130982996408
515,Hospital_000__Person_0035,Camera_25,513,Hospital_000__Person_0035,Camera_23,0.8653134107589722,1,0.60664455418599
516,Hospital_000__Person_0035,Camera_26,509,Hospital_000__Person_0035,Camera_09,0.9821833968162537,1,0.8569326990838618
517,Hospital_000__Person_0035,Camera_27,508,Hospital_000__Person_0035,Camera_08,0.9786264896392822,1,0.9372093023255814
518,Hospital_000__Person_0035,Camera_31,509,Hospital_000__Person_0035,Camera_09,0.984136700630188,1,0.8892384342384342
519,Hospital_000__Person_0036,Camera_02,528,Hospital_000__Person_0036,Camera_23,0.9899643659591675,1,0.9999999999999998
520,Hospital_000__Person_0036,Camera_03,529,Hospital_000__Person_0036,Camera_24,0.9952036738395691,1,0.9999999999999998
521,Hospital_000__Person_0036,Camera_07,527,Hospital_000__Person_0036,Camera_21,0.9853185415267944,1,0.9999999999999999
522,Hospital_000__Person_0036,Camera_10,533,Hospital_000__Person_0036,Camera_30,0.9883489608764648,1,0.9999999999999998
523,Hospital_000__Person_0036,Camera_12,522,Hospital_000__Person_0036,Camera_10,0.9431285858154297,1,1.0
524,Hospital_000__Person_0036,Camera_13,526,Hospital_000__Person_0036,Camera_17,0.9958924651145935,1,0.9999999999999998
525,Hospital_000__Person_0036,Camera_16,528,Hospital_000__Person_0036,Camera_23,0.9940933585166931,1,0.9999999999999998
526,Hospital_000__Person_0036,Camera_17,524,Hospital_000__Person_0036,Camera_13,0.9958924651145935,1,0.9999999999999998
527,Hospital_000__Person_0036,Camera_21,528,Hospital_000__Person_0036,Camera_23,0.9973655939102173,1,0.9999999999999998
528,Hospital_000__Person_0036,Camera_23,527,Hospital_000__Person_0036,Camera_21,0.9973655939102173,1,0.9999999999999999
529,Hospital_000__Person_0036,Camera_24,520,Hospital_000__Person_0036,Camera_03,0.9952036738395691,1,0.9999999999999999
530,Hospital_000__Person_0036,Camera_25,532,Hospital_000__Person_0036,Camera_29,0.992866575717926,1,0.9999999999999998
531,Hospital_000__Person_0036,Camera_28,519,Hospital_000__Person_0036,Camera_02,0.9891402125358582,1,1.0
532,Hospital_000__Person_0036,Camera_29,530,Hospital_000__Person_0036,Camera_25,0.992866575717926,1,0.9999999999999998
533,Hospital_000__Person_0036,Camera_30,522,Hospital_000__Person_0036,Camera_10,0.9883489608764648,1,1.0
534,Hospital_000__Person_0037,Camera_01,537,Hospital_000__Person_0037,Camera_15,0.9718148112297058,1,0.8333333333333333
535,Hospital_000__Person_0037,Camera_11,536,Hospital_000__Person_0037,Camera_14,0.9773687720298767,1,0.7
536,Hospital_000__Person_0037,Camera_14,535,Hospital_000__Person_0037,Camera_11,0.9773687720298767,1,0.6666666666666667
537,Hospital_000__Person_0037,Camera_15,534,Hospital_000__Person_0037,Camera_01,0.9718148112297058,1,0.6984126984126985
538,Hospital_000__Person_0038,Camera,547,Hospital_000__Person_0038,Camera_14,0.9802976250648499,1,0.9465330991911451
539,Hospital_000__Person_0038,Camera_01,546,Hospital_000__Person_0038,Camera_11,0.987977921962738,1,0.9506010737628385
540,Hospital_000__Person_0038,Camera_03,552,Hospital_000__Person_0038,Camera_24,0.9958347678184509,1,0.9531906160209657
541,Hospital_000__Person_0038,Camera_04,544,Hospital_000__Person_0038,Camera_08,0.7707263231277466,1,0.6865387442440865
542,Hospital_000__Person_0038,Camera_05,545,Hospital_000__Person_0038,Camera_09,0.9911183714866638,1,0.9435846560846561
543,Hospital_000__Person_0038,Camera_06,545,Hospital_000__Person_0038,Camera_09,0.9911289811134338,1,0.965112433862434
544,Hospital_000__Person_0038,Camera_08,555,Hospital_000__Person_0038,Camera_27,0.977215051651001,1,0.9202593671877353
545,Hospital_000__Person_0038,Camera_09,543,Hospital_000__Person_0038,Camera_06,0.9911289811134338,1,0.9427910052910053
546,Hospital_000__Person_0038,Camera_11,539,Hospital_000__Person_0038,Camera_01,0.987977921962738,1,0.9374458874458875
547,Hospital_000__Person_0038,Camera_14,539,Hospital_000__Person_0038,Camera_01,0.9857695698738098,1,0.9165890859439247
548,Hospital_000__Person_0038,Camera_15,549,Hospital_000__Person_0038,Camera_20,0.968019962310791,1,0.9474054268171916
549,Hospital_000__Person_0038,Camera_20,539,Hospital_000__Person_0038,Camera_01,0.9809725880622864,1,0.9527059386973181
550,Hospital_000__Person_0038,Camera_22,542,Hospital_000__Person_0038,Camera_05,0.9850676655769348,1,0.9188317784427626
551,Hospital_000__Person_0038,Camera_23,544,Hospital_000__Person_0038,Camera_08,0.9574812054634094,1,0.7266764029962963
552,Hospital_000__Person_0038,Camera_24,540,Hospital_000__Person_0038,Camera_03,0.9958347678184509,1,0.9341123449819103
553,Hospital_000__Person_0038,Camera_25,547,Hospital_000__Person_0038,Camera_14,0.9444692730903625,1,0.7766316305452929
554,Hospital_000__Person_0038,Camera_26,545,Hospital_000__Person_0038,Camera_09,0.977394700050354,1,0.9045202316444148
555,Hospital_000__Person_0038,Camera_27,544,Hospital_000__Person_0038,Camera_08,0.977215051651001,1,0.8972728928777318
556,Hospital_000__Person_0038,Camera_31,554,Hospital_000__Person_0038,Camera_26,0.9608274698257446,1,0.7359909573162964
557,Hospital_000__Person_0039,Camera,565,Hospital_000__Person_0039,Camera_14,0.9677922129631042,1,0.7272432562432561
558,Hospital_000__Person_0039,Camera_01,565,Hospital_000__Person_0039,Camera_14,0.9753367900848389,1,0.8360410830999065
559,Hospital_000__Person_0039,Camera_03,568,Hospital_000__Person_0039,Camera_22,0.9676234126091003,1,0.8914795870038836
560,Hospital_000__Person_0039,Camera_05,564,Hospital_000__Person_0039,Camera_11,0.9679521322250366,1,0.8766225749559083
561,Hospital_000__Person_0039,Camera_06,564,Hospital_000__Person_0039,Camera_11,0.9736090302467346,1,0.8861689291101056
562,Hospital_000__Person_0039,Camera_08,234,Hospital_000__Person_0016,Camera_03,0.661122739315033,0,0.11738124351941534
563,Hospital_000__Person_0039,Camera_09,569,Hospital_000__Person_0039,Camera_24,0.9840291738510132,1,0.8906537176274019
564,Hospital_000__Person_0039,Camera_11,563,Hospital_000__Person_0039,Camera_09,0.9746081829071045,1,0.8801313018704323
565,Hospital_000__Person_0039,Camera_14,558,Hospital_000__Person_0039,Camera_01,0.9753367900848389,1,0.7475886871720204
566,Hospital_000__Person_0039,Camera_19,1192,Warehouse_015__Person_0216,Camera_07,0.8408915996551514,0,0.4045858774488784
567,Hospital_000__Person_0039,Camera_20,565,Hospital_000__Person_0039,Camera_14,0.97398841381073,1,0.7576678587266822
568,Hospital_000__Person_0039,Camera_22,569,Hospital_000__Person_0039,Camera_24,0.9774171113967896,1,0.8808104921898026
569,Hospital_000__Person_0039,Camera_24,563,Hospital_000__Person_0039,Camera_09,0.9840291738510132,1,0.890007276255154
570,Hospital_000__Person_0039,Camera_26,559,Hospital_000__Person_0039,Camera_03,0.9403887987136841,1,0.8309744990892531
571,Hospital_000__Person_0039,Camera_27,47,Hospital_000__Person_0003,Camera_05,0.8292532563209534,0,0.32109436540610065
572,Hospital_000__Person_0039,Camera_31,570,Hospital_000__Person_0039,Camera_26,0.9264991879463196,1,0.6717405687993923
573,Lab_000__Person_0000,Camera_0000,3,Hospital_000__Person_0000,Camera_05,0.969314455986023,0,0.4303758313455671
574,Lab_000__Person_0000,Camera_0001,577,Lab_000__Person_0000,Camera_0004,0.986167848110199,1,0.4298252873094709
575,Lab_000__Person_0000,Camera_0002,582,Lab_000__Person_0000,Camera_0009,0.9659211039543152,1,0.5448741617859265
576,Lab_000__Person_0000,Camera_0003,577,Lab_000__Person_0000,Camera_0004,0.9316747784614563,1,0.6004814715105468
577,Lab_000__Person_0000,Camera_0004,574,Lab_000__Person_0000,Camera_0001,0.986167848110199,1,0.49030365769496204
578,Lab_000__Person_0000,Camera_0005,10,Hospital_000__Person_0000,Camera_24,0.9733040928840637,0,0.3608348331280982
579,Lab_000__Person_0000,Camera_0006,582,Lab_000__Person_0000,Camera_0009,0.919840395450592,1,0.7899230399230399
580,Lab_000__Person_0000,Camera_0007,576,Lab_000__Person_0000,Camera_0003,0.7284504175186157,1,0.5912134805613066
581,Lab_000__Person_0000,Camera_0008,577,Lab_000__Person_0000,Camera_0004,0.9223887920379639,1,0.7683459857372903
582,Lab_000__Person_0000,Camera_0009,575,Lab_000__Person_0000,Camera_0002,0.9659211039543152,1,0.628836958248723
583,Lab_000__Person_0001,Camera_0000,584,Lab_000__Person_0001,Camera_0001,0.940353512763977,1,0.6271512302438261
584,Lab_000__Person_0001,Camera_0001,535,Hospital_000__Person_0037,Camera_11,0.9670754671096802,0,0.4803043093111088
585,Lab_000__Person_0001,Camera_0002,592,Lab_000__Person_0001,Camera_0009,0.9603970646858215,1,0.7034378059027868
586,Lab_000__Person_0001,Camera_0003,587,Lab_000__Person_0001,Camera_0004,0.9206151366233826,1,0.7399295990205081
587,Lab_000__Person_0001,Camera_0004,584,Lab_000__Person_0001,Camera_0001,0.9658564329147339,1,0.5261036177841273
588,Lab_000__Person_0001,Camera_0005,592,Lab_000__Person_0001,Camera_0009,0.693189263343811,1,0.48163599284785236
589,Lab_000__Person_0001,Camera_0006,537,Hospital_000__Person_0037,Camera_15,0.9400460124015808,0,0.42014242916304767
590,Lab_000__Person_0001,Camera_0007,766,Warehouse_015__Person_0014,Camera_02,0.5697405338287354,0,0.006494756938366587
591,Lab_000__Person_0001,Camera_0008,585,Lab_000__Person_0001,Camera_0002,0.9482783079147339,1,0.7260895028070602
592,Lab_000__Person_0001,Camera_0009,585,Lab_000__Person_0001,Camera_0002,0.9603970646858215,1,0.7692444013451517
593,Lab_000__Person_0002,Camera_0000,597,Lab_000__Person_0002,Camera_0004,0.9629602432250977,1,0.9343434343434345
594,Lab_000__Person_0002,Camera_0001,597,Lab_000__Person_0002,Camera_0004,0.9533341526985168,1,0.9323671497584543
595,Lab_000__Person_0002,Camera_0002,593,Lab_000__Person_0002,Camera_0000,0.9377294778823853,1,0.9064327485380117
596,Lab_000__Person_0002,Camera_0003,199,Hospital_000__Person_0014,Camera_03,0.6829861402511597,0,0.06601305523716161
597,Lab_000__Person_0002,Camera_0004,593,Lab_000__Person_0002,Camera_0000,0.9629602432250977,1,0.9273504273504274
598,Lab_000__Person_0002,Camera_0005,593,Lab_000__Person_0002,Camera_0000,0.9366351366043091,1,0.925925925925926
599,Lab_000__Person_0002,Camera_0006,601,Lab_000__Person_0002,Camera_0008,0.9697485566139221,1,0.9145299145299146
600,Lab_000__Person_0002,Camera_0007,601,Lab_000__Person_0002,Camera_0008,0.9100631475448608,1,0.8663165266106443
601,Lab_000__Person_0002,Camera_0008,599,Lab_000__Person_0002,Camera_0006,0.9697485566139221,1,0.9191919191919193
602,Lab_000__Person_0002,Camera_0009,597,Lab_000__Person_0002,Camera_0004,0.9161041378974915,1,0.9211469534050181
603,Warehouse_015__Forklift_0182,Camera,606,Warehouse_015__Forklift_0182,Camera_08,0.9847607612609863,1,0.6253968253968254
604,Warehouse_015__Forklift_0182,Camera_01,607,Warehouse_015__Forklift_0182,Camera_10,0.9741272330284119,1,0.6053968253968254
605,Warehouse_015__Forklift_0182,Camera_03,611,Warehouse_015__Forklift_0183,Camera_05,0.9717743396759033,0,0.4442857142857143
606,Warehouse_015__Forklift_0182,Camera_08,603,Warehouse_015__Forklift_0182,Camera,0.9847607612609863,1,0.6476190476190475
607,Warehouse_015__Forklift_0182,Camera_10,609,Warehouse_015__Forklift_0183,Camera_01,0.983395516872406,0,0.4920634920634921
608,Warehouse_015__Forklift_0182,Camera_12,603,Warehouse_015__Forklift_0182,Camera,0.9180567860603333,1,0.6444444444444444
609,Warehouse_015__Forklift_0183,Camera_01,611,Warehouse_015__Forklift_0183,Camera_05,0.989298939704895,1,0.6857142857142857
610,Warehouse_015__Forklift_0183,Camera_03,609,Warehouse_015__Forklift_0183,Camera_01,0.9864785671234131,1,0.8
611,Warehouse_015__Forklift_0183,Camera_05,609,Warehouse_015__Forklift_0183,Camera_01,0.989298939704895,1,0.7797979797979797
612,Warehouse_015__Forklift_0183,Camera_07,610,Warehouse_015__Forklift_0183,Camera_03,0.9802343845367432,1,0.7797979797979797
613,Warehouse_015__Forklift_0183,Camera_10,605,Warehouse_015__Forklift_0182,Camera_03,0.9405836462974548,0,0.5311111111111111
614,Warehouse_015__Forklift_0183,Camera_12,613,Warehouse_015__Forklift_0183,Camera_10,0.8973249197006226,1,0.5657142857142857
615,Warehouse_015__NovaCarter_0229,Camera,616,Warehouse_015__NovaCarter_0229,Camera_01,0.9881068468093872,1,1.0000000000000002
616,Warehouse_015__NovaCarter_0229,Camera_01,621,Warehouse_015__NovaCarter_0229,Camera_08,0.9919883012771606,1,1.0000000000000002
617,Warehouse_015__NovaCarter_0229,Camera_02,615,Warehouse_015__NovaCarter_0229,Camera,0.9853031635284424,1,1.0000000000000002
618,Warehouse_015__NovaCarter_0229,Camera_03,621,Warehouse_015__NovaCarter_0229,Camera_08,0.9840184450149536,1,1.0000000000000002
619,Warehouse_015__NovaCarter_0229,Camera_04,621,Warehouse_015__NovaCarter_0229,Camera_08,0.9873234629631042,1,1.0
620,Warehouse_015__NovaCarter_0229,Camera_05,616,Warehouse_015__NovaCarter_0229,Camera_01,0.9699605703353882,1,1.0
621,Warehouse_015__NovaCarter_0229,Camera_08,624,Warehouse_015__NovaCarter_0229,Camera_12,0.9937748908996582,1,1.0
622,Warehouse_015__NovaCarter_0229,Camera_10,624,Warehouse_015__NovaCarter_0229,Camera_12,0.9948041439056396,1,1.0000000000000002
623,Warehouse_015__NovaCarter_0229,Camera_11,616,Warehouse_015__NovaCarter_0229,Camera_01,0.9834238886833191,1,1.0000000000000002
624,Warehouse_015__NovaCarter_0229,Camera_12,622,Warehouse_015__NovaCarter_0229,Camera_10,0.9948041439056396,1,1.0
625,Warehouse_015__Person_0000,Camera,635,Warehouse_015__Person_0000,Camera_12,0.9908232688903809,1,0.9999999999999999
626,Warehouse_015__Person_0000,Camera_01,629,Warehouse_015__Person_0000,Camera_05,0.9946815967559814,1,0.9999999999999999
627,Warehouse_015__Person_0000,Camera_02,629,Warehouse_015__Person_0000,Camera_05,0.9701854586601257,1,0.9999999999999999
628,Warehouse_015__Person_0000,Camera_03,629,Warehouse_015__Person_0000,Camera_05,0.9932072758674622,1,0.9999999999999999
629,Warehouse_015__Person_0000,Camera_05,626,Warehouse_015__Person_0000,Camera_01,0.9946815967559814,1,1.0
630,Warehouse_015__Person_0000,Camera_06,635,Warehouse_015__Person_0000,Camera_12,0.9717640280723572,1,0.9999999999999999
631,Warehouse_015__Person_0000,Camera_07,628,Warehouse_015__Person_0000,Camera_03,0.9810494780540466,1,0.9999999999999999
632,Warehouse_015__Person_0000,Camera_09,631,Warehouse_015__Person_0000,Camera_07,0.944718062877655,1,0.9086435786435786
633,Warehouse_015__Person_0000,Camera_10,635,Warehouse_015__Person_0000,Camera_12,0.9909912347793579,1,0.9833333333333333
634,Warehouse_015__Person_0000,Camera_11,629,Warehouse_015__Person_0000,Camera_05,0.9807567000389099,1,0.9999999999999999
635,Warehouse_015__Person_0000,Camera_12,633,Warehouse_015__Person_0000,Camera_10,0.9909912347793579,1,0.9909090909090909
636,Warehouse_015__Person_0001,Camera,638,Warehouse_015__Person_0001,Camera_03,0.9918721914291382,1,1.0
637,Warehouse_015__Person_0001,Camera_01,643,Warehouse_015__Person_0001,Camera_10,0.991456151008606,1,1.0
638,Warehouse_015__Person_0001,Camera_03,636,Warehouse_015__Person_0001,Camera,0.9918721914291382,1,1.0
639,Warehouse_015__Person_0001,Camera_04,636,Warehouse_015__Person_0001,Camera,0.9872017502784729,1,1.0
640,Warehouse_015__Person_0001,Camera_07,639,Warehouse_015__Person_0001,Camera_04,0.9767711758613586,1,1.0
641,Warehouse_015__Person_0001,Camera_08,636,Warehouse_015__Person_0001,Camera,0.9909477829933167,1,1.0
642,Warehouse_015__Person_0001,Camera_09,640,Warehouse_015__Person_0001,Camera_07,0.9180582761764526,1,1.0
643,Warehouse_015__Person_0001,Camera_10,637,Warehouse_015__Person_0001,Camera_01,0.991456151008606,1,1.0
644,Warehouse_015__Person_0001,Camera_12,636,Warehouse_015__Person_0001,Camera,0.9885720014572144,1,1.0
645,Warehouse_015__Person_0002,Camera,647,Warehouse_015__Person_0002,Camera_02,0.9582352042198181,1,1.0
646,Warehouse_015__Person_0002,Camera_01,655,Warehouse_015__Person_0002,Camera_10,0.977837860584259,1,1.0
647,Warehouse_015__Person_0002,Camera_02,657,Warehouse_015__Person_0002,Camera_12,0.976345419883728,1,1.0
648,Warehouse_015__Person_0002,Camera_03,650,Warehouse_015__Person_0002,Camera_05,0.9737290143966675,1,1.0
649,Warehouse_015__Person_0002,Camera_04,656,Warehouse_015__Person_0002,Camera_11,0.941159725189209,1,1.0
650,Warehouse_015__Person_0002,Camera_05,646,Warehouse_015__Person_0002,Camera_01,0.9773210287094116,1,1.0
651,Warehouse_015__Person_0002,Camera_06,657,Warehouse_015__Person_0002,Camera_12,0.9601088166236877,1,1.0
652,Warehouse_015__Person_0002,Camera_07,645,Warehouse_015__Person_0002,Camera,0.9326910376548767,1,1.0
653,Warehouse_015__Person_0002,Camera_08,655,Warehouse_015__Person_0002,Camera_10,0.9664393067359924,1,1.0
654,Warehouse_015__Person_0002,Camera_09,647,Warehouse_015__Person_0002,Camera_02,0.9605889916419983,1,1.0
655,Warehouse_015__Person_0002,Camera_10,646,Warehouse_015__Person_0002,Camera_01,0.977837860584259,1,1.0
656,Warehouse_015__Person_0002,Camera_11,647,Warehouse_015__Person_0002,Camera_02,0.9651735424995422,1,1.0
657,Warehouse_015__Person_0002,Camera_12,647,Warehouse_015__Person_0002,Camera_02,0.976345419883728,1,1.0
658,Warehouse_015__Person_0003,Camera,659,Warehouse_015__Person_0003,Camera_01,0.9920403957366943,1,0.9590909090909092
659,Warehouse_015__Person_0003,Camera_01,663,Warehouse_015__Person_0003,Camera_05,0.995328962802887,1,0.9567099567099568
660,Warehouse_015__Person_0003,Camera_02,669,Warehouse_015__Person_0003,Camera_12,0.9798173904418945,1,0.9545454545454546
661,Warehouse_015__Person_0003,Camera_03,669,Warehouse_015__Person_0003,Camera_12,0.990727961063385,1,0.9545454545454546
662,Warehouse_015__Person_0003,Camera_04,668,Warehouse_015__Person_0003,Camera_11,0.957402765750885,1,0.9545454545454546
663,Warehouse_015__Person_0003,Camera_05,659,Warehouse_015__Person_0003,Camera_01,0.995328962802887,1,0.9567099567099567
664,Warehouse_015__Person_0003,Camera_07,668,Warehouse_015__Person_0003,Camera_11,0.966134250164032,1,0.9924242424242424
665,Warehouse_015__Person_0003,Camera_08,669,Warehouse_015__Person_0003,Camera_12,0.9645799398422241,1,0.9545454545454546
666,Warehouse_015__Person_0003,Camera_09,664,Warehouse_015__Person_0003,Camera_07,0.8781827688217163,1,0.7010372203554022
667,Warehouse_015__Person_0003,Camera_10,669,Warehouse_015__Person_0003,Camera_12,0.9905508756637573,1,0.9567099567099568
668,Warehouse_015__Person_0003,Camera_11,659,Warehouse_015__Person_0003,Camera_01,0.978853166103363,1,0.9567099567099568
669,Warehouse_015__Person_0003,Camera_12,661,Warehouse_015__Person_0003,Camera_03,0.990727961063385,1,0.9545454545454546
670,Warehouse_015__Person_0004,Camera,674,Warehouse_015__Person_0004,Camera_04,0.9815587401390076,1,0.9999999999999999
671,Warehouse_015__Person_0004,Camera_01,680,Warehouse_015__Person_0004,Camera_12,0.9861603379249573,1,0.9555555555555556
672,Warehouse_015__Person_0004,Camera_02,674,Warehouse_015__Person_0004,Camera_04,0.9768927693367004,1,0.9909090909090909
673,Warehouse_015__Person_0004,Camera_03,670,Warehouse_015__Person_0004,Camera,0.9757481217384338,1,0.9999999999999999
674,Warehouse_015__Person_0004,Camera_04,670,Warehouse_015__Person_0004,Camera,0.9815587401390076,1,1.0
675,Warehouse_015__Person_0004,Camera_05,671,Warehouse_015__Person_0004,Camera_01,0.9800772666931152,1,0.9526315789473684
676,Warehouse_015__Person_0004,Camera_07,673,Warehouse_015__Person_0004,Camera_03,0.9316926002502441,1,0.9697979797979798
677,Warehouse_015__Person_0004,Camera_08,673,Warehouse_015__Person_0004,Camera_03,0.9602692127227783,1,1.0
678,Warehouse_015__Person_0004,Camera_09,677,Warehouse_015__Person_0004,Camera_08,0.9484650492668152,1,0.9999999999999999
679,Warehouse_015__Person_0004,Camera_10,671,Warehouse_015__Person_0004,Camera_01,0.9834370613098145,1,0.9588235294117647
680,Warehouse_015__Person_0004,Camera_12,671,Warehouse_015__Person_0004,Camera_01,0.9861603379249573,1,0.9588235294117646
681,Warehouse_015__Person_0005,Camera,687,Warehouse_015__Person_0005,Camera_07,0.97821044921875,1,0.9476190476190477
682,Warehouse_015__Person_0005,Camera_01,691,Warehouse_015__Person_0005,Camera_12,0.9903298616409302,1,0.8444272445820432
683,Warehouse_015__Person_0005,Camera_03,685,Warehouse_015__Person_0005,Camera_05,0.9885702729225159,1,0.9318181818181818
684,Warehouse_015__Person_0005,Camera_04,681,Warehouse_015__Person_0005,Camera,0.9744213223457336,1,0.9357142857142857
685,Warehouse_015__Person_0005,Camera_05,683,Warehouse_015__Person_0005,Camera_03,0.9885702729225159,1,0.8372674109516214
686,Warehouse_015__Person_0005,Camera_06,689,Warehouse_015__Person_0005,Camera_09,0.8856979012489319,1,0.7583186472969754
687,Warehouse_015__Person_0005,Camera_07,681,Warehouse_015__Person_0005,Camera,0.97821044921875,1,0.9434782608695652
688,Warehouse_015__Person_0005,Camera_08,997,Warehouse_015__Person_0185,Camera_11,0.7315818667411804,0,0.270379682139435
689,Warehouse_015__Person_0005,Camera_09,687,Warehouse_015__Person_0005,Camera_07,0.9255239963531494,1,0.93125
690,Warehouse_015__Person_0005,Camera_10,682,Warehouse_015__Person_0005,Camera_01,0.9808007478713989,1,0.8394319131161235
691,Warehouse_015__Person_0005,Camera_12,682,Warehouse_015__Person_0005,Camera_01,0.9903298616409302,1,0.8418128654970759
692,Warehouse_015__Person_0006,Camera,702,Warehouse_015__Person_0006,Camera_12,0.9879435300827026,1,0.8820370370370371
693,Warehouse_015__Person_0006,Camera_01,696,Warehouse_015__Person_0006,Camera_05,0.9971212148666382,1,0.8844827586206897
694,Warehouse_015__Person_0006,Camera_02,1232,Warehouse_015__Person_0220,Camera_07,0.8951920866966248,0,0.48401725190518297
695,Warehouse_015__Person_0006,Camera_03,696,Warehouse_015__Person_0006,Camera_05,0.9934044480323792,1,0.8987684729064039
696,Warehouse_015__Person_0006,Camera_05,693,Warehouse_015__Person_0006,Camera_01,0.9971212148666382,1,0.8833333333333333
697,Warehouse_015__Person_0006,Camera_06,701,Warehouse_015__Person_0006,Camera_11,0.9913173317909241,1,0.932258064516129
698,Warehouse_015__Person_0006,Camera_07,695,Warehouse_015__Person_0006,Camera_03,0.9903796911239624,1,0.9175324675324675
699,Warehouse_015__Person_0006,Camera_09,697,Warehouse_015__Person_0006,Camera_06,0.9366558194160461,1,0.9163009404388714
700,Warehouse_015__Person_0006,Camera_10,696,Warehouse_015__Person_0006,Camera_05,0.9917879104614258,1,0.8933333333333333
701,Warehouse_015__Person_0006,Camera_11,697,Warehouse_015__Person_0006,Camera_06,0.9913173317909241,1,0.9140762463343107
702,Warehouse_015__Person_0006,Camera_12,700,Warehouse_015__Person_0006,Camera_10,0.9909608960151672,1,0.8813186813186813
703,Warehouse_015__Person_0008,Camera,714,Warehouse_015__Person_0008,Camera_12,0.9123308062553406,1,0.8857582031495075
704,Warehouse_015__Person_0008,Camera_01,707,Warehouse_015__Person_0008,Camera_05,0.9803422093391418,1,0.890883626177744
705,Warehouse_015__Person_0008,Camera_02,708,Warehouse_015__Person_0008,Camera_06,0.9763377904891968,1,0.8930735930735931
706,Warehouse_015__Person_0008,Camera_03,713,Warehouse_015__Person_0008,Camera_11,0.9749943017959595,1,0.8563582251082251
707,Warehouse_015__Person_0008,Camera_05,704,Warehouse_015__Person_0008,Camera_01,0.9803422093391418,1,0.8971861471861472
708,Warehouse_015__Person_0008,Camera_06,705,Warehouse_015__Person_0008,Camera_02,0.9763377904891968,1,0.8477078477078477
709,Warehouse_015__Person_0008,Camera_07,706,Warehouse_015__Person_0008,Camera_03,0.9644340872764587,1,0.9069264069264069
710,Warehouse_015__Person_0008,Camera_08,705,Warehouse_015__Person_0008,Camera_02,0.8067592978477478,1,0.617333190337625
711,Warehouse_015__Person_0008,Camera_09,703,Warehouse_015__Person_0008,Camera,0.7189955711364746,1,0.45893558260814904
712,Warehouse_015__Person_0008,Camera_10,707,Warehouse_015__Person_0008,Camera_05,0.9759631752967834,1,0.8971861471861473
713,Warehouse_015__Person_0008,Camera_11,706,Warehouse_015__Person_0008,Camera_03,0.9749943017959595,1,0.841017316017316
714,Warehouse_015__Person_0008,Camera_12,707,Warehouse_015__Person_0008,Camera_05,0.9672095775604248,1,0.9014718614718615
715,Warehouse_015__Person_0009,Camera,723,Warehouse_015__Person_0009,Camera_10,0.9899874925613403,1,0.7342948717948716
716,Warehouse_015__Person_0009,Camera_01,722,Warehouse_015__Person_0009,Camera_08,0.9727098941802979,1,0.6466944321588284
717,Warehouse_015__Person_0009,Camera_02,719,Warehouse_015__Person_0009,Camera_04,0.9778190851211548,1,0.6427703081232492
718,Warehouse_015__Person_0009,Camera_03,723,Warehouse_015__Person_0009,Camera_10,0.9846737384796143,1,0.7214310251152356
719,Warehouse_015__Person_0009,Camera_04,715,Warehouse_015__Person_0009,Camera,0.9813001751899719,1,0.7090317669448104
720,Warehouse_015__Person_0009,Camera_05,718,Warehouse_015__Person_0009,Camera_03,0.9519972801208496,1,0.6891575091575092
721,Warehouse_015__Person_0009,Camera_06,724,Warehouse_015__Person_0009,Camera_11,0.9616152048110962,1,0.42465378575672696
722,Warehouse_015__Person_0009,Camera_08,715,Warehouse_015__Person_0009,Camera,0.9862039685249329,1,0.631128205128205
723,Warehouse_015__Person_0009,Camera_10,715,Warehouse_015__Person_0009,Camera,0.9899874925613403,1,0.6924624060150376
724,Warehouse_015__Person_0009,Camera_11,936,Warehouse_015__Person_0177,Camera_05,0.9624291062355042,0,0.48240846872425813
725,Warehouse_015__Person_0009,Camera_12,723,Warehouse_015__Person_0009,Camera_10,0.9897793531417847,1,0.736145042558086
726,Warehouse_015__Person_0010,Camera_01,732,Warehouse_015__Person_0010,Camera_10,0.9963181018829346,1,1.0
727,Warehouse_015__Person_0010,Camera_02,728,Warehouse_015__Person_0010,Camera_03,0.9830355644226074,1,1.0
728,Warehouse_015__Person_0010,Camera_03,726,Warehouse_015__Person_0010,Camera_01,0.9956532120704651,1,1.0
729,Warehouse_015__Person_0010,Camera_05,732,Warehouse_015__Person_0010,Camera_10,0.9939945936203003,1,1.0
730,Warehouse_015__Person_0010,Camera_06,733,Warehouse_015__Person_0010,Camera_11,0.9941078424453735,1,1.0
731,Warehouse_015__Person_0010,Camera_08,732,Warehouse_015__Person_0010,Camera_10,0.9736756682395935,1,1.0
732,Warehouse_015__Person_0010,Camera_10,726,Warehouse_015__Person_0010,Camera_01,0.9963181018829346,1,1.0
733,Warehouse_015__Person_0010,Camera_11,730,Warehouse_015__Person_0010,Camera_06,0.9941078424453735,1,1.0
734,Warehouse_015__Person_0010,Camera_12,732,Warehouse_015__Person_0010,Camera_10,0.9919195771217346,1,1.0
735,Warehouse_015__Person_0011,Camera,736,Warehouse_015__Person_0011,Camera_01,0.9913100600242615,1,0.9999999999999999
736,Warehouse_015__Person_0011,Camera_01,738,Warehouse_015__Person_0011,Camera_03,0.9917588233947754,1,0.9999999999999999
737,Warehouse_015__Person_0011,Camera_02,745,Warehouse_015__Person_0011,Camera_12,0.9869871735572815,1,0.9999999999999999
738,Warehouse_015__Person_0011,Camera_03,736,Warehouse_015__Person_0011,Camera_01,0.9917588233947754,1,0.9999999999999999
739,Warehouse_015__Person_0011,Camera_05,736,Warehouse_015__Person_0011,Camera_01,0.98279869556427,1,1.0
740,Warehouse_015__Person_0011,Camera_06,744,Warehouse_015__Person_0011,Camera_11,0.9841825366020203,1,0.9999999999999999
741,Warehouse_015__Person_0011,Camera_07,736,Warehouse_015__Person_0011,Camera_01,0.983624279499054,1,0.9999999999999999
742,Warehouse_015__Person_0011,Camera_08,737,Warehouse_015__Person_0011,Camera_02,0.9669097065925598,1,1.0
743,Warehouse_015__Person_0011,Camera_10,736,Warehouse_015__Person_0011,Camera_01,0.9909989833831787,1,0.9999999999999999
744,Warehouse_015__Person_0011,Camera_11,740,Warehouse_015__Person_0011,Camera_06,0.9841825366020203,1,0.9999999999999999
745,Warehouse_015__Person_0011,Camera_12,736,Warehouse_015__Person_0011,Camera_01,0.9899778962135315,1,1.0
746,Warehouse_015__Person_0012,Camera_01,749,Warehouse_015__Person_0012,Camera_05,0.9841764569282532,1,0.8042478354978355
747,Warehouse_015__Person_0012,Camera_02,750,Warehouse_015__Person_0012,Camera_06,0.9857906103134155,1,0.8187500000000001
748,Warehouse_015__Person_0012,Camera_03,749,Warehouse_015__Person_0012,Camera_05,0.9685653448104858,1,0.8166666666666667
749,Warehouse_015__Person_0012,Camera_05,750,Warehouse_015__Person_0012,Camera_06,0.9847460985183716,1,0.7398965617715618
750,Warehouse_015__Person_0012,Camera_06,747,Warehouse_015__Person_0012,Camera_02,0.9857906103134155,1,0.8583333333333334
751,Warehouse_015__Person_0012,Camera_08,754,Warehouse_015__Person_0012,Camera_12,0.9850788116455078,1,0.7822916666666666
752,Warehouse_015__Person_0012,Camera_10,746,Warehouse_015__Person_0012,Camera_01,0.981482207775116,1,0.7592643467643468
753,Warehouse_015__Person_0012,Camera_11,750,Warehouse_015__Person_0012,Camera_06,0.9616338014602661,1,0.8227564102564102
754,Warehouse_015__Person_0012,Camera_12,747,Warehouse_015__Person_0012,Camera_02,0.985719621181488,1,0.8065934065934066
755,Warehouse_015__Person_0013,Camera_01,762,Warehouse_015__Person_0013,Camera_10,0.9848231673240662,1,0.7238335738335739
756,Warehouse_015__Person_0013,Camera_02,764,Warehouse_015__Person_0013,Camera_12,0.9761819839477539,1,0.7460953622243944
757,Warehouse_015__Person_0013,Camera_03,755,Warehouse_015__Person_0013,Camera_01,0.9836260080337524,1,0.6313057313057313
758,Warehouse_015__Person_0013,Camera_05,755,Warehouse_015__Person_0013,Camera_01,0.9713103771209717,1,0.794949494949495
759,Warehouse_015__Person_0013,Camera_06,756,Warehouse_015__Person_0013,Camera_02,0.9761354923248291,1,0.8299185710533228
760,Warehouse_015__Person_0013,Camera_07,975,Warehouse_015__Person_0181,Camera_04,0.7717066407203674,0,0.2617749988308364
761,Warehouse_015__Person_0013,Camera_08,764,Warehouse_015__Person_0013,Camera_12,0.9756987690925598,1,0.7239200821290375
762,Warehouse_015__Person_0013,Camera_10,755,Warehouse_015__Person_0013,Camera_01,0.9848231673240662,1,0.6237614237614237
763,Warehouse_015__Person_0013,Camera_11,1377,Warehouse_015__Person_0242,Camera_05,0.6389310359954834,0,0.3351472382050589
764,Warehouse_015__Person_0013,Camera_12,756,Warehouse_015__Person_0013,Camera_02,0.9761819839477539,1,0.7869086687652089
765,Warehouse_015__Person_0014,Camera_01,768,Warehouse_015__Person_0014,Camera_05,0.9752160310745239,1,1.0
766,Warehouse_015__Person_0014,Camera_02,773,Warehouse_015__Person_0014,Camera_12,0.9630082845687866,1,0.9704861111111112
767,Warehouse_015__Person_0014,Camera_03,765,Warehouse_015__Person_0014,Camera_01,0.9316230416297913,1,1.0
768,Warehouse_015__Person_0014,Camera_05,765,Warehouse_015__Person_0014,Camera_01,0.9752160310745239,1,1.0
769,Warehouse_015__Person_0014,Camera_06,768,Warehouse_015__Person_0014,Camera_05,0.9658418893814087,1,0.9502840909090909
770,Warehouse_015__Person_0014,Camera_08,773,Warehouse_015__Person_0014,Camera_12,0.9817778468132019,1,0.856845238095238
771,Warehouse_015__Person_0014,Camera_10,765,Warehouse_015__Person_0014,Camera_01,0.9689347147941589,1,0.5636093073593074
772,Warehouse_015__Person_0014,Camera_11,769,Warehouse_015__Person_0014,Camera_06,0.9587690830230713,1,0.8839743589743589
773,Warehouse_015__Person_0014,Camera_12,770,Warehouse_015__Person_0014,Camera_08,0.9817778468132019,1,0.9186507936507936
774,Warehouse_015__Person_0015,Camera,777,Warehouse_015__Person_0015,Camera_04,0.9865995049476624,1,1.0
775,Warehouse_015__Person_0015,Camera_01,776,Warehouse_015__Person_0015,Camera_03,0.9904451966285706,1,0.986013986013986
776,Warehouse_015__Person_0015,Camera_03,775,Warehouse_015__Person_0015,Camera_01,0.9904451966285706,1,0.986013986013986
777,Warehouse_015__Person_0015,Camera_04,774,Warehouse_015__Person_0015,Camera,0.9865995049476624,1,1.0
778,Warehouse_015__Person_0015,Camera_05,776,Warehouse_015__Person_0015,Camera_03,0.988957941532135,1,0.9507575757575757
779,Warehouse_015__Person_0015,Camera_06,780,Warehouse_015__Person_0015,Camera_07,0.9822338819503784,1,1.0
780,Warehouse_015__Person_0015,Camera_07,774,Warehouse_015__Person_0015,Camera,0.9853565096855164,1,1.0
781,Warehouse_015__Person_0015,Camera_08,774,Warehouse_015__Person_0015,Camera,0.9618850350379944,1,1.0
782,Warehouse_015__Person_0015,Camera_09,779,Warehouse_015__Person_0015,Camera_06,0.940824568271637,1,1.0
783,Warehouse_015__Person_0015,Camera_10,775,Warehouse_015__Person_0015,Camera_01,0.9887179732322693,1,0.9567099567099568
784,Warehouse_015__Person_0015,Camera_11,778,Warehouse_015__Person_0015,Camera_05,0.973970353603363,1,0.9534580252283602
785,Warehouse_015__Person_0015,Camera_12,783,Warehouse_015__Person_0015,Camera_10,0.9867841601371765,1,0.986013986013986
786,Warehouse_015__Person_0016,Camera,790,Warehouse_015__Person_0016,Camera_05,0.9732491970062256,1,0.9999999999999999
787,Warehouse_015__Person_0016,Camera_01,790,Warehouse_015__Person_0016,Camera_05,0.991797685623169,1,0.9999999999999999
788,Warehouse_015__Person_0016,Camera_02,796,Warehouse_015__Person_0016,Camera_12,0.9822364449501038,1,0.9999999999999999
789,Warehouse_015__Person_0016,Camera_03,790,Warehouse_015__Person_0016,Camera_05,0.9879331588745117,1,0.9999999999999999
790,Warehouse_015__Person_0016,Camera_05,791,Warehouse_015__Person_0016,Camera_06,0.993105411529541,1,1.0
791,Warehouse_015__Person_0016,Camera_06,795,Warehouse_015__Person_0016,Camera_11,0.9942965507507324,1,0.9999999999999999
792,Warehouse_015__Person_0016,Camera_07,795,Warehouse_015__Person_0016,Camera_11,0.9922599792480469,1,0.9999999999999999
793,Warehouse_015__Person_0016,Camera_09,795,Warehouse_015__Person_0016,Camera_11,0.9367374777793884,1,0.9999999999999999
794,Warehouse_015__Person_0016,Camera_10,796,Warehouse_015__Person_0016,Camera_12,0.9907363057136536,1,0.9999999999999999
795,Warehouse_015__Person_0016,Camera_11,791,Warehouse_015__Person_0016,Camera_06,0.9942965507507324,1,0.9999999999999999
796,Warehouse_015__Person_0016,Camera_12,794,Warehouse_015__Person_0016,Camera_10,0.9907363057136536,1,1.0
797,Warehouse_015__Person_0017,Camera,799,Warehouse_015__Person_0017,Camera_02,0.9916025400161743,1,1.0
798,Warehouse_015__Person_0017,Camera_01,806,Warehouse_015__Person_0017,Camera_10,0.9921838641166687,1,1.0
799,Warehouse_015__Person_0017,Camera_02,797,Warehouse_015__Person_0017,Camera,0.9916025400161743,1,1.0
800,Warehouse_015__Person_0017,Camera_03,808,Warehouse_015__Person_0017,Camera_12,0.989749550819397,1,1.0
801,Warehouse_015__Person_0017,Camera_04,806,Warehouse_015__Person_0017,Camera_10,0.9767925143241882,1,1.0
802,Warehouse_015__Person_0017,Camera_05,798,Warehouse_015__Person_0017,Camera_01,0.9886395931243896,1,1.0
803,Warehouse_015__Person_0017,Camera_06,807,Warehouse_015__Person_0017,Camera_11,0.9785813689231873,1,1.0
804,Warehouse_015__Person_0017,Camera_07,803,Warehouse_015__Person_0017,Camera_06,0.9474486112594604,1,1.0
805,Warehouse_015__Person_0017,Camera_08,798,Warehouse_015__Person_0017,Camera_01,0.9268795251846313,1,1.0
806,Warehouse_015__Person_0017,Camera_10,808,Warehouse_015__Person_0017,Camera_12,0.993548572063446,1,1.0
807,Warehouse_015__Person_0017,Camera_11,797,Warehouse_015__Person_0017,Camera,0.9836593866348267,1,1.0
808,Warehouse_015__Person_0017,Camera_12,806,Warehouse_015__Person_0017,Camera_10,0.993548572063446,1,1.0
809,Warehouse_015__Person_0166,Camera,812,Warehouse_015__Person_0166,Camera_04,0.9666765332221985,1,0.9659090909090909
810,Warehouse_015__Person_0166,Camera_01,816,Warehouse_015__Person_0166,Camera_10,0.9878880977630615,1,0.9502840909090909
811,Warehouse_015__Person_0166,Camera_03,810,Warehouse_015__Person_0166,Camera_01,0.9773308634757996,1,0.975
812,Warehouse_015__Person_0166,Camera_04,809,Warehouse_015__Person_0166,Camera,0.9666765332221985,1,0.9861111111111112
813,Warehouse_015__Person_0166,Camera_07,1250,Warehouse_015__Person_0222,Camera_03,0.9478853940963745,0,0.23062485567703783
814,Warehouse_015__Person_0166,Camera_08,809,Warehouse_015__Person_0166,Camera,0.964368999004364,1,0.9659090909090909
815,Warehouse_015__Person_0166,Camera_09,812,Warehouse_015__Person_0166,Camera_04,0.9587364792823792,1,0.9659090909090909
816,Warehouse_015__Person_0166,Camera_10,810,Warehouse_015__Person_0166,Camera_01,0.9878880977630615,1,0.9659090909090909
817,Warehouse_015__Person_0166,Camera_12,809,Warehouse_015__Person_0166,Camera,0.9485911726951599,1,0.9659090909090909
818,Warehouse_015__Person_0167,Camera,820,Warehouse_015__Person_0167,Camera_03,0.9886305332183838,1,1.0000000000000002
819,Warehouse_015__Person_0167,Camera_01,826,Warehouse_015__Person_0167,Camera_10,0.9905655384063721,1,1.0000000000000002
820,Warehouse_015__Person_0167,Camera_03,818,Warehouse_015__Person_0167,Camera,0.9886305332183838,1,1.0000000000000002
821,Warehouse_015__Person_0167,Camera_04,827,Warehouse_015__Person_0167,Camera_12,0.9840484261512756,1,1.0000000000000002
822,Warehouse_015__Person_0167,Camera_05,819,Warehouse_015__Person_0167,Camera_01,0.9777904152870178,1,1.0
823,Warehouse_015__Person_0167,Camera_07,820,Warehouse_015__Person_0167,Camera_03,0.9790813326835632,1,1.0000000000000002
824,Warehouse_015__Person_0167,Camera_08,820,Warehouse_015__Person_0167,Camera_03,0.9833088517189026,1,1.0
825,Warehouse_015__Person_0167,Camera_09,823,Warehouse_015__Person_0167,Camera_07,0.9477888941764832,1,1.0000000000000002
826,Warehouse_015__Person_0167,Camera_10,819,Warehouse_015__Person_0167,Camera_01,0.9905655384063721,1,1.0000000000000002
827,Warehouse_015__Person_0167,Camera_12,821,Warehouse_015__Person_0167,Camera_04,0.9840484261512756,1,1.0
828,Warehouse_015__Person_0168,Camera,831,Warehouse_015__Person_0168,Camera_03,0.9815548658370972,1,0.862101369359434
829,Warehouse_015__Person_0168,Camera_01,833,Warehouse_015__Person_0168,Camera_05,0.9886983036994934,1,0.9344444444444445
830,Warehouse_015__Person_0168,Camera_02,840,Warehouse_015__Person_0168,Camera_12,0.9596142172813416,1,0.9186159844054583
831,Warehouse_015__Person_0168,Camera_03,828,Warehouse_015__Person_0168,Camera,0.9815548658370972,1,0.9361111111111112
832,Warehouse_015__Person_0168,Camera_04,838,Warehouse_015__Person_0168,Camera_10,0.9792525768280029,1,0.8995154383592517
833,Warehouse_015__Person_0168,Camera_05,829,Warehouse_015__Person_0168,Camera_01,0.9886983036994934,1,0.927662037037037
834,Warehouse_015__Person_0168,Camera_06,839,Warehouse_015__Person_0168,Camera_11,0.9692654609680176,1,0.9935897435897437
835,Warehouse_015__Person_0168,Camera_07,837,Warehouse_015__Person_0168,Camera_09,0.9642537236213684,1,1.0
836,Warehouse_015__Person_0168,Camera_08,831,Warehouse_015__Person_0168,Camera_03,0.9806894659996033,1,0.9404761904761905
837,Warehouse_015__Person_0168,Camera_09,835,Warehouse_015__Person_0168,Camera_07,0.9642537236213684,1,0.9663461538461539
838,Warehouse_015__Person_0168,Camera_10,840,Warehouse_015__Person_0168,Camera_12,0.9883086085319519,1,0.9228830645161291
839,Warehouse_015__Person_0168,Camera_11,834,Warehouse_015__Person_0168,Camera_06,0.9692654609680176,1,0.9791666666666669
840,Warehouse_015__Person_0168,Camera_12,838,Warehouse_015__Person_0168,Camera_10,0.9883086085319519,1,0.893287037037037
841,Warehouse_015__Person_0169,Camera,850,Warehouse_015__Person_0169,Camera_10,0.9845252633094788,1,0.772350886127976
842,Warehouse_015__Person_0169,Camera_01,850,Warehouse_015__Person_0169,Camera_10,0.9903329014778137,1,0.8209842788790158
843,Warehouse_015__Person_0169,Camera_02,849,Warehouse_015__Person_0169,Camera_08,0.9183265566825867,1,0.7787935748462065
844,Warehouse_015__Person_0169,Camera_03,852,Warehouse_015__Person_0169,Camera_12,0.9890323877334595,1,0.6882881057136343
845,Warehouse_015__Person_0169,Camera_04,1343,Warehouse_015__Person_0238,Camera_08,0.9850466251373291,0,0.4745404449351818
846,Warehouse_015__Person_0169,Camera_05,842,Warehouse_015__Person_0169,Camera_01,0.9876400828361511,1,0.7674186478999314
847,Warehouse_015__Person_0169,Camera_06,851,Warehouse_015__Person_0169,Camera_11,0.9664641618728638,1,0.6054856869086118
848,Warehouse_015__Person_0169,Camera_07,851,Warehouse_015__Person_0169,Camera_11,0.9732896685600281,1,0.7927616501145913
849,Warehouse_015__Person_0169,Camera_08,852,Warehouse_015__Person_0169,Camera_12,0.9884889721870422,1,0.7460536539483908
850,Warehouse_015__Person_0169,Camera_10,842,Warehouse_015__Person_0169,Camera_01,0.9903329014778137,1,0.7775499354446722
851,Warehouse_015__Person_0169,Camera_11,848,Warehouse_015__Person_0169,Camera_07,0.9732896685600281,1,0.7648312471841885
852,Warehouse_015__Person_0169,Camera_12,850,Warehouse_015__Person_0169,Camera_10,0.989383339881897,1,0.720566079871475
853,Warehouse_015__Person_0170,Camera,856,Warehouse_015__Person_0170,Camera_04,0.9772488474845886,1,0.8515507377295997
854,Warehouse_015__Person_0170,Camera_01,861,Warehouse_015__Person_0170,Camera_10,0.9867347478866577,1,0.7257152543193734
855,Warehouse_015__Person_0170,Camera_03,854,Warehouse_015__Person_0170,Camera_01,0.9819492697715759,1,0.8112599206349207
856,Warehouse_015__Person_0170,Camera_04,853,Warehouse_015__Person_0170,Camera,0.9772488474845886,1,0.7922914784703403
857,Warehouse_015__Person_0170,Camera_05,628,Warehouse_015__Person_0000,Camera_03,0.6673555374145508,0,0.11091727922939332
858,Warehouse_015__Person_0170,Camera_07,855,Warehouse_015__Person_0170,Camera_03,0.977549135684967,1,0.8399810066476734
859,Warehouse_015__Person_0170,Camera_08,858,Warehouse_015__Person_0170,Camera_07,0.9111112952232361,1,0.8900567233900567
860,Warehouse_015__Person_0170,Camera_09,858,Warehouse_015__Person_0170,Camera_07,0.8289270401000977,1,0.9045138888888891
861,Warehouse_015__Person_0170,Camera_10,854,Warehouse_015__Person_0170,Camera_01,0.9867347478866577,1,0.7633143580012651
862,Warehouse_015__Person_0170,Camera_12,853,Warehouse_015__Person_0170,Camera,0.9714030623435974,1,0.8483709273182958
863,Warehouse_015__Person_0171,Camera,872,Warehouse_015__Person_0171,Camera_10,0.9828800559043884,1,0.925
864,Warehouse_015__Person_0171,Camera_01,872,Warehouse_015__Person_0171,Camera_10,0.986957848072052,1,0.8914141414141414
865,Warehouse_015__Person_0171,Camera_02,874,Warehouse_015__Person_0171,Camera_12,0.8824634552001953,1,0.9226044226044225
866,Warehouse_015__Person_0171,Camera_03,864,Warehouse_015__Person_0171,Camera_01,0.9764034748077393,1,0.9357309357309358
867,Warehouse_015__Person_0171,Camera_04,870,Warehouse_015__Person_0171,Camera_07,0.9790213704109192,1,0.9186868686868687
868,Warehouse_015__Person_0171,Camera_05,864,Warehouse_015__Person_0171,Camera_01,0.9844351410865784,1,0.9331168831168831
869,Warehouse_015__Person_0171,Camera_06,871,Warehouse_015__Person_0171,Camera_09,0.8625506162643433,1,0.6530254467754467
870,Warehouse_015__Person_0171,Camera_07,863,Warehouse_015__Person_0171,Camera,0.9806194305419922,1,0.9186868686868688
871,Warehouse_015__Person_0171,Camera_09,870,Warehouse_015__Person_0171,Camera_07,0.946111261844635,1,0.9059458218549128
872,Warehouse_015__Person_0171,Camera_10,864,Warehouse_015__Person_0171,Camera_01,0.986957848072052,1,0.9335664335664335
873,Warehouse_015__Person_0171,Camera_11,868,Warehouse_015__Person_0171,Camera_05,0.9759306907653809,1,0.9160287081339713
874,Warehouse_015__Person_0171,Camera_12,872,Warehouse_015__Person_0171,Camera_10,0.9833602905273438,1,0.9424931129476584
875,Warehouse_015__Person_0172,Camera,879,Warehouse_015__Person_0172,Camera_04,0.9885665774345398,1,1.0
876,Warehouse_015__Person_0172,Camera_01,880,Warehouse_015__Person_0172,Camera_05,0.9919511675834656,1,1.0
877,Warehouse_015__Person_0172,Camera_02,879,Warehouse_015__Person_0172,Camera_04,0.9848005175590515,1,1.0
878,Warehouse_015__Person_0172,Camera_03,884,Warehouse_015__Person_0172,Camera_10,0.9921931028366089,1,1.0
879,Warehouse_015__Person_0172,Camera_04,875,Warehouse_015__Person_0172,Camera,0.9885665774345398,1,1.0
880,Warehouse_015__Person_0172,Camera_05,876,Warehouse_015__Person_0172,Camera_01,0.9919511675834656,1,1.0
881,Warehouse_015__Person_0172,Camera_07,878,Warehouse_015__Person_0172,Camera_03,0.9528615474700928,1,1.0
882,Warehouse_015__Person_0172,Camera_08,879,Warehouse_015__Person_0172,Camera_04,0.9815661311149597,1,1.0
883,Warehouse_015__Person_0172,Camera_09,878,Warehouse_015__Person_0172,Camera_03,0.9418150782585144,1,1.0
884,Warehouse_015__Person_0172,Camera_10,878,Warehouse_015__Person_0172,Camera_03,0.9921931028366089,1,1.0
885,Warehouse_015__Person_0172,Camera_11,880,Warehouse_015__Person_0172,Camera_05,0.9747514128684998,1,1.0
886,Warehouse_015__Person_0172,Camera_12,884,Warehouse_015__Person_0172,Camera_10,0.9878383874893188,1,1.0
887,Warehouse_015__Person_0173,Camera,893,Warehouse_015__Person_0173,Camera_07,0.9757029414176941,1,0.9333333333333332
888,Warehouse_015__Person_0173,Camera_01,896,Warehouse_015__Person_0173,Camera_10,0.9903481602668762,1,0.9094827586206896
889,Warehouse_015__Person_0173,Camera_02,894,Warehouse_015__Person_0173,Camera_08,0.8296432495117188,1,0.9333333333333332
890,Warehouse_015__Person_0173,Camera_03,888,Warehouse_015__Person_0173,Camera_01,0.9862022399902344,1,0.9344827586206897
891,Warehouse_015__Person_0173,Camera_04,897,Warehouse_015__Person_0173,Camera_12,0.9714633226394653,1,0.9357142857142857
892,Warehouse_015__Person_0173,Camera_05,888,Warehouse_015__Person_0173,Camera_01,0.9659417867660522,1,0.9005602240896359
893,Warehouse_015__Person_0173,Camera_07,887,Warehouse_015__Person_0173,Camera,0.9757029414176941,1,0.9333333333333332
894,Warehouse_015__Person_0173,Camera_08,890,Warehouse_015__Person_0173,Camera_03,0.9782546758651733,1,0.9334782608695652
895,Warehouse_015__Person_0173,Camera_09,893,Warehouse_015__Person_0173,Camera_07,0.9560558199882507,1,0.932258064516129
896,Warehouse_015__Person_0173,Camera_10,888,Warehouse_015__Person_0173,Camera_01,0.9903481602668762,1,0.9244827586206897
897,Warehouse_015__Person_0173,Camera_12,888,Warehouse_015__Person_0173,Camera_01,0.9819369316101074,1,0.937037037037037
898,Warehouse_015__Person_0174,Camera,899,Warehouse_015__Person_0174,Camera_01,0.9932889342308044,1,0.8194550547491724
899,Warehouse_015__Person_0174,Camera_01,900,Warehouse_015__Person_0174,Camera_03,0.9949570894241333,1,0.8174951485296313
900,Warehouse_015__Person_0174,Camera_03,899,Warehouse_015__Person_0174,Camera_01,0.9949570894241333,1,0.8156565656565657
901,Warehouse_015__Person_0174,Camera_04,905,Warehouse_015__Person_0174,Camera_08,0.9836570024490356,1,0.7597387597387598
902,Warehouse_015__Person_0174,Camera_05,899,Warehouse_015__Person_0174,Camera_01,0.9883518815040588,1,0.8453593819973131
903,Warehouse_015__Person_0174,Camera_06,908,Warehouse_015__Person_0174,Camera_11,0.9503037929534912,1,0.6747472521536693
904,Warehouse_015__Person_0174,Camera_07,900,Warehouse_015__Person_0174,Camera_03,0.9792527556419373,1,0.9073720397249809
905,Warehouse_015__Person_0174,Camera_08,898,Warehouse_015__Person_0174,Camera,0.9872072339057922,1,0.8286467156032373
906,Warehouse_015__Person_0174,Camera_09,903,Warehouse_015__Person_0174,Camera_06,0.9446454048156738,1,0.9218253968253969
907,Warehouse_015__Person_0174,Camera_10,909,Warehouse_015__Person_0174,Camera_12,0.9936619997024536,1,0.8113407525172232
908,Warehouse_015__Person_0174,Camera_11,904,Warehouse_015__Person_0174,Camera_07,0.9549292922019958,1,0.791935841935842
909,Warehouse_015__Person_0174,Camera_12,907,Warehouse_015__Person_0174,Camera_10,0.9936619997024536,1,0.8129017447199266
910,Warehouse_015__Person_0175,Camera,918,Warehouse_015__Person_0175,Camera_08,0.8953931331634521,1,0.8594057457693822
911,Warehouse_015__Person_0175,Camera_01,913,Warehouse_015__Person_0175,Camera_03,0.9920238852500916,1,0.9361179361179361
912,Warehouse_015__Person_0175,Camera_02,910,Warehouse_015__Person_0175,Camera,0.6986017823219299,1,0.7867456073338426
913,Warehouse_015__Person_0175,Camera_03,911,Warehouse_015__Person_0175,Camera_01,0.9920238852500916,1,0.9403409090909092
914,Warehouse_015__Person_0175,Camera_04,921,Warehouse_015__Person_0175,Camera_12,0.9742738604545593,1,0.9413489736070382
915,Warehouse_015__Person_0175,Camera_05,911,Warehouse_015__Person_0175,Camera_01,0.9826807975769043,1,0.9258264462809918
916,Warehouse_015__Person_0175,Camera_06,920,Warehouse_015__Person_0175,Camera_11,0.9843973517417908,1,0.9413489736070382
917,Warehouse_015__Person_0175,Camera_07,916,Warehouse_015__Person_0175,Camera_06,0.9657102823257446,1,0.9075071270193222
918,Warehouse_015__Person_0175,Camera_08,919,Warehouse_015__Person_0175,Camera_10,0.9737129211425781,1,0.9413489736070382
919,Warehouse_015__Person_0175,Camera_10,911,Warehouse_015__Person_0175,Camera_01,0.9886133670806885,1,0.9403409090909092
920,Warehouse_015__Person_0175,Camera_11,916,Warehouse_015__Person_0175,Camera_06,0.9843973517417908,1,0.9110459433040079
921,Warehouse_015__Person_0175,Camera_12,919,Warehouse_015__Person_0175,Camera_10,0.9798534512519836,1,0.9424242424242424
922,Warehouse_015__Person_0176,Camera,927,Warehouse_015__Person_0176,Camera_07,0.9939478635787964,1,1.0000000000000002
923,Warehouse_015__Person_0176,Camera_01,930,Warehouse_015__Person_0176,Camera_10,0.9971317648887634,1,1.0000000000000002
924,Warehouse_015__Person_0176,Camera_03,930,Warehouse_015__Person_0176,Camera_10,0.99476158618927,1,1.0000000000000002
925,Warehouse_015__Person_0176,Camera_04,927,Warehouse_015__Person_0176,Camera_07,0.9916372895240784,1,1.0
926,Warehouse_015__Person_0176,Camera_05,924,Warehouse_015__Person_0176,Camera_03,0.9879817962646484,1,1.0
927,Warehouse_015__Person_0176,Camera_07,922,Warehouse_015__Person_0176,Camera,0.9939478635787964,1,1.0000000000000002
928,Warehouse_015__Person_0176,Camera_08,925,Warehouse_015__Person_0176,Camera_04,0.9907358884811401,1,1.0
929,Warehouse_015__Person_0176,Camera_09,927,Warehouse_015__Person_0176,Camera_07,0.9738774299621582,1,1.0000000000000002
930,Warehouse_015__Person_0176,Camera_10,923,Warehouse_015__Person_0176,Camera_01,0.9971317648887634,1,1.0000000000000002
931,Warehouse_015__Person_0176,Camera_12,922,Warehouse_015__Person_0176,Camera,0.9937987327575684,1,1.0
932,Warehouse_015__Person_0177,Camera,722,Warehouse_015__Person_0009,Camera_08,0.9831440448760986,0,0.45830853758480855
933,Warehouse_015__Person_0177,Camera_01,936,Warehouse_015__Person_0177,Camera_05,0.9879710078239441,1,0.766752740436951
934,Warehouse_015__Person_0177,Camera_03,936,Warehouse_015__Person_0177,Camera_05,0.9829849004745483,1,0.5674631222230628
935,Warehouse_015__Person_0177,Camera_04,932,Warehouse_015__Person_0177,Camera,0.977480947971344,1,0.48185470246224277
936,Warehouse_015__Person_0177,Camera_05,933,Warehouse_015__Person_0177,Camera_01,0.9879710078239441,1,0.7668215309594619
937,Warehouse_015__Person_0177,Camera_06,936,Warehouse_015__Person_0177,Camera_05,0.9724259376525879,1,0.66132646814465
938,Warehouse_015__Person_0177,Camera_07,1284,Warehouse_015__Person_0233,Camera_01,0.9640394449234009,0,0.33844830920904756
939,Warehouse_015__Person_0177,Camera_08,933,Warehouse_015__Person_0177,Camera_01,0.9291954636573792,1,0.5953375439319967
940,Warehouse_015__Person_0177,Camera_09,935,Warehouse_015__Person_0177,Camera_04,0.9260956645011902,1,0.4846457740459288
941,Warehouse_015__Person_0177,Camera_10,933,Warehouse_015__Person_0177,Camera_01,0.9782841801643372,1,0.7111144602523913
942,Warehouse_015__Person_0177,Camera_11,936,Warehouse_015__Person_0177,Camera_05,0.97867751121521,1,0.7479507720887031
943,Warehouse_015__Person_0177,Camera_12,934,Warehouse_015__Person_0177,Camera_03,0.9819807410240173,1,0.5124428402837046
944,Warehouse_015__Person_0178,Camera,946,Warehouse_015__Person_0178,Camera_03,0.977544903755188,1,0.8614285714285714
945,Warehouse_015__Person_0178,Camera_01,946,Warehouse_015__Person_0178,Camera_03,0.9803738594055176,1,0.8526785714285714
946,Warehouse_015__Person_0178,Camera_03,945,Warehouse_015__Person_0178,Camera_01,0.9803738594055176,1,0.8614285714285714
947,Warehouse_015__Person_0178,Camera_04,944,Warehouse_015__Person_0178,Camera,0.9746742248535156,1,0.8398268398268398
948,Warehouse_015__Person_0178,Camera_07,949,Warehouse_015__Person_0178,Camera_08,0.8149860501289368,1,0.29932265416287973
949,Warehouse_015__Person_0178,Camera_08,948,Warehouse_015__Person_0178,Camera_07,0.8149860501289368,1,0.3494884397140036
950,Warehouse_015__Person_0178,Camera_10,945,Warehouse_015__Person_0178,Camera_01,0.97788405418396,1,0.837037037037037
951,Warehouse_015__Person_0178,Camera_12,946,Warehouse_015__Person_0178,Camera_03,0.9749765992164612,1,0.7982374768089053
952,Warehouse_015__Person_0179,Camera,960,Warehouse_015__Person_0179,Camera_12,0.9916794896125793,1,1.0
953,Warehouse_015__Person_0179,Camera_01,956,Warehouse_015__Person_0179,Camera_04,0.9686638712882996,1,1.0
954,Warehouse_015__Person_0179,Camera_02,956,Warehouse_015__Person_0179,Camera_04,0.9684090614318848,1,1.0
955,Warehouse_015__Person_0179,Camera_03,958,Warehouse_015__Person_0179,Camera_08,0.9828420877456665,1,1.0
956,Warehouse_015__Person_0179,Camera_04,952,Warehouse_015__Person_0179,Camera,0.9900860786437988,1,1.0
957,Warehouse_015__Person_0179,Camera_07,955,Warehouse_015__Person_0179,Camera_03,0.946125864982605,1,1.0
958,Warehouse_015__Person_0179,Camera_08,952,Warehouse_015__Person_0179,Camera,0.9888139367103577,1,1.0
959,Warehouse_015__Person_0179,Camera_10,960,Warehouse_015__Person_0179,Camera_12,0.9912543296813965,1,1.0
960,Warehouse_015__Person_0179,Camera_12,952,Warehouse_015__Person_0179,Camera,0.9916794896125793,1,1.0
961,Warehouse_015__Person_0180,Camera,970,Warehouse_015__Person_0180,Camera_12,0.9840658903121948,1,1.0000000000000002
962,Warehouse_015__Person_0180,Camera_01,969,Warehouse_015__Person_0180,Camera_10,0.9899848699569702,1,1.0000000000000002
963,Warehouse_015__Person_0180,Camera_02,961,Warehouse_015__Person_0180,Camera,0.9716334939002991,1,1.0000000000000002
964,Warehouse_015__Person_0180,Camera_03,962,Warehouse_015__Person_0180,Camera_01,0.9847438335418701,1,1.0000000000000002
965,Warehouse_015__Person_0180,Camera_04,962,Warehouse_015__Person_0180,Camera_01,0.9843252301216125,1,1.0
966,Warehouse_015__Person_0180,Camera_07,964,Warehouse_015__Person_0180,Camera_03,0.9718409180641174,1,1.0000000000000002
967,Warehouse_015__Person_0180,Camera_08,964,Warehouse_015__Person_0180,Camera_03,0.9747817516326904,1,0.9888888888888889
968,Warehouse_015__Person_0180,Camera_09,966,Warehouse_015__Person_0180,Camera_07,0.9481370449066162,1,0.9797979797979799
969,Warehouse_015__Person_0180,Camera_10,962,Warehouse_015__Person_0180,Camera_01,0.9899848699569702,1,1.0000000000000002
970,Warehouse_015__Person_0180,Camera_12,961,Warehouse_015__Person_0180,Camera,0.9840658903121948,1,1.0
971,Warehouse_015__Person_0181,Camera,974,Warehouse_015__Person_0181,Camera_03,0.9960700869560242,1,1.0000000000000002
972,Warehouse_015__Person_0181,Camera_01,974,Warehouse_015__Person_0181,Camera_03,0.996419370174408,1,1.0000000000000002
973,Warehouse_015__Person_0181,Camera_02,971,Warehouse_015__Person_0181,Camera,0.9926077723503113,1,1.0000000000000002
974,Warehouse_015__Person_0181,Camera_03,972,Warehouse_015__Person_0181,Camera_01,0.996419370174408,1,1.0000000000000002
975,Warehouse_015__Person_0181,Camera_04,973,Warehouse_015__Person_0181,Camera_02,0.9918032884597778,1,1.0
976,Warehouse_015__Person_0181,Camera_05,972,Warehouse_015__Person_0181,Camera_01,0.9904939532279968,1,1.0
977,Warehouse_015__Person_0181,Camera_07,974,Warehouse_015__Person_0181,Camera_03,0.9896349310874939,1,1.0000000000000002
978,Warehouse_015__Person_0181,Camera_08,979,Warehouse_015__Person_0181,Camera_10,0.9942021369934082,1,1.0
979,Warehouse_015__Person_0181,Camera_10,980,Warehouse_015__Person_0181,Camera_12,0.9959867596626282,1,1.0000000000000002
980,Warehouse_015__Person_0181,Camera_12,972,Warehouse_015__Person_0181,Camera_01,0.9960401654243469,1,1.0
981,Warehouse_015__Person_0184,Camera_01,986,Warehouse_015__Person_0184,Camera_10,0.9649245738983154,1,0.8333333333333333
982,Warehouse_015__Person_0184,Camera_02,983,Warehouse_015__Person_0184,Camera_03,0.7601426839828491,1,0.5409159159159159
983,Warehouse_015__Person_0184,Camera_03,981,Warehouse_015__Person_0184,Camera_01,0.9487038850784302,1,0.7738095238095237
984,Warehouse_015__Person_0184,Camera_05,986,Warehouse_015__Person_0184,Camera_10,0.8449130058288574,1,0.9333333333333333
985,Warehouse_015__Person_0184,Camera_08,986,Warehouse_015__Person_0184,Camera_10,0.9432770609855652,1,0.8531746031746031
986,Warehouse_015__Person_0184,Camera_10,981,Warehouse_015__Person_0184,Camera_01,0.9649245738983154,1,0.8333333333333333
987,Warehouse_015__Person_0184,Camera_12,981,Warehouse_015__Person_0184,Camera_01,0.9548484086990356,1,0.7783882783882783
988,Warehouse_015__Person_0185,Camera,991,Warehouse_015__Person_0185,Camera_03,0.9972537159919739,1,0.9999999999999999
989,Warehouse_015__Person_0185,Camera_01,988,Warehouse_015__Person_0185,Camera,0.9960950016975403,1,0.9999999999999999
990,Warehouse_015__Person_0185,Camera_02,998,Warehouse_015__Person_0185,Camera_12,0.9951415061950684,1,0.9999999999999999
991,Warehouse_015__Person_0185,Camera_03,988,Warehouse_015__Person_0185,Camera,0.9972537159919739,1,0.9999999999999999
992,Warehouse_015__Person_0185,Camera_04,988,Warehouse_015__Person_0185,Camera,0.9942310452461243,1,1.0
993,Warehouse_015__Person_0185,Camera_05,995,Warehouse_015__Person_0185,Camera_08,0.9883795976638794,1,1.0
994,Warehouse_015__Person_0185,Camera_07,996,Warehouse_015__Person_0185,Camera_10,0.9776871204376221,1,0.9999999999999999
995,Warehouse_015__Person_0185,Camera_08,991,Warehouse_015__Person_0185,Camera_03,0.9945683479309082,1,1.0
996,Warehouse_015__Person_0185,Camera_10,988,Warehouse_015__Person_0185,Camera,0.9960849285125732,1,0.9999999999999999
997,Warehouse_015__Person_0185,Camera_11,995,Warehouse_015__Person_0185,Camera_08,0.9675731062889099,1,0.9999999999999999
998,Warehouse_015__Person_0185,Camera_12,990,Warehouse_015__Person_0185,Camera_02,0.9951415061950684,1,1.0
999,Warehouse_015__Person_0186,Camera,1002,Warehouse_015__Person_0186,Camera_03,0.9821488261222839,1,1.0000000000000002
1000,Warehouse_015__Person_0186,Camera_01,1008,Warehouse_015__Person_0186,Camera_12,0.9901941418647766,1,1.0000000000000002
1001,Warehouse_015__Person_0186,Camera_02,1008,Warehouse_015__Person_0186,Camera_12,0.9875297546386719,1,1.0000000000000002
1002,Warehouse_015__Person_0186,Camera_03,999,Warehouse_015__Person_0186,Camera,0.9821488261222839,1,0.9765432098765434
1003,Warehouse_015__Person_0186,Camera_04,1008,Warehouse_015__Person_0186,Camera_12,0.9796519875526428,1,1.0
1004,Warehouse_015__Person_0186,Camera_05,1001,Warehouse_015__Person_0186,Camera_02,0.9273777008056641,1,0.9888888888888889
1005,Warehouse_015__Person_0186,Camera_07,1002,Warehouse_015__Person_0186,Camera_03,0.9516441822052002,1,1.0000000000000002
1006,Warehouse_015__Person_0186,Camera_08,1008,Warehouse_015__Person_0186,Camera_12,0.9939702153205872,1,1.0
1007,Warehouse_015__Person_0186,Camera_10,1008,Warehouse_015__Person_0186,Camera_12,0.9916636943817139,1,1.0000000000000002
1008,Warehouse_015__Person_0186,Camera_12,1006,Warehouse_015__Person_0186,Camera_08,0.9939702153205872,1,1.0
1009,Warehouse_015__Person_0187,Camera,1013,Warehouse_015__Person_0187,Camera_04,0.973287045955658,1,0.975
1010,Warehouse_015__Person_0187,Camera_01,1012,Warehouse_015__Person_0187,Camera_03,0.9642568230628967,1,1.0
1011,Warehouse_015__Person_0187,Camera_02,1013,Warehouse_015__Person_0187,Camera_04,0.9665879607200623,1,1.0
1012,Warehouse_015__Person_0187,Camera_03,1010,Warehouse_015__Person_0187,Camera_01,0.9642568230628967,1,0.975
1013,Warehouse_015__Person_0187,Camera_04,1017,Warehouse_015__Person_0187,Camera_12,0.9827002286911011,1,1.0
1014,Warehouse_015__Person_0187,Camera_05,1011,Warehouse_015__Person_0187,Camera_02,0.7574993371963501,1,1.0
1015,Warehouse_015__Person_0187,Camera_08,1017,Warehouse_015__Person_0187,Camera_12,0.9833049178123474,1,1.0
1016,Warehouse_015__Person_0187,Camera_10,1017,Warehouse_015__Person_0187,Camera_12,0.9739271402359009,1,1.0
1017,Warehouse_015__Person_0187,Camera_12,1015,Warehouse_015__Person_0187,Camera_08,0.9833049178123474,1,1.0
1018,Warehouse_015__Person_0188,Camera,1020,Warehouse_015__Person_0188,Camera_03,0.9870887398719788,1,1.0000000000000002
1019,Warehouse_015__Person_0188,Camera_01,1026,Warehouse_015__Person_0188,Camera_10,0.9923268556594849,1,1.0000000000000002
1020,Warehouse_015__Person_0188,Camera_03,1019,Warehouse_015__Person_0188,Camera_01,0.9876492619514465,1,1.0000000000000002
1021,Warehouse_015__Person_0188,Camera_04,1018,Warehouse_015__Person_0188,Camera,0.9786222577095032,1,1.0
1022,Warehouse_015__Person_0188,Camera_05,1023,Warehouse_015__Person_0188,Camera_07,0.9373902678489685,1,1.0
1023,Warehouse_015__Person_0188,Camera_07,1020,Warehouse_015__Person_0188,Camera_03,0.9666299819946289,1,1.0000000000000002
1024,Warehouse_015__Person_0188,Camera_08,1027,Warehouse_015__Person_0188,Camera_12,0.9756949543952942,1,1.0
1025,Warehouse_015__Person_0188,Camera_09,1020,Warehouse_015__Person_0188,Camera_03,0.9568787813186646,1,1.0000000000000002
1026,Warehouse_015__Person_0188,Camera_10,1019,Warehouse_015__Person_0188,Camera_01,0.9923262596130371,1,1.0000000000000002
1027,Warehouse_015__Person_0188,Camera_12,1024,Warehouse_015__Person_0188,Camera_08,0.9756949543952942,1,1.0
1028,Warehouse_015__Person_0189,Camera_01,1034,Warehouse_015__Person_0189,Camera_10,0.9855505228042603,1,0.90625
1029,Warehouse_015__Person_0189,Camera_02,1030,Warehouse_015__Person_0189,Camera_03,0.9868394732475281,1,0.9006410256410257
1030,Warehouse_015__Person_0189,Camera_03,1029,Warehouse_015__Person_0189,Camera_02,0.9868394732475281,1,0.907258064516129
1031,Warehouse_015__Person_0189,Camera_05,1030,Warehouse_015__Person_0189,Camera_03,0.9738653302192688,1,0.912037037037037
1032,Warehouse_015__Person_0189,Camera_06,1035,Warehouse_015__Person_0189,Camera_11,0.6447430849075317,1,0.6253177378177378
1033,Warehouse_015__Person_0189,Camera_08,1036,Warehouse_015__Person_0189,Camera_12,0.993224024772644,1,0.907258064516129
1034,Warehouse_015__Person_0189,Camera_10,1033,Warehouse_015__Person_0189,Camera_08,0.9911100268363953,1,0.907258064516129
1035,Warehouse_015__Person_0189,Camera_11,1030,Warehouse_015__Person_0189,Camera_03,0.9695433378219604,1,0.9204545454545454
1036,Warehouse_015__Person_0189,Camera_12,1033,Warehouse_015__Person_0189,Camera_08,0.993224024772644,1,0.9083333333333333
1037,Warehouse_015__Person_0190,Camera,1042,Warehouse_015__Person_0190,Camera_05,0.9855067729949951,1,1.0
1038,Warehouse_015__Person_0190,Camera_01,1040,Warehouse_015__Person_0190,Camera_03,0.9894662499427795,1,1.0
1039,Warehouse_015__Person_0190,Camera_02,1044,Warehouse_015__Person_0190,Camera_07,0.9754077196121216,1,1.0
1040,Warehouse_015__Person_0190,Camera_03,1042,Warehouse_015__Person_0190,Camera_05,0.9904983043670654,1,1.0
1041,Warehouse_015__Person_0190,Camera_04,1044,Warehouse_015__Person_0190,Camera_07,0.9692251086235046,1,1.0
1042,Warehouse_015__Person_0190,Camera_05,1040,Warehouse_015__Person_0190,Camera_03,0.9904983043670654,1,1.0
1043,Warehouse_015__Person_0190,Camera_06,1037,Warehouse_015__Person_0190,Camera,0.9769227504730225,1,1.0
1044,Warehouse_015__Person_0190,Camera_07,1040,Warehouse_015__Person_0190,Camera_03,0.9860738515853882,1,1.0
1045,Warehouse_015__Person_0190,Camera_08,1039,Warehouse_015__Person_0190,Camera_02,0.9451440572738647,1,1.0
1046,Warehouse_015__Person_0190,Camera_09,1044,Warehouse_015__Person_0190,Camera_07,0.7942415475845337,1,1.0
1047,Warehouse_015__Person_0190,Camera_10,1040,Warehouse_015__Person_0190,Camera_03,0.9871576428413391,1,1.0
1048,Warehouse_015__Person_0190,Camera_11,1040,Warehouse_015__Person_0190,Camera_03,0.9693343639373779,1,1.0
1049,Warehouse_015__Person_0190,Camera_12,1038,Warehouse_015__Person_0190,Camera_01,0.9877929091453552,1,1.0
1050,Warehouse_015__Person_0191,Camera,1054,Warehouse_015__Person_0191,Camera_05,0.9758744835853577,1,0.8551919191919192
1051,Warehouse_015__Person_0191,Camera_01,1060,Warehouse_015__Person_0191,Camera_12,0.9888737201690674,1,0.8315850815850815
1052,Warehouse_015__Person_0191,Camera_02,1076,Warehouse_015__Person_0193,Camera_06,0.9793764352798462,0,0.5037574077574077
1053,Warehouse_015__Person_0191,Camera_03,1058,Warehouse_015__Person_0191,Camera_10,0.9883521795272827,1,0.801569264069264
1054,Warehouse_015__Person_0191,Camera_05,1053,Warehouse_015__Person_0191,Camera_03,0.9864116907119751,1,0.8117835595776772
1055,Warehouse_015__Person_0191,Camera_07,1053,Warehouse_015__Person_0191,Camera_03,0.9860754609107971,1,0.6573735046315691
1056,Warehouse_015__Person_0191,Camera_08,1052,Warehouse_015__Person_0191,Camera_02,0.9764129519462585,1,0.4709269049269049
1057,Warehouse_015__Person_0191,Camera_09,1055,Warehouse_015__Person_0191,Camera_07,0.9299395084381104,1,0.572258064516129
1058,Warehouse_015__Person_0191,Camera_10,1053,Warehouse_015__Person_0191,Camera_03,0.9883521795272827,1,0.8325320512820512
1059,Warehouse_015__Person_0191,Camera_11,1351,Warehouse_015__Person_0239,Camera_06,0.8910636305809021,0,0.6483350421508316
1060,Warehouse_015__Person_0191,Camera_12,1051,Warehouse_015__Person_0191,Camera_01,0.9888737201690674,1,0.8049247311827956
1061,Warehouse_015__Person_0192,Camera,1070,Warehouse_015__Person_0192,Camera_12,0.9917546510696411,1,1.0000000000000002
1062,Warehouse_015__Person_0192,Camera_01,1064,Warehouse_015__Person_0192,Camera_03,0.9913983345031738,1,1.0000000000000002
1063,Warehouse_015__Person_0192,Camera_02,1061,Warehouse_015__Person_0192,Camera,0.9754470586776733,1,1.0000000000000002
1064,Warehouse_015__Person_0192,Camera_03,1062,Warehouse_015__Person_0192,Camera_01,0.9913983345031738,1,1.0000000000000002
1065,Warehouse_015__Person_0192,Camera_04,1061,Warehouse_015__Person_0192,Camera,0.9904392957687378,1,1.0
1066,Warehouse_015__Person_0192,Camera_05,1064,Warehouse_015__Person_0192,Camera_03,0.9714068174362183,1,1.0
1067,Warehouse_015__Person_0192,Camera_07,1062,Warehouse_015__Person_0192,Camera_01,0.9675143957138062,1,1.0000000000000002
1068,Warehouse_015__Person_0192,Camera_08,1069,Warehouse_015__Person_0192,Camera_10,0.9894708395004272,1,1.0
1069,Warehouse_015__Person_0192,Camera_10,1070,Warehouse_015__Person_0192,Camera_12,0.9946380853652954,1,1.0000000000000002
1070,Warehouse_015__Person_0192,Camera_12,1069,Warehouse_015__Person_0192,Camera_10,0.9946380853652954,1,1.0
1071,Warehouse_015__Person_0193,Camera,79,Hospital_000__Person_0005,Camera_23,0.908372163772583,0,0.2683121540610598
1072,Warehouse_015__Person_0193,Camera_01,1079,Warehouse_015__Person_0193,Camera_10,0.9739196300506592,1,0.6062449796505524
1073,Warehouse_015__Person_0193,Camera_02,1076,Warehouse_015__Person_0193,Camera_06,0.9820089340209961,1,0.826474358974359
1074,Warehouse_015__Person_0193,Camera_03,1075,Warehouse_015__Person_0193,Camera_05,0.9830765724182129,1,0.8073841698841698
1075,Warehouse_015__Person_0193,Camera_05,1074,Warehouse_015__Person_0193,Camera_03,0.9830765724182129,1,0.5852489177489177
1076,Warehouse_015__Person_0193,Camera_06,1073,Warehouse_015__Person_0193,Camera_02,0.9820089340209961,1,0.6486446396740514
1077,Warehouse_015__Person_0193,Camera_07,1075,Warehouse_015__Person_0193,Camera_05,0.9668314456939697,1,0.7074333561175665
1078,Warehouse_015__Person_0193,Camera_08,1074,Warehouse_015__Person_0193,Camera_03,0.968968391418457,1,0.6649202464202464
1079,Warehouse_015__Person_0193,Camera_10,1072,Warehouse_015__Person_0193,Camera_01,0.9739196300506592,1,0.6453911783555746
1080,Warehouse_015__Person_0193,Camera_11,1055,Warehouse_015__Person_0191,Camera_07,0.980339765548706,0,0.48146385872192327
1081,Warehouse_015__Person_0193,Camera_12,1076,Warehouse_015__Person_0193,Camera_06,0.9769617915153503,1,0.6944444444444443
1082,Warehouse_015__Person_0194,Camera,1084,Warehouse_015__Person_0194,Camera_03,0.9939964413642883,1,0.9722222222222223
1083,Warehouse_015__Person_0194,Camera_01,1090,Warehouse_015__Person_0194,Camera_10,0.9953914880752563,1,0.9722222222222223
1084,Warehouse_015__Person_0194,Camera_03,1082,Warehouse_015__Person_0194,Camera,0.9939964413642883,1,0.9797979797979799
1085,Warehouse_015__Person_0194,Camera_04,1090,Warehouse_015__Person_0194,Camera_10,0.9897445440292358,1,0.9658119658119658
1086,Warehouse_015__Person_0194,Camera_05,1084,Warehouse_015__Person_0194,Camera_03,0.987777054309845,1,0.9658119658119658
1087,Warehouse_015__Person_0194,Camera_07,1082,Warehouse_015__Person_0194,Camera,0.991356372833252,1,1.0000000000000002
1088,Warehouse_015__Person_0194,Camera_08,1082,Warehouse_015__Person_0194,Camera,0.9918135404586792,1,0.9888888888888889
1089,Warehouse_015__Person_0194,Camera_09,1087,Warehouse_015__Person_0194,Camera_07,0.8515526056289673,1,1.0000000000000002
1090,Warehouse_015__Person_0194,Camera_10,1083,Warehouse_015__Person_0194,Camera_01,0.9953914880752563,1,0.9722222222222223
1091,Warehouse_015__Person_0194,Camera_12,1088,Warehouse_015__Person_0194,Camera_08,0.9898131489753723,1,0.9722222222222223
1092,Warehouse_015__Person_0195,Camera_01,1097,Warehouse_015__Person_0195,Camera_10,0.9930736422538757,1,0.8821428571428571
1093,Warehouse_015__Person_0195,Camera_02,1099,Warehouse_015__Person_0195,Camera_12,0.9729914665222168,1,0.894179894179894
1094,Warehouse_015__Person_0195,Camera_03,1099,Warehouse_015__Person_0195,Camera_12,0.9627552628517151,1,0.8809523809523809
1095,Warehouse_015__Person_0195,Camera_05,1092,Warehouse_015__Person_0195,Camera_01,0.9803222417831421,1,0.8827838827838828
1096,Warehouse_015__Person_0195,Camera_08,1099,Warehouse_015__Person_0195,Camera_12,0.9698536396026611,1,0.7845238095238094
1097,Warehouse_015__Person_0195,Camera_10,1092,Warehouse_015__Person_0195,Camera_01,0.9930736422538757,1,0.8834586466165413
1098,Warehouse_015__Person_0195,Camera_11,1313,Warehouse_015__Person_0235,Camera_09,0.8766241073608398,0,0.3774059274059274
1099,Warehouse_015__Person_0195,Camera_12,1093,Warehouse_015__Person_0195,Camera_02,0.9729914665222168,1,0.884169884169884
1100,Warehouse_015__Person_0196,Camera,1108,Warehouse_015__Person_0196,Camera_10,0.9523347616195679,1,0.9999999999999999
1101,Warehouse_015__Person_0196,Camera_01,1104,Warehouse_015__Person_0196,Camera_05,0.9853007793426514,1,0.9999999999999999
1102,Warehouse_015__Person_0196,Camera_03,1108,Warehouse_015__Person_0196,Camera_10,0.9792463183403015,1,0.9833333333333333
1103,Warehouse_015__Person_0196,Camera_04,1106,Warehouse_015__Person_0196,Camera_07,0.7553988099098206,1,1.0
1104,Warehouse_015__Person_0196,Camera_05,1101,Warehouse_015__Person_0196,Camera_01,0.9853007793426514,1,1.0
1105,Warehouse_015__Person_0196,Camera_06,1106,Warehouse_015__Person_0196,Camera_07,0.9522257447242737,1,0.9999999999999999
1106,Warehouse_015__Person_0196,Camera_07,1109,Warehouse_015__Person_0196,Camera_11,0.9862806797027588,1,0.9999999999999999
1107,Warehouse_015__Person_0196,Camera_09,1106,Warehouse_015__Person_0196,Camera_07,0.9348406791687012,1,0.9999999999999999
1108,Warehouse_015__Person_0196,Camera_10,1110,Warehouse_015__Person_0196,Camera_12,0.9892147779464722,1,0.9999999999999999
1109,Warehouse_015__Person_0196,Camera_11,1106,Warehouse_015__Person_0196,Camera_07,0.9862806797027588,1,0.9999999999999999
1110,Warehouse_015__Person_0196,Camera_12,1108,Warehouse_015__Person_0196,Camera_10,0.9892147779464722,1,1.0
1111,Warehouse_015__Person_0197,Camera,1118,Warehouse_015__Person_0197,Camera_08,0.991013765335083,1,0.9163157894736841
1112,Warehouse_015__Person_0197,Camera_01,1120,Warehouse_015__Person_0197,Camera_10,0.9948080778121948,1,0.6790017825311943
1113,Warehouse_015__Person_0197,Camera_02,1111,Warehouse_015__Person_0197,Camera,0.9805616140365601,1,0.8743954480796586
1114,Warehouse_015__Person_0197,Camera_03,1120,Warehouse_015__Person_0197,Camera_10,0.9920304417610168,1,0.9256410256410256
1115,Warehouse_015__Person_0197,Camera_04,1118,Warehouse_015__Person_0197,Camera_08,0.9859530925750732,1,0.8573870573870574
1116,Warehouse_015__Person_0197,Camera_05,1121,Warehouse_015__Person_0197,Camera_12,0.9773821234703064,1,0.7908234838650907
1117,Warehouse_015__Person_0197,Camera_07,1114,Warehouse_015__Person_0197,Camera_03,0.9718458652496338,1,0.8279748221127531
1118,Warehouse_015__Person_0197,Camera_08,1111,Warehouse_015__Person_0197,Camera,0.991013765335083,1,0.883277027027027
1119,Warehouse_015__Person_0197,Camera_09,903,Warehouse_015__Person_0174,Camera_06,0.9366229772567749,0,0.2911860321051497
1120,Warehouse_015__Person_0197,Camera_10,1112,Warehouse_015__Person_0197,Camera_01,0.9948080778121948,1,0.7545303237574099
1121,Warehouse_015__Person_0197,Camera_12,1120,Warehouse_015__Person_0197,Camera_10,0.9874792098999023,1,0.8595131238950088
1122,Warehouse_015__Person_0198,Camera,1128,Warehouse_015__Person_0198,Camera_07,0.9682562351226807,1,0.9909090909090909
1123,Warehouse_015__Person_0198,Camera_01,1126,Warehouse_015__Person_0198,Camera_05,0.9886565208435059,1,0.9117647058823529
1124,Warehouse_015__Person_0198,Camera_03,1126,Warehouse_015__Person_0198,Camera_05,0.9717961549758911,1,0.9249999999999999
1125,Warehouse_015__Person_0198,Camera_04,1128,Warehouse_015__Person_0198,Camera_07,0.950283408164978,1,0.9181818181818182
1126,Warehouse_015__Person_0198,Camera_05,1123,Warehouse_015__Person_0198,Camera_01,0.9886565208435059,1,0.915625
1127,Warehouse_015__Person_0198,Camera_06,1128,Warehouse_015__Person_0198,Camera_07,0.9808143377304077,1,0.9999999999999999
1128,Warehouse_015__Person_0198,Camera_07,1127,Warehouse_015__Person_0198,Camera_06,0.9808143377304077,1,0.9999999999999999
1129,Warehouse_015__Person_0198,Camera_09,1131,Warehouse_015__Person_0198,Camera_11,0.7437335848808289,1,0.6687374686716792
1130,Warehouse_015__Person_0198,Camera_10,1132,Warehouse_015__Person_0198,Camera_12,0.9838309288024902,1,0.91
1131,Warehouse_015__Person_0198,Camera_11,1128,Warehouse_015__Person_0198,Camera_07,0.9768087863922119,1,0.9999999999999999
1132,Warehouse_015__Person_0198,Camera_12,1130,Warehouse_015__Person_0198,Camera_10,0.9838309288024902,1,0.915151515151515
1133,Warehouse_015__Person_0199,Camera,1138,Warehouse_015__Person_0199,Camera_07,0.9740355014801025,1,1.0000000000000002
1134,Warehouse_015__Person_0199,Camera_01,1142,Warehouse_015__Person_0199,Camera_12,0.9897773265838623,1,1.0000000000000002
1135,Warehouse_015__Person_0199,Camera_02,1142,Warehouse_015__Person_0199,Camera_12,0.9788331389427185,1,1.0000000000000002
1136,Warehouse_015__Person_0199,Camera_03,1142,Warehouse_015__Person_0199,Camera_12,0.9853084087371826,1,1.0000000000000002
1137,Warehouse_015__Person_0199,Camera_04,1142,Warehouse_015__Person_0199,Camera_12,0.9828097820281982,1,1.0
1138,Warehouse_015__Person_0199,Camera_07,1137,Warehouse_015__Person_0199,Camera_04,0.9787561893463135,1,1.0000000000000002
1139,Warehouse_015__Person_0199,Camera_08,1141,Warehouse_015__Person_0199,Camera_10,0.992887020111084,1,1.0
1140,Warehouse_015__Person_0199,Camera_09,1138,Warehouse_015__Person_0199,Camera_07,0.9745652079582214,1,1.0000000000000002
1141,Warehouse_015__Person_0199,Camera_10,1139,Warehouse_015__Person_0199,Camera_08,0.992887020111084,1,1.0000000000000002
1142,Warehouse_015__Person_0199,Camera_12,1134,Warehouse_015__Person_0199,Camera_01,0.9897773265838623,1,1.0
1143,Warehouse_015__Person_0200,Camera_01,1147,Warehouse_015__Person_0200,Camera_10,0.904407262802124,1,1.0
1144,Warehouse_015__Person_0200,Camera_02,1148,Warehouse_015__Person_0200,Camera_12,0.938244104385376,1,0.6591575091575091
1145,Warehouse_015__Person_0200,Camera_03,1251,Warehouse_015__Person_0222,Camera_05,0.926369309425354,0,0.275974025974026
1146,Warehouse_015__Person_0200,Camera_08,1148,Warehouse_015__Person_0200,Camera_12,0.9646657705307007,1,0.8555555555555556
1147,Warehouse_015__Person_0200,Camera_10,1148,Warehouse_015__Person_0200,Camera_12,0.9638735055923462,1,0.8454545454545455
1148,Warehouse_015__Person_0200,Camera_12,1146,Warehouse_015__Person_0200,Camera_08,0.9646657705307007,1,0.8433333333333333
1149,Warehouse_015__Person_0201,Camera,1152,Warehouse_015__Person_0201,Camera_03,0.9862313866615295,1,1.0
1150,Warehouse_015__Person_0201,Camera_01,1152,Warehouse_015__Person_0201,Camera_03,0.9881718158721924,1,0.9924242424242424
1151,Warehouse_015__Person_0201,Camera_02,1154,Warehouse_015__Person_0201,Camera_05,0.9140533208847046,1,0.9924242424242424
1152,Warehouse_015__Person_0201,Camera_03,1150,Warehouse_015__Person_0201,Camera_01,0.9881718158721924,1,1.0
1153,Warehouse_015__Person_0201,Camera_04,1149,Warehouse_015__Person_0201,Camera,0.9756792783737183,1,1.0
1154,Warehouse_015__Person_0201,Camera_05,1150,Warehouse_015__Person_0201,Camera_01,0.988109827041626,1,1.0
1155,Warehouse_015__Person_0201,Camera_06,1154,Warehouse_015__Person_0201,Camera_05,0.9811950922012329,1,0.9924242424242424
1156,Warehouse_015__Person_0201,Camera_07,1150,Warehouse_015__Person_0201,Camera_01,0.9591736793518066,1,0.8184620934620934
1157,Warehouse_015__Person_0201,Camera_08,1160,Warehouse_015__Person_0201,Camera_12,0.9837571978569031,1,0.9715909090909092
1158,Warehouse_015__Person_0201,Camera_10,1150,Warehouse_015__Person_0201,Camera_01,0.9819342494010925,1,1.0
1159,Warehouse_015__Person_0201,Camera_11,1155,Warehouse_015__Person_0201,Camera_06,0.9661909341812134,1,1.0
1160,Warehouse_015__Person_0201,Camera_12,1150,Warehouse_015__Person_0201,Camera_01,0.9843890070915222,1,0.9805194805194806
1161,Warehouse_015__Person_0202,Camera,1162,Warehouse_015__Person_0202,Camera_01,0.9856813549995422,1,0.9138078902229847
1162,Warehouse_015__Person_0202,Camera_01,1165,Warehouse_015__Person_0202,Camera_05,0.9931907653808594,1,0.9123063431745104
1163,Warehouse_015__Person_0202,Camera_02,1172,Warehouse_015__Person_0202,Camera_12,0.9918825626373291,1,0.91121405134144
1164,Warehouse_015__Person_0202,Camera_03,1165,Warehouse_015__Person_0202,Camera_05,0.9860814213752747,1,0.9113032984714401
1165,Warehouse_015__Person_0202,Camera_05,1162,Warehouse_015__Person_0202,Camera_01,0.9931907653808594,1,0.9118764244112433
1166,Warehouse_015__Person_0202,Camera_06,1170,Warehouse_015__Person_0202,Camera_10,0.98545241355896,1,0.9130434782608696
1167,Warehouse_015__Person_0202,Camera_07,1171,Warehouse_015__Person_0202,Camera_11,0.9861553907394409,1,0.9159874608150471
1168,Warehouse_015__Person_0202,Camera_08,1163,Warehouse_015__Person_0202,Camera_02,0.9768200516700745,1,0.9118457300275483
1169,Warehouse_015__Person_0202,Camera_09,1192,Warehouse_015__Person_0216,Camera_07,0.5948702096939087,0,0.034631995439514084
1170,Warehouse_015__Person_0202,Camera_10,1162,Warehouse_015__Person_0202,Camera_01,0.9899975657463074,1,0.9120759837177749
1171,Warehouse_015__Person_0202,Camera_11,1167,Warehouse_015__Person_0202,Camera_07,0.9861553907394409,1,0.9159874608150471
1172,Warehouse_015__Person_0202,Camera_12,1163,Warehouse_015__Person_0202,Camera_02,0.9918825626373291,1,0.9116034719049795
1173,Warehouse_015__Person_0215,Camera,1176,Warehouse_015__Person_0215,Camera_03,0.9853672981262207,1,0.9935897435897437
1174,Warehouse_015__Person_0215,Camera_01,1178,Warehouse_015__Person_0215,Camera_05,0.9874749779701233,1,0.9935897435897437
1175,Warehouse_015__Person_0215,Camera_02,1185,Warehouse_015__Person_0215,Camera_12,0.93874192237854,1,0.9754901960784316
1176,Warehouse_015__Person_0215,Camera_03,1185,Warehouse_015__Person_0215,Camera_12,0.9891769886016846,1,0.9692982456140352
1177,Warehouse_015__Person_0215,Camera_04,1182,Warehouse_015__Person_0215,Camera_09,0.9469258785247803,1,1.0
1178,Warehouse_015__Person_0215,Camera_05,1174,Warehouse_015__Person_0215,Camera_01,0.9874749779701233,1,1.0
1179,Warehouse_015__Person_0215,Camera_06,1180,Warehouse_015__Person_0215,Camera_07,0.9685390591621399,1,1.0
1180,Warehouse_015__Person_0215,Camera_07,1179,Warehouse_015__Person_0215,Camera_06,0.9685390591621399,1,1.0
1181,Warehouse_015__Person_0215,Camera_08,1185,Warehouse_015__Person_0215,Camera_12,0.973690927028656,1,0.9442640692640694
1182,Warehouse_015__Person_0215,Camera_09,1179,Warehouse_015__Person_0215,Camera_06,0.9494747519493103,1,0.9880952380952382
1183,Warehouse_015__Person_0215,Camera_10,1174,Warehouse_015__Person_0215,Camera_01,0.9871817231178284,1,1.0
1184,Warehouse_015__Person_0215,Camera_11,1180,Warehouse_015__Person_0215,Camera_07,0.9600632190704346,1,1.0
1185,Warehouse_015__Person_0215,Camera_12,1176,Warehouse_015__Person_0215,Camera_03,0.9891769886016846,1,0.9621212121212122
1186,Warehouse_015__Person_0216,Camera,1195,Warehouse_015__Person_0216,Camera_12,0.9913192391395569,1,0.8432383452068493
1187,Warehouse_015__Person_0216,Camera_01,1189,Warehouse_015__Person_0216,Camera_03,0.9743655920028687,1,0.8792241750239964
1188,Warehouse_015__Person_0216,Camera_02,1190,Warehouse_015__Person_0216,Camera_04,0.9879163503646851,1,0.8602952602952605
1189,Warehouse_015__Person_0216,Camera_03,1195,Warehouse_015__Person_0216,Camera_12,0.9783421754837036,1,0.878785362342911
1190,Warehouse_015__Person_0216,Camera_04,1188,Warehouse_015__Person_0216,Camera_02,0.9879163503646851,1,0.8535353535353535
1191,Warehouse_015__Person_0216,Camera_05,813,Warehouse_015__Person_0166,Camera_07,0.9356186389923096,0,0.18357163414922953
1192,Warehouse_015__Person_0216,Camera_07,566,Hospital_000__Person_0039,Camera_19,0.8408915996551514,0,0.03659929341541125
1193,Warehouse_015__Person_0216,Camera_08,1186,Warehouse_015__Person_0216,Camera,0.9886474609375,1,0.8607271862089849
1194,Warehouse_015__Person_0216,Camera_10,1195,Warehouse_015__Person_0216,Camera_12,0.9903374910354614,1,0.8429011626401514
1195,Warehouse_015__Person_0216,Camera_12,1186,Warehouse_015__Person_0216,Camera,0.9913192391395569,1,0.8604726510386888
1196,Warehouse_015__Person_0217,Camera,1203,Warehouse_015__Person_0217,Camera_07,0.9803743362426758,1,0.8996005809731301
1197,Warehouse_015__Person_0217,Camera_01,1199,Warehouse_015__Person_0217,Camera_03,0.9888437986373901,1,0.8811274509803922
1198,Warehouse_015__Person_0217,Camera_02,1208,Warehouse_015__Person_0217,Camera_12,0.9852228164672852,1,0.8731146304675718
1199,Warehouse_015__Person_0217,Camera_03,1206,Warehouse_015__Person_0217,Camera_10,0.9914537668228149,1,0.8815767565767566
1200,Warehouse_015__Person_0217,Camera_04,1196,Warehouse_015__Person_0217,Camera,0.9682177305221558,1,0.9085314977054652
1201,Warehouse_015__Person_0217,Camera_05,1208,Warehouse_015__Person_0217,Camera_12,0.979300856590271,1,0.8872934697088906
1202,Warehouse_015__Person_0217,Camera_06,555,Hospital_000__Person_0038,Camera_27,0.8493950366973877,0,0.10599581461445379
1203,Warehouse_015__Person_0217,Camera_07,1196,Warehouse_015__Person_0217,Camera,0.9803743362426758,1,0.903921568627451
1204,Warehouse_015__Person_0217,Camera_08,1197,Warehouse_015__Person_0217,Camera_01,0.9686281681060791,1,0.8763382958504911
1205,Warehouse_015__Person_0217,Camera_09,1200,Warehouse_015__Person_0217,Camera_04,0.8445231914520264,1,0.900693981943982
1206,Warehouse_015__Person_0217,Camera_10,1199,Warehouse_015__Person_0217,Camera_03,0.9914537668228149,1,0.8795787545787547
1207,Warehouse_015__Person_0217,Camera_11,1203,Warehouse_015__Person_0217,Camera_07,0.9597785472869873,1,0.8867880485527545
1208,Warehouse_015__Person_0217,Camera_12,1197,Warehouse_015__Person_0217,Camera_01,0.9882818460464478,1,0.8815870098039217
1209,Warehouse_015__Person_0218,Camera,1215,Warehouse_015__Person_0218,Camera_08,0.9844626188278198,1,1.0000000000000002
1210,Warehouse_015__Person_0218,Camera_01,1216,Warehouse_015__Person_0218,Camera_10,0.9911118149757385,1,1.0000000000000002
1211,Warehouse_015__Person_0218,Camera_02,1215,Warehouse_015__Person_0218,Camera_08,0.9864016771316528,1,0.9603174603174605
1212,Warehouse_015__Person_0218,Camera_03,1210,Warehouse_015__Person_0218,Camera_01,0.9894394278526306,1,0.9888888888888892
1213,Warehouse_015__Person_0218,Camera_04,1215,Warehouse_015__Person_0218,Camera_08,0.9839799404144287,1,1.0
1214,Warehouse_015__Person_0218,Camera_05,1210,Warehouse_015__Person_0218,Camera_01,0.9841330647468567,1,1.0
1215,Warehouse_015__Person_0218,Camera_08,1211,Warehouse_015__Person_0218,Camera_02,0.9864016771316528,1,1.0
1216,Warehouse_015__Person_0218,Camera_10,1210,Warehouse_015__Person_0218,Camera_01,0.9911118149757385,1,1.0000000000000002
1217,Warehouse_015__Person_0218,Camera_11,1214,Warehouse_015__Person_0218,Camera_05,0.9172947406768799,1,1.0000000000000002
1218,Warehouse_015__Person_0218,Camera_12,1216,Warehouse_015__Person_0218,Camera_10,0.989331841468811,1,1.0
1219,Warehouse_015__Person_0219,Camera_01,1221,Warehouse_015__Person_0219,Camera_05,0.9878624677658081,1,0.9999999999999998
1220,Warehouse_015__Person_0219,Camera_02,1226,Warehouse_015__Person_0219,Camera_12,0.9842563271522522,1,0.9999999999999998
1221,Warehouse_015__Person_0219,Camera_05,1219,Warehouse_015__Person_0219,Camera_01,0.9878624677658081,1,1.0
1222,Warehouse_015__Person_0219,Camera_06,1225,Warehouse_015__Person_0219,Camera_11,0.975936770439148,1,0.9999999999999998
1223,Warehouse_015__Person_0219,Camera_08,1220,Warehouse_015__Person_0219,Camera_02,0.984218955039978,1,1.0
1224,Warehouse_015__Person_0219,Camera_10,1219,Warehouse_015__Person_0219,Camera_01,0.9875509738922119,1,0.9999999999999998
1225,Warehouse_015__Person_0219,Camera_11,1219,Warehouse_015__Person_0219,Camera_01,0.984540581703186,1,0.9999999999999998
1226,Warehouse_015__Person_0219,Camera_12,1220,Warehouse_015__Person_0219,Camera_02,0.9842563271522522,1,1.0
1227,Warehouse_015__Person_0220,Camera_01,1230,Warehouse_015__Person_0220,Camera_05,0.9747886657714844,1,0.9444444444444446
1228,Warehouse_015__Person_0220,Camera_02,1236,Warehouse_015__Person_0220,Camera_12,0.9669732451438904,1,0.9444444444444446
1229,Warehouse_015__Person_0220,Camera_03,1236,Warehouse_015__Person_0220,Camera_12,0.9736775159835815,1,0.9254901960784314
1230,Warehouse_015__Person_0220,Camera_05,1227,Warehouse_015__Person_0220,Camera_01,0.9747886657714844,1,0.9126543209876543
1231,Warehouse_015__Person_0220,Camera_06,1236,Warehouse_015__Person_0220,Camera_12,0.9662785530090332,1,0.642862330117232
1232,Warehouse_015__Person_0220,Camera_07,1231,Warehouse_015__Person_0220,Camera_06,0.9615471363067627,1,0.8065374440374442
1233,Warehouse_015__Person_0220,Camera_08,1236,Warehouse_015__Person_0220,Camera_12,0.9816673398017883,1,0.9477124183006536
1234,Warehouse_015__Person_0220,Camera_10,1236,Warehouse_015__Person_0220,Camera_12,0.9800862669944763,1,0.9192982456140353
1235,Warehouse_015__Person_0220,Camera_11,1231,Warehouse_015__Person_0220,Camera_06,0.9353917241096497,1,0.8433862433862436
1236,Warehouse_015__Person_0220,Camera_12,1233,Warehouse_015__Person_0220,Camera_08,0.9816673398017883,1,0.9477124183006536
1237,Warehouse_015__Person_0221,Camera,1245,Warehouse_015__Person_0221,Camera_10,0.9874758720397949,1,0.9500000000000001
1238,Warehouse_015__Person_0221,Camera_01,1244,Warehouse_015__Person_0221,Camera_08,0.9927302598953247,1,0.9476190476190477
1239,Warehouse_015__Person_0221,Camera_02,1244,Warehouse_015__Person_0221,Camera_08,0.9840258359909058,1,0.9476190476190477
1240,Warehouse_015__Person_0221,Camera_03,1247,Warehouse_015__Person_0221,Camera_12,0.9879593849182129,1,0.9500000000000001
1241,Warehouse_015__Person_0221,Camera_04,1239,Warehouse_015__Person_0221,Camera_02,0.982917070388794,1,0.9476190476190476
1242,Warehouse_015__Person_0221,Camera_05,1238,Warehouse_015__Person_0221,Camera_01,0.9656969308853149,1,0.9476190476190476
1243,Warehouse_015__Person_0221,Camera_07,1244,Warehouse_015__Person_0221,Camera_08,0.9137555956840515,1,0.9999999999999999
1244,Warehouse_015__Person_0221,Camera_08,1238,Warehouse_015__Person_0221,Camera_01,0.9927302598953247,1,0.95
1245,Warehouse_015__Person_0221,Camera_10,1247,Warehouse_015__Person_0221,Camera_12,0.9913660883903503,1,0.9500000000000001
1246,Warehouse_015__Person_0221,Camera_11,32,Hospital_000__Person_0002,Camera_08,0.8381942510604858,0,0.453989343989344
1247,Warehouse_015__Person_0221,Camera_12,1245,Warehouse_015__Person_0221,Camera_10,0.9913660883903503,1,0.9476190476190476
1248,Warehouse_015__Person_0222,Camera_01,828,Warehouse_015__Person_0168,Camera,0.9542933702468872,0,0.42714646464646466
1249,Warehouse_015__Person_0222,Camera_02,1253,Warehouse_015__Person_0222,Camera_10,0.967096209526062,1,0.6475885225885225
1250,Warehouse_015__Person_0222,Camera_03,813,Warehouse_015__Person_0166,Camera_07,0.9478858709335327,0,0.29946271522358475
1251,Warehouse_015__Person_0222,Camera_05,1250,Warehouse_015__Person_0222,Camera_03,0.9388153553009033,1,0.3845199692780338
1252,Warehouse_015__Person_0222,Camera_08,1254,Warehouse_015__Person_0222,Camera_12,0.9602873921394348,1,0.7525691699604743
1253,Warehouse_015__Person_0222,Camera_10,1249,Warehouse_015__Person_0222,Camera_02,0.967096209526062,1,0.7051282051282051
1254,Warehouse_015__Person_0222,Camera_12,1252,Warehouse_015__Person_0222,Camera_08,0.9602873921394348,1,0.6724537037037037
1255,Warehouse_015__Person_0230,Camera_01,1259,Warehouse_015__Person_0230,Camera_10,0.9663451910018921,1,1.0
1256,Warehouse_015__Person_0230,Camera_02,1258,Warehouse_015__Person_0230,Camera_08,0.9819154739379883,1,1.0
1257,Warehouse_015__Person_0230,Camera_03,1255,Warehouse_015__Person_0230,Camera_01,0.9638953804969788,1,1.0
1258,Warehouse_015__Person_0230,Camera_08,1256,Warehouse_015__Person_0230,Camera_02,0.9819154739379883,1,1.0
1259,Warehouse_015__Person_0230,Camera_10,1255,Warehouse_015__Person_0230,Camera_01,0.9663451910018921,1,1.0
1260,Warehouse_015__Person_0230,Camera_12,1258,Warehouse_015__Person_0230,Camera_08,0.9732427597045898,1,1.0
1261,Warehouse_015__Person_0231,Camera,1272,Warehouse_015__Person_0231,Camera_12,0.9858123064041138,1,1.0
1262,Warehouse_015__Person_0231,Camera_01,1264,Warehouse_015__Person_0231,Camera_03,0.9867640733718872,1,1.0
1263,Warehouse_015__Person_0231,Camera_02,1265,Warehouse_015__Person_0231,Camera_04,0.9878210425376892,1,1.0
1264,Warehouse_015__Person_0231,Camera_03,1262,Warehouse_015__Person_0231,Camera_01,0.9867640733718872,1,1.0
1265,Warehouse_015__Person_0231,Camera_04,1263,Warehouse_015__Person_0231,Camera_02,0.9878210425376892,1,1.0
1266,Warehouse_015__Person_0231,Camera_05,1261,Warehouse_015__Person_0231,Camera,0.9692610502243042,1,1.0
1267,Warehouse_015__Person_0231,Camera_06,1270,Warehouse_015__Person_0231,Camera_10,0.9740432500839233,1,0.986013986013986
1268,Warehouse_015__Person_0231,Camera_07,1269,Warehouse_015__Person_0231,Camera_08,0.9334796071052551,1,0.9924242424242424
1269,Warehouse_015__Person_0231,Camera_08,1262,Warehouse_015__Person_0231,Camera_01,0.9755827784538269,1,1.0
1270,Warehouse_015__Person_0231,Camera_10,1272,Warehouse_015__Person_0231,Camera_12,0.9888300895690918,1,1.0
1271,Warehouse_015__Person_0231,Camera_11,1265,Warehouse_015__Person_0231,Camera_04,0.9360812902450562,1,0.9924242424242424
1272,Warehouse_015__Person_0231,Camera_12,1270,Warehouse_015__Person_0231,Camera_10,0.9888300895690918,1,1.0
1273,Warehouse_015__Person_0232,Camera,1276,Warehouse_015__Person_0232,Camera_03,0.8776226043701172,1,0.9999999999999999
1274,Warehouse_015__Person_0232,Camera_01,1276,Warehouse_015__Person_0232,Camera_03,0.9864857792854309,1,0.9555555555555556
1275,Warehouse_015__Person_0232,Camera_02,1280,Warehouse_015__Person_0232,Camera_08,0.9807302951812744,1,0.9555555555555556
1276,Warehouse_015__Person_0232,Camera_03,1274,Warehouse_015__Person_0232,Camera_01,0.9864857792854309,1,0.9833333333333333
1277,Warehouse_015__Person_0232,Camera_04,1283,Warehouse_015__Person_0232,Camera_12,0.978850245475769,1,0.9526315789473684
1278,Warehouse_015__Person_0232,Camera_05,1274,Warehouse_015__Person_0232,Camera_01,0.9854611754417419,1,0.9555555555555556
1279,Warehouse_015__Person_0232,Camera_06,1278,Warehouse_015__Person_0232,Camera_05,0.9752885103225708,1,0.9555555555555555
1280,Warehouse_015__Person_0232,Camera_08,1274,Warehouse_015__Person_0232,Camera_01,0.9825617074966431,1,0.9555555555555555
1281,Warehouse_015__Person_0232,Camera_10,1274,Warehouse_015__Person_0232,Camera_01,0.9778968095779419,1,0.9714285714285714
1282,Warehouse_015__Person_0232,Camera_11,1279,Warehouse_015__Person_0232,Camera_06,0.9735170602798462,1,0.9625
1283,Warehouse_015__Person_0232,Camera_12,1280,Warehouse_015__Person_0232,Camera_08,0.9818066954612732,1,0.9555555555555555
1284,Warehouse_015__Person_0233,Camera_01,1287,Warehouse_015__Person_0233,Camera_05,0.9771934747695923,1,0.5135021228771228
1285,Warehouse_015__Person_0233,Camera_02,1290,Warehouse_015__Person_0233,Camera_10,0.9762736558914185,1,0.6123809523809524
1286,Warehouse_015__Person_0233,Camera_03,1287,Warehouse_015__Person_0233,Camera_05,0.908876895904541,1,0.4359953703703704
1287,Warehouse_015__Person_0233,Camera_05,1284,Warehouse_015__Person_0233,Camera_01,0.9771934747695923,1,0.36935575998076
1288,Warehouse_015__Person_0233,Camera_06,1290,Warehouse_015__Person_0233,Camera_10,0.966005802154541,1,0.6998804436304437
1289,Warehouse_015__Person_0233,Camera_08,1292,Warehouse_015__Person_0233,Camera_12,0.9865671396255493,1,0.7109723609723609
1290,Warehouse_015__Person_0233,Camera_10,1292,Warehouse_015__Person_0233,Camera_12,0.9772542119026184,1,0.6546478229902143
1291,Warehouse_015__Person_0233,Camera_11,937,Warehouse_015__Person_0177,Camera_06,0.9521584510803223,0,0.3491365806758275
1292,Warehouse_015__Person_0233,Camera_12,1289,Warehouse_015__Person_0233,Camera_08,0.9865671396255493,1,0.7625805152979066
1293,Warehouse_015__Person_0234,Camera,1304,Warehouse_015__Person_0234,Camera_12,0.9860237836837769,1,1.0
1294,Warehouse_015__Person_0234,Camera_01,1298,Warehouse_015__Person_0234,Camera_05,0.9886099100112915,1,1.0
1295,Warehouse_015__Person_0234,Camera_02,1303,Warehouse_015__Person_0234,Camera_11,0.9845597147941589,1,1.0
1296,Warehouse_015__Person_0234,Camera_03,1302,Warehouse_015__Person_0234,Camera_10,0.9790672063827515,1,1.0
1297,Warehouse_015__Person_0234,Camera_04,1293,Warehouse_015__Person_0234,Camera,0.9823254346847534,1,1.0
1298,Warehouse_015__Person_0234,Camera_05,1294,Warehouse_015__Person_0234,Camera_01,0.9886099100112915,1,1.0
1299,Warehouse_015__Person_0234,Camera_06,1295,Warehouse_015__Person_0234,Camera_02,0.9692354798316956,1,1.0
1300,Warehouse_015__Person_0234,Camera_07,1296,Warehouse_015__Person_0234,Camera_03,0.7825549840927124,1,1.0
1301,Warehouse_015__Person_0234,Camera_08,1304,Warehouse_015__Person_0234,Camera_12,0.9832035303115845,1,1.0
1302,Warehouse_015__Person_0234,Camera_10,1304,Warehouse_015__Person_0234,Camera_12,0.9844245910644531,1,1.0
1303,Warehouse_015__Person_0234,Camera_11,1294,Warehouse_015__Person_0234,Camera_01,0.9876604080200195,1,1.0
1304,Warehouse_015__Person_0234,Camera_12,1293,Warehouse_015__Person_0234,Camera,0.9860237836837769,1,1.0
1305,Warehouse_015__Person_0235,Camera,1308,Warehouse_015__Person_0235,Camera_03,0.9925820827484131,1,0.9285714285714285
1306,Warehouse_015__Person_0235,Camera_01,1314,Warehouse_015__Person_0235,Camera_10,0.9952672719955444,1,0.9294117647058823
1307,Warehouse_015__Person_0235,Camera_02,1309,Warehouse_015__Person_0235,Camera_04,0.9915198087692261,1,0.9294117647058823
1308,Warehouse_015__Person_0235,Camera_03,1305,Warehouse_015__Person_0235,Camera,0.9925820827484131,1,0.9285714285714285
1309,Warehouse_015__Person_0235,Camera_04,1307,Warehouse_015__Person_0235,Camera_02,0.9915198087692261,1,0.9285714285714286
1310,Warehouse_015__Person_0235,Camera_05,1306,Warehouse_015__Person_0235,Camera_01,0.9800118207931519,1,0.8859848484848485
1311,Warehouse_015__Person_0235,Camera_07,1305,Warehouse_015__Person_0235,Camera,0.9887852668762207,1,0.9303030303030303
1312,Warehouse_015__Person_0235,Camera_08,1305,Warehouse_015__Person_0235,Camera,0.9923182725906372,1,0.9294117647058824
1313,Warehouse_015__Person_0235,Camera_09,908,Warehouse_015__Person_0174,Camera_11,0.940079927444458,0,0.35877363377363375
1314,Warehouse_015__Person_0235,Camera_10,1306,Warehouse_015__Person_0235,Camera_01,0.9952672719955444,1,0.9194117647058823
1315,Warehouse_015__Person_0235,Camera_12,1305,Warehouse_015__Person_0235,Camera,0.991868793964386,1,0.9277777777777777
1316,Warehouse_015__Person_0236,Camera,1323,Warehouse_015__Person_0236,Camera_08,0.9888544082641602,1,0.9999999999999999
1317,Warehouse_015__Person_0236,Camera_01,1326,Warehouse_015__Person_0236,Camera_12,0.9915443658828735,1,0.9999999999999999
1318,Warehouse_015__Person_0236,Camera_02,1326,Warehouse_015__Person_0236,Camera_12,0.9427140951156616,1,0.9999999999999999
1319,Warehouse_015__Person_0236,Camera_03,1316,Warehouse_015__Person_0236,Camera,0.9879509806632996,1,0.9999999999999999
1320,Warehouse_015__Person_0236,Camera_04,1322,Warehouse_015__Person_0236,Camera_07,0.9826120138168335,1,1.0
1321,Warehouse_015__Person_0236,Camera_05,1317,Warehouse_015__Person_0236,Camera_01,0.9845958948135376,1,1.0
1322,Warehouse_015__Person_0236,Camera_07,1319,Warehouse_015__Person_0236,Camera_03,0.9857165813446045,1,0.9999999999999999
1323,Warehouse_015__Person_0236,Camera_08,1316,Warehouse_015__Person_0236,Camera,0.9888544082641602,1,1.0
1324,Warehouse_015__Person_0236,Camera_09,1320,Warehouse_015__Person_0236,Camera_04,0.95832759141922,1,0.9999999999999999
1325,Warehouse_015__Person_0236,Camera_10,1326,Warehouse_015__Person_0236,Camera_12,0.9886269569396973,1,0.9714285714285714
1326,Warehouse_015__Person_0236,Camera_12,1317,Warehouse_015__Person_0236,Camera_01,0.9915443658828735,1,0.9769230769230769
1327,Warehouse_015__Person_0237,Camera_01,1331,Warehouse_015__Person_0237,Camera_06,0.9842124581336975,1,1.0
1328,Warehouse_015__Person_0237,Camera_02,1332,Warehouse_015__Person_0237,Camera_08,0.9925656318664551,1,1.0
1329,Warehouse_015__Person_0237,Camera_03,1327,Warehouse_015__Person_0237,Camera_01,0.9837358593940735,1,1.0
1330,Warehouse_015__Person_0237,Camera_05,1333,Warehouse_015__Person_0237,Camera_10,0.9916012287139893,1,1.0
1331,Warehouse_015__Person_0237,Camera_06,1330,Warehouse_015__Person_0237,Camera_05,0.9896790981292725,1,1.0
1332,Warehouse_015__Person_0237,Camera_08,1335,Warehouse_015__Person_0237,Camera_12,0.9935840368270874,1,1.0
1333,Warehouse_015__Person_0237,Camera_10,1328,Warehouse_015__Person_0237,Camera_02,0.9918045997619629,1,1.0
1334,Warehouse_015__Person_0237,Camera_11,1331,Warehouse_015__Person_0237,Camera_06,0.9837160110473633,1,1.0
1335,Warehouse_015__Person_0237,Camera_12,1332,Warehouse_015__Person_0237,Camera_08,0.9935840368270874,1,1.0
1336,Warehouse_015__Person_0238,Camera,1344,Warehouse_015__Person_0238,Camera_10,0.98948734998703,1,0.9587412587412588
1337,Warehouse_015__Person_0238,Camera_01,1339,Warehouse_015__Person_0238,Camera_03,0.9892420768737793,1,0.5715170858553211
1338,Warehouse_015__Person_0238,Camera_02,1343,Warehouse_015__Person_0238,Camera_08,0.9900033473968506,1,0.7683333333333332
1339,Warehouse_015__Person_0238,Camera_03,1337,Warehouse_015__Person_0238,Camera_01,0.9892420768737793,1,0.8267401960784314
1340,Warehouse_015__Person_0238,Camera_04,1336,Warehouse_015__Person_0238,Camera,0.9781826734542847,1,0.8915508021390375
1341,Warehouse_015__Person_0238,Camera_05,1336,Warehouse_015__Person_0238,Camera,0.9733023643493652,1,0.9208444333444332
1342,Warehouse_015__Person_0238,Camera_06,1343,Warehouse_015__Person_0238,Camera_08,0.9828004837036133,1,0.908531746031746
1343,Warehouse_015__Person_0238,Camera_08,1346,Warehouse_015__Person_0238,Camera_12,0.9933857917785645,1,0.8224891774891774
1344,Warehouse_015__Person_0238,Camera_10,1343,Warehouse_015__Person_0238,Camera_08,0.992243766784668,1,0.8117748917748917
1345,Warehouse_015__Person_0238,Camera_11,1336,Warehouse_015__Person_0238,Camera,0.9654819965362549,1,0.9572979797979798
1346,Warehouse_015__Person_0238,Camera_12,1343,Warehouse_015__Person_0238,Camera_08,0.9933857917785645,1,0.8847008547008547
1347,Warehouse_015__Person_0239,Camera_01,1350,Warehouse_015__Person_0239,Camera_05,0.9858563542366028,1,0.8457992624659292
1348,Warehouse_015__Person_0239,Camera_02,1356,Warehouse_015__Person_0239,Camera_12,0.9802249670028687,1,0.6294496926075874
1349,Warehouse_015__Person_0239,Camera_03,1347,Warehouse_015__Person_0239,Camera_01,0.9807497262954712,1,0.8116522366522367
1350,Warehouse_015__Person_0239,Camera_05,1347,Warehouse_015__Person_0239,Camera_01,0.9858563542366028,1,0.6394989169756972
1351,Warehouse_015__Person_0239,Camera_06,1057,Warehouse_015__Person_0191,Camera_09,0.9024360775947571,0,0.21150118693244382
1352,Warehouse_015__Person_0239,Camera_07,1347,Warehouse_015__Person_0239,Camera_01,0.9627460241317749,1,0.8534762833008449
1353,Warehouse_015__Person_0239,Camera_08,1354,Warehouse_015__Person_0239,Camera_10,0.9867485761642456,1,0.8378237259816208
1354,Warehouse_015__Person_0239,Camera_10,1353,Warehouse_015__Person_0239,Camera_08,0.9867485761642456,1,0.7582846003898636
1355,Warehouse_015__Person_0239,Camera_11,1350,Warehouse_015__Person_0239,Camera_05,0.9749770164489746,1,0.6422139226060795
1356,Warehouse_015__Person_0239,Camera_12,1353,Warehouse_015__Person_0239,Camera_08,0.9842631816864014,1,0.670589637256304
1357,Warehouse_015__Person_0240,Camera_01,1358,Warehouse_015__Person_0240,Camera_02,0.9798327088356018,1,1.0
1358,Warehouse_015__Person_0240,Camera_02,1363,Warehouse_015__Person_0240,Camera_10,0.9898290038108826,1,1.0
1359,Warehouse_015__Person_0240,Camera_03,1358,Warehouse_015__Person_0240,Camera_02,0.9882595539093018,1,1.0
1360,Warehouse_015__Person_0240,Camera_05,1359,Warehouse_015__Person_0240,Camera_03,0.979508638381958,1,1.0
1361,Warehouse_015__Person_0240,Camera_06,1358,Warehouse_015__Person_0240,Camera_02,0.977530837059021,1,1.0
1362,Warehouse_015__Person_0240,Camera_08,1365,Warehouse_015__Person_0240,Camera_12,0.981423020362854,1,1.0
1363,Warehouse_015__Person_0240,Camera_10,1358,Warehouse_015__Person_0240,Camera_02,0.9898290038108826,1,1.0
1364,Warehouse_015__Person_0240,Camera_11,1358,Warehouse_015__Person_0240,Camera_02,0.9783443212509155,1,1.0
1365,Warehouse_015__Person_0240,Camera_12,1363,Warehouse_015__Person_0240,Camera_10,0.9884555339813232,1,1.0
1366,Warehouse_015__Person_0241,Camera_01,1371,Warehouse_015__Person_0241,Camera_10,0.988091766834259,1,0.9999999999999998
1367,Warehouse_015__Person_0241,Camera_02,1373,Warehouse_015__Person_0241,Camera_12,0.9895169734954834,1,0.9999999999999998
1368,Warehouse_015__Person_0241,Camera_05,1366,Warehouse_015__Person_0241,Camera_01,0.9837039709091187,1,1.0
1369,Warehouse_015__Person_0241,Camera_06,1372,Warehouse_015__Person_0241,Camera_11,0.9854443073272705,1,0.9999999999999998
1370,Warehouse_015__Person_0241,Camera_08,1373,Warehouse_015__Person_0241,Camera_12,0.9952743649482727,1,1.0
1371,Warehouse_015__Person_0241,Camera_10,1366,Warehouse_015__Person_0241,Camera_01,0.988091766834259,1,0.9999999999999998
1372,Warehouse_015__Person_0241,Camera_11,1367,Warehouse_015__Person_0241,Camera_02,0.9891316890716553,1,0.9999999999999998
1373,Warehouse_015__Person_0241,Camera_12,1370,Warehouse_015__Person_0241,Camera_08,0.9952743649482727,1,1.0
1374,Warehouse_015__Person_0242,Camera_01,1378,Warehouse_015__Person_0242,Camera_06,0.9724196791648865,1,0.9999999999999998
1375,Warehouse_015__Person_0242,Camera_02,1381,Warehouse_015__Person_0242,Camera_12,0.9677324295043945,1,0.9999999999999998
1376,Warehouse_015__Person_0242,Camera_03,1374,Warehouse_015__Person_0242,Camera_01,0.9440783262252808,1,0.9999999999999998
1377,Warehouse_015__Person_0242,Camera_05,1380,Warehouse_015__Person_0242,Camera_11,0.9681172370910645,1,1.0
1378,Warehouse_015__Person_0242,Camera_06,1374,Warehouse_015__Person_0242,Camera_01,0.9724196791648865,1,0.9999999999999998
1379,Warehouse_015__Person_0242,Camera_10,1374,Warehouse_015__Person_0242,Camera_01,0.9645860195159912,1,0.9999999999999998
1380,Warehouse_015__Person_0242,Camera_11,1377,Warehouse_015__Person_0242,Camera_05,0.9681172370910645,1,0.9999999999999998
1381,Warehouse_015__Person_0242,Camera_12,1378,Warehouse_015__Person_0242,Camera_06,0.9720456600189209,1,1.0
1382,Warehouse_015__Transporter_0007,Camera,1386,Warehouse_015__Transporter_0007,Camera_05,0.9896631836891174,1,0.9374999999999999
1383,Warehouse_015__Transporter_0007,Camera_01,1385,Warehouse_015__Transporter_0007,Camera_03,0.9953701496124268,1,0.9267857142857142
1384,Warehouse_015__Transporter_0007,Camera_02,1389,Warehouse_015__Transporter_0007,Camera_09,0.899881899356842,1,0.9651515151515152
1385,Warehouse_015__Transporter_0007,Camera_03,1383,Warehouse_015__Transporter_0007,Camera_01,0.9953701496124268,1,0.9267857142857142
1386,Warehouse_015__Transporter_0007,Camera_05,1385,Warehouse_015__Transporter_0007,Camera_03,0.99483323097229,1,0.9443181818181818
1387,Warehouse_015__Transporter_0007,Camera_06,1383,Warehouse_015__Transporter_0007,Camera_01,0.9870191812515259,1,0.9488235294117647
1388,Warehouse_015__Transporter_0007,Camera_07,1391,Warehouse_015__Transporter_0007,Camera_11,0.9909611940383911,1,0.9625
1389,Warehouse_015__Transporter_0007,Camera_09,1388,Warehouse_015__Transporter_0007,Camera_07,0.9611824750900269,1,0.9999999999999999
1390,Warehouse_015__Transporter_0007,Camera_10,1392,Warehouse_015__Transporter_0007,Camera_12,0.9946095943450928,1,0.9150735294117648
1391,Warehouse_015__Transporter_0007,Camera_11,1388,Warehouse_015__Transporter_0007,Camera_07,0.9909611940383911,1,0.9588235294117647
1392,Warehouse_015__Transporter_0007,Camera_12,1390,Warehouse_015__Transporter_0007,Camera_10,0.9946095943450928,1,0.8655785799168152
1393,Warehouse_016__FourierGR1T2_0352,Camera,1417,Warehouse_016__FourierGR1T2_0354,Camera_01,0.9819533228874207,0,0.4041498180040924
1394,Warehouse_016__FourierGR1T2_0352,Camera_01,1393,Warehouse_016__FourierGR1T2_0352,Camera,0.9739421606063843,1,0.41012619804179906
1395,Warehouse_016__FourierGR1T2_0352,Camera_02,1417,Warehouse_016__FourierGR1T2_0354,Camera_01,0.9423715472221375,0,0.38528280582510926
1396,Warehouse_016__FourierGR1T2_0352,Camera_03,1425,Warehouse_016__FourierGR1T2_0354,Camera_10,0.9667193293571472,0,0.2873845771573045
1397,Warehouse_016__FourierGR1T2_0352,Camera_04,1410,Warehouse_016__FourierGR1T2_0353,Camera_05,0.9653098583221436,0,0.34726760543654345
1398,Warehouse_016__FourierGR1T2_0352,Camera_05,1393,Warehouse_016__FourierGR1T2_0352,Camera,0.9724628329277039,1,0.5499327550537852
1399,Warehouse_016__FourierGR1T2_0352,Camera_06,1403,Warehouse_016__FourierGR1T2_0352,Camera_10,0.9576765298843384,1,0.4189162575387021
1400,Warehouse_016__FourierGR1T2_0352,Camera_07,1408,Warehouse_016__FourierGR1T2_0353,Camera_03,0.9553095698356628,0,0.20619971572220888
1401,Warehouse_016__FourierGR1T2_0352,Camera_08,1427,Warehouse_016__FourierGR1T2_0626,Camera,0.9299759268760681,0,0.2116638313502425
1402,Warehouse_016__FourierGR1T2_0352,Camera_09,1406,Warehouse_016__FourierGR1T2_0353,Camera_01,0.9405714273452759,0,0.20416482413462564
1403,Warehouse_016__FourierGR1T2_0352,Camera_10,1410,Warehouse_016__FourierGR1T2_0353,Camera_05,0.9770047664642334,0,0.3715030733205571
1404,Warehouse_016__FourierGR1T2_0352,Camera_11,1421,Warehouse_016__FourierGR1T2_0354,Camera_05,0.9616696834564209,0,0.3401827749440781
1405,Warehouse_016__FourierGR1T2_0353,Camera,1418,Warehouse_016__FourierGR1T2_0354,Camera_02,0.9610737562179565,0,0.24288204782322428
1406,Warehouse_016__FourierGR1T2_0353,Camera_01,1412,Warehouse_016__FourierGR1T2_0353,Camera_08,0.9539101719856262,1,0.42683181967157624
1407,Warehouse_016__FourierGR1T2_0353,Camera_02,1393,Warehouse_016__FourierGR1T2_0352,Camera,0.9088963270187378,0,0.19801346096438358
1408,Warehouse_016__FourierGR1T2_0353,Camera_03,1437,Warehouse_016__FourierGR1T2_0626,Camera_10,0.9801133871078491,0,0.23762502108782818
1409,Warehouse_016__FourierGR1T2_0353,Camera_04,1445,Warehouse_016__FourierGR1T2_0627,Camera_06,0.9316655397415161,0,0.296910002901795
1410,Warehouse_016__FourierGR1T2_0353,Camera_05,1403,Warehouse_016__FourierGR1T2_0352,Camera_10,0.9770047664642334,0,0.21156224374320726
1411,Warehouse_016__FourierGR1T2_0353,Camera_07,1435,Warehouse_016__FourierGR1T2_0626,Camera_08,0.9405229091644287,0,0.3331535149247915
1412,Warehouse_016__FourierGR1T2_0353,Camera_08,1416,Warehouse_016__FourierGR1T2_0354,Camera,0.9561648368835449,0,0.33460670314637486
1413,Warehouse_016__FourierGR1T2_0353,Camera_09,1412,Warehouse_016__FourierGR1T2_0353,Camera_08,0.9385329484939575,1,0.4578022875816993
1414,Warehouse_016__FourierGR1T2_0353,Camera_10,1438,Warehouse_016__FourierGR1T2_0626,Camera_11,0.9755810499191284,0,0.2146705185495508
1415,Warehouse_016__FourierGR1T2_0353,Camera_11,1425,Warehouse_016__FourierGR1T2_0354,Camera_10,0.9446179866790771,0,0.20571959441524656
1416,Warehouse_016__FourierGR1T2_0354,Camera,1394,Warehouse_016__FourierGR1T2_0352,Camera_01,0.9683669805526733,0,0.17818972976365383
1417,Warehouse_016__FourierGR1T2_0354,Camera_01,1393,Warehouse_016__FourierGR1T2_0352,Camera,0.9819533228874207,0,0.18236045882447668
1418,Warehouse_016__FourierGR1T2_0354,Camera_02,1405,Warehouse_016__FourierGR1T2_0353,Camera,0.9610737562179565,0,0.1913613851695247
1419,Warehouse_016__FourierGR1T2_0354,Camera_03,1421,Warehouse_016__FourierGR1T2_0354,Camera_05,0.9249429702758789,1,0.36526985059593753
1420,Warehouse_016__FourierGR1T2_0354,Camera_04,1438,Warehouse_016__FourierGR1T2_0626,Camera_11,0.9348804354667664,0,0.24044355673303802
1421,Warehouse_016__FourierGR1T2_0354,Camera_05,1448,Warehouse_016__FourierGR1T2_0627,Camera_10,0.9638417363166809,0,0.19756669334400426
1422,Warehouse_016__FourierGR1T2_0354,Camera_07,1414,Warehouse_016__FourierGR1T2_0353,Camera_10,0.968675971031189,0,0.20518992023887986
1423,Warehouse_016__FourierGR1T2_0354,Camera_08,1411,Warehouse_016__FourierGR1T2_0353,Camera_07,0.9363913536071777,0,0.1995056336223368
1424,Warehouse_016__FourierGR1T2_0354,Camera_09,1411,Warehouse_016__FourierGR1T2_0353,Camera_07,0.8995364904403687,0,0.19454213568124107
1425,Warehouse_016__FourierGR1T2_0354,Camera_10,1438,Warehouse_016__FourierGR1T2_0626,Camera_11,0.9739964008331299,0,0.19787323913231353
1426,Warehouse_016__FourierGR1T2_0354,Camera_11,1432,Warehouse_016__FourierGR1T2_0626,Camera_05,0.9618973731994629,0,0.24973968200676278
1427,Warehouse_016__FourierGR1T2_0626,Camera,1412,Warehouse_016__FourierGR1T2_0353,Camera_08,0.9527643918991089,0,0.16850957806874267
1428,Warehouse_016__FourierGR1T2_0626,Camera_01,1429,Warehouse_016__FourierGR1T2_0626,Camera_02,0.9613519310951233,1,0.24441615483479084
1429,Warehouse_016__FourierGR1T2_0626,Camera_02,1428,Warehouse_016__FourierGR1T2_0626,Camera_01,0.9613519310951233,1,0.24168821650697903
1430,Warehouse_016__FourierGR1T2_0626,Camera_03,1424,Warehouse_016__FourierGR1T2_0354,Camera_09,0.877364993095398,0,0.2987913967752677
1431,Warehouse_016__FourierGR1T2_0626,Camera_04,1414,Warehouse_016__FourierGR1T2_0353,Camera_10,0.9590164422988892,0,0.1936896454168326
1432,Warehouse_016__FourierGR1T2_0626,Camera_05,1438,Warehouse_016__FourierGR1T2_0626,Camera_11,0.9760206937789917,1,0.2842085305816328
1433,Warehouse_016__FourierGR1T2_0626,Camera_06,9,Hospital_000__Person_0000,Camera_23,0.6911076307296753,0,0.0790104575420561
1434,Warehouse_016__FourierGR1T2_0626,Camera_07,1438,Warehouse_016__FourierGR1T2_0626,Camera_11,0.9448242783546448,1,0.37459837690016723
1435,Warehouse_016__FourierGR1T2_0626,Camera_08,1406,Warehouse_016__FourierGR1T2_0353,Camera_01,0.9457085132598877,0,0.19338980725829508
1436,Warehouse_016__FourierGR1T2_0626,Camera_09,1412,Warehouse_016__FourierGR1T2_0353,Camera_08,0.8879018425941467,0,0.3167214405862637
1437,Warehouse_016__FourierGR1T2_0626,Camera_10,1408,Warehouse_016__FourierGR1T2_0353,Camera_03,0.9801133871078491,0,0.23741922021575756
1438,Warehouse_016__FourierGR1T2_0626,Camera_11,1432,Warehouse_016__FourierGR1T2_0626,Camera_05,0.9760206937789917,1,0.2980265942431918
1439,Warehouse_016__FourierGR1T2_0627,Camera,1410,Warehouse_016__FourierGR1T2_0353,Camera_05,0.9651886224746704,0,0.20553004501296723
1440,Warehouse_016__FourierGR1T2_0627,Camera_01,1393,Warehouse_016__FourierGR1T2_0352,Camera,0.9584692716598511,0,0.2099584131759279
1441,Warehouse_016__FourierGR1T2_0627,Camera_02,1417,Warehouse_016__FourierGR1T2_0354,Camera_01,0.9618006944656372,0,0.203886838135433
1442,Warehouse_016__FourierGR1T2_0627,Camera_03,1416,Warehouse_016__FourierGR1T2_0354,Camera,0.9423123598098755,0,0.1856868345655531
1443,Warehouse_016__FourierGR1T2_0627,Camera_04,1414,Warehouse_016__FourierGR1T2_0353,Camera_10,0.9650946259498596,0,0.20427905164225274
1444,Warehouse_016__FourierGR1T2_0627,Camera_05,1393,Warehouse_016__FourierGR1T2_0352,Camera,0.917275071144104,0,0.23946664101943604
1445,Warehouse_016__FourierGR1T2_0627,Camera_06,1403,Warehouse_016__FourierGR1T2_0352,Camera_10,0.9765925407409668,0,0.17384225771177833
1446,Warehouse_016__FourierGR1T2_0627,Camera_07,1414,Warehouse_016__FourierGR1T2_0353,Camera_10,0.9593067169189453,0,0.21370084431060044
1447,Warehouse_016__FourierGR1T2_0627,Camera_09,1406,Warehouse_016__FourierGR1T2_0353,Camera_01,0.926006555557251,0,0.1690486555711827
1448,Warehouse_016__FourierGR1T2_0627,Camera_10,1398,Warehouse_016__FourierGR1T2_0352,Camera_05,0.9661547541618347,0,0.25044551153794853
1449,Warehouse_016__FourierGR1T2_0627,Camera_11,1448,Warehouse_016__FourierGR1T2_0627,Camera_10,0.9646604061126709,1,0.2867122581401085
1450,Warehouse_016__Person_0182,Camera,1453,Warehouse_016__Person_0182,Camera_03,0.9724166989326477,1,0.986013986013986
1451,Warehouse_016__Person_0182,Camera_01,1457,Warehouse_016__Person_0182,Camera_07,0.9752817153930664,1,0.9494949494949496
1452,Warehouse_016__Person_0182,Camera_02,1450,Warehouse_016__Person_0182,Camera,0.9565646052360535,1,1.0
1453,Warehouse_016__Person_0182,Camera_03,1461,Warehouse_016__Person_0182,Camera_11,0.9842804670333862,1,0.9924242424242424
1454,Warehouse_016__Person_0182,Camera_04,1460,Warehouse_016__Person_0182,Camera_10,0.9753307104110718,1,0.9515151515151515
1455,Warehouse_016__Person_0182,Camera_05,1460,Warehouse_016__Person_0182,Camera_10,0.9744869470596313,1,1.0
1456,Warehouse_016__Person_0182,Camera_06,1451,Warehouse_016__Person_0182,Camera_01,0.9730396866798401,1,0.9924242424242424
1457,Warehouse_016__Person_0182,Camera_07,1459,Warehouse_016__Person_0182,Camera_09,0.9821662306785583,1,0.9264069264069266
1458,Warehouse_016__Person_0182,Camera_08,1453,Warehouse_016__Person_0182,Camera_03,0.9807085990905762,1,1.0
1459,Warehouse_016__Person_0182,Camera_09,1457,Warehouse_016__Person_0182,Camera_07,0.9821662306785583,1,0.7842934842934843
1460,Warehouse_016__Person_0182,Camera_10,1461,Warehouse_016__Person_0182,Camera_11,0.9766644239425659,1,0.9715909090909092
1461,Warehouse_016__Person_0182,Camera_11,1453,Warehouse_016__Person_0182,Camera_03,0.9842804670333862,1,1.0
1462,Warehouse_016__Person_0350,Camera,1467,Warehouse_016__Person_0350,Camera_05,0.9791817665100098,1,0.8918483251487206
1463,Warehouse_016__Person_0350,Camera_01,1462,Warehouse_016__Person_0350,Camera,0.9780794382095337,1,0.8690043290043292
1464,Warehouse_016__Person_0350,Camera_02,1468,Warehouse_016__Person_0350,Camera_06,0.9659779667854309,1,0.7398709505077823
1465,Warehouse_016__Person_0350,Camera_03,1462,Warehouse_016__Person_0350,Camera,0.9791130423545837,1,0.8420274170274171
1466,Warehouse_016__Person_0350,Camera_04,1473,Warehouse_016__Person_0350,Camera_11,0.9749807119369507,1,0.8638429752066116
1467,Warehouse_016__Person_0350,Camera_05,1473,Warehouse_016__Person_0350,Camera_11,0.9853725433349609,1,0.8918844001847955
1468,Warehouse_016__Person_0350,Camera_06,1464,Warehouse_016__Person_0350,Camera_02,0.9659779667854309,1,0.7316788017474516
1469,Warehouse_016__Person_0350,Camera_07,1470,Warehouse_016__Person_0350,Camera_08,0.947956919670105,1,0.7227580719675581
1470,Warehouse_016__Person_0350,Camera_08,1469,Warehouse_016__Person_0350,Camera_07,0.947956919670105,1,0.8343048764101396
1471,Warehouse_016__Person_0350,Camera_09,1469,Warehouse_016__Person_0350,Camera_07,0.9103724956512451,1,0.5619574471249112
1472,Warehouse_016__Person_0350,Camera_10,1473,Warehouse_016__Person_0350,Camera_11,0.9684433937072754,1,0.8613438735177867
1473,Warehouse_016__Person_0350,Camera_11,1467,Warehouse_016__Person_0350,Camera_05,0.9853725433349609,1,0.8878650137741046
1474,Warehouse_016__Person_0351,Camera,1483,Warehouse_016__Person_0351,Camera_11,0.9750354290008545,1,0.8705440900562853
1475,Warehouse_016__Person_0351,Camera_01,1482,Warehouse_016__Person_0351,Camera_10,0.9627499580383301,1,0.671506734006734
1476,Warehouse_016__Person_0351,Camera_02,1474,Warehouse_016__Person_0351,Camera,0.894289493560791,1,0.734681894437992
1477,Warehouse_016__Person_0351,Camera_03,255,Hospital_000__Person_0017,Camera_28,0.7875799536705017,0,0.18117519575388275
1478,Warehouse_016__Person_0351,Camera_05,1482,Warehouse_016__Person_0351,Camera_10,0.9795502424240112,1,0.8418418418418419
1479,Warehouse_016__Person_0351,Camera_07,1483,Warehouse_016__Person_0351,Camera_11,0.9734824895858765,1,0.5426411642097917
1480,Warehouse_016__Person_0351,Camera_08,1474,Warehouse_016__Person_0351,Camera,0.9528141021728516,1,0.9233716475095786
1481,Warehouse_016__Person_0351,Camera_09,1479,Warehouse_016__Person_0351,Camera_07,0.8698177337646484,1,0.48482431503067175
1482,Warehouse_016__Person_0351,Camera_10,1478,Warehouse_016__Person_0351,Camera_05,0.9795502424240112,1,0.6233652447394842
1483,Warehouse_016__Person_0351,Camera_11,1474,Warehouse_016__Person_0351,Camera,0.9750354290008545,1,0.7442187986305635
1484,Warehouse_016__Person_0625,Camera,1485,Warehouse_016__Person_0625,Camera_01,0.9867070913314819,1,0.947348484848485
1485,Warehouse_016__Person_0625,Camera_01,1484,Warehouse_016__Person_0625,Camera,0.9867070913314819,1,0.9646464646464648
1486,Warehouse_016__Person_0625,Camera_02,1485,Warehouse_016__Person_0625,Camera_01,0.9741451740264893,1,0.8405430353959766
1487,Warehouse_016__Person_0625,Camera_03,1484,Warehouse_016__Person_0625,Camera,0.9232354164123535,1,0.9261329876303139
1488,Warehouse_016__Person_0625,Camera_04,1495,Warehouse_016__Person_0625,Camera_11,0.9839615821838379,1,0.8457836281365694
1489,Warehouse_016__Person_0625,Camera_05,1492,Warehouse_016__Person_0625,Camera_08,0.9844158291816711,1,0.9173160173160173
1490,Warehouse_016__Person_0625,Camera_06,1493,Warehouse_016__Person_0625,Camera_09,0.9840746521949768,1,0.9121683871683872
1491,Warehouse_016__Person_0625,Camera_07,1493,Warehouse_016__Person_0625,Camera_09,0.9893269538879395,1,0.8665305587554393
1492,Warehouse_016__Person_0625,Camera_08,1489,Warehouse_016__Person_0625,Camera_05,0.9844158291816711,1,0.7602213217302732
1493,Warehouse_016__Person_0625,Camera_09,1491,Warehouse_016__Person_0625,Camera_07,0.9893269538879395,1,0.8725176338812703
1494,Warehouse_016__Person_0625,Camera_10,1488,Warehouse_016__Person_0625,Camera_04,0.9824413061141968,1,0.6546693026826166
1495,Warehouse_016__Person_0625,Camera_11,1484,Warehouse_016__Person_0625,Camera,0.9850001335144043,1,0.9165390165390166
1496,Warehouse_016__Person_0699,Camera,1497,Warehouse_016__Person_0699,Camera_01,0.9732587337493896,1,0.9476190476190477
1497,Warehouse_016__Person_0699,Camera_01,1501,Warehouse_016__Person_0699,Camera_05,0.9864592552185059,1,0.9138888888888889
1498,Warehouse_016__Person_0699,Camera_02,1497,Warehouse_016__Person_0699,Camera_01,0.9527276158332825,1,0.9034129692832765
1499,Warehouse_016__Person_0699,Camera_03,1500,Warehouse_016__Person_0699,Camera_04,0.9811350703239441,1,0.9238095238095237
1500,Warehouse_016__Person_0699,Camera_04,1499,Warehouse_016__Person_0699,Camera_03,0.9811350703239441,1,0.9476190476190476
1501,Warehouse_016__Person_0699,Camera_05,1505,Warehouse_016__Person_0699,Camera_10,0.9912853240966797,1,0.9104166666666667
1502,Warehouse_016__Person_0699,Camera_07,1500,Warehouse_016__Person_0699,Camera_04,0.9698994159698486,1,0.9500000000000001
1503,Warehouse_016__Person_0699,Camera_08,1496,Warehouse_016__Person_0699,Camera,0.7292501330375671,1,0.5465895297512944
1504,Warehouse_016__Person_0699,Camera_09,111,Hospital_000__Person_0008,Camera,0.8692495822906494,0,0.03585924903904649
1505,Warehouse_016__Person_0699,Camera_10,1501,Warehouse_016__Person_0699,Camera_05,0.9912853240966797,1,0.91
1506,Warehouse_016__Person_0699,Camera_11,1505,Warehouse_016__Person_0699,Camera_10,0.9900774955749512,1,0.9142857142857143
1507,Warehouse_016__Transporter_0349,Camera,1392,Warehouse_015__Transporter_0007,Camera_12,0.9633108377456665,0,0.5241452991452992
1508,Warehouse_016__Transporter_0349,Camera_01,1392,Warehouse_015__Transporter_0007,Camera_12,0.9506410956382751,0,0.42483164983164984
1509,Warehouse_016__Transporter_0349,Camera_02,1507,Warehouse_016__Transporter_0349,Camera,0.947152853012085,1,0.7141025641025641
1510,Warehouse_016__Transporter_0349,Camera_03,1392,Warehouse_015__Transporter_0007,Camera_12,0.9653455018997192,0,0.4464285714285714
1511,Warehouse_016__Transporter_0349,Camera_04,1513,Warehouse_016__Transporter_0349,Camera_09,0.9399286508560181,1,0.44175824175824174
1512,Warehouse_016__Transporter_0349,Camera_05,1390,Warehouse_015__Transporter_0007,Camera_10,0.9596261382102966,0,0.47205387205387206
1513,Warehouse_016__Transporter_0349,Camera_09,1383,Warehouse_015__Transporter_0007,Camera_01,0.9644240140914917,0,0.270991045991046
