num_crops,global_id,identity_key,label,true_label,camera,camera_id,scene,object_type,is_occluded,occluded_crop_ratio,start_frame,end_frame,example_crop_path,track_id,cluster_label,cluster_as_identity,cluster_purity,is_noise,is_misclustered
3,Person_0000,Hospital_000__Person_0000,0,0,Camera_04,14,Hospital_000,Person,0,0.0,270,5850,/pfs/data6/home/st/st_us-053000/st_st191959/DL-Lab/DataSet/MTMC_Tracking_2025_Preprocessed/val/Hospital_000/crops/Person_0000/Camera_04/Person_0000_Camera_04_f000270_r003.jpg,None,-1,NOISE,0.0,True,False
291,Person_0000,Hospital_000__Person_0000,0,0,Camera_08,18,Hospital_000,Person,1,0.4329896907216495,270,8970,/pfs/data6/home/st/st_us-053000/st_st191959/DL-Lab/DataSet/MTMC_Tracking_2025_Preprocessed/val/Hospital_000/crops/Person_0000/Camera_08/Person_0000_Camera_08_f000270_r003.jpg,None,-1,NOISE,0.0,True,False
11,Person_0000,Hospital_000__Person_0000,0,0,Camera_20,30,Hospital_000,Person,1,0.5454545454545454,1020,4230,/pfs/data6/home/st/st_us-053000/st_st191959/DL-Lab/DataSet/MTMC_Tracking_2025_Preprocessed/val/Hospital_000/crops/Person_0000/Camera_20/Person_0000_Camera_20_f001020_r003.jpg,None,-1,NOISE,0.0,True,False
2,Person_0000,Hospital_000__Person_0000,0,0,Camera_23,33,Hospital_000,Person,0,0.0,3660,4200,/pfs/data6/home/st/st_us-053000/st_st191959/DL-Lab/DataSet/MTMC_Tracking_2025_Preprocessed/val/Hospital_000/crops/Person_0000/Camera_23/Person_0000_Camera_23_f003660_r006.jpg,None,-1,NOISE,0.0,True,False
57,Person_0000,Hospital_000__Person_0000,0,0,Camera_31,41,Hospital_000,Person,1,0.6666666666666666,0,4140,/pfs/data6/home/st/st_us-053000/st_st191959/DL-Lab/DataSet/MTMC_Tracking_2025_Preprocessed/val/Hospital_000/crops/Person_0000/Camera_31/Person_0000_Camera_31_f000000_r002.jpg,None,-1,NOISE,0.0,True,False
1,Person_0001,Hospital_000__Person_0001,1,1,Camera_03,13,Hospital_000,Person,0,0.0,6720,6720,/pfs/data6/home/st/st_us-053000/st_st191959/DL-Lab/DataSet/MTMC_Tracking_2025_Preprocessed/val/Hospital_000/crops/Person_0001/Camera_03/Person_0001_Camera_03_f006720_r005.jpg,None,-1,NOISE,0.0,True,False
325,Person_0001,Hospital_000__Person_0001,1,1,Camera_04,14,Hospital_000,Person,1,0.6646153846153846,150,8970,/pfs/data6/home/st/st_us-053000/st_st191959/DL-Lab/DataSet/MTMC_Tracking_2025_Preprocessed/val/Hospital_000/crops/Person_0001/Camera_04/Person_0001_Camera_04_f000150_r002.jpg,None,-1,NOISE,0.0,True,False
8,Person_0001,Hospital_000__Person_0001,1,1,Camera_19,29,Hospital_000,Person,0,0.0,4800,8850,/pfs/data6/home/st/st_us-053000/st_st191959/DL-Lab/DataSet/MTMC_Tracking_2025_Preprocessed/val/Hospital_000/crops/Person_0001/Camera_19/Person_0001_Camera_19_f004800_r002.jpg,None,-1,NOISE,0.0,True,False
275,Person_0001,Hospital_000__Person_0001,1,1,Camera_23,33,Hospital_000,Person,1,0.6545454545454545,0,6750,/pfs/data6/home/st/st_us-053000/st_st191959/DL-Lab/DataSet/MTMC_Tracking_2025_Preprocessed/val/Hospital_000/crops/Person_0001/Camera_23/Person_0001_Camera_23_f000000_r004.jpg,None,-1,NOISE,0.0,True,False
7,Person_0001,Hospital_000__Person_0001,1,1,Camera_24,34,Hospital_000,Person,0,0.0,420,6720,/pfs/data6/home/st/st_us-053000/st_st191959/DL-Lab/DataSet/MTMC_Tracking_2025_Preprocessed/val/Hospital_000/crops/Person_0001/Camera_24/Person_0001_Camera_24_f000420_r008.jpg,None,-1,NOISE,0.0,True,False
69,Person_0001,Hospital_000__Person_0001,1,1,Camera_30,40,Hospital_000,Person,1,0.6666666666666666,5670,6630,/pfs/data6/home/st/st_us-053000/st_st191959/DL-Lab/DataSet/MTMC_Tracking_2025_Preprocessed/val/Hospital_000/crops/Person_0001/Camera_30/Person_0001_Camera_30_f005670_r002.jpg,None,-1,NOISE,0.0,True,False
12,Person_0002,Hospital_000__Person_0002,2,2,Camera,0,Hospital_000,Person,1,0.6666666666666666,0,90,/pfs/data6/home/st/st_us-053000/st_st191959/DL-Lab/DataSet/MTMC_Tracking_2025_Preprocessed/val/Hospital_000/crops/Person_0002/Camera/Person_0002_Camera_f000000_r000.jpg,None,-1,NOISE,0.0,True,False
303,Person_0002,Hospital_000__Person_0002,2,2,Camera_04,14,Hospital_000,Person,1,0.5478547854785478,480,8970,/pfs/data6/home/st/st_us-053000/st_st191959/DL-Lab/DataSet/MTMC_Tracking_2025_Preprocessed/val/Hospital_000/crops/Person_0002/Camera_04/Person_0002_Camera_04_f000480_r000.jpg,None,-1,NOISE,0.0,True,False
178,Person_0002,Hospital_000__Person_0002,2,2,Camera_05,15,Hospital_000,Person,1,0.5617977528089888,3780,8850,/pfs/data6/home/st/st_us-053000/st_st191959/DL-Lab/DataSet/MTMC_Tracking_2025_Preprocessed/val/Hospital_000/crops/Person_0002/Camera_05/Person_0002_Camera_05_f003780_r000.jpg,None,-1,NOISE,0.0,True,False
426,Person_0002,Hospital_000__Person_0002,2,2,Camera_18,28,Hospital_000,Person,1,0.6666666666666666,780,8760,/pfs/data6/home/st/st_us-053000/st_st191959/DL-Lab/DataSet/MTMC_Tracking_2025_Preprocessed/val/Hospital_000/crops/Person_0002/Camera_18/Person_0002_Camera_18_f000780_r000.jpg,None,-1,NOISE,0.0,True,False
34,Person_0002,Hospital_000__Person_0002,2,2,Camera_23,33,Hospital_000,Person,1,0.5882352941176471,0,390,/pfs/data6/home/st/st_us-053000/st_st191959/DL-Lab/DataSet/MTMC_Tracking_2025_Preprocessed/val/Hospital_000/crops/Person_0002/Camera_23/Person_0002_Camera_23_f000000_r000.jpg,None,-1,NOISE,0.0,True,False
143,Person_0002,Hospital_000__Person_0002,2,2,Camera_26,36,Hospital_000,Person,1,0.6573426573426573,3900,8850,/pfs/data6/home/st/st_us-053000/st_st191959/DL-Lab/DataSet/MTMC_Tracking_2025_Preprocessed/val/Hospital_000/crops/Person_0002/Camera_26/Person_0002_Camera_26_f003900_r000.jpg,None,-1,NOISE,0.0,True,False
40,Person_0003,Hospital_000__Person_0003,3,3,Camera,0,Hospital_000,Person,1,0.5,930,2760,/pfs/data6/home/st/st_us-053000/st_st191959/DL-Lab/DataSet/MTMC_Tracking_2025_Preprocessed/val/Hospital_000/crops/Person_0003/Camera/Person_0003_Camera_f000930_r005.jpg,None,-1,NOISE,0.0,True,False
198,Person_0003,Hospital_000__Person_0003,3,3,Camera_09,19,Hospital_000,Person,1,0.6666666666666666,0,3690,/pfs/data6/home/st/st_us-053000/st_st191959/DL-Lab/DataSet/MTMC_Tracking_2025_Preprocessed/val/Hospital_000/crops/Person_0003/Camera_09/Person_0003_Camera_09_f000000_r007.jpg,None,-1,NOISE,0.0,True,False
165,Person_0003,Hospital_000__Person_0003,3,3,Camera_18,28,Hospital_000,Person,1,0.6666666666666666,5100,8970,/pfs/data6/home/st/st_us-053000/st_st191959/DL-Lab/DataSet/MTMC_Tracking_2025_Preprocessed/val/Hospital_000/crops/Person_0003/Camera_18/Person_0003_Camera_18_f005100_r002.jpg,None,-1,NOISE,0.0,True,False
433,Person_0003,Hospital_000__Person_0003,3,3,Camera_19,29,Hospital_000,Person,1,0.628175519630485,3780,8970,/pfs/data6/home/st/st_us-053000/st_st191959/DL-Lab/DataSet/MTMC_Tracking_2025_Preprocessed/val/Hospital_000/crops/Person_0003/Camera_19/Person_0003_Camera_19_f003780_r008.jpg,None,-1,NOISE,0.0,True,False
7,Person_0003,Hospital_000__Person_0003,3,3,Camera_20,30,Hospital_000,Person,1,0.5714285714285714,1080,2730,/pfs/data6/home/st/st_us-053000/st_st191959/DL-Lab/DataSet/MTMC_Tracking_2025_Preprocessed/val/Hospital_000/crops/Person_0003/Camera_20/Person_0003_Camera_20_f001080_r001.jpg,None,-1,NOISE,0.0,True,False
1,Person_0003,Hospital_000__Person_0003,3,3,Camera_23,33,Hospital_000,Person,0,0.0,2760,2760,/pfs/data6/home/st/st_us-053000/st_st191959/DL-Lab/DataSet/MTMC_Tracking_2025_Preprocessed/val/Hospital_000/crops/Person_0003/Camera_23/Person_0003_Camera_23_f002760_r002.jpg,None,-1,NOISE,0.0,True,False
286,Person_0003,Hospital_000__Person_0003,3,3,Camera_24,34,Hospital_000,Person,1,0.5314685314685315,0,8760,/pfs/data6/home/st/st_us-053000/st_st191959/DL-Lab/DataSet/MTMC_Tracking_2025_Preprocessed/val/Hospital_000/crops/Person_0003/Camera_24/Person_0003_Camera_24_f000000_r015.jpg,None,-1,NOISE,0.0,True,False
46,Person_0004,Hospital_000__Person_0004,4,4,Camera,0,Hospital_000,Person,1,0.6521739130434783,540,8970,/pfs/data6/home/st/st_us-053000/st_st191959/DL-Lab/DataSet/MTMC_Tracking_2025_Preprocessed/val/Hospital_000/crops/Person_0004/Camera/Person_0004_Camera_f000540_r000.jpg,None,-1,NOISE,0.0,True,False
251,Person_0004,Hospital_000__Person_0004,4,4,Camera_19,29,Hospital_000,Person,1,0.6454183266932271,150,7500,/pfs/data6/home/st/st_us-053000/st_st191959/DL-Lab/DataSet/MTMC_Tracking_2025_Preprocessed/val/Hospital_000/crops/Person_0004/Camera_19/Person_0004_Camera_19_f000150_r001.jpg,None,-1,NOISE,0.0,True,False
2,Person_0005,Hospital_000__Person_0005,5,5,Camera_03,13,Hospital_000,Person,0,0.0,2160,5130,/pfs/data6/home/st/st_us-053000/st_st191959/DL-Lab/DataSet/MTMC_Tracking_2025_Preprocessed/val/Hospital_000/crops/Person_0005/Camera_03/Person_0005_Camera_03_f002160_r009.jpg,None,-1,NOISE,0.0,True,False
30,Person_0005,Hospital_000__Person_0005,5,5,Camera_23,33,Hospital_000,Person,1,0.6666666666666666,930,5640,/pfs/data6/home/st/st_us-053000/st_st191959/DL-Lab/DataSet/MTMC_Tracking_2025_Preprocessed/val/Hospital_000/crops/Person_0005/Camera_23/Person_0005_Camera_23_f000930_r008.jpg,None,-1,NOISE,0.0,True,False
5,Person_0005,Hospital_000__Person_0005,5,5,Camera_24,34,Hospital_000,Person,0,0.0,60,4950,/pfs/data6/home/st/st_us-053000/st_st191959/DL-Lab/DataSet/MTMC_Tracking_2025_Preprocessed/val/Hospital_000/crops/Person_0005/Camera_24/Person_0005_Camera_24_f000060_r012.jpg,None,-1,NOISE,0.0,True,False
14,Person_0005,Hospital_000__Person_0005,5,5,Camera_28,38,Hospital_000,Person,0,0.0,60,5700,/pfs/data6/home/st/st_us-053000/st_st191959/DL-Lab/DataSet/MTMC_Tracking_2025_Preprocessed/val/Hospital_000/crops/Person_0005/Camera_28/Person_0005_Camera_28_f000060_r007.jpg,None,-1,NOISE,0.0,True,False
27,Person_0006,Hospital_000__Person_0006,6,6,Camera,0,Hospital_000,Person,1,0.6666666666666666,1110,1350,/pfs/data6/home/st/st_us-053000/st_st191959/DL-Lab/DataSet/MTMC_Tracking_2025_Preprocessed/val/Hospital_000/crops/Person_0006/Camera/Person_0006_Camera_f001110_r003.jpg,None,-1,NOISE,0.0,True,False
27,Person_0006,Hospital_000__Person_0006,6,6,Camera_07,17,Hospital_000,Person,1,0.6666666666666666,2190,2430,/pfs/data6/home/st/st_us-053000/st_st191959/DL-Lab/DataSet/MTMC_Tracking_2025_Preprocessed/val/Hospital_000/crops/Person_0006/Camera_07/Person_0006_Camera_07_f002190_r000.jpg,None,-1,NOISE,0.0,True,False
77,Person_0007,Hospital_000__Person_0007,7,7,Camera,0,Hospital_000,Person,1,0.4675324675324675,390,8730,/pfs/data6/home/st/st_us-053000/st_st191959/DL-Lab/DataSet/MTMC_Tracking_2025_Preprocessed/val/Hospital_000/crops/Person_0007/Camera/Person_0007_Camera_f000390_r005.jpg,None,-1,NOISE,0.0,True,False
88,Person_0007,Hospital_000__Person_0007,7,7,Camera_01,11,Hospital_000,Person,1,0.2727272727272727,5460,8550,/pfs/data6/home/st/st_us-053000/st_st191959/DL-Lab/DataSet/MTMC_Tracking_2025_Preprocessed/val/Hospital_000/crops/Person_0007/Camera_01/Person_0007_Camera_01_f005460_r001.jpg,None,-1,NOISE,0.0,True,False
172,Person_0007,Hospital_000__Person_0007,7,7,Camera_08,18,Hospital_000,Person,1,0.5116279069767442,90,8490,/pfs/data6/home/st/st_us-053000/st_st191959/DL-Lab/DataSet/MTMC_Tracking_2025_Preprocessed/val/Hospital_000/crops/Person_0007/Camera_08/Person_0007_Camera_08_f000090_r006.jpg,None,-1,NOISE,0.0,True,False
12,Person_0007,Hospital_000__Person_0007,7,7,Camera_19,29,Hospital_000,Person,1,0.6666666666666666,120,210,/pfs/data6/home/st/st_us-053000/st_st191959/DL-Lab/DataSet/MTMC_Tracking_2025_Preprocessed/val/Hospital_000/crops/Person_0007/Camera_19/Person_0007_Camera_19_f000120_r005.jpg,None,-1,NOISE,0.0,True,False
1,Person_0007,Hospital_000__Person_0007,7,7,Camera_23,33,Hospital_000,Person,0,0.0,4740,4740,/pfs/data6/home/st/st_us-053000/st_st191959/DL-Lab/DataSet/MTMC_Tracking_2025_Preprocessed/val/Hospital_000/crops/Person_0007/Camera_23/Person_0007_Camera_23_f004740_r007.jpg,None,-1,NOISE,0.0,True,False
73,Person_0007,Hospital_000__Person_0007,7,7,Camera_27,37,Hospital_000,Person,1,0.1643835616438356,90,5880,/pfs/data6/home/st/st_us-053000/st_st191959/DL-Lab/DataSet/MTMC_Tracking_2025_Preprocessed/val/Hospital_000/crops/Person_0007/Camera_27/Person_0007_Camera_27_f000090_r007.jpg,None,-1,NOISE,0.0,True,False
21,Person_0007,Hospital_000__Person_0007,7,7,Camera_31,41,Hospital_000,Person,1,0.6666666666666666,4470,4650,/pfs/data6/home/st/st_us-053000/st_st191959/DL-Lab/DataSet/MTMC_Tracking_2025_Preprocessed/val/Hospital_000/crops/Person_0007/Camera_31/Person_0007_Camera_31_f004470_r002.jpg,None,-1,NOISE,0.0,True,False
5,Person_0008,Hospital_000__Person_0008,8,8,Camera_25,35,Hospital_000,Person,0,0.0,120,930,/pfs/data6/home/st/st_us-053000/st_st191959/DL-Lab/DataSet/MTMC_Tracking_2025_Preprocessed/val/Hospital_000/crops/Person_0008/Camera_25/Person_0008_Camera_25_f000120_r001.jpg,None,-1,NOISE,0.0,True,False
237,Person_0008,Hospital_000__Person_0008,8,8,Camera_31,41,Hospital_000,Person,1,0.6666666666666666,3990,7020,/pfs/data6/home/st/st_us-053000/st_st191959/DL-Lab/DataSet/MTMC_Tracking_2025_Preprocessed/val/Hospital_000/crops/Person_0008/Camera_31/Person_0008_Camera_31_f003990_r004.jpg,None,-1,NOISE,0.0,True,False
83,Person_0009,Hospital_000__Person_0009,9,9,Camera_04,14,Hospital_000,Person,1,0.14457831325301204,180,7950,/pfs/data6/home/st/st_us-053000/st_st191959/DL-Lab/DataSet/MTMC_Tracking_2025_Preprocessed/val/Hospital_000/crops/Person_0009/Camera_04/Person_0009_Camera_04_f000180_r002.jpg,None,-1,NOISE,0.0,True,False
278,Person_0009,Hospital_000__Person_0009,9,9,Camera_05,15,Hospital_000,Person,1,0.60431654676259,0,7950,/pfs/data6/home/st/st_us-053000/st_st191959/DL-Lab/DataSet/MTMC_Tracking_2025_Preprocessed/val/Hospital_000/crops/Person_0009/Camera_05/Person_0009_Camera_05_f000000_r004.jpg,None,-1,NOISE,0.0,True,False
174,Person_0009,Hospital_000__Person_0009,9,9,Camera_18,28,Hospital_000,Person,1,0.6666666666666666,2670,7560,/pfs/data6/home/st/st_us-053000/st_st191959/DL-Lab/DataSet/MTMC_Tracking_2025_Preprocessed/val/Hospital_000/crops/Person_0009/Camera_18/Person_0009_Camera_18_f002670_r001.jpg,None,-1,NOISE,0.0,True,False
506,Person_0009,Hospital_000__Person_0009,9,9,Camera_19,29,Hospital_000,Person,1,0.6521739130434783,120,7920,/pfs/data6/home/st/st_us-053000/st_st191959/DL-Lab/DataSet/MTMC_Tracking_2025_Preprocessed/val/Hospital_000/crops/Person_0009/Camera_19/Person_0009_Camera_19_f000120_r002.jpg,None,-1,NOISE,0.0,True,False
396,Person_0009,Hospital_000__Person_0009,9,9,Camera_22,32,Hospital_000,Person,1,0.6313131313131313,0,7980,/pfs/data6/home/st/st_us-053000/st_st191959/DL-Lab/DataSet/MTMC_Tracking_2025_Preprocessed/val/Hospital_000/crops/Person_0009/Camera_22/Person_0009_Camera_22_f000000_r003.jpg,None,-1,NOISE,0.0,True,False
47,Person_0009,Hospital_000__Person_0009,9,9,Camera_23,33,Hospital_000,Person,0,0.0,5130,8850,/pfs/data6/home/st/st_us-053000/st_st191959/DL-Lab/DataSet/MTMC_Tracking_2025_Preprocessed/val/Hospital_000/crops/Person_0009/Camera_23/Person_0009_Camera_23_f005130_r003.jpg,None,-1,NOISE,0.0,True,False
334,Person_0009,Hospital_000__Person_0009,9,9,Camera_26,36,Hospital_000,Person,1,0.6646706586826348,0,7980,/pfs/data6/home/st/st_us-053000/st_st191959/DL-Lab/DataSet/MTMC_Tracking_2025_Preprocessed/val/Hospital_000/crops/Person_0009/Camera_26/Person_0009_Camera_26_f000000_r002.jpg,None,-1,NOISE,0.0,True,False
100,Person_0010,Hospital_000__Person_0010,10,10,Camera_04,14,Hospital_000,Person,1,0.66,780,3210,/pfs/data6/home/st/st_us-053000/st_st191959/DL-Lab/DataSet/MTMC_Tracking_2025_Preprocessed/val/Hospital_000/crops/Person_0010/Camera_04/Person_0010_Camera_04_f000780_r002.jpg,None,-1,NOISE,0.0,True,False
5,Person_0010,Hospital_000__Person_0010,10,10,Camera_19,29,Hospital_000,Person,1,0.4,2790,3210,/pfs/data6/home/st/st_us-053000/st_st191959/DL-Lab/DataSet/MTMC_Tracking_2025_Preprocessed/val/Hospital_000/crops/Person_0010/Camera_19/Person_0010_Camera_19_f002790_r004.jpg,None,-1,NOISE,0.0,True,False
372,Person_0010,Hospital_000__Person_0010,10,10,Camera_25,35,Hospital_000,Person,1,0.6666666666666666,1410,8850,/pfs/data6/home/st/st_us-053000/st_st191959/DL-Lab/DataSet/MTMC_Tracking_2025_Preprocessed/val/Hospital_000/crops/Person_0010/Camera_25/Person_0010_Camera_25_f001410_r000.jpg,None,-1,NOISE,0.0,True,False
121,Person_0011,Hospital_000__Person_0011,11,11,Camera_04,14,Hospital_000,Person,1,0.6611570247933884,7350,8970,/pfs/data6/home/st/st_us-053000/st_st191959/DL-Lab/DataSet/MTMC_Tracking_2025_Preprocessed/val/Hospital_000/crops/Person_0011/Camera_04/Person_0011_Camera_04_f007350_r008.jpg,None,-1,NOISE,0.0,True,False
140,Person_0011,Hospital_000__Person_0011,11,11,Camera_07,17,Hospital_000,Person,1,0.6428571428571429,4140,8970,/pfs/data6/home/st/st_us-053000/st_st191959/DL-Lab/DataSet/MTMC_Tracking_2025_Preprocessed/val/Hospital_000/crops/Person_0011/Camera_07/Person_0011_Camera_07_f004140_r002.jpg,None,-1,NOISE,0.0,True,False
271,Person_0011,Hospital_000__Person_0011,11,11,Camera_10,20,Hospital_000,Person,1,0.6642066420664207,780,8820,/pfs/data6/home/st/st_us-053000/st_st191959/DL-Lab/DataSet/MTMC_Tracking_2025_Preprocessed/val/Hospital_000/crops/Person_0011/Camera_10/Person_0011_Camera_10_f000780_r001.jpg,None,-1,NOISE,0.0,True,False
35,Person_0011,Hospital_000__Person_0011,11,11,Camera_19,29,Hospital_000,Person,1,0.05714285714285714,4320,8910,/pfs/data6/home/st/st_us-053000/st_st191959/DL-Lab/DataSet/MTMC_Tracking_2025_Preprocessed/val/Hospital_000/crops/Person_0011/Camera_19/Person_0011_Camera_19_f004320_r007.jpg,None,-1,NOISE,0.0,True,False
21,Person_0012,Hospital_000__Person_0012,12,12,Camera,0,Hospital_000,Person,0,0.0,810,2880,/pfs/data6/home/st/st_us-053000/st_st191959/DL-Lab/DataSet/MTMC_Tracking_2025_Preprocessed/val/Hospital_000/crops/Person_0012/Camera/Person_0012_Camera_f000810_r001.jpg,None,-1,NOISE,0.0,True,False
584,Person_0012,Hospital_000__Person_0012,12,12,Camera_01,11,Hospital_000,Person,1,0.5513698630136986,1140,8970,/pfs/data6/home/st/st_us-053000/st_st191959/DL-Lab/DataSet/MTMC_Tracking_2025_Preprocessed/val/Hospital_000/crops/Person_0012/Camera_01/Person_0012_Camera_01_f001140_r002.jpg,None,-1,NOISE,0.0,True,False
45,Person_0012,Hospital_000__Person_0012,12,12,Camera_03,13,Hospital_000,Person,1,0.6666666666666666,0,420,/pfs/data6/home/st/st_us-053000/st_st191959/DL-Lab/DataSet/MTMC_Tracking_2025_Preprocessed/val/Hospital_000/crops/Person_0012/Camera_03/Person_0012_Camera_03_f000000_r000.jpg,None,-1,NOISE,0.0,True,False
813,Person_0012,Hospital_000__Person_0012,12,12,Camera_05,15,Hospital_000,Person,1,0.6666666666666666,90,8970,/pfs/data6/home/st/st_us-053000/st_st191959/DL-Lab/DataSet/MTMC_Tracking_2025_Preprocessed/val/Hospital_000/crops/Person_0012/Camera_05/Person_0012_Camera_05_f000090_r003.jpg,None,-1,NOISE,0.0,True,False
9,Person_0012,Hospital_000__Person_0012,12,12,Camera_06,16,Hospital_000,Person,1,0.6666666666666666,0,60,/pfs/data6/home/st/st_us-053000/st_st191959/DL-Lab/DataSet/MTMC_Tracking_2025_Preprocessed/val/Hospital_000/crops/Person_0012/Camera_06/Person_0012_Camera_06_f000000_r001.jpg,None,-1,NOISE,0.0,True,False
9,Person_0012,Hospital_000__Person_0012,12,12,Camera_08,18,Hospital_000,Person,1,0.2222222222222222,480,2760,/pfs/data6/home/st/st_us-053000/st_st191959/DL-Lab/DataSet/MTMC_Tracking_2025_Preprocessed/val/Hospital_000/crops/Person_0012/Camera_08/Person_0012_Camera_08_f000480_r001.jpg,None,-1,NOISE,0.0,True,False
72,Person_0012,Hospital_000__Person_0012,12,12,Camera_09,19,Hospital_000,Person,1,0.6666666666666666,0,690,/pfs/data6/home/st/st_us-053000/st_st191959/DL-Lab/DataSet/MTMC_Tracking_2025_Preprocessed/val/Hospital_000/crops/Person_0012/Camera_09/Person_0012_Camera_09_f000000_r001.jpg,None,-1,NOISE,0.0,True,False
27,Person_0012,Hospital_000__Person_0012,12,12,Camera_14,24,Hospital_000,Person,1,0.6666666666666666,1170,1410,/pfs/data6/home/st/st_us-053000/st_st191959/DL-Lab/DataSet/MTMC_Tracking_2025_Preprocessed/val/Hospital_000/crops/Person_0012/Camera_14/Person_0012_Camera_14_f001170_r001.jpg,None,-1,NOISE,0.0,True,False
27,Person_0012,Hospital_000__Person_0012,12,12,Camera_20,30,Hospital_000,Person,1,0.6666666666666666,450,690,/pfs/data6/home/st/st_us-053000/st_st191959/DL-Lab/DataSet/MTMC_Tracking_2025_Preprocessed/val/Hospital_000/crops/Person_0012/Camera_20/Person_0012_Camera_20_f000450_r000.jpg,None,-1,NOISE,0.0,True,False
46,Person_0012,Hospital_000__Person_0012,12,12,Camera_22,32,Hospital_000,Person,1,0.6521739130434783,0,450,/pfs/data6/home/st/st_us-053000/st_st191959/DL-Lab/DataSet/MTMC_Tracking_2025_Preprocessed/val/Hospital_000/crops/Person_0012/Camera_22/Person_0012_Camera_22_f000000_r001.jpg,None,-1,NOISE,0.0,True,False
48,Person_0012,Hospital_000__Person_0012,12,12,Camera_24,34,Hospital_000,Person,1,0.6666666666666666,0,450,/pfs/data6/home/st/st_us-053000/st_st191959/DL-Lab/DataSet/MTMC_Tracking_2025_Preprocessed/val/Hospital_000/crops/Person_0012/Camera_24/Person_0012_Camera_24_f000000_r002.jpg,None,-1,NOISE,0.0,True,False
9,Person_0012,Hospital_000__Person_0012,12,12,Camera_26,36,Hospital_000,Person,1,0.6666666666666666,30,90,/pfs/data6/home/st/st_us-053000/st_st191959/DL-Lab/DataSet/MTMC_Tracking_2025_Preprocessed/val/Hospital_000/crops/Person_0012/Camera_26/Person_0012_Camera_26_f000030_r001.jpg,None,-1,NOISE,0.0,True,False
4,Person_0012,Hospital_000__Person_0012,12,12,Camera_27,37,Hospital_000,Person,0,0.0,480,3240,/pfs/data6/home/st/st_us-053000/st_st191959/DL-Lab/DataSet/MTMC_Tracking_2025_Preprocessed/val/Hospital_000/crops/Person_0012/Camera_27/Person_0012_Camera_27_f000480_r000.jpg,None,-1,NOISE,0.0,True,False
6,Person_0013,Hospital_000__Person_0013,13,13,Camera_04,14,Hospital_000,Person,0,0.0,3300,8010,/pfs/data6/home/st/st_us-053000/st_st191959/DL-Lab/DataSet/MTMC_Tracking_2025_Preprocessed/val/Hospital_000/crops/Person_0013/Camera_04/Person_0013_Camera_04_f003300_r004.jpg,None,-1,NOISE,0.0,True,False
47,Person_0013,Hospital_000__Person_0013,13,13,Camera_08,18,Hospital_000,Person,1,0.2978723404255319,2430,8130,/pfs/data6/home/st/st_us-053000/st_st191959/DL-Lab/DataSet/MTMC_Tracking_2025_Preprocessed/val/Hospital_000/crops/Person_0013/Camera_08/Person_0013_Camera_08_f002430_r001.jpg,None,-1,NOISE,0.0,True,False
6,Person_0013,Hospital_000__Person_0013,13,13,Camera_23,33,Hospital_000,Person,0,0.0,3660,8250,/pfs/data6/home/st/st_us-053000/st_st191959/DL-Lab/DataSet/MTMC_Tracking_2025_Preprocessed/val/Hospital_000/crops/Person_0013/Camera_23/Person_0013_Camera_23_f003660_r004.jpg,None,-1,NOISE,0.0,True,False
4,Person_0013,Hospital_000__Person_0013,13,13,Camera_25,35,Hospital_000,Person,0,0.0,4560,6600,/pfs/data6/home/st/st_us-053000/st_st191959/DL-Lab/DataSet/MTMC_Tracking_2025_Preprocessed/val/Hospital_000/crops/Person_0013/Camera_25/Person_0013_Camera_25_f004560_r002.jpg,None,-1,NOISE,0.0,True,False
26,Person_0013,Hospital_000__Person_0013,13,13,Camera_27,37,Hospital_000,Person,0,0.0,2370,8160,/pfs/data6/home/st/st_us-053000/st_st191959/DL-Lab/DataSet/MTMC_Tracking_2025_Preprocessed/val/Hospital_000/crops/Person_0013/Camera_27/Person_0013_Camera_27_f002370_r003.jpg,None,-1,NOISE,0.0,True,False
48,Person_0013,Hospital_000__Person_0013,13,13,Camera_28,38,Hospital_000,Person,1,0.6666666666666666,4950,5400,/pfs/data6/home/st/st_us-053000/st_st191959/DL-Lab/DataSet/MTMC_Tracking_2025_Preprocessed/val/Hospital_000/crops/Person_0013/Camera_28/Person_0013_Camera_28_f004950_r002.jpg,None,-1,NOISE,0.0,True,False
2,Person_0014,Hospital_000__Person_0014,14,14,Camera_03,13,Hospital_000,Person,0,0.0,810,7650,/pfs/data6/home/st/st_us-053000/st_st191959/DL-Lab/DataSet/MTMC_Tracking_2025_Preprocessed/val/Hospital_000/crops/Person_0014/Camera_03/Person_0014_Camera_03_f000810_r005.jpg,None,-1,NOISE,0.0,True,False
6,Person_0014,Hospital_000__Person_0014,14,14,Camera_24,34,Hospital_000,Person,0,0.0,780,7650,/pfs/data6/home/st/st_us-053000/st_st191959/DL-Lab/DataSet/MTMC_Tracking_2025_Preprocessed/val/Hospital_000/crops/Person_0014/Camera_24/Person_0014_Camera_24_f000780_r005.jpg,None,-1,NOISE,0.0,True,False
137,Person_0015,Hospital_000__Person_0015,15,15,Camera_05,15,Hospital_000,Person,1,0.5693430656934306,3240,8160,/pfs/data6/home/st/st_us-053000/st_st191959/DL-Lab/DataSet/MTMC_Tracking_2025_Preprocessed/val/Hospital_000/crops/Person_0015/Camera_05/Person_0015_Camera_05_f003240_r007.jpg,None,-1,NOISE,0.0,True,False
6,Person_0015,Hospital_000__Person_0015,15,15,Camera_10,20,Hospital_000,Person,1,0.6666666666666666,1830,1860,/pfs/data6/home/st/st_us-053000/st_st191959/DL-Lab/DataSet/MTMC_Tracking_2025_Preprocessed/val/Hospital_000/crops/Person_0015/Camera_10/Person_0015_Camera_10_f001830_r002.jpg,None,-1,NOISE,0.0,True,False
3,Person_0015,Hospital_000__Person_0015,15,15,Camera_20,30,Hospital_000,Person,1,0.6666666666666666,8430,8430,/pfs/data6/home/st/st_us-053000/st_st191959/DL-Lab/DataSet/MTMC_Tracking_2025_Preprocessed/val/Hospital_000/crops/Person_0015/Camera_20/Person_0015_Camera_20_f008430_r001.jpg,None,-1,NOISE,0.0,True,False
206,Person_0015,Hospital_000__Person_0015,15,15,Camera_22,32,Hospital_000,Person,1,0.5728155339805825,2670,8220,/pfs/data6/home/st/st_us-053000/st_st191959/DL-Lab/DataSet/MTMC_Tracking_2025_Preprocessed/val/Hospital_000/crops/Person_0015/Camera_22/Person_0015_Camera_22_f002670_r008.jpg,None,-1,NOISE,0.0,True,False
82,Person_0015,Hospital_000__Person_0015,15,15,Camera_23,33,Hospital_000,Person,1,0.4146341463414634,210,8400,/pfs/data6/home/st/st_us-053000/st_st191959/DL-Lab/DataSet/MTMC_Tracking_2025_Preprocessed/val/Hospital_000/crops/Person_0015/Camera_23/Person_0015_Camera_23_f000210_r006.jpg,None,-1,NOISE,0.0,True,False
2,Person_0015,Hospital_000__Person_0015,15,15,Camera_25,35,Hospital_000,Person,0,0.0,390,960,/pfs/data6/home/st/st_us-053000/st_st191959/DL-Lab/DataSet/MTMC_Tracking_2025_Preprocessed/val/Hospital_000/crops/Person_0015/Camera_25/Person_0015_Camera_25_f000390_r001.jpg,None,-1,NOISE,0.0,True,False
156,Person_0015,Hospital_000__Person_0015,15,15,Camera_26,36,Hospital_000,Person,1,0.6666666666666666,3240,8160,/pfs/data6/home/st/st_us-053000/st_st191959/DL-Lab/DataSet/MTMC_Tracking_2025_Preprocessed/val/Hospital_000/crops/Person_0015/Camera_26/Person_0015_Camera_26_f003240_r005.jpg,None,-1,NOISE,0.0,True,False
17,Person_0016,Hospital_000__Person_0016,16,16,Camera_19,29,Hospital_000,Person,0,0.0,3120,4140,/pfs/data6/home/st/st_us-053000/st_st191959/DL-Lab/DataSet/MTMC_Tracking_2025_Preprocessed/val/Hospital_000/crops/Person_0016/Camera_19/Person_0016_Camera_19_f003120_r009.jpg,None,-1,NOISE,0.0,True,False
477,Person_0016,Hospital_000__Person_0016,16,16,Camera_23,33,Hospital_000,Person,1,0.6666666666666666,330,8970,/pfs/data6/home/st/st_us-053000/st_st191959/DL-Lab/DataSet/MTMC_Tracking_2025_Preprocessed/val/Hospital_000/crops/Person_0016/Camera_23/Person_0016_Camera_23_f000330_r010.jpg,None,-1,NOISE,0.0,True,False
444,Person_0016,Hospital_000__Person_0016,16,16,Camera_25,35,Hospital_000,Person,1,0.6666666666666666,0,8970,/pfs/data6/home/st/st_us-053000/st_st191959/DL-Lab/DataSet/MTMC_Tracking_2025_Preprocessed/val/Hospital_000/crops/Person_0016/Camera_25/Person_0016_Camera_25_f000000_r002.jpg,None,-1,NOISE,0.0,True,False
55,Person_0016,Hospital_000__Person_0016,16,16,Camera_28,38,Hospital_000,Person,1,0.2909090909090909,1320,6330,/pfs/data6/home/st/st_us-053000/st_st191959/DL-Lab/DataSet/MTMC_Tracking_2025_Preprocessed/val/Hospital_000/crops/Person_0016/Camera_28/Person_0016_Camera_28_f001320_r005.jpg,None,-1,NOISE,0.0,True,False
14,Person_0018,Hospital_000__Person_0018,18,18,Camera_01,11,Hospital_000,Person,1,0.2857142857142857,180,450,/pfs/data6/home/st/st_us-053000/st_st191959/DL-Lab/DataSet/MTMC_Tracking_2025_Preprocessed/val/Hospital_000/crops/Person_0018/Camera_01/Person_0018_Camera_01_f000180_r005.jpg,None,-1,NOISE,0.0,True,False
4,Person_0018,Hospital_000__Person_0018,18,18,Camera_04,14,Hospital_000,Person,0,0.0,1320,2820,/pfs/data6/home/st/st_us-053000/st_st191959/DL-Lab/DataSet/MTMC_Tracking_2025_Preprocessed/val/Hospital_000/crops/Person_0018/Camera_04/Person_0018_Camera_04_f001320_r006.jpg,None,-1,NOISE,0.0,True,False
114,Person_0018,Hospital_000__Person_0018,18,18,Camera_08,18,Hospital_000,Person,1,0.40350877192982454,240,3300,/pfs/data6/home/st/st_us-053000/st_st191959/DL-Lab/DataSet/MTMC_Tracking_2025_Preprocessed/val/Hospital_000/crops/Person_0018/Camera_08/Person_0018_Camera_08_f000240_r007.jpg,None,-1,NOISE,0.0,True,False
13,Person_0018,Hospital_000__Person_0018,18,18,Camera_23,33,Hospital_000,Person,0,0.0,3750,8760,/pfs/data6/home/st/st_us-053000/st_st191959/DL-Lab/DataSet/MTMC_Tracking_2025_Preprocessed/val/Hospital_000/crops/Person_0018/Camera_23/Person_0018_Camera_23_f003750_r008.jpg,None,-1,NOISE,0.0,True,False
57,Person_0018,Hospital_000__Person_0018,18,18,Camera_27,37,Hospital_000,Person,1,0.10526315789473684,690,3510,/pfs/data6/home/st/st_us-053000/st_st191959/DL-Lab/DataSet/MTMC_Tracking_2025_Preprocessed/val/Hospital_000/crops/Person_0018/Camera_27/Person_0018_Camera_27_f000690_r004.jpg,None,-1,NOISE,0.0,True,False
116,Person_0019,Hospital_000__Person_0019,19,19,Camera,0,Hospital_000,Person,1,0.3448275862068966,3180,8970,/pfs/data6/home/st/st_us-053000/st_st191959/DL-Lab/DataSet/MTMC_Tracking_2025_Preprocessed/val/Hospital_000/crops/Person_0019/Camera/Person_0019_Camera_f003180_r004.jpg,None,-1,NOISE,0.0,True,False
7,Person_0019,Hospital_000__Person_0019,19,19,Camera_04,14,Hospital_000,Person,0,0.0,1590,2790,/pfs/data6/home/st/st_us-053000/st_st191959/DL-Lab/DataSet/MTMC_Tracking_2025_Preprocessed/val/Hospital_000/crops/Person_0019/Camera_04/Person_0019_Camera_04_f001590_r004.jpg,None,-1,NOISE,0.0,True,False
21,Person_0019,Hospital_000__Person_0019,19,19,Camera_19,29,Hospital_000,Person,1,0.6666666666666666,1560,1740,/pfs/data6/home/st/st_us-053000/st_st191959/DL-Lab/DataSet/MTMC_Tracking_2025_Preprocessed/val/Hospital_000/crops/Person_0019/Camera_19/Person_0019_Camera_19_f001560_r004.jpg,None,-1,NOISE,0.0,True,False
36,Person_0019,Hospital_000__Person_0019,19,19,Camera_20,30,Hospital_000,Person,1,0.6666666666666666,2820,7740,/pfs/data6/home/st/st_us-053000/st_st191959/DL-Lab/DataSet/MTMC_Tracking_2025_Preprocessed/val/Hospital_000/crops/Person_0019/Camera_20/Person_0019_Camera_20_f002820_r002.jpg,None,-1,NOISE,0.0,True,False
4,Person_0019,Hospital_000__Person_0019,19,19,Camera_23,33,Hospital_000,Person,0,0.0,3180,7410,/pfs/data6/home/st/st_us-053000/st_st191959/DL-Lab/DataSet/MTMC_Tracking_2025_Preprocessed/val/Hospital_000/crops/Person_0019/Camera_23/Person_0019_Camera_23_f003180_r006.jpg,None,-1,NOISE,0.0,True,False
39,Person_0019,Hospital_000__Person_0019,19,19,Camera_27,37,Hospital_000,Person,1,0.05128205128205128,90,2760,/pfs/data6/home/st/st_us-053000/st_st191959/DL-Lab/DataSet/MTMC_Tracking_2025_Preprocessed/val/Hospital_000/crops/Person_0019/Camera_27/Person_0019_Camera_27_f000090_r005.jpg,None,-1,NOISE,0.0,True,False
20,Person_0020,Hospital_000__Person_0020,20,20,Camera_04,14,Hospital_000,Person,0,0.0,180,2700,/pfs/data6/home/st/st_us-053000/st_st191959/DL-Lab/DataSet/MTMC_Tracking_2025_Preprocessed/val/Hospital_000/crops/Person_0020/Camera_04/Person_0020_Camera_04_f000180_r008.jpg,None,-1,NOISE,0.0,True,False
1,Person_0020,Hospital_000__Person_0020,20,20,Camera_23,33,Hospital_000,Person,0,0.0,4830,4830,/pfs/data6/home/st/st_us-053000/st_st191959/DL-Lab/DataSet/MTMC_Tracking_2025_Preprocessed/val/Hospital_000/crops/Person_0020/Camera_23/Person_0020_Camera_23_f004830_r008.jpg,None,-1,NOISE,0.0,True,False
1,Person_0021,Hospital_000__Person_0021,21,21,Camera_04,14,Hospital_000,Person,0,0.0,7680,7680,/pfs/data6/home/st/st_us-053000/st_st191959/DL-Lab/DataSet/MTMC_Tracking_2025_Preprocessed/val/Hospital_000/crops/Person_0021/Camera_04/Person_0021_Camera_04_f007680_r003.jpg,None,-1,NOISE,0.0,True,False
239,Person_0021,Hospital_000__Person_0021,21,21,Camera_08,18,Hospital_000,Person,1,0.5188284518828452,90,8940,/pfs/data6/home/st/st_us-053000/st_st191959/DL-Lab/DataSet/MTMC_Tracking_2025_Preprocessed/val/Hospital_000/crops/Person_0021/Camera_08/Person_0021_Camera_08_f000090_r002.jpg,None,-1,NOISE,0.0,True,False
3,Person_0021,Hospital_000__Person_0021,21,21,Camera_23,33,Hospital_000,Person,0,0.0,4140,6960,/pfs/data6/home/st/st_us-053000/st_st191959/DL-Lab/DataSet/MTMC_Tracking_2025_Preprocessed/val/Hospital_000/crops/Person_0021/Camera_23/Person_0021_Camera_23_f004140_r005.jpg,None,-1,NOISE,0.0,True,False
84,Person_0021,Hospital_000__Person_0021,21,21,Camera_27,37,Hospital_000,Person,1,0.07142857142857142,30,8910,/pfs/data6/home/st/st_us-053000/st_st191959/DL-Lab/DataSet/MTMC_Tracking_2025_Preprocessed/val/Hospital_000/crops/Person_0021/Camera_27/Person_0021_Camera_27_f000030_r004.jpg,None,-1,NOISE,0.0,True,False
117,Person_0021,Hospital_000__Person_0021,21,21,Camera_31,41,Hospital_000,Person,1,0.6666666666666666,3270,8610,/pfs/data6/home/st/st_us-053000/st_st191959/DL-Lab/DataSet/MTMC_Tracking_2025_Preprocessed/val/Hospital_000/crops/Person_0021/Camera_31/Person_0021_Camera_31_f003270_r001.jpg,None,-1,NOISE,0.0,True,False
31,Person_0022,Hospital_000__Person_0022,22,22,Camera_08,18,Hospital_000,Person,1,0.1935483870967742,1380,8610,/pfs/data6/home/st/st_us-053000/st_st191959/DL-Lab/DataSet/MTMC_Tracking_2025_Preprocessed/val/Hospital_000/crops/Person_0022/Camera_08/Person_0022_Camera_08_f001380_r002.jpg,None,-1,NOISE,0.0,True,False
6,Person_0022,Hospital_000__Person_0022,22,22,Camera_27,37,Hospital_000,Person,0,0.0,1200,3060,/pfs/data6/home/st/st_us-053000/st_st191959/DL-Lab/DataSet/MTMC_Tracking_2025_Preprocessed/val/Hospital_000/crops/Person_0022/Camera_27/Person_0022_Camera_27_f001200_r002.jpg,None,-1,NOISE,0.0,True,False
75,Person_0022,Hospital_000__Person_0022,22,22,Camera_31,41,Hospital_000,Person,1,0.6666666666666666,0,720,/pfs/data6/home/st/st_us-053000/st_st191959/DL-Lab/DataSet/MTMC_Tracking_2025_Preprocessed/val/Hospital_000/crops/Person_0022/Camera_31/Person_0022_Camera_31_f000000_r000.jpg,None,-1,NOISE,0.0,True,False
106,Person_0023,Hospital_000__Person_0023,23,23,Camera,0,Hospital_000,Person,1,0.4339622641509434,30,7680,/pfs/data6/home/st/st_us-053000/st_st191959/DL-Lab/DataSet/MTMC_Tracking_2025_Preprocessed/val/Hospital_000/crops/Person_0023/Camera/Person_0023_Camera_f000030_r004.jpg,None,-1,NOISE,0.0,True,False
42,Person_0023,Hospital_000__Person_0023,23,23,Camera_01,11,Hospital_000,Person,1,0.42857142857142855,60,810,/pfs/data6/home/st/st_us-053000/st_st191959/DL-Lab/DataSet/MTMC_Tracking_2025_Preprocessed/val/Hospital_000/crops/Person_0023/Camera_01/Person_0023_Camera_01_f000060_r003.jpg,None,-1,NOISE,0.0,True,False
2,Person_0023,Hospital_000__Person_0023,23,23,Camera_04,14,Hospital_000,Person,0,0.0,3930,8430,/pfs/data6/home/st/st_us-053000/st_st191959/DL-Lab/DataSet/MTMC_Tracking_2025_Preprocessed/val/Hospital_000/crops/Person_0023/Camera_04/Person_0023_Camera_04_f003930_r004.jpg,None,-1,NOISE,0.0,True,False
101,Person_0023,Hospital_000__Person_0023,23,23,Camera_08,18,Hospital_000,Person,1,0.31683168316831684,210,8970,/pfs/data6/home/st/st_us-053000/st_st191959/DL-Lab/DataSet/MTMC_Tracking_2025_Preprocessed/val/Hospital_000/crops/Person_0023/Camera_08/Person_0023_Camera_08_f000210_r003.jpg,None,-1,NOISE,0.0,True,False
18,Person_0023,Hospital_000__Person_0023,23,23,Camera_19,29,Hospital_000,Person,1,0.6666666666666666,3960,7350,/pfs/data6/home/st/st_us-053000/st_st191959/DL-Lab/DataSet/MTMC_Tracking_2025_Preprocessed/val/Hospital_000/crops/Person_0023/Camera_19/Person_0023_Camera_19_f003960_r005.jpg,None,-1,NOISE,0.0,True,False
27,Person_0023,Hospital_000__Person_0023,23,23,Camera_20,30,Hospital_000,Person,1,0.2962962962962963,2010,8250,/pfs/data6/home/st/st_us-053000/st_st191959/DL-Lab/DataSet/MTMC_Tracking_2025_Preprocessed/val/Hospital_000/crops/Person_0023/Camera_20/Person_0023_Camera_20_f002010_r000.jpg,None,-1,NOISE,0.0,True,False
1,Person_0023,Hospital_000__Person_0023,23,23,Camera_23,33,Hospital_000,Person,0,0.0,7470,7470,/pfs/data6/home/st/st_us-053000/st_st191959/DL-Lab/DataSet/MTMC_Tracking_2025_Preprocessed/val/Hospital_000/crops/Person_0023/Camera_23/Person_0023_Camera_23_f007470_r006.jpg,None,-1,NOISE,0.0,True,False
8,Person_0023,Hospital_000__Person_0023,23,23,Camera_25,35,Hospital_000,Person,0,0.0,2010,2220,/pfs/data6/home/st/st_us-053000/st_st191959/DL-Lab/DataSet/MTMC_Tracking_2025_Preprocessed/val/Hospital_000/crops/Person_0023/Camera_25/Person_0023_Camera_25_f002010_r002.jpg,None,-1,NOISE,0.0,True,False
55,Person_0023,Hospital_000__Person_0023,23,23,Camera_27,37,Hospital_000,Person,1,0.07272727272727272,840,8550,/pfs/data6/home/st/st_us-053000/st_st191959/DL-Lab/DataSet/MTMC_Tracking_2025_Preprocessed/val/Hospital_000/crops/Person_0023/Camera_27/Person_0023_Camera_27_f000840_r003.jpg,None,-1,NOISE,0.0,True,False
317,Person_0024,Hospital_000__Person_0024,24,24,Camera_18,28,Hospital_000,Person,1,0.6624605678233438,0,8640,/pfs/data6/home/st/st_us-053000/st_st191959/DL-Lab/DataSet/MTMC_Tracking_2025_Preprocessed/val/Hospital_000/crops/Person_0024/Camera_18/Person_0024_Camera_18_f000000_r001.jpg,None,-1,NOISE,0.0,True,False
276,Person_0024,Hospital_000__Person_0024,24,24,Camera_24,34,Hospital_000,Person,1,0.41304347826086957,510,8820,/pfs/data6/home/st/st_us-053000/st_st191959/DL-Lab/DataSet/MTMC_Tracking_2025_Preprocessed/val/Hospital_000/crops/Person_0024/Camera_24/Person_0024_Camera_24_f000510_r019.jpg,None,-1,NOISE,0.0,True,False
61,Person_0025,Hospital_000__Person_0025,25,25,Camera_04,14,Hospital_000,Person,1,0.06557377049180328,30,8670,/pfs/data6/home/st/st_us-053000/st_st191959/DL-Lab/DataSet/MTMC_Tracking_2025_Preprocessed/val/Hospital_000/crops/Person_0025/Camera_04/Person_0025_Camera_04_f000030_r002.jpg,None,-1,NOISE,0.0,True,False
207,Person_0025,Hospital_000__Person_0025,25,25,Camera_18,28,Hospital_000,Person,1,0.6666666666666666,0,2700,/pfs/data6/home/st/st_us-053000/st_st191959/DL-Lab/DataSet/MTMC_Tracking_2025_Preprocessed/val/Hospital_000/crops/Person_0025/Camera_18/Person_0025_Camera_18_f000000_r000.jpg,None,-1,NOISE,0.0,True,False
323,Person_0025,Hospital_000__Person_0025,25,25,Camera_19,29,Hospital_000,Person,1,0.6563467492260062,0,3630,/pfs/data6/home/st/st_us-053000/st_st191959/DL-Lab/DataSet/MTMC_Tracking_2025_Preprocessed/val/Hospital_000/crops/Person_0025/Camera_19/Person_0025_Camera_19_f000000_r001.jpg,None,-1,NOISE,0.0,True,False
2,Person_0025,Hospital_000__Person_0025,25,25,Camera_23,33,Hospital_000,Person,0,0.0,6630,7440,/pfs/data6/home/st/st_us-053000/st_st191959/DL-Lab/DataSet/MTMC_Tracking_2025_Preprocessed/val/Hospital_000/crops/Person_0025/Camera_23/Person_0025_Camera_23_f006630_r000.jpg,None,-1,NOISE,0.0,True,False
45,Person_0025,Hospital_000__Person_0025,25,25,Camera_31,41,Hospital_000,Person,1,0.6666666666666666,6330,7410,/pfs/data6/home/st/st_us-053000/st_st191959/DL-Lab/DataSet/MTMC_Tracking_2025_Preprocessed/val/Hospital_000/crops/Person_0025/Camera_31/Person_0025_Camera_31_f006330_r000.jpg,None,-1,NOISE,0.0,True,False
78,Person_0026,Hospital_000__Person_0026,26,26,Camera_03,13,Hospital_000,Person,1,0.6666666666666666,6810,8970,/pfs/data6/home/st/st_us-053000/st_st191959/DL-Lab/DataSet/MTMC_Tracking_2025_Preprocessed/val/Hospital_000/crops/Person_0026/Camera_03/Person_0026_Camera_03_f006810_r002.jpg,None,-1,NOISE,0.0,True,False
1,Person_0026,Hospital_000__Person_0026,26,26,Camera_04,14,Hospital_000,Person,0,0.0,8940,8940,/pfs/data6/home/st/st_us-053000/st_st191959/DL-Lab/DataSet/MTMC_Tracking_2025_Preprocessed/val/Hospital_000/crops/Person_0026/Camera_04/Person_0026_Camera_04_f008940_r001.jpg,None,-1,NOISE,0.0,True,False
17,Person_0026,Hospital_000__Person_0026,26,26,Camera_27,37,Hospital_000,Person,0,0.0,780,8940,/pfs/data6/home/st/st_us-053000/st_st191959/DL-Lab/DataSet/MTMC_Tracking_2025_Preprocessed/val/Hospital_000/crops/Person_0026/Camera_27/Person_0026_Camera_27_f000780_r001.jpg,None,-1,NOISE,0.0,True,False
74,Person_0027,Hospital_000__Person_0027,27,27,Camera,0,Hospital_000,Person,1,0.3783783783783784,5610,8880,/pfs/data6/home/st/st_us-053000/st_st191959/DL-Lab/DataSet/MTMC_Tracking_2025_Preprocessed/val/Hospital_000/crops/Person_0027/Camera/Person_0027_Camera_f005610_r001.jpg,None,-1,NOISE,0.0,True,False
125,Person_0027,Hospital_000__Person_0027,27,27,Camera_01,11,Hospital_000,Person,1,0.144,0,7020,/pfs/data6/home/st/st_us-053000/st_st191959/DL-Lab/DataSet/MTMC_Tracking_2025_Preprocessed/val/Hospital_000/crops/Person_0027/Camera_01/Person_0027_Camera_01_f000000_r001.jpg,None,-1,NOISE,0.0,True,False
25,Person_0027,Hospital_000__Person_0027,27,27,Camera_08,18,Hospital_000,Person,1,0.08,600,8040,/pfs/data6/home/st/st_us-053000/st_st191959/DL-Lab/DataSet/MTMC_Tracking_2025_Preprocessed/val/Hospital_000/crops/Person_0027/Camera_08/Person_0027_Camera_08_f000600_r002.jpg,None,-1,NOISE,0.0,True,False
1,Person_0027,Hospital_000__Person_0027,27,27,Camera_23,33,Hospital_000,Person,0,0.0,8880,8880,/pfs/data6/home/st/st_us-053000/st_st191959/DL-Lab/DataSet/MTMC_Tracking_2025_Preprocessed/val/Hospital_000/crops/Person_0027/Camera_23/Person_0027_Camera_23_f008880_r001.jpg,None,-1,NOISE,0.0,True,False
24,Person_0027,Hospital_000__Person_0027,27,27,Camera_31,41,Hospital_000,Person,1,0.6666666666666666,8610,8820,/pfs/data6/home/st/st_us-053000/st_st191959/DL-Lab/DataSet/MTMC_Tracking_2025_Preprocessed/val/Hospital_000/crops/Person_0027/Camera_31/Person_0027_Camera_31_f008610_r001.jpg,None,-1,NOISE,0.0,True,False
59,Person_0028,Hospital_000__Person_0028,28,28,Camera,0,Hospital_000,Person,1,0.4406779661016949,990,5820,/pfs/data6/home/st/st_us-053000/st_st191959/DL-Lab/DataSet/MTMC_Tracking_2025_Preprocessed/val/Hospital_000/crops/Person_0028/Camera/Person_0028_Camera_f000990_r000.jpg,None,-1,NOISE,0.0,True,False
69,Person_0028,Hospital_000__Person_0028,28,28,Camera_01,11,Hospital_000,Person,1,0.3188405797101449,120,8970,/pfs/data6/home/st/st_us-053000/st_st191959/DL-Lab/DataSet/MTMC_Tracking_2025_Preprocessed/val/Hospital_000/crops/Person_0028/Camera_01/Person_0028_Camera_01_f000120_r000.jpg,None,-1,NOISE,0.0,True,False
112,Person_0028,Hospital_000__Person_0028,28,28,Camera_20,30,Hospital_000,Person,1,0.5535714285714286,180,8040,/pfs/data6/home/st/st_us-053000/st_st191959/DL-Lab/DataSet/MTMC_Tracking_2025_Preprocessed/val/Hospital_000/crops/Person_0028/Camera_20/Person_0028_Camera_20_f000180_r000.jpg,None,-1,NOISE,0.0,True,False
2,Person_0028,Hospital_000__Person_0028,28,28,Camera_23,33,Hospital_000,Person,0,0.0,4140,5700,/pfs/data6/home/st/st_us-053000/st_st191959/DL-Lab/DataSet/MTMC_Tracking_2025_Preprocessed/val/Hospital_000/crops/Person_0028/Camera_23/Person_0028_Camera_23_f004140_r000.jpg,None,-1,NOISE,0.0,True,False
495,Person_0028,Hospital_000__Person_0028,28,28,Camera_26,36,Hospital_000,Person,1,0.6666666666666666,900,7170,/pfs/data6/home/st/st_us-053000/st_st191959/DL-Lab/DataSet/MTMC_Tracking_2025_Preprocessed/val/Hospital_000/crops/Person_0028/Camera_26/Person_0028_Camera_26_f000900_r001.jpg,None,-1,NOISE,0.0,True,False
87,Person_0028,Hospital_000__Person_0028,28,28,Camera_27,37,Hospital_000,Person,1,0.09195402298850575,570,8610,/pfs/data6/home/st/st_us-053000/st_st191959/DL-Lab/DataSet/MTMC_Tracking_2025_Preprocessed/val/Hospital_000/crops/Person_0028/Camera_27/Person_0028_Camera_27_f000570_r000.jpg,None,-1,NOISE,0.0,True,False
565,Person_0029,Hospital_000__Person_0029,29,29,Camera_02,12,Hospital_000,Person,1,0.6584070796460177,0,5760,/pfs/data6/home/st/st_us-053000/st_st191959/DL-Lab/DataSet/MTMC_Tracking_2025_Preprocessed/val/Hospital_000/crops/Person_0029/Camera_02/Person_0029_Camera_02_f000000_r000.jpg,None,-1,NOISE,0.0,True,False
3,Person_0029,Hospital_000__Person_0029,29,29,Camera_03,13,Hospital_000,Person,0,0.0,5760,6900,/pfs/data6/home/st/st_us-053000/st_st191959/DL-Lab/DataSet/MTMC_Tracking_2025_Preprocessed/val/Hospital_000/crops/Person_0029/Camera_03/Person_0029_Camera_03_f005760_r004.jpg,None,-1,NOISE,0.0,True,False
33,Person_0029,Hospital_000__Person_0029,29,29,Camera_10,20,Hospital_000,Person,1,0.6666666666666666,5730,6840,/pfs/data6/home/st/st_us-053000/st_st191959/DL-Lab/DataSet/MTMC_Tracking_2025_Preprocessed/val/Hospital_000/crops/Person_0029/Camera_10/Person_0029_Camera_10_f005730_r000.jpg,None,-1,NOISE,0.0,True,False
66,Person_0029,Hospital_000__Person_0029,29,29,Camera_12,22,Hospital_000,Person,1,0.6666666666666666,450,1380,/pfs/data6/home/st/st_us-053000/st_st191959/DL-Lab/DataSet/MTMC_Tracking_2025_Preprocessed/val/Hospital_000/crops/Person_0029/Camera_12/Person_0029_Camera_12_f000450_r000.jpg,None,-1,NOISE,0.0,True,False
29,Person_0029,Hospital_000__Person_0029,29,29,Camera_28,38,Hospital_000,Person,1,0.06896551724137931,1620,6870,/pfs/data6/home/st/st_us-053000/st_st191959/DL-Lab/DataSet/MTMC_Tracking_2025_Preprocessed/val/Hospital_000/crops/Person_0029/Camera_28/Person_0029_Camera_28_f001620_r001.jpg,None,-1,NOISE,0.0,True,False
27,Person_0029,Hospital_000__Person_0029,29,29,Camera_29,39,Hospital_000,Person,1,0.6666666666666666,6600,6840,/pfs/data6/home/st/st_us-053000/st_st191959/DL-Lab/DataSet/MTMC_Tracking_2025_Preprocessed/val/Hospital_000/crops/Person_0029/Camera_29/Person_0029_Camera_29_f006600_r001.jpg,None,-1,NOISE,0.0,True,False
348,Person_0030,Hospital_000__Person_0030,30,30,Camera_04,14,Hospital_000,Person,1,0.5632183908045977,0,8640,/pfs/data6/home/st/st_us-053000/st_st191959/DL-Lab/DataSet/MTMC_Tracking_2025_Preprocessed/val/Hospital_000/crops/Person_0030/Camera_04/Person_0030_Camera_04_f000000_r000.jpg,None,-1,NOISE,0.0,True,False
14,Person_0030,Hospital_000__Person_0030,30,30,Camera_05,15,Hospital_000,Person,1,0.5714285714285714,2490,2640,/pfs/data6/home/st/st_us-053000/st_st191959/DL-Lab/DataSet/MTMC_Tracking_2025_Preprocessed/val/Hospital_000/crops/Person_0030/Camera_05/Person_0030_Camera_05_f002490_r000.jpg,None,-1,NOISE,0.0,True,False
33,Person_0030,Hospital_000__Person_0030,30,30,Camera_07,17,Hospital_000,Person,1,0.6666666666666666,0,1830,/pfs/data6/home/st/st_us-053000/st_st191959/DL-Lab/DataSet/MTMC_Tracking_2025_Preprocessed/val/Hospital_000/crops/Person_0030/Camera_07/Person_0030_Camera_07_f000000_r000.jpg,None,-1,NOISE,0.0,True,False
12,Person_0030,Hospital_000__Person_0030,30,30,Camera_26,36,Hospital_000,Person,1,0.6666666666666666,2550,2640,/pfs/data6/home/st/st_us-053000/st_st191959/DL-Lab/DataSet/MTMC_Tracking_2025_Preprocessed/val/Hospital_000/crops/Person_0030/Camera_26/Person_0030_Camera_26_f002550_r000.jpg,None,-1,NOISE,0.0,True,False
4,Person_0031,Hospital_000__Person_0031,31,31,Camera_03,13,Hospital_000,Person,0,0.0,3000,7500,/pfs/data6/home/st/st_us-053000/st_st191959/DL-Lab/DataSet/MTMC_Tracking_2025_Preprocessed/val/Hospital_000/crops/Person_0031/Camera_03/Person_0031_Camera_03_f003000_r008.jpg,None,-1,NOISE,0.0,True,False
3,Person_0031,Hospital_000__Person_0031,31,31,Camera_19,29,Hospital_000,Person,0,0.0,480,1770,/pfs/data6/home/st/st_us-053000/st_st191959/DL-Lab/DataSet/MTMC_Tracking_2025_Preprocessed/val/Hospital_000/crops/Person_0031/Camera_19/Person_0031_Camera_19_f000480_r003.jpg,None,-1,NOISE,0.0,True,False
8,Person_0031,Hospital_000__Person_0031,31,31,Camera_24,34,Hospital_000,Person,0,0.0,3000,7710,/pfs/data6/home/st/st_us-053000/st_st191959/DL-Lab/DataSet/MTMC_Tracking_2025_Preprocessed/val/Hospital_000/crops/Person_0031/Camera_24/Person_0031_Camera_24_f003000_r014.jpg,None,-1,NOISE,0.0,True,False
74,Person_0031,Hospital_000__Person_0031,31,31,Camera_28,38,Hospital_000,Person,1,0.16216216216216217,1440,8970,/pfs/data6/home/st/st_us-053000/st_st191959/DL-Lab/DataSet/MTMC_Tracking_2025_Preprocessed/val/Hospital_000/crops/Person_0031/Camera_28/Person_0031_Camera_28_f001440_r006.jpg,None,-1,NOISE,0.0,True,False
99,Person_0032,Hospital_000__Person_0032,32,32,Camera_03,13,Hospital_000,Person,1,0.46464646464646464,720,4200,/pfs/data6/home/st/st_us-053000/st_st191959/DL-Lab/DataSet/MTMC_Tracking_2025_Preprocessed/val/Hospital_000/crops/Person_0032/Camera_03/Person_0032_Camera_03_f000720_r013.jpg,None,-1,NOISE,0.0,True,False
112,Person_0032,Hospital_000__Person_0032,32,32,Camera_05,15,Hospital_000,Person,1,0.03571428571428571,780,8970,/pfs/data6/home/st/st_us-053000/st_st191959/DL-Lab/DataSet/MTMC_Tracking_2025_Preprocessed/val/Hospital_000/crops/Person_0032/Camera_05/Person_0032_Camera_05_f000780_r010.jpg,None,-1,NOISE,0.0,True,False
333,Person_0032,Hospital_000__Person_0032,32,32,Camera_09,19,Hospital_000,Person,1,0.6606606606606606,5490,8970,/pfs/data6/home/st/st_us-053000/st_st191959/DL-Lab/DataSet/MTMC_Tracking_2025_Preprocessed/val/Hospital_000/crops/Person_0032/Camera_09/Person_0032_Camera_09_f005490_r011.jpg,None,-1,NOISE,0.0,True,False
166,Person_0032,Hospital_000__Person_0032,32,32,Camera_18,28,Hospital_000,Person,1,0.6626506024096386,210,3120,/pfs/data6/home/st/st_us-053000/st_st191959/DL-Lab/DataSet/MTMC_Tracking_2025_Preprocessed/val/Hospital_000/crops/Person_0032/Camera_18/Person_0032_Camera_18_f000210_r001.jpg,None,-1,NOISE,0.0,True,False
476,Person_0032,Hospital_000__Person_0032,32,32,Camera_22,32,Hospital_000,Person,1,0.5966386554621849,780,8970,/pfs/data6/home/st/st_us-053000/st_st191959/DL-Lab/DataSet/MTMC_Tracking_2025_Preprocessed/val/Hospital_000/crops/Person_0032/Camera_22/Person_0032_Camera_22_f000780_r007.jpg,None,-1,NOISE,0.0,True,False
353,Person_0032,Hospital_000__Person_0032,32,32,Camera_26,36,Hospital_000,Person,1,0.6628895184135978,3300,8940,/pfs/data6/home/st/st_us-053000/st_st191959/DL-Lab/DataSet/MTMC_Tracking_2025_Preprocessed/val/Hospital_000/crops/Person_0032/Camera_26/Person_0032_Camera_26_f003300_r009.jpg,None,-1,NOISE,0.0,True,False
30,Person_0033,Hospital_000__Person_0033,33,33,Camera_14,24,Hospital_000,Person,1,0.6666666666666666,300,570,/pfs/data6/home/st/st_us-053000/st_st191959/DL-Lab/DataSet/MTMC_Tracking_2025_Preprocessed/val/Hospital_000/crops/Person_0033/Camera_14/Person_0033_Camera_14_f000300_r000.jpg,None,-1,NOISE,0.0,True,False
6,Person_0033,Hospital_000__Person_0033,33,33,Camera_19,29,Hospital_000,Person,1,0.6666666666666666,5730,5760,/pfs/data6/home/st/st_us-053000/st_st191959/DL-Lab/DataSet/MTMC_Tracking_2025_Preprocessed/val/Hospital_000/crops/Person_0033/Camera_19/Person_0033_Camera_19_f005730_r002.jpg,None,-1,NOISE,0.0,True,False
11,Person_0033,Hospital_000__Person_0033,33,33,Camera_20,30,Hospital_000,Person,1,0.5454545454545454,2700,4710,/pfs/data6/home/st/st_us-053000/st_st191959/DL-Lab/DataSet/MTMC_Tracking_2025_Preprocessed/val/Hospital_000/crops/Person_0033/Camera_20/Person_0033_Camera_20_f002700_r000.jpg,None,-1,NOISE,0.0,True,False
13,Person_0033,Hospital_000__Person_0033,33,33,Camera_23,33,Hospital_000,Person,0,0.0,3180,5520,/pfs/data6/home/st/st_us-053000/st_st191959/DL-Lab/DataSet/MTMC_Tracking_2025_Preprocessed/val/Hospital_000/crops/Person_0033/Camera_23/Person_0033_Camera_23_f003180_r001.jpg,None,-1,NOISE,0.0,True,False
311,Person_0033,Hospital_000__Person_0033,33,33,Camera_26,36,Hospital_000,Person,1,0.6559485530546624,2700,8970,/pfs/data6/home/st/st_us-053000/st_st191959/DL-Lab/DataSet/MTMC_Tracking_2025_Preprocessed/val/Hospital_000/crops/Person_0033/Camera_26/Person_0033_Camera_26_f002700_r002.jpg,None,-1,NOISE,0.0,True,False
45,Person_0033,Hospital_000__Person_0033,33,33,Camera_27,37,Hospital_000,Person,1,0.13333333333333333,2760,8970,/pfs/data6/home/st/st_us-053000/st_st191959/DL-Lab/DataSet/MTMC_Tracking_2025_Preprocessed/val/Hospital_000/crops/Person_0033/Camera_27/Person_0033_Camera_27_f002760_r003.jpg,None,-1,NOISE,0.0,True,False
18,Person_0033,Hospital_000__Person_0033,33,33,Camera_28,38,Hospital_000,Person,1,0.6666666666666666,3270,3420,/pfs/data6/home/st/st_us-053000/st_st191959/DL-Lab/DataSet/MTMC_Tracking_2025_Preprocessed/val/Hospital_000/crops/Person_0033/Camera_28/Person_0033_Camera_28_f003270_r000.jpg,None,-1,NOISE,0.0,True,False
69,Person_0033,Hospital_000__Person_0033,33,33,Camera_31,41,Hospital_000,Person,1,0.6666666666666666,3870,5010,/pfs/data6/home/st/st_us-053000/st_st191959/DL-Lab/DataSet/MTMC_Tracking_2025_Preprocessed/val/Hospital_000/crops/Person_0033/Camera_31/Person_0033_Camera_31_f003870_r001.jpg,None,-1,NOISE,0.0,True,False
6,Person_0034,Hospital_000__Person_0034,34,34,Camera_03,13,Hospital_000,Person,0,0.0,1620,8820,/pfs/data6/home/st/st_us-053000/st_st191959/DL-Lab/DataSet/MTMC_Tracking_2025_Preprocessed/val/Hospital_000/crops/Person_0034/Camera_03/Person_0034_Camera_03_f001620_r010.jpg,None,-1,NOISE,0.0,True,False
42,Person_0034,Hospital_000__Person_0034,34,34,Camera_04,14,Hospital_000,Person,1,0.6666666666666666,2040,2730,/pfs/data6/home/st/st_us-053000/st_st191959/DL-Lab/DataSet/MTMC_Tracking_2025_Preprocessed/val/Hospital_000/crops/Person_0034/Camera_04/Person_0034_Camera_04_f002040_r007.jpg,None,-1,NOISE,0.0,True,False
3,Person_0034,Hospital_000__Person_0034,34,34,Camera_19,29,Hospital_000,Person,0,0.0,2310,2760,/pfs/data6/home/st/st_us-053000/st_st191959/DL-Lab/DataSet/MTMC_Tracking_2025_Preprocessed/val/Hospital_000/crops/Person_0034/Camera_19/Person_0034_Camera_19_f002310_r008.jpg,None,-1,NOISE,0.0,True,False
253,Person_0034,Hospital_000__Person_0034,34,34,Camera_29,39,Hospital_000,Person,1,0.6640316205533597,0,8820,/pfs/data6/home/st/st_us-053000/st_st191959/DL-Lab/DataSet/MTMC_Tracking_2025_Preprocessed/val/Hospital_000/crops/Person_0034/Camera_29/Person_0034_Camera_29_f000000_r001.jpg,None,-1,NOISE,0.0,True,False
96,Person_0034,Hospital_000__Person_0034,34,34,Camera_30,40,Hospital_000,Person,1,0.6666666666666666,3240,8970,/pfs/data6/home/st/st_us-053000/st_st191959/DL-Lab/DataSet/MTMC_Tracking_2025_Preprocessed/val/Hospital_000/crops/Person_0034/Camera_30/Person_0034_Camera_30_f003240_r001.jpg,None,-1,NOISE,0.0,True,False
4,Person_0035,Hospital_000__Person_0035,35,35,Camera_04,14,Hospital_000,Person,0,0.0,6660,8520,/pfs/data6/home/st/st_us-053000/st_st191959/DL-Lab/DataSet/MTMC_Tracking_2025_Preprocessed/val/Hospital_000/crops/Person_0035/Camera_04/Person_0035_Camera_04_f006660_r002.jpg,None,-1,NOISE,0.0,True,False
160,Person_0035,Hospital_000__Person_0035,35,35,Camera_08,18,Hospital_000,Person,1,0.3125,2340,8820,/pfs/data6/home/st/st_us-053000/st_st191959/DL-Lab/DataSet/MTMC_Tracking_2025_Preprocessed/val/Hospital_000/crops/Person_0035/Camera_08/Person_0035_Camera_08_f002340_r001.jpg,None,-1,NOISE,0.0,True,False
3,Person_0035,Hospital_000__Person_0035,35,35,Camera_23,33,Hospital_000,Person,0,0.0,1830,8010,/pfs/data6/home/st/st_us-053000/st_st191959/DL-Lab/DataSet/MTMC_Tracking_2025_Preprocessed/val/Hospital_000/crops/Person_0035/Camera_23/Person_0035_Camera_23_f001830_r005.jpg,None,-1,NOISE,0.0,True,False
1,Person_0035,Hospital_000__Person_0035,35,35,Camera_25,35,Hospital_000,Person,0,0.0,1020,1020,/pfs/data6/home/st/st_us-053000/st_st191959/DL-Lab/DataSet/MTMC_Tracking_2025_Preprocessed/val/Hospital_000/crops/Person_0035/Camera_25/Person_0035_Camera_25_f001020_r000.jpg,None,-1,NOISE,0.0,True,False
85,Person_0035,Hospital_000__Person_0035,35,35,Camera_27,37,Hospital_000,Person,1,0.023529411764705882,2430,8820,/pfs/data6/home/st/st_us-053000/st_st191959/DL-Lab/DataSet/MTMC_Tracking_2025_Preprocessed/val/Hospital_000/crops/Person_0035/Camera_27/Person_0035_Camera_27_f002430_r003.jpg,None,-1,NOISE,0.0,True,False
105,Person_0036,Hospital_000__Person_0036,36,36,Camera_12,22,Hospital_000,Person,1,0.6666666666666666,0,3480,/pfs/data6/home/st/st_us-053000/st_st191959/DL-Lab/DataSet/MTMC_Tracking_2025_Preprocessed/val/Hospital_000/crops/Person_0036/Camera_12/Person_0036_Camera_12_f000000_r000.jpg,None,-1,NOISE,0.0,True,False
130,Person_0038,Hospital_000__Person_0038,38,38,Camera,0,Hospital_000,Person,1,0.5384615384615384,2940,8040,/pfs/data6/home/st/st_us-053000/st_st191959/DL-Lab/DataSet/MTMC_Tracking_2025_Preprocessed/val/Hospital_000/crops/Person_0038/Camera/Person_0038_Camera_f002940_r000.jpg,None,-1,NOISE,0.0,True,False
4,Person_0038,Hospital_000__Person_0038,38,38,Camera_04,14,Hospital_000,Person,0,0.0,4380,8820,/pfs/data6/home/st/st_us-053000/st_st191959/DL-Lab/DataSet/MTMC_Tracking_2025_Preprocessed/val/Hospital_000/crops/Person_0038/Camera_04/Person_0038_Camera_04_f004380_r002.jpg,None,-1,NOISE,0.0,True,False
277,Person_0038,Hospital_000__Person_0038,38,38,Camera_06,16,Hospital_000,Person,1,0.6642599277978339,2940,8970,/pfs/data6/home/st/st_us-053000/st_st191959/DL-Lab/DataSet/MTMC_Tracking_2025_Preprocessed/val/Hospital_000/crops/Person_0038/Camera_06/Person_0038_Camera_06_f002940_r001.jpg,None,-1,NOISE,0.0,True,False
366,Person_0038,Hospital_000__Person_0038,38,38,Camera_09,19,Hospital_000,Person,1,0.6666666666666666,2880,8970,/pfs/data6/home/st/st_us-053000/st_st191959/DL-Lab/DataSet/MTMC_Tracking_2025_Preprocessed/val/Hospital_000/crops/Person_0038/Camera_09/Person_0038_Camera_09_f002880_r002.jpg,None,-1,NOISE,0.0,True,False
202,Person_0038,Hospital_000__Person_0038,38,38,Camera_14,24,Hospital_000,Person,1,0.6633663366336634,0,2250,/pfs/data6/home/st/st_us-053000/st_st191959/DL-Lab/DataSet/MTMC_Tracking_2025_Preprocessed/val/Hospital_000/crops/Person_0038/Camera_14/Person_0038_Camera_14_f000000_r000.jpg,None,-1,NOISE,0.0,True,False
36,Person_0038,Hospital_000__Person_0038,38,38,Camera_15,25,Hospital_000,Person,1,0.6666666666666666,240,570,/pfs/data6/home/st/st_us-053000/st_st191959/DL-Lab/DataSet/MTMC_Tracking_2025_Preprocessed/val/Hospital_000/crops/Person_0038/Camera_15/Person_0038_Camera_15_f000240_r000.jpg,None,-1,NOISE,0.0,True,False
112,Person_0038,Hospital_000__Person_0038,38,38,Camera_20,30,Hospital_000,Person,1,0.5178571428571429,3510,8220,/pfs/data6/home/st/st_us-053000/st_st191959/DL-Lab/DataSet/MTMC_Tracking_2025_Preprocessed/val/Hospital_000/crops/Person_0038/Camera_20/Person_0038_Camera_20_f003510_r000.jpg,None,-1,NOISE,0.0,True,False
3,Person_0038,Hospital_000__Person_0038,38,38,Camera_23,33,Hospital_000,Person,0,0.0,4110,7920,/pfs/data6/home/st/st_us-053000/st_st191959/DL-Lab/DataSet/MTMC_Tracking_2025_Preprocessed/val/Hospital_000/crops/Person_0038/Camera_23/Person_0038_Camera_23_f004110_r001.jpg,None,-1,NOISE,0.0,True,False
96,Person_0038,Hospital_000__Person_0038,38,38,Camera_26,36,Hospital_000,Person,1,0.6458333333333334,4290,8970,/pfs/data6/home/st/st_us-053000/st_st191959/DL-Lab/DataSet/MTMC_Tracking_2025_Preprocessed/val/Hospital_000/crops/Person_0038/Camera_26/Person_0038_Camera_26_f004290_r002.jpg,None,-1,NOISE,0.0,True,False
33,Person_0038,Hospital_000__Person_0038,38,38,Camera_27,37,Hospital_000,Person,1,0.12121212121212122,4350,8970,/pfs/data6/home/st/st_us-053000/st_st191959/DL-Lab/DataSet/MTMC_Tracking_2025_Preprocessed/val/Hospital_000/crops/Person_0038/Camera_27/Person_0038_Camera_27_f004350_r003.jpg,None,-1,NOISE,0.0,True,False
132,Person_0038,Hospital_000__Person_0038,38,38,Camera_31,41,Hospital_000,Person,1,0.6666666666666666,3240,7950,/pfs/data6/home/st/st_us-053000/st_st191959/DL-Lab/DataSet/MTMC_Tracking_2025_Preprocessed/val/Hospital_000/crops/Person_0038/Camera_31/Person_0038_Camera_31_f003240_r000.jpg,None,-1,NOISE,0.0,True,False
59,Person_0039,Hospital_000__Person_0039,39,39,Camera,0,Hospital_000,Person,1,0.5423728813559322,4140,6120,/pfs/data6/home/st/st_us-053000/st_st191959/DL-Lab/DataSet/MTMC_Tracking_2025_Preprocessed/val/Hospital_000/crops/Person_0039/Camera/Person_0039_Camera_f004140_r006.jpg,None,-1,NOISE,0.0,True,False
299,Person_0039,Hospital_000__Person_0039,39,39,Camera_06,16,Hospital_000,Person,1,0.6488294314381271,5250,8970,/pfs/data6/home/st/st_us-053000/st_st191959/DL-Lab/DataSet/MTMC_Tracking_2025_Preprocessed/val/Hospital_000/crops/Person_0039/Camera_06/Person_0039_Camera_06_f005250_r008.jpg,None,-1,NOISE,0.0,True,False
315,Person_0039,Hospital_000__Person_0039,39,39,Camera_11,21,Hospital_000,Person,1,0.6666666666666666,0,3120,/pfs/data6/home/st/st_us-053000/st_st191959/DL-Lab/DataSet/MTMC_Tracking_2025_Preprocessed/val/Hospital_000/crops/Person_0039/Camera_11/Person_0039_Camera_11_f000000_r002.jpg,None,-1,NOISE,0.0,True,False
4,Person_0039,Hospital_000__Person_0039,39,39,Camera_19,29,Hospital_000,Person,1,0.5,7470,7500,/pfs/data6/home/st/st_us-053000/st_st191959/DL-Lab/DataSet/MTMC_Tracking_2025_Preprocessed/val/Hospital_000/crops/Person_0039/Camera_19/Person_0039_Camera_19_f007470_r005.jpg,None,-1,NOISE,0.0,True,False
34,Person_0039,Hospital_000__Person_0039,39,39,Camera_20,30,Hospital_000,Person,1,0.35294117647058826,4530,6840,/pfs/data6/home/st/st_us-053000/st_st191959/DL-Lab/DataSet/MTMC_Tracking_2025_Preprocessed/val/Hospital_000/crops/Person_0039/Camera_20/Person_0039_Camera_20_f004530_r002.jpg,None,-1,NOISE,0.0,True,False
261,Person_0039,Hospital_000__Person_0039,39,39,Camera_26,36,Hospital_000,Person,1,0.6666666666666666,5220,8910,/pfs/data6/home/st/st_us-053000/st_st191959/DL-Lab/DataSet/MTMC_Tracking_2025_Preprocessed/val/Hospital_000/crops/Person_0039/Camera_26/Person_0039_Camera_26_f005220_r006.jpg,None,-1,NOISE,0.0,True,False
16,Person_0039,Hospital_000__Person_0039,39,39,Camera_27,37,Hospital_000,Person,1,0.125,4470,7500,/pfs/data6/home/st/st_us-053000/st_st191959/DL-Lab/DataSet/MTMC_Tracking_2025_Preprocessed/val/Hospital_000/crops/Person_0039/Camera_27/Person_0039_Camera_27_f004470_r009.jpg,None,-1,NOISE,0.0,True,False
36,Person_0039,Hospital_000__Person_0039,39,39,Camera_31,41,Hospital_000,Person,1,0.6666666666666666,5430,5790,/pfs/data6/home/st/st_us-053000/st_st191959/DL-Lab/DataSet/MTMC_Tracking_2025_Preprocessed/val/Hospital_000/crops/Person_0039/Camera_31/Person_0039_Camera_31_f005430_r003.jpg,None,-1,NOISE,0.0,True,False
484,Person_0000,Lab_000__Person_0000,40,40,Camera_0000,1,Lab_000,Person,1,0.5991735537190083,0,6000,/pfs/data6/home/st/st_us-053000/st_st191959/DL-Lab/DataSet/MTMC_Tracking_2025_Preprocessed/val/Lab_000/crops/Person_0000/Camera_0000/Person_0000_Camera_0000_f000000_r000.jpg,None,-1,NOISE,0.0,True,False
603,Person_0000,Lab_000__Person_0000,40,40,Camera_0001,2,Lab_000,Person,1,0.6666666666666666,0,6000,/pfs/data6/home/st/st_us-053000/st_st191959/DL-Lab/DataSet/MTMC_Tracking_2025_Preprocessed/val/Lab_000/crops/Person_0000/Camera_0001/Person_0000_Camera_0001_f000000_r000.jpg,None,-1,NOISE,0.0,True,False
180,Person_0000,Lab_000__Person_0000,40,40,Camera_0002,3,Lab_000,Person,1,0.6666666666666666,1080,5880,/pfs/data6/home/st/st_us-053000/st_st191959/DL-Lab/DataSet/MTMC_Tracking_2025_Preprocessed/val/Lab_000/crops/Person_0000/Camera_0002/Person_0000_Camera_0002_f001080_r000.jpg,None,-1,NOISE,0.0,True,False
692,Person_0000,Lab_000__Person_0000,40,40,Camera_0003,4,Lab_000,Person,1,0.615606936416185,0,8970,/pfs/data6/home/st/st_us-053000/st_st191959/DL-Lab/DataSet/MTMC_Tracking_2025_Preprocessed/val/Lab_000/crops/Person_0000/Camera_0003/Person_0000_Camera_0003_f000000_r000.jpg,None,-1,NOISE,0.0,True,False
322,Person_0000,Lab_000__Person_0000,40,40,Camera_0004,5,Lab_000,Person,1,0.6645962732919255,990,5970,/pfs/data6/home/st/st_us-053000/st_st191959/DL-Lab/DataSet/MTMC_Tracking_2025_Preprocessed/val/Lab_000/crops/Person_0000/Camera_0004/Person_0000_Camera_0004_f000990_r000.jpg,None,-1,NOISE,0.0,True,False
297,Person_0000,Lab_000__Person_0000,40,40,Camera_0005,6,Lab_000,Person,1,0.5454545454545454,0,8910,/pfs/data6/home/st/st_us-053000/st_st191959/DL-Lab/DataSet/MTMC_Tracking_2025_Preprocessed/val/Lab_000/crops/Person_0000/Camera_0005/Person_0000_Camera_0005_f000000_r000.jpg,None,-1,NOISE,0.0,True,False
648,Person_0000,Lab_000__Person_0000,40,40,Camera_0006,7,Lab_000,Person,1,0.6635802469135802,0,8970,/pfs/data6/home/st/st_us-053000/st_st191959/DL-Lab/DataSet/MTMC_Tracking_2025_Preprocessed/val/Lab_000/crops/Person_0000/Camera_0006/Person_0000_Camera_0006_f000000_r000.jpg,None,-1,NOISE,0.0,True,False
167,Person_0000,Lab_000__Person_0000,40,40,Camera_0007,8,Lab_000,Person,1,0.6586826347305389,2370,4770,/pfs/data6/home/st/st_us-053000/st_st191959/DL-Lab/DataSet/MTMC_Tracking_2025_Preprocessed/val/Lab_000/crops/Person_0000/Camera_0007/Person_0000_Camera_0007_f002370_r000.jpg,None,-1,NOISE,0.0,True,False
616,Person_0000,Lab_000__Person_0000,40,40,Camera_0008,9,Lab_000,Person,1,0.6655844155844156,0,8970,/pfs/data6/home/st/st_us-053000/st_st191959/DL-Lab/DataSet/MTMC_Tracking_2025_Preprocessed/val/Lab_000/crops/Person_0000/Camera_0008/Person_0000_Camera_0008_f000000_r000.jpg,None,-1,NOISE,0.0,True,False
588,Person_0000,Lab_000__Person_0000,40,40,Camera_0009,10,Lab_000,Person,1,0.6666666666666666,0,8970,/pfs/data6/home/st/st_us-053000/st_st191959/DL-Lab/DataSet/MTMC_Tracking_2025_Preprocessed/val/Lab_000/crops/Person_0000/Camera_0009/Person_0000_Camera_0009_f000000_r000.jpg,None,-1,NOISE,0.0,True,False
594,Person_0001,Lab_000__Person_0001,41,41,Camera_0000,1,Lab_000,Person,1,0.6666666666666666,0,8970,/pfs/data6/home/st/st_us-053000/st_st191959/DL-Lab/DataSet/MTMC_Tracking_2025_Preprocessed/val/Lab_000/crops/Person_0001/Camera_0000/Person_0001_Camera_0000_f000000_r002.jpg,None,-1,NOISE,0.0,True,False
900,Person_0001,Lab_000__Person_0001,41,41,Camera_0001,2,Lab_000,Person,1,0.6666666666666666,0,8970,/pfs/data6/home/st/st_us-053000/st_st191959/DL-Lab/DataSet/MTMC_Tracking_2025_Preprocessed/val/Lab_000/crops/Person_0001/Camera_0001/Person_0001_Camera_0001_f000000_r002.jpg,None,-1,NOISE,0.0,True,False
483,Person_0001,Lab_000__Person_0001,41,41,Camera_0003,4,Lab_000,Person,1,0.42650103519668736,180,8970,/pfs/data6/home/st/st_us-053000/st_st191959/DL-Lab/DataSet/MTMC_Tracking_2025_Preprocessed/val/Lab_000/crops/Person_0001/Camera_0003/Person_0001_Camera_0003_f000180_r001.jpg,None,-1,NOISE,0.0,True,False
300,Person_0001,Lab_000__Person_0001,41,41,Camera_0005,6,Lab_000,Person,1,0.6666666666666666,210,3180,/pfs/data6/home/st/st_us-053000/st_st191959/DL-Lab/DataSet/MTMC_Tracking_2025_Preprocessed/val/Lab_000/crops/Person_0001/Camera_0005/Person_0001_Camera_0005_f000210_r001.jpg,None,-1,NOISE,0.0,True,False
855,Person_0001,Lab_000__Person_0001,41,41,Camera_0006,7,Lab_000,Person,1,0.6666666666666666,0,8970,/pfs/data6/home/st/st_us-053000/st_st191959/DL-Lab/DataSet/MTMC_Tracking_2025_Preprocessed/val/Lab_000/crops/Person_0001/Camera_0006/Person_0001_Camera_0006_f000000_r001.jpg,None,-1,NOISE,0.0,True,False
567,Person_0001,Lab_000__Person_0001,41,41,Camera_0007,8,Lab_000,Person,1,0.6666666666666666,0,8970,/pfs/data6/home/st/st_us-053000/st_st191959/DL-Lab/DataSet/MTMC_Tracking_2025_Preprocessed/val/Lab_000/crops/Person_0001/Camera_0007/Person_0001_Camera_0007_f000000_r001.jpg,None,-1,NOISE,0.0,True,False
327,Person_0001,Lab_000__Person_0001,41,41,Camera_0008,9,Lab_000,Person,1,0.6666666666666666,0,3240,/pfs/data6/home/st/st_us-053000/st_st191959/DL-Lab/DataSet/MTMC_Tracking_2025_Preprocessed/val/Lab_000/crops/Person_0001/Camera_0008/Person_0001_Camera_0008_f000000_r001.jpg,None,-1,NOISE,0.0,True,False
883,Person_0002,Lab_000__Person_0002,42,42,Camera_0000,1,Lab_000,Person,1,0.665911664779162,0,8970,/pfs/data6/home/st/st_us-053000/st_st191959/DL-Lab/DataSet/MTMC_Tracking_2025_Preprocessed/val/Lab_000/crops/Person_0002/Camera_0000/Person_0002_Camera_0000_f000000_r001.jpg,None,-1,NOISE,0.0,True,False
396,Person_0002,Lab_000__Person_0002,42,42,Camera_0002,3,Lab_000,Person,1,0.6666666666666666,0,8970,/pfs/data6/home/st/st_us-053000/st_st191959/DL-Lab/DataSet/MTMC_Tracking_2025_Preprocessed/val/Lab_000/crops/Person_0002/Camera_0002/Person_0002_Camera_0002_f000000_r000.jpg,None,-1,NOISE,0.0,True,False
468,Person_0002,Lab_000__Person_0002,42,42,Camera_0003,4,Lab_000,Person,1,0.6495726495726496,540,5460,/pfs/data6/home/st/st_us-053000/st_st191959/DL-Lab/DataSet/MTMC_Tracking_2025_Preprocessed/val/Lab_000/crops/Person_0002/Camera_0003/Person_0002_Camera_0003_f000540_r001.jpg,None,-1,NOISE,0.0,True,False
846,Person_0002,Lab_000__Person_0002,42,42,Camera_0004,5,Lab_000,Person,1,0.6666666666666666,0,8970,/pfs/data6/home/st/st_us-053000/st_st191959/DL-Lab/DataSet/MTMC_Tracking_2025_Preprocessed/val/Lab_000/crops/Person_0002/Camera_0004/Person_0002_Camera_0004_f000000_r000.jpg,None,-1,NOISE,0.0,True,False
9,Person_0002,Lab_000__Person_0002,42,42,Camera_0005,6,Lab_000,Person,1,0.6666666666666666,990,1050,/pfs/data6/home/st/st_us-053000/st_st191959/DL-Lab/DataSet/MTMC_Tracking_2025_Preprocessed/val/Lab_000/crops/Person_0002/Camera_0005/Person_0002_Camera_0005_f000990_r001.jpg,None,-1,NOISE,0.0,True,False
103,Person_0002,Lab_000__Person_0002,42,42,Camera_0007,8,Lab_000,Person,1,0.6601941747572816,0,5580,/pfs/data6/home/st/st_us-053000/st_st191959/DL-Lab/DataSet/MTMC_Tracking_2025_Preprocessed/val/Lab_000/crops/Person_0002/Camera_0007/Person_0002_Camera_0007_f000000_r000.jpg,None,-1,NOISE,0.0,True,False
477,Person_0002,Lab_000__Person_0002,42,42,Camera_0009,10,Lab_000,Person,1,0.6540880503144654,540,5460,/pfs/data6/home/st/st_us-053000/st_st191959/DL-Lab/DataSet/MTMC_Tracking_2025_Preprocessed/val/Lab_000/crops/Person_0002/Camera_0009/Person_0002_Camera_0009_f000540_r001.jpg,None,-1,NOISE,0.0,True,False
900,Forklift_0182,Warehouse_015__Forklift_0182,43,43,Camera,0,Warehouse_015,Forklift,1,0.6666666666666666,0,8970,/pfs/data6/home/st/st_us-053000/st_st191959/DL-Lab/DataSet/MTMC_Tracking_2025_Preprocessed/val/Warehouse_015/crops/Forklift_0182/Camera/Forklift_0182_Camera_f000000_r000.jpg,None,-1,NOISE,0.0,True,False
900,Forklift_0182,Warehouse_015__Forklift_0182,43,43,Camera_01,11,Warehouse_015,Forklift,1,0.6666666666666666,0,8970,/pfs/data6/home/st/st_us-053000/st_st191959/DL-Lab/DataSet/MTMC_Tracking_2025_Preprocessed/val/Warehouse_015/crops/Forklift_0182/Camera_01/Forklift_0182_Camera_01_f000000_r000.jpg,None,-1,NOISE,0.0,True,False
900,Forklift_0182,Warehouse_015__Forklift_0182,43,43,Camera_08,18,Warehouse_015,Forklift,1,0.6666666666666666,0,8970,/pfs/data6/home/st/st_us-053000/st_st191959/DL-Lab/DataSet/MTMC_Tracking_2025_Preprocessed/val/Warehouse_015/crops/Forklift_0182/Camera_08/Forklift_0182_Camera_08_f000000_r000.jpg,None,-1,NOISE,0.0,True,False
900,Forklift_0182,Warehouse_015__Forklift_0182,43,43,Camera_10,20,Warehouse_015,Forklift,1,0.6666666666666666,0,8970,/pfs/data6/home/st/st_us-053000/st_st191959/DL-Lab/DataSet/MTMC_Tracking_2025_Preprocessed/val/Warehouse_015/crops/Forklift_0182/Camera_10/Forklift_0182_Camera_10_f000000_r000.jpg,None,-1,NOISE,0.0,True,False
900,Forklift_0182,Warehouse_015__Forklift_0182,43,43,Camera_12,22,Warehouse_015,Forklift,1,0.6666666666666666,0,8970,/pfs/data6/home/st/st_us-053000/st_st191959/DL-Lab/DataSet/MTMC_Tracking_2025_Preprocessed/val/Warehouse_015/crops/Forklift_0182/Camera_12/Forklift_0182_Camera_12_f000000_r000.jpg,None,-1,NOISE,0.0,True,False
900,Forklift_0183,Warehouse_015__Forklift_0183,44,44,Camera_12,22,Warehouse_015,Forklift,1,0.6666666666666666,0,8970,/pfs/data6/home/st/st_us-053000/st_st191959/DL-Lab/DataSet/MTMC_Tracking_2025_Preprocessed/val/Warehouse_015/crops/Forklift_0183/Camera_12/Forklift_0183_Camera_12_f000000_r001.jpg,None,-1,NOISE,0.0,True,False
26,NovaCarter_0229,Warehouse_015__NovaCarter_0229,45,45,Camera_05,15,Warehouse_015,NovaCarter,1,0.6153846153846154,8670,8970,/pfs/data6/home/st/st_us-053000/st_st191959/DL-Lab/DataSet/MTMC_Tracking_2025_Preprocessed/val/Warehouse_015/crops/NovaCarter_0229/Camera_05/NovaCarter_0229_Camera_05_f008670_r001.jpg,None,-1,NOISE,0.0,True,False
131,Person_0000,Warehouse_015__Person_0000,46,46,Camera,0,Warehouse_015,Person,1,0.6412213740458015,0,6180,/pfs/data6/home/st/st_us-053000/st_st191959/DL-Lab/DataSet/MTMC_Tracking_2025_Preprocessed/val/Warehouse_015/crops/Person_0000/Camera/Person_0000_Camera_f000000_r011.jpg,None,-1,NOISE,0.0,True,False
24,Person_0000,Warehouse_015__Person_0000,46,46,Camera_02,12,Warehouse_015,Person,1,0.6666666666666666,7200,7440,/pfs/data6/home/st/st_us-053000/st_st191959/DL-Lab/DataSet/MTMC_Tracking_2025_Preprocessed/val/Warehouse_015/crops/Person_0000/Camera_02/Person_0000_Camera_02_f007200_r005.jpg,None,-1,NOISE,0.0,True,False
266,Person_0000,Warehouse_015__Person_0000,46,46,Camera_06,16,Warehouse_015,Person,1,0.6616541353383458,2310,8970,/pfs/data6/home/st/st_us-053000/st_st191959/DL-Lab/DataSet/MTMC_Tracking_2025_Preprocessed/val/Warehouse_015/crops/Person_0000/Camera_06/Person_0000_Camera_06_f002310_r007.jpg,None,-1,NOISE,0.0,True,False
114,Person_0000,Warehouse_015__Person_0000,46,46,Camera_09,19,Warehouse_015,Person,1,0.6666666666666666,0,1500,/pfs/data6/home/st/st_us-053000/st_st191959/DL-Lab/DataSet/MTMC_Tracking_2025_Preprocessed/val/Warehouse_015/crops/Person_0000/Camera_09/Person_0000_Camera_09_f000000_r004.jpg,None,-1,NOISE,0.0,True,False
697,Person_0000,Warehouse_015__Person_0000,46,46,Camera_10,20,Warehouse_015,Person,1,0.648493543758967,0,8970,/pfs/data6/home/st/st_us-053000/st_st191959/DL-Lab/DataSet/MTMC_Tracking_2025_Preprocessed/val/Warehouse_015/crops/Person_0000/Camera_10/Person_0000_Camera_10_f000000_r028.jpg,None,-1,NOISE,0.0,True,False
297,Person_0000,Warehouse_015__Person_0000,46,46,Camera_11,21,Warehouse_015,Person,1,0.6599326599326599,1860,8940,/pfs/data6/home/st/st_us-053000/st_st191959/DL-Lab/DataSet/MTMC_Tracking_2025_Preprocessed/val/Warehouse_015/crops/Person_0000/Camera_11/Person_0000_Camera_11_f001860_r007.jpg,None,-1,NOISE,0.0,True,False
436,Person_0001,Warehouse_015__Person_0001,47,47,Camera_03,13,Warehouse_015,Person,1,0.6330275229357798,0,8970,/pfs/data6/home/st/st_us-053000/st_st191959/DL-Lab/DataSet/MTMC_Tracking_2025_Preprocessed/val/Warehouse_015/crops/Person_0001/Camera_03/Person_0001_Camera_03_f000000_r015.jpg,None,-1,NOISE,0.0,True,False
470,Person_0001,Warehouse_015__Person_0001,47,47,Camera_04,14,Warehouse_015,Person,1,0.6638297872340425,480,8970,/pfs/data6/home/st/st_us-053000/st_st191959/DL-Lab/DataSet/MTMC_Tracking_2025_Preprocessed/val/Warehouse_015/crops/Person_0001/Camera_04/Person_0001_Camera_04_f000480_r005.jpg,None,-1,NOISE,0.0,True,False
90,Person_0001,Warehouse_015__Person_0001,47,47,Camera_07,17,Warehouse_015,Person,1,0.6666666666666666,0,1050,/pfs/data6/home/st/st_us-053000/st_st191959/DL-Lab/DataSet/MTMC_Tracking_2025_Preprocessed/val/Warehouse_015/crops/Person_0001/Camera_07/Person_0001_Camera_07_f000000_r006.jpg,None,-1,NOISE,0.0,True,False
657,Person_0001,Warehouse_015__Person_0001,47,47,Camera_08,18,Warehouse_015,Person,1,0.6636225266362252,1110,8970,/pfs/data6/home/st/st_us-053000/st_st191959/DL-Lab/DataSet/MTMC_Tracking_2025_Preprocessed/val/Warehouse_015/crops/Person_0001/Camera_08/Person_0001_Camera_08_f001110_r011.jpg,None,-1,NOISE,0.0,True,False
51,Person_0001,Warehouse_015__Person_0001,47,47,Camera_09,19,Warehouse_015,Person,1,0.6666666666666666,0,480,/pfs/data6/home/st/st_us-053000/st_st191959/DL-Lab/DataSet/MTMC_Tracking_2025_Preprocessed/val/Warehouse_015/crops/Person_0001/Camera_09/Person_0001_Camera_09_f000000_r003.jpg,None,-1,NOISE,0.0,True,False
222,Person_0002,Warehouse_015__Person_0002,48,48,Camera,0,Warehouse_015,Person,1,0.6666666666666666,60,2610,/pfs/data6/home/st/st_us-053000/st_st191959/DL-Lab/DataSet/MTMC_Tracking_2025_Preprocessed/val/Warehouse_015/crops/Person_0002/Camera/Person_0002_Camera_f000060_r006.jpg,None,-1,NOISE,0.0,True,False
558,Person_0002,Warehouse_015__Person_0002,48,48,Camera_01,11,Warehouse_015,Person,1,0.6164874551971327,30,8730,/pfs/data6/home/st/st_us-053000/st_st191959/DL-Lab/DataSet/MTMC_Tracking_2025_Preprocessed/val/Warehouse_015/crops/Person_0002/Camera_01/Person_0002_Camera_01_f000030_r008.jpg,None,-1,NOISE,0.0,True,False
120,Person_0002,Warehouse_015__Person_0002,48,48,Camera_02,12,Warehouse_015,Person,1,0.6666666666666666,4680,8970,/pfs/data6/home/st/st_us-053000/st_st191959/DL-Lab/DataSet/MTMC_Tracking_2025_Preprocessed/val/Warehouse_015/crops/Person_0002/Camera_02/Person_0002_Camera_02_f004680_r000.jpg,None,-1,NOISE,0.0,True,False
363,Person_0002,Warehouse_015__Person_0002,48,48,Camera_03,13,Warehouse_015,Person,1,0.5840220385674931,0,5580,/pfs/data6/home/st/st_us-053000/st_st191959/DL-Lab/DataSet/MTMC_Tracking_2025_Preprocessed/val/Warehouse_015/crops/Person_0002/Camera_03/Person_0002_Camera_03_f000000_r005.jpg,None,-1,NOISE,0.0,True,False
18,Person_0002,Warehouse_015__Person_0002,48,48,Camera_04,14,Warehouse_015,Person,1,0.6666666666666666,1800,2160,/pfs/data6/home/st/st_us-053000/st_st191959/DL-Lab/DataSet/MTMC_Tracking_2025_Preprocessed/val/Warehouse_015/crops/Person_0002/Camera_04/Person_0002_Camera_04_f001800_r002.jpg,None,-1,NOISE,0.0,True,False
336,Person_0002,Warehouse_015__Person_0002,48,48,Camera_05,15,Warehouse_015,Person,1,0.6666666666666666,360,8340,/pfs/data6/home/st/st_us-053000/st_st191959/DL-Lab/DataSet/MTMC_Tracking_2025_Preprocessed/val/Warehouse_015/crops/Person_0002/Camera_05/Person_0002_Camera_05_f000360_r003.jpg,None,-1,NOISE,0.0,True,False
57,Person_0002,Warehouse_015__Person_0002,48,48,Camera_06,16,Warehouse_015,Person,1,0.6666666666666666,6960,7530,/pfs/data6/home/st/st_us-053000/st_st191959/DL-Lab/DataSet/MTMC_Tracking_2025_Preprocessed/val/Warehouse_015/crops/Person_0002/Camera_06/Person_0002_Camera_06_f006960_r001.jpg,None,-1,NOISE,0.0,True,False
192,Person_0002,Warehouse_015__Person_0002,48,48,Camera_07,17,Warehouse_015,Person,1,0.6666666666666666,0,2400,/pfs/data6/home/st/st_us-053000/st_st191959/DL-Lab/DataSet/MTMC_Tracking_2025_Preprocessed/val/Warehouse_015/crops/Person_0002/Camera_07/Person_0002_Camera_07_f000000_r001.jpg,None,-1,NOISE,0.0,True,False
182,Person_0002,Warehouse_015__Person_0002,48,48,Camera_08,18,Warehouse_015,Person,1,0.5934065934065934,3780,8970,/pfs/data6/home/st/st_us-053000/st_st191959/DL-Lab/DataSet/MTMC_Tracking_2025_Preprocessed/val/Warehouse_015/crops/Person_0002/Camera_08/Person_0002_Camera_08_f003780_r006.jpg,None,-1,NOISE,0.0,True,False
99,Person_0002,Warehouse_015__Person_0002,48,48,Camera_09,19,Warehouse_015,Person,1,0.6666666666666666,0,1830,/pfs/data6/home/st/st_us-053000/st_st191959/DL-Lab/DataSet/MTMC_Tracking_2025_Preprocessed/val/Warehouse_015/crops/Person_0002/Camera_09/Person_0002_Camera_09_f000000_r000.jpg,None,-1,NOISE,0.0,True,False
742,Person_0002,Warehouse_015__Person_0002,48,48,Camera_10,20,Warehouse_015,Person,1,0.6388140161725068,0,8370,/pfs/data6/home/st/st_us-053000/st_st191959/DL-Lab/DataSet/MTMC_Tracking_2025_Preprocessed/val/Warehouse_015/crops/Person_0002/Camera_10/Person_0002_Camera_10_f000000_r009.jpg,None,-1,NOISE,0.0,True,False
98,Person_0002,Warehouse_015__Person_0002,48,48,Camera_11,21,Warehouse_015,Person,1,0.5918367346938775,6360,8040,/pfs/data6/home/st/st_us-053000/st_st191959/DL-Lab/DataSet/MTMC_Tracking_2025_Preprocessed/val/Warehouse_015/crops/Person_0002/Camera_11/Person_0002_Camera_11_f006360_r001.jpg,None,-1,NOISE,0.0,True,False
571,Person_0002,Warehouse_015__Person_0002,48,48,Camera_12,22,Warehouse_015,Person,1,0.6164623467600701,30,8970,/pfs/data6/home/st/st_us-053000/st_st191959/DL-Lab/DataSet/MTMC_Tracking_2025_Preprocessed/val/Warehouse_015/crops/Person_0002/Camera_12/Person_0002_Camera_12_f000030_r010.jpg,None,-1,NOISE,0.0,True,False
183,Person_0003,Warehouse_015__Person_0003,49,49,Camera,0,Warehouse_015,Person,1,0.6666666666666666,180,2940,/pfs/data6/home/st/st_us-053000/st_st191959/DL-Lab/DataSet/MTMC_Tracking_2025_Preprocessed/val/Warehouse_015/crops/Person_0003/Camera/Person_0003_Camera_f000180_r009.jpg,None,-1,NOISE,0.0,True,False
165,Person_0003,Warehouse_015__Person_0003,49,49,Camera_02,12,Warehouse_015,Person,1,0.6666666666666666,4410,6120,/pfs/data6/home/st/st_us-053000/st_st191959/DL-Lab/DataSet/MTMC_Tracking_2025_Preprocessed/val/Warehouse_015/crops/Person_0003/Camera_02/Person_0003_Camera_02_f004410_r002.jpg,None,-1,NOISE,0.0,True,False
341,Person_0003,Warehouse_015__Person_0003,49,49,Camera_03,13,Warehouse_015,Person,1,0.6099706744868035,0,3990,/pfs/data6/home/st/st_us-053000/st_st191959/DL-Lab/DataSet/MTMC_Tracking_2025_Preprocessed/val/Warehouse_015/crops/Person_0003/Camera_03/Person_0003_Camera_03_f000000_r011.jpg,None,-1,NOISE,0.0,True,False
24,Person_0003,Warehouse_015__Person_0003,49,49,Camera_04,14,Warehouse_015,Person,1,0.6666666666666666,1620,1830,/pfs/data6/home/st/st_us-053000/st_st191959/DL-Lab/DataSet/MTMC_Tracking_2025_Preprocessed/val/Warehouse_015/crops/Person_0003/Camera_04/Person_0003_Camera_04_f001620_r005.jpg,None,-1,NOISE,0.0,True,False
400,Person_0003,Warehouse_015__Person_0003,49,49,Camera_05,15,Warehouse_015,Person,1,0.665,3660,8970,/pfs/data6/home/st/st_us-053000/st_st191959/DL-Lab/DataSet/MTMC_Tracking_2025_Preprocessed/val/Warehouse_015/crops/Person_0003/Camera_05/Person_0003_Camera_05_f003660_r010.jpg,None,-1,NOISE,0.0,True,False
225,Person_0003,Warehouse_015__Person_0003,49,49,Camera_07,17,Warehouse_015,Person,1,0.6666666666666666,150,2850,/pfs/data6/home/st/st_us-053000/st_st191959/DL-Lab/DataSet/MTMC_Tracking_2025_Preprocessed/val/Warehouse_015/crops/Person_0003/Camera_07/Person_0003_Camera_07_f000150_r005.jpg,None,-1,NOISE,0.0,True,False
29,Person_0003,Warehouse_015__Person_0003,49,49,Camera_08,18,Warehouse_015,Person,1,0.6206896551724138,5340,6030,/pfs/data6/home/st/st_us-053000/st_st191959/DL-Lab/DataSet/MTMC_Tracking_2025_Preprocessed/val/Warehouse_015/crops/Person_0003/Camera_08/Person_0003_Camera_08_f005340_r013.jpg,None,-1,NOISE,0.0,True,False
162,Person_0003,Warehouse_015__Person_0003,49,49,Camera_09,19,Warehouse_015,Person,1,0.6666666666666666,0,1590,/pfs/data6/home/st/st_us-053000/st_st191959/DL-Lab/DataSet/MTMC_Tracking_2025_Preprocessed/val/Warehouse_015/crops/Person_0003/Camera_09/Person_0003_Camera_09_f000000_r002.jpg,None,-1,NOISE,0.0,True,False
183,Person_0003,Warehouse_015__Person_0003,49,49,Camera_11,21,Warehouse_015,Person,1,0.6666666666666666,6540,8970,/pfs/data6/home/st/st_us-053000/st_st191959/DL-Lab/DataSet/MTMC_Tracking_2025_Preprocessed/val/Warehouse_015/crops/Person_0003/Camera_11/Person_0003_Camera_11_f006540_r002.jpg,None,-1,NOISE,0.0,True,False
224,Person_0004,Warehouse_015__Person_0004,50,50,Camera_05,15,Warehouse_015,Person,1,0.6517857142857143,4860,8970,/pfs/data6/home/st/st_us-053000/st_st191959/DL-Lab/DataSet/MTMC_Tracking_2025_Preprocessed/val/Warehouse_015/crops/Person_0004/Camera_05/Person_0004_Camera_05_f004860_r012.jpg,None,-1,NOISE,0.0,True,False
60,Person_0004,Warehouse_015__Person_0004,50,50,Camera_09,19,Warehouse_015,Person,1,0.6666666666666666,0,4260,/pfs/data6/home/st/st_us-053000/st_st191959/DL-Lab/DataSet/MTMC_Tracking_2025_Preprocessed/val/Warehouse_015/crops/Person_0004/Camera_09/Person_0004_Camera_09_f000000_r005.jpg,None,-1,NOISE,0.0,True,False
24,Person_0005,Warehouse_015__Person_0005,51,51,Camera_06,16,Warehouse_015,Person,1,0.6666666666666666,6240,6450,/pfs/data6/home/st/st_us-053000/st_st191959/DL-Lab/DataSet/MTMC_Tracking_2025_Preprocessed/val/Warehouse_015/crops/Person_0005/Camera_06/Person_0005_Camera_06_f006240_r001.jpg,None,-1,NOISE,0.0,True,False
18,Person_0005,Warehouse_015__Person_0005,51,51,Camera_08,18,Warehouse_015,Person,1,0.6666666666666666,8010,8220,/pfs/data6/home/st/st_us-053000/st_st191959/DL-Lab/DataSet/MTMC_Tracking_2025_Preprocessed/val/Warehouse_015/crops/Person_0005/Camera_08/Person_0005_Camera_08_f008010_r013.jpg,None,-1,NOISE,0.0,True,False
38,Person_0006,Warehouse_015__Person_0006,52,52,Camera_02,12,Warehouse_015,Person,1,0.631578947368421,7050,7470,/pfs/data6/home/st/st_us-053000/st_st191959/DL-Lab/DataSet/MTMC_Tracking_2025_Preprocessed/val/Warehouse_015/crops/Person_0006/Camera_02/Person_0006_Camera_02_f007050_r002.jpg,None,-1,NOISE,0.0,True,False
6,Person_0006,Warehouse_015__Person_0006,52,52,Camera_09,19,Warehouse_015,Person,1,0.6666666666666666,0,30,/pfs/data6/home/st/st_us-053000/st_st191959/DL-Lab/DataSet/MTMC_Tracking_2025_Preprocessed/val/Warehouse_015/crops/Person_0006/Camera_09/Person_0006_Camera_09_f000000_r001.jpg,None,-1,NOISE,0.0,True,False
218,Person_0008,Warehouse_015__Person_0008,53,53,Camera,0,Warehouse_015,Person,1,0.6605504587155964,1590,5190,/pfs/data6/home/st/st_us-053000/st_st191959/DL-Lab/DataSet/MTMC_Tracking_2025_Preprocessed/val/Warehouse_015/crops/Person_0008/Camera/Person_0008_Camera_f001590_r017.jpg,None,-1,NOISE,0.0,True,False
404,Person_0008,Warehouse_015__Person_0008,53,53,Camera_01,11,Warehouse_015,Person,1,0.5693069306930693,0,8670,/pfs/data6/home/st/st_us-053000/st_st191959/DL-Lab/DataSet/MTMC_Tracking_2025_Preprocessed/val/Warehouse_015/crops/Person_0008/Camera_01/Person_0008_Camera_01_f000000_r037.jpg,None,-1,NOISE,0.0,True,False
165,Person_0008,Warehouse_015__Person_0008,53,53,Camera_02,12,Warehouse_015,Person,1,0.6545454545454545,5850,8550,/pfs/data6/home/st/st_us-053000/st_st191959/DL-Lab/DataSet/MTMC_Tracking_2025_Preprocessed/val/Warehouse_015/crops/Person_0008/Camera_02/Person_0008_Camera_02_f005850_r008.jpg,None,-1,NOISE,0.0,True,False
75,Person_0008,Warehouse_015__Person_0008,53,53,Camera_06,16,Warehouse_015,Person,1,0.64,0,8970,/pfs/data6/home/st/st_us-053000/st_st191959/DL-Lab/DataSet/MTMC_Tracking_2025_Preprocessed/val/Warehouse_015/crops/Person_0008/Camera_06/Person_0008_Camera_06_f000000_r009.jpg,None,-1,NOISE,0.0,True,False
414,Person_0008,Warehouse_015__Person_0008,53,53,Camera_07,17,Warehouse_015,Person,1,0.6666666666666666,480,5220,/pfs/data6/home/st/st_us-053000/st_st191959/DL-Lab/DataSet/MTMC_Tracking_2025_Preprocessed/val/Warehouse_015/crops/Person_0008/Camera_07/Person_0008_Camera_07_f000480_r013.jpg,None,-1,NOISE,0.0,True,False
35,Person_0008,Warehouse_015__Person_0008,53,53,Camera_08,18,Warehouse_015,Person,1,0.5714285714285714,5850,6540,/pfs/data6/home/st/st_us-053000/st_st191959/DL-Lab/DataSet/MTMC_Tracking_2025_Preprocessed/val/Warehouse_015/crops/Person_0008/Camera_08/Person_0008_Camera_08_f005850_r021.jpg,None,-1,NOISE,0.0,True,False
238,Person_0008,Warehouse_015__Person_0008,53,53,Camera_09,19,Warehouse_015,Person,1,0.6554621848739496,2670,5100,/pfs/data6/home/st/st_us-053000/st_st191959/DL-Lab/DataSet/MTMC_Tracking_2025_Preprocessed/val/Warehouse_015/crops/Person_0008/Camera_09/Person_0008_Camera_09_f002670_r002.jpg,None,-1,NOISE,0.0,True,False
557,Person_0008,Warehouse_015__Person_0008,53,53,Camera_10,20,Warehouse_015,Person,1,0.599640933572711,0,8970,/pfs/data6/home/st/st_us-053000/st_st191959/DL-Lab/DataSet/MTMC_Tracking_2025_Preprocessed/val/Warehouse_015/crops/Person_0008/Camera_10/Person_0008_Camera_10_f000000_r045.jpg,None,-1,NOISE,0.0,True,False
488,Person_0008,Warehouse_015__Person_0008,53,53,Camera_12,22,Warehouse_015,Person,1,0.6024590163934426,1530,8880,/pfs/data6/home/st/st_us-053000/st_st191959/DL-Lab/DataSet/MTMC_Tracking_2025_Preprocessed/val/Warehouse_015/crops/Person_0008/Camera_12/Person_0008_Camera_12_f001530_r038.jpg,None,-1,NOISE,0.0,True,False
361,Person_0009,Warehouse_015__Person_0009,54,54,Camera_01,11,Warehouse_015,Person,1,0.6426592797783933,90,8940,/pfs/data6/home/st/st_us-053000/st_st191959/DL-Lab/DataSet/MTMC_Tracking_2025_Preprocessed/val/Warehouse_015/crops/Person_0009/Camera_01/Person_0009_Camera_01_f000090_r009.jpg,None,-1,NOISE,0.0,True,False
283,Person_0009,Warehouse_015__Person_0009,54,54,Camera_02,12,Warehouse_015,Person,1,0.6643109540636042,660,3600,/pfs/data6/home/st/st_us-053000/st_st191959/DL-Lab/DataSet/MTMC_Tracking_2025_Preprocessed/val/Warehouse_015/crops/Person_0009/Camera_02/Person_0009_Camera_02_f000660_r003.jpg,None,-1,NOISE,0.0,True,False
168,Person_0009,Warehouse_015__Person_0009,54,54,Camera_05,15,Warehouse_015,Person,1,0.6666666666666666,0,2700,/pfs/data6/home/st/st_us-053000/st_st191959/DL-Lab/DataSet/MTMC_Tracking_2025_Preprocessed/val/Warehouse_015/crops/Person_0009/Camera_05/Person_0009_Camera_05_f000000_r004.jpg,None,-1,NOISE,0.0,True,False
42,Person_0009,Warehouse_015__Person_0009,54,54,Camera_06,16,Warehouse_015,Person,1,0.6666666666666666,0,390,/pfs/data6/home/st/st_us-053000/st_st191959/DL-Lab/DataSet/MTMC_Tracking_2025_Preprocessed/val/Warehouse_015/crops/Person_0009/Camera_06/Person_0009_Camera_06_f000000_r002.jpg,None,-1,NOISE,0.0,True,False
599,Person_0009,Warehouse_015__Person_0009,54,54,Camera_08,18,Warehouse_015,Person,1,0.654424040066778,1560,8970,/pfs/data6/home/st/st_us-053000/st_st191959/DL-Lab/DataSet/MTMC_Tracking_2025_Preprocessed/val/Warehouse_015/crops/Person_0009/Camera_08/Person_0009_Camera_08_f001560_r006.jpg,None,-1,NOISE,0.0,True,False
39,Person_0009,Warehouse_015__Person_0009,54,54,Camera_11,21,Warehouse_015,Person,1,0.6666666666666666,0,360,/pfs/data6/home/st/st_us-053000/st_st191959/DL-Lab/DataSet/MTMC_Tracking_2025_Preprocessed/val/Warehouse_015/crops/Person_0009/Camera_11/Person_0009_Camera_11_f000000_r002.jpg,None,-1,NOISE,0.0,True,False
219,Person_0010,Warehouse_015__Person_0010,55,55,Camera_02,12,Warehouse_015,Person,1,0.6666666666666666,480,8100,/pfs/data6/home/st/st_us-053000/st_st191959/DL-Lab/DataSet/MTMC_Tracking_2025_Preprocessed/val/Warehouse_015/crops/Person_0010/Camera_02/Person_0010_Camera_02_f000480_r005.jpg,None,-1,NOISE,0.0,True,False
344,Person_0010,Warehouse_015__Person_0010,55,55,Camera_03,13,Warehouse_015,Person,1,0.6627906976744186,3330,8940,/pfs/data6/home/st/st_us-053000/st_st191959/DL-Lab/DataSet/MTMC_Tracking_2025_Preprocessed/val/Warehouse_015/crops/Person_0010/Camera_03/Person_0010_Camera_03_f003330_r014.jpg,None,-1,NOISE,0.0,True,False
138,Person_0010,Warehouse_015__Person_0010,55,55,Camera_08,18,Warehouse_015,Person,1,0.6086956521739131,4770,7890,/pfs/data6/home/st/st_us-053000/st_st191959/DL-Lab/DataSet/MTMC_Tracking_2025_Preprocessed/val/Warehouse_015/crops/Person_0010/Camera_08/Person_0010_Camera_08_f004770_r012.jpg,None,-1,NOISE,0.0,True,False
217,Person_0011,Warehouse_015__Person_0011,56,56,Camera,0,Warehouse_015,Person,1,0.663594470046083,6360,8790,/pfs/data6/home/st/st_us-053000/st_st191959/DL-Lab/DataSet/MTMC_Tracking_2025_Preprocessed/val/Warehouse_015/crops/Person_0011/Camera/Person_0011_Camera_f006360_r015.jpg,None,-1,NOISE,0.0,True,False
156,Person_0011,Warehouse_015__Person_0011,56,56,Camera_02,12,Warehouse_015,Person,1,0.6666666666666666,1470,4890,/pfs/data6/home/st/st_us-053000/st_st191959/DL-Lab/DataSet/MTMC_Tracking_2025_Preprocessed/val/Warehouse_015/crops/Person_0011/Camera_02/Person_0011_Camera_02_f001470_r008.jpg,None,-1,NOISE,0.0,True,False
194,Person_0011,Warehouse_015__Person_0011,56,56,Camera_06,16,Warehouse_015,Person,1,0.6597938144329897,0,5040,/pfs/data6/home/st/st_us-053000/st_st191959/DL-Lab/DataSet/MTMC_Tracking_2025_Preprocessed/val/Warehouse_015/crops/Person_0011/Camera_06/Person_0011_Camera_06_f000000_r005.jpg,None,-1,NOISE,0.0,True,False
174,Person_0011,Warehouse_015__Person_0011,56,56,Camera_07,17,Warehouse_015,Person,1,0.6666666666666666,6060,8460,/pfs/data6/home/st/st_us-053000/st_st191959/DL-Lab/DataSet/MTMC_Tracking_2025_Preprocessed/val/Warehouse_015/crops/Person_0011/Camera_07/Person_0011_Camera_07_f006060_r007.jpg,None,-1,NOISE,0.0,True,False
39,Person_0011,Warehouse_015__Person_0011,56,56,Camera_08,18,Warehouse_015,Person,1,0.6666666666666666,1920,2310,/pfs/data6/home/st/st_us-053000/st_st191959/DL-Lab/DataSet/MTMC_Tracking_2025_Preprocessed/val/Warehouse_015/crops/Person_0011/Camera_08/Person_0011_Camera_08_f001920_r009.jpg,None,-1,NOISE,0.0,True,False
647,Person_0011,Warehouse_015__Person_0011,56,56,Camera_10,20,Warehouse_015,Person,1,0.6491499227202473,0,8970,/pfs/data6/home/st/st_us-053000/st_st191959/DL-Lab/DataSet/MTMC_Tracking_2025_Preprocessed/val/Warehouse_015/crops/Person_0011/Camera_10/Person_0011_Camera_10_f000000_r025.jpg,None,-1,NOISE,0.0,True,False
750,Person_0011,Warehouse_015__Person_0011,56,56,Camera_12,22,Warehouse_015,Person,1,0.64,0,8970,/pfs/data6/home/st/st_us-053000/st_st191959/DL-Lab/DataSet/MTMC_Tracking_2025_Preprocessed/val/Warehouse_015/crops/Person_0011/Camera_12/Person_0011_Camera_12_f000000_r021.jpg,None,-1,NOISE,0.0,True,False
91,Person_0012,Warehouse_015__Person_0012,57,57,Camera_03,13,Warehouse_015,Person,1,0.6593406593406593,1320,2220,/pfs/data6/home/st/st_us-053000/st_st191959/DL-Lab/DataSet/MTMC_Tracking_2025_Preprocessed/val/Warehouse_015/crops/Person_0012/Camera_03/Person_0012_Camera_03_f001320_r023.jpg,None,-1,NOISE,0.0,True,False
94,Person_0012,Warehouse_015__Person_0012,57,57,Camera_08,18,Warehouse_015,Person,1,0.40425531914893614,4080,8940,/pfs/data6/home/st/st_us-053000/st_st191959/DL-Lab/DataSet/MTMC_Tracking_2025_Preprocessed/val/Warehouse_015/crops/Person_0012/Camera_08/Person_0012_Camera_08_f004080_r014.jpg,None,-1,NOISE,0.0,True,False
610,Person_0012,Warehouse_015__Person_0012,57,57,Camera_12,22,Warehouse_015,Person,1,0.5836065573770491,270,8910,/pfs/data6/home/st/st_us-053000/st_st191959/DL-Lab/DataSet/MTMC_Tracking_2025_Preprocessed/val/Warehouse_015/crops/Person_0012/Camera_12/Person_0012_Camera_12_f000270_r028.jpg,None,-1,NOISE,0.0,True,False
240,Person_0013,Warehouse_015__Person_0013,58,58,Camera_03,13,Warehouse_015,Person,1,0.6583333333333333,90,8160,/pfs/data6/home/st/st_us-053000/st_st191959/DL-Lab/DataSet/MTMC_Tracking_2025_Preprocessed/val/Warehouse_015/crops/Person_0013/Camera_03/Person_0013_Camera_03_f000090_r019.jpg,None,-1,NOISE,0.0,True,False
201,Person_0013,Warehouse_015__Person_0013,58,58,Camera_06,16,Warehouse_015,Person,1,0.6666666666666666,0,4800,/pfs/data6/home/st/st_us-053000/st_st191959/DL-Lab/DataSet/MTMC_Tracking_2025_Preprocessed/val/Warehouse_015/crops/Person_0013/Camera_06/Person_0013_Camera_06_f000000_r007.jpg,None,-1,NOISE,0.0,True,False
9,Person_0013,Warehouse_015__Person_0013,58,58,Camera_07,17,Warehouse_015,Person,1,0.6666666666666666,150,210,/pfs/data6/home/st/st_us-053000/st_st191959/DL-Lab/DataSet/MTMC_Tracking_2025_Preprocessed/val/Warehouse_015/crops/Person_0013/Camera_07/Person_0013_Camera_07_f000150_r009.jpg,None,-1,NOISE,0.0,True,False
197,Person_0013,Warehouse_015__Person_0013,58,58,Camera_08,18,Warehouse_015,Person,1,0.6091370558375635,6180,8940,/pfs/data6/home/st/st_us-053000/st_st191959/DL-Lab/DataSet/MTMC_Tracking_2025_Preprocessed/val/Warehouse_015/crops/Person_0013/Camera_08/Person_0013_Camera_08_f006180_r013.jpg,None,-1,NOISE,0.0,True,False
186,Person_0013,Warehouse_015__Person_0013,58,58,Camera_11,21,Warehouse_015,Person,1,0.6666666666666666,3150,5070,/pfs/data6/home/st/st_us-053000/st_st191959/DL-Lab/DataSet/MTMC_Tracking_2025_Preprocessed/val/Warehouse_015/crops/Person_0013/Camera_11/Person_0013_Camera_11_f003150_r006.jpg,None,-1,NOISE,0.0,True,False
296,Person_0014,Warehouse_015__Person_0014,59,59,Camera_01,11,Warehouse_015,Person,1,0.6621621621621622,660,8400,/pfs/data6/home/st/st_us-053000/st_st191959/DL-Lab/DataSet/MTMC_Tracking_2025_Preprocessed/val/Warehouse_015/crops/Person_0014/Camera_01/Person_0014_Camera_01_f000660_r048.jpg,None,-1,NOISE,0.0,True,False
24,Person_0014,Warehouse_015__Person_0014,59,59,Camera_03,13,Warehouse_015,Person,1,0.6666666666666666,7140,7350,/pfs/data6/home/st/st_us-053000/st_st191959/DL-Lab/DataSet/MTMC_Tracking_2025_Preprocessed/val/Warehouse_015/crops/Person_0014/Camera_03/Person_0014_Camera_03_f007140_r034.jpg,None,-1,NOISE,0.0,True,False
82,Person_0014,Warehouse_015__Person_0014,59,59,Camera_08,18,Warehouse_015,Person,1,0.6585365853658537,7710,8970,/pfs/data6/home/st/st_us-053000/st_st191959/DL-Lab/DataSet/MTMC_Tracking_2025_Preprocessed/val/Warehouse_015/crops/Person_0014/Camera_08/Person_0014_Camera_08_f007710_r022.jpg,None,-1,NOISE,0.0,True,False
295,Person_0015,Warehouse_015__Person_0015,60,60,Camera_05,15,Warehouse_015,Person,1,0.6576271186440678,0,7110,/pfs/data6/home/st/st_us-053000/st_st191959/DL-Lab/DataSet/MTMC_Tracking_2025_Preprocessed/val/Warehouse_015/crops/Person_0015/Camera_05/Person_0015_Camera_05_f000000_r006.jpg,None,-1,NOISE,0.0,True,False
162,Person_0015,Warehouse_015__Person_0015,60,60,Camera_06,16,Warehouse_015,Person,1,0.6666666666666666,0,2430,/pfs/data6/home/st/st_us-053000/st_st191959/DL-Lab/DataSet/MTMC_Tracking_2025_Preprocessed/val/Warehouse_015/crops/Person_0015/Camera_06/Person_0015_Camera_06_f000000_r003.jpg,None,-1,NOISE,0.0,True,False
72,Person_0015,Warehouse_015__Person_0015,60,60,Camera_08,18,Warehouse_015,Person,1,0.6666666666666666,7710,8520,/pfs/data6/home/st/st_us-053000/st_st191959/DL-Lab/DataSet/MTMC_Tracking_2025_Preprocessed/val/Warehouse_015/crops/Person_0015/Camera_08/Person_0015_Camera_08_f007710_r007.jpg,None,-1,NOISE,0.0,True,False
193,Person_0015,Warehouse_015__Person_0015,60,60,Camera_09,19,Warehouse_015,Person,1,0.6632124352331606,3720,7200,/pfs/data6/home/st/st_us-053000/st_st191959/DL-Lab/DataSet/MTMC_Tracking_2025_Preprocessed/val/Warehouse_015/crops/Person_0015/Camera_09/Person_0015_Camera_09_f003720_r000.jpg,None,-1,NOISE,0.0,True,False
106,Person_0015,Warehouse_015__Person_0015,60,60,Camera_11,21,Warehouse_015,Person,1,0.660377358490566,0,1530,/pfs/data6/home/st/st_us-053000/st_st191959/DL-Lab/DataSet/MTMC_Tracking_2025_Preprocessed/val/Warehouse_015/crops/Person_0015/Camera_11/Person_0015_Camera_11_f000000_r003.jpg,None,-1,NOISE,0.0,True,False
424,Person_0016,Warehouse_015__Person_0016,61,61,Camera_01,11,Warehouse_015,Person,1,0.6179245283018868,0,7740,/pfs/data6/home/st/st_us-053000/st_st191959/DL-Lab/DataSet/MTMC_Tracking_2025_Preprocessed/val/Warehouse_015/crops/Person_0016/Camera_01/Person_0016_Camera_01_f000000_r024.jpg,None,-1,NOISE,0.0,True,False
78,Person_0016,Warehouse_015__Person_0016,61,61,Camera_02,12,Warehouse_015,Person,1,0.6666666666666666,1830,2580,/pfs/data6/home/st/st_us-053000/st_st191959/DL-Lab/DataSet/MTMC_Tracking_2025_Preprocessed/val/Warehouse_015/crops/Person_0016/Camera_02/Person_0016_Camera_02_f001830_r008.jpg,None,-1,NOISE,0.0,True,False
190,Person_0016,Warehouse_015__Person_0016,61,61,Camera_03,13,Warehouse_015,Person,1,0.6631578947368421,1440,5190,/pfs/data6/home/st/st_us-053000/st_st191959/DL-Lab/DataSet/MTMC_Tracking_2025_Preprocessed/val/Warehouse_015/crops/Person_0016/Camera_03/Person_0016_Camera_03_f001440_r018.jpg,None,-1,NOISE,0.0,True,False
744,Person_0016,Warehouse_015__Person_0016,61,61,Camera_05,15,Warehouse_015,Person,1,0.6451612903225806,0,8970,/pfs/data6/home/st/st_us-053000/st_st191959/DL-Lab/DataSet/MTMC_Tracking_2025_Preprocessed/val/Warehouse_015/crops/Person_0016/Camera_05/Person_0016_Camera_05_f000000_r012.jpg,None,-1,NOISE,0.0,True,False
516,Person_0016,Warehouse_015__Person_0016,61,61,Camera_06,16,Warehouse_015,Person,1,0.6627906976744186,0,8970,/pfs/data6/home/st/st_us-053000/st_st191959/DL-Lab/DataSet/MTMC_Tracking_2025_Preprocessed/val/Warehouse_015/crops/Person_0016/Camera_06/Person_0016_Camera_06_f000000_r006.jpg,None,-1,NOISE,0.0,True,False
114,Person_0016,Warehouse_015__Person_0016,61,61,Camera_07,17,Warehouse_015,Person,1,0.6666666666666666,3750,4890,/pfs/data6/home/st/st_us-053000/st_st191959/DL-Lab/DataSet/MTMC_Tracking_2025_Preprocessed/val/Warehouse_015/crops/Person_0016/Camera_07/Person_0016_Camera_07_f003750_r008.jpg,None,-1,NOISE,0.0,True,False
9,Person_0016,Warehouse_015__Person_0016,61,61,Camera_09,19,Warehouse_015,Person,1,0.6666666666666666,4140,4200,/pfs/data6/home/st/st_us-053000/st_st191959/DL-Lab/DataSet/MTMC_Tracking_2025_Preprocessed/val/Warehouse_015/crops/Person_0016/Camera_09/Person_0016_Camera_09_f004140_r003.jpg,None,-1,NOISE,0.0,True,False
740,Person_0016,Warehouse_015__Person_0016,61,61,Camera_10,20,Warehouse_015,Person,1,0.6621621621621622,0,8970,/pfs/data6/home/st/st_us-053000/st_st191959/DL-Lab/DataSet/MTMC_Tracking_2025_Preprocessed/val/Warehouse_015/crops/Person_0016/Camera_10/Person_0016_Camera_10_f000000_r030.jpg,None,-1,NOISE,0.0,True,False
595,Person_0016,Warehouse_015__Person_0016,61,61,Camera_11,21,Warehouse_015,Person,1,0.6588235294117647,0,8970,/pfs/data6/home/st/st_us-053000/st_st191959/DL-Lab/DataSet/MTMC_Tracking_2025_Preprocessed/val/Warehouse_015/crops/Person_0016/Camera_11/Person_0016_Camera_11_f000000_r006.jpg,None,-1,NOISE,0.0,True,False
389,Person_0016,Warehouse_015__Person_0016,61,61,Camera_12,22,Warehouse_015,Person,1,0.6323907455012854,0,6570,/pfs/data6/home/st/st_us-053000/st_st191959/DL-Lab/DataSet/MTMC_Tracking_2025_Preprocessed/val/Warehouse_015/crops/Person_0016/Camera_12/Person_0016_Camera_12_f000000_r027.jpg,None,-1,NOISE,0.0,True,False
201,Person_0017,Warehouse_015__Person_0017,62,62,Camera_02,12,Warehouse_015,Person,1,0.6666666666666666,0,3300,/pfs/data6/home/st/st_us-053000/st_st191959/DL-Lab/DataSet/MTMC_Tracking_2025_Preprocessed/val/Warehouse_015/crops/Person_0017/Camera_02/Person_0017_Camera_02_f000000_r003.jpg,None,-1,NOISE,0.0,True,False
172,Person_0017,Warehouse_015__Person_0017,62,62,Camera_04,14,Warehouse_015,Person,1,0.6627906976744186,6900,8940,/pfs/data6/home/st/st_us-053000/st_st191959/DL-Lab/DataSet/MTMC_Tracking_2025_Preprocessed/val/Warehouse_015/crops/Person_0017/Camera_04/Person_0017_Camera_04_f006900_r004.jpg,None,-1,NOISE,0.0,True,False
105,Person_0017,Warehouse_015__Person_0017,62,62,Camera_06,16,Warehouse_015,Person,1,0.6666666666666666,0,6000,/pfs/data6/home/st/st_us-053000/st_st191959/DL-Lab/DataSet/MTMC_Tracking_2025_Preprocessed/val/Warehouse_015/crops/Person_0017/Camera_06/Person_0017_Camera_06_f000000_r001.jpg,None,-1,NOISE,0.0,True,False
34,Person_0017,Warehouse_015__Person_0017,62,62,Camera_07,17,Warehouse_015,Person,1,0.6470588235294118,4020,8220,/pfs/data6/home/st/st_us-053000/st_st191959/DL-Lab/DataSet/MTMC_Tracking_2025_Preprocessed/val/Warehouse_015/crops/Person_0017/Camera_07/Person_0017_Camera_07_f004020_r005.jpg,None,-1,NOISE,0.0,True,False
271,Person_0017,Warehouse_015__Person_0017,62,62,Camera_08,18,Warehouse_015,Person,1,0.5756457564575646,840,8970,/pfs/data6/home/st/st_us-053000/st_st191959/DL-Lab/DataSet/MTMC_Tracking_2025_Preprocessed/val/Warehouse_015/crops/Person_0017/Camera_08/Person_0017_Camera_08_f000840_r009.jpg,None,-1,NOISE,0.0,True,False
101,Person_0017,Warehouse_015__Person_0017,62,62,Camera_11,21,Warehouse_015,Person,1,0.6534653465346535,90,5970,/pfs/data6/home/st/st_us-053000/st_st191959/DL-Lab/DataSet/MTMC_Tracking_2025_Preprocessed/val/Warehouse_015/crops/Person_0017/Camera_11/Person_0017_Camera_11_f000090_r002.jpg,None,-1,NOISE,0.0,True,False
297,Person_0166,Warehouse_015__Person_0166,63,63,Camera_01,11,Warehouse_015,Person,1,0.26936026936026936,0,8970,/pfs/data6/home/st/st_us-053000/st_st191959/DL-Lab/DataSet/MTMC_Tracking_2025_Preprocessed/val/Warehouse_015/crops/Person_0166/Camera_01/Person_0166_Camera_01_f000000_r047.jpg,None,-1,NOISE,0.0,True,False
510,Person_0166,Warehouse_015__Person_0166,63,63,Camera_03,13,Warehouse_015,Person,1,0.5843137254901961,0,8970,/pfs/data6/home/st/st_us-053000/st_st191959/DL-Lab/DataSet/MTMC_Tracking_2025_Preprocessed/val/Warehouse_015/crops/Person_0166/Camera_03/Person_0166_Camera_03_f000000_r035.jpg,None,-1,NOISE,0.0,True,False
726,Person_0166,Warehouse_015__Person_0166,63,63,Camera_04,14,Warehouse_015,Person,1,0.6666666666666666,0,8460,/pfs/data6/home/st/st_us-053000/st_st191959/DL-Lab/DataSet/MTMC_Tracking_2025_Preprocessed/val/Warehouse_015/crops/Person_0166/Camera_04/Person_0166_Camera_04_f000000_r011.jpg,None,-1,NOISE,0.0,True,False
69,Person_0166,Warehouse_015__Person_0166,63,63,Camera_07,17,Warehouse_015,Person,1,0.6666666666666666,7440,8970,/pfs/data6/home/st/st_us-053000/st_st191959/DL-Lab/DataSet/MTMC_Tracking_2025_Preprocessed/val/Warehouse_015/crops/Person_0166/Camera_07/Person_0166_Camera_07_f007440_r012.jpg,None,-1,NOISE,0.0,True,False
312,Person_0166,Warehouse_015__Person_0166,63,63,Camera_08,18,Warehouse_015,Person,1,0.6666666666666666,0,8490,/pfs/data6/home/st/st_us-053000/st_st191959/DL-Lab/DataSet/MTMC_Tracking_2025_Preprocessed/val/Warehouse_015/crops/Person_0166/Camera_08/Person_0166_Camera_08_f000000_r026.jpg,None,-1,NOISE,0.0,True,False
60,Person_0166,Warehouse_015__Person_0166,63,63,Camera_09,19,Warehouse_015,Person,1,0.6666666666666666,6720,7320,/pfs/data6/home/st/st_us-053000/st_st191959/DL-Lab/DataSet/MTMC_Tracking_2025_Preprocessed/val/Warehouse_015/crops/Person_0166/Camera_09/Person_0166_Camera_09_f006720_r003.jpg,None,-1,NOISE,0.0,True,False
344,Person_0166,Warehouse_015__Person_0166,63,63,Camera_10,20,Warehouse_015,Person,1,0.29069767441860467,0,8970,/pfs/data6/home/st/st_us-053000/st_st191959/DL-Lab/DataSet/MTMC_Tracking_2025_Preprocessed/val/Warehouse_015/crops/Person_0166/Camera_10/Person_0166_Camera_10_f000000_r053.jpg,None,-1,NOISE,0.0,True,False
51,Person_0166,Warehouse_015__Person_0166,63,63,Camera_12,22,Warehouse_015,Person,1,0.6666666666666666,8490,8970,/pfs/data6/home/st/st_us-053000/st_st191959/DL-Lab/DataSet/MTMC_Tracking_2025_Preprocessed/val/Warehouse_015/crops/Person_0166/Camera_12/Person_0166_Camera_12_f008490_r059.jpg,None,-1,NOISE,0.0,True,False
657,Person_0167,Warehouse_015__Person_0167,64,64,Camera_04,14,Warehouse_015,Person,1,0.6666666666666666,0,7560,/pfs/data6/home/st/st_us-053000/st_st191959/DL-Lab/DataSet/MTMC_Tracking_2025_Preprocessed/val/Warehouse_015/crops/Person_0167/Camera_04/Person_0167_Camera_04_f000000_r002.jpg,None,-1,NOISE,0.0,True,False
50,Person_0167,Warehouse_015__Person_0167,64,64,Camera_05,15,Warehouse_015,Person,1,0.64,7950,8970,/pfs/data6/home/st/st_us-053000/st_st191959/DL-Lab/DataSet/MTMC_Tracking_2025_Preprocessed/val/Warehouse_015/crops/Person_0167/Camera_05/Person_0167_Camera_05_f007950_r003.jpg,None,-1,NOISE,0.0,True,False
502,Person_0167,Warehouse_015__Person_0167,64,64,Camera_08,18,Warehouse_015,Person,1,0.6613545816733067,0,7140,/pfs/data6/home/st/st_us-053000/st_st191959/DL-Lab/DataSet/MTMC_Tracking_2025_Preprocessed/val/Warehouse_015/crops/Person_0167/Camera_08/Person_0167_Camera_08_f000000_r005.jpg,None,-1,NOISE,0.0,True,False
129,Person_0167,Warehouse_015__Person_0167,64,64,Camera_09,19,Warehouse_015,Person,1,0.6666666666666666,5250,8580,/pfs/data6/home/st/st_us-053000/st_st191959/DL-Lab/DataSet/MTMC_Tracking_2025_Preprocessed/val/Warehouse_015/crops/Person_0167/Camera_09/Person_0167_Camera_09_f005250_r001.jpg,None,-1,NOISE,0.0,True,False
308,Person_0167,Warehouse_015__Person_0167,64,64,Camera_12,22,Warehouse_015,Person,1,0.6493506493506493,0,8970,/pfs/data6/home/st/st_us-053000/st_st191959/DL-Lab/DataSet/MTMC_Tracking_2025_Preprocessed/val/Warehouse_015/crops/Person_0167/Camera_12/Person_0167_Camera_12_f000000_r009.jpg,None,-1,NOISE,0.0,True,False
48,Person_0168,Warehouse_015__Person_0168,65,65,Camera_02,12,Warehouse_015,Person,1,0.6666666666666666,2460,2910,/pfs/data6/home/st/st_us-053000/st_st191959/DL-Lab/DataSet/MTMC_Tracking_2025_Preprocessed/val/Warehouse_015/crops/Person_0168/Camera_02/Person_0168_Camera_02_f002460_r020.jpg,None,-1,NOISE,0.0,True,False
214,Person_0168,Warehouse_015__Person_0168,65,65,Camera_04,14,Warehouse_015,Person,1,0.6448598130841121,0,7590,/pfs/data6/home/st/st_us-053000/st_st191959/DL-Lab/DataSet/MTMC_Tracking_2025_Preprocessed/val/Warehouse_015/crops/Person_0168/Camera_04/Person_0168_Camera_04_f000000_r012.jpg,None,-1,NOISE,0.0,True,False
108,Person_0168,Warehouse_015__Person_0168,65,65,Camera_06,16,Warehouse_015,Person,1,0.6666666666666666,3660,5520,/pfs/data6/home/st/st_us-053000/st_st191959/DL-Lab/DataSet/MTMC_Tracking_2025_Preprocessed/val/Warehouse_015/crops/Person_0168/Camera_06/Person_0168_Camera_06_f003660_r007.jpg,None,-1,NOISE,0.0,True,False
174,Person_0168,Warehouse_015__Person_0168,65,65,Camera_09,19,Warehouse_015,Person,1,0.6666666666666666,6240,8250,/pfs/data6/home/st/st_us-053000/st_st191959/DL-Lab/DataSet/MTMC_Tracking_2025_Preprocessed/val/Warehouse_015/crops/Person_0168/Camera_09/Person_0168_Camera_09_f006240_r004.jpg,None,-1,NOISE,0.0,True,False
94,Person_0168,Warehouse_015__Person_0168,65,65,Camera_11,21,Warehouse_015,Person,1,0.6595744680851063,3600,5730,/pfs/data6/home/st/st_us-053000/st_st191959/DL-Lab/DataSet/MTMC_Tracking_2025_Preprocessed/val/Warehouse_015/crops/Person_0168/Camera_11/Person_0168_Camera_11_f003600_r010.jpg,None,-1,NOISE,0.0,True,False
407,Person_0168,Warehouse_015__Person_0168,65,65,Camera_12,22,Warehouse_015,Person,1,0.6093366093366094,1110,8970,/pfs/data6/home/st/st_us-053000/st_st191959/DL-Lab/DataSet/MTMC_Tracking_2025_Preprocessed/val/Warehouse_015/crops/Person_0168/Camera_12/Person_0168_Camera_12_f001110_r056.jpg,None,-1,NOISE,0.0,True,False
219,Person_0169,Warehouse_015__Person_0169,66,66,Camera,0,Warehouse_015,Person,1,0.6666666666666666,0,8970,/pfs/data6/home/st/st_us-053000/st_st191959/DL-Lab/DataSet/MTMC_Tracking_2025_Preprocessed/val/Warehouse_015/crops/Person_0169/Camera/Person_0169_Camera_f000000_r003.jpg,None,-1,NOISE,0.0,True,False
57,Person_0169,Warehouse_015__Person_0169,66,66,Camera_02,12,Warehouse_015,Person,1,0.6666666666666666,1200,7560,/pfs/data6/home/st/st_us-053000/st_st191959/DL-Lab/DataSet/MTMC_Tracking_2025_Preprocessed/val/Warehouse_015/crops/Person_0169/Camera_02/Person_0169_Camera_02_f001200_r002.jpg,None,-1,NOISE,0.0,True,False
25,Person_0169,Warehouse_015__Person_0169,66,66,Camera_07,17,Warehouse_015,Person,1,0.64,5340,6420,/pfs/data6/home/st/st_us-053000/st_st191959/DL-Lab/DataSet/MTMC_Tracking_2025_Preprocessed/val/Warehouse_015/crops/Person_0169/Camera_07/Person_0169_Camera_07_f005340_r004.jpg,None,-1,NOISE,0.0,True,False
486,Person_0170,Warehouse_015__Person_0170,67,67,Camera,0,Warehouse_015,Person,1,0.6625514403292181,0,8970,/pfs/data6/home/st/st_us-053000/st_st191959/DL-Lab/DataSet/MTMC_Tracking_2025_Preprocessed/val/Warehouse_015/crops/Person_0170/Camera/Person_0170_Camera_f000000_r002.jpg,None,-1,NOISE,0.0,True,False
549,Person_0170,Warehouse_015__Person_0170,67,67,Camera_03,13,Warehouse_015,Person,1,0.5391621129326047,270,8970,/pfs/data6/home/st/st_us-053000/st_st191959/DL-Lab/DataSet/MTMC_Tracking_2025_Preprocessed/val/Warehouse_015/crops/Person_0170/Camera_03/Person_0170_Camera_03_f000270_r004.jpg,None,-1,NOISE,0.0,True,False
442,Person_0170,Warehouse_015__Person_0170,67,67,Camera_04,14,Warehouse_015,Person,1,0.665158371040724,0,8970,/pfs/data6/home/st/st_us-053000/st_st191959/DL-Lab/DataSet/MTMC_Tracking_2025_Preprocessed/val/Warehouse_015/crops/Person_0170/Camera_04/Person_0170_Camera_04_f000000_r001.jpg,None,-1,NOISE,0.0,True,False
1,Person_0170,Warehouse_015__Person_0170,67,67,Camera_05,15,Warehouse_015,Person,0,0.0,3900,3900,/pfs/data6/home/st/st_us-053000/st_st191959/DL-Lab/DataSet/MTMC_Tracking_2025_Preprocessed/val/Warehouse_015/crops/Person_0170/Camera_05/Person_0170_Camera_05_f003900_r003.jpg,None,-1,NOISE,0.0,True,False
363,Person_0170,Warehouse_015__Person_0170,67,67,Camera_07,17,Warehouse_015,Person,1,0.6611570247933884,480,8970,/pfs/data6/home/st/st_us-053000/st_st191959/DL-Lab/DataSet/MTMC_Tracking_2025_Preprocessed/val/Warehouse_015/crops/Person_0170/Camera_07/Person_0170_Camera_07_f000480_r002.jpg,None,-1,NOISE,0.0,True,False
210,Person_0170,Warehouse_015__Person_0170,67,67,Camera_08,18,Warehouse_015,Person,1,0.638095238095238,210,8880,/pfs/data6/home/st/st_us-053000/st_st191959/DL-Lab/DataSet/MTMC_Tracking_2025_Preprocessed/val/Warehouse_015/crops/Person_0170/Camera_08/Person_0170_Camera_08_f000210_r004.jpg,None,-1,NOISE,0.0,True,False
426,Person_0170,Warehouse_015__Person_0170,67,67,Camera_09,19,Warehouse_015,Person,1,0.6666666666666666,720,5190,/pfs/data6/home/st/st_us-053000/st_st191959/DL-Lab/DataSet/MTMC_Tracking_2025_Preprocessed/val/Warehouse_015/crops/Person_0170/Camera_09/Person_0170_Camera_09_f000720_r000.jpg,None,-1,NOISE,0.0,True,False
107,Person_0170,Warehouse_015__Person_0170,67,67,Camera_12,22,Warehouse_015,Person,1,0.6542056074766355,3600,8970,/pfs/data6/home/st/st_us-053000/st_st191959/DL-Lab/DataSet/MTMC_Tracking_2025_Preprocessed/val/Warehouse_015/crops/Person_0170/Camera_12/Person_0170_Camera_12_f003600_r007.jpg,None,-1,NOISE,0.0,True,False
16,Person_0171,Warehouse_015__Person_0171,68,68,Camera_02,12,Warehouse_015,Person,1,0.375,3660,3960,/pfs/data6/home/st/st_us-053000/st_st191959/DL-Lab/DataSet/MTMC_Tracking_2025_Preprocessed/val/Warehouse_015/crops/Person_0171/Camera_02/Person_0171_Camera_02_f003660_r002.jpg,None,-1,NOISE,0.0,True,False
42,Person_0171,Warehouse_015__Person_0171,68,68,Camera_04,14,Warehouse_015,Person,1,0.6666666666666666,240,960,/pfs/data6/home/st/st_us-053000/st_st191959/DL-Lab/DataSet/MTMC_Tracking_2025_Preprocessed/val/Warehouse_015/crops/Person_0171/Camera_04/Person_0171_Camera_04_f000240_r005.jpg,None,-1,NOISE,0.0,True,False
108,Person_0171,Warehouse_015__Person_0171,68,68,Camera_06,16,Warehouse_015,Person,1,0.6666666666666666,4440,7530,/pfs/data6/home/st/st_us-053000/st_st191959/DL-Lab/DataSet/MTMC_Tracking_2025_Preprocessed/val/Warehouse_015/crops/Person_0171/Camera_06/Person_0171_Camera_06_f004440_r002.jpg,None,-1,NOISE,0.0,True,False
129,Person_0171,Warehouse_015__Person_0171,68,68,Camera_09,19,Warehouse_015,Person,1,0.6666666666666666,540,8850,/pfs/data6/home/st/st_us-053000/st_st191959/DL-Lab/DataSet/MTMC_Tracking_2025_Preprocessed/val/Warehouse_015/crops/Person_0171/Camera_09/Person_0171_Camera_09_f000540_r001.jpg,None,-1,NOISE,0.0,True,False
84,Person_0171,Warehouse_015__Person_0171,68,68,Camera_11,21,Warehouse_015,Person,1,0.6666666666666666,4530,6240,/pfs/data6/home/st/st_us-053000/st_st191959/DL-Lab/DataSet/MTMC_Tracking_2025_Preprocessed/val/Warehouse_015/crops/Person_0171/Camera_11/Person_0171_Camera_11_f004530_r002.jpg,None,-1,NOISE,0.0,True,False
33,Person_0172,Warehouse_015__Person_0172,69,69,Camera_07,17,Warehouse_015,Person,1,0.6666666666666666,2250,2550,/pfs/data6/home/st/st_us-053000/st_st191959/DL-Lab/DataSet/MTMC_Tracking_2025_Preprocessed/val/Warehouse_015/crops/Person_0172/Camera_07/Person_0172_Camera_07_f002250_r013.jpg,None,-1,NOISE,0.0,True,False
377,Person_0172,Warehouse_015__Person_0172,69,69,Camera_08,18,Warehouse_015,Person,1,0.6472148541114059,0,8970,/pfs/data6/home/st/st_us-053000/st_st191959/DL-Lab/DataSet/MTMC_Tracking_2025_Preprocessed/val/Warehouse_015/crops/Person_0172/Camera_08/Person_0172_Camera_08_f000000_r020.jpg,None,-1,NOISE,0.0,True,False
18,Person_0172,Warehouse_015__Person_0172,69,69,Camera_09,19,Warehouse_015,Person,1,0.6666666666666666,1260,1410,/pfs/data6/home/st/st_us-053000/st_st191959/DL-Lab/DataSet/MTMC_Tracking_2025_Preprocessed/val/Warehouse_015/crops/Person_0172/Camera_09/Person_0172_Camera_09_f001260_r008.jpg,None,-1,NOISE,0.0,True,False
25,Person_0172,Warehouse_015__Person_0172,69,69,Camera_11,21,Warehouse_015,Person,1,0.64,4680,4920,/pfs/data6/home/st/st_us-053000/st_st191959/DL-Lab/DataSet/MTMC_Tracking_2025_Preprocessed/val/Warehouse_015/crops/Person_0172/Camera_11/Person_0172_Camera_11_f004680_r007.jpg,None,-1,NOISE,0.0,True,False
12,Person_0173,Warehouse_015__Person_0173,70,70,Camera_02,12,Warehouse_015,Person,1,0.6666666666666666,8580,8670,/pfs/data6/home/st/st_us-053000/st_st191959/DL-Lab/DataSet/MTMC_Tracking_2025_Preprocessed/val/Warehouse_015/crops/Person_0173/Camera_02/Person_0173_Camera_02_f008580_r003.jpg,None,-1,NOISE,0.0,True,False
118,Person_0173,Warehouse_015__Person_0173,70,70,Camera_05,15,Warehouse_015,Person,1,0.6610169491525424,6720,7890,/pfs/data6/home/st/st_us-053000/st_st191959/DL-Lab/DataSet/MTMC_Tracking_2025_Preprocessed/val/Warehouse_015/crops/Person_0173/Camera_05/Person_0173_Camera_05_f006720_r009.jpg,None,-1,NOISE,0.0,True,False
174,Person_0173,Warehouse_015__Person_0173,70,70,Camera_09,19,Warehouse_015,Person,1,0.6666666666666666,2160,4500,/pfs/data6/home/st/st_us-053000/st_st191959/DL-Lab/DataSet/MTMC_Tracking_2025_Preprocessed/val/Warehouse_015/crops/Person_0173/Camera_09/Person_0173_Camera_09_f002160_r001.jpg,None,-1,NOISE,0.0,True,False
334,Person_0174,Warehouse_015__Person_0174,71,71,Camera,0,Warehouse_015,Person,1,0.6407185628742516,0,8220,/pfs/data6/home/st/st_us-053000/st_st191959/DL-Lab/DataSet/MTMC_Tracking_2025_Preprocessed/val/Warehouse_015/crops/Person_0174/Camera/Person_0174_Camera_f000000_r016.jpg,None,-1,NOISE,0.0,True,False
752,Person_0174,Warehouse_015__Person_0174,71,71,Camera_03,13,Warehouse_015,Person,1,0.6622340425531915,210,8970,/pfs/data6/home/st/st_us-053000/st_st191959/DL-Lab/DataSet/MTMC_Tracking_2025_Preprocessed/val/Warehouse_015/crops/Person_0174/Camera_03/Person_0174_Camera_03_f000210_r028.jpg,None,-1,NOISE,0.0,True,False
189,Person_0174,Warehouse_015__Person_0174,71,71,Camera_04,14,Warehouse_015,Person,1,0.6666666666666666,0,8250,/pfs/data6/home/st/st_us-053000/st_st191959/DL-Lab/DataSet/MTMC_Tracking_2025_Preprocessed/val/Warehouse_015/crops/Person_0174/Camera_04/Person_0174_Camera_04_f000000_r009.jpg,None,-1,NOISE,0.0,True,False
271,Person_0174,Warehouse_015__Person_0174,71,71,Camera_05,15,Warehouse_015,Person,1,0.6642066420664207,3990,8970,/pfs/data6/home/st/st_us-053000/st_st191959/DL-Lab/DataSet/MTMC_Tracking_2025_Preprocessed/val/Warehouse_015/crops/Person_0174/Camera_05/Person_0174_Camera_05_f003990_r018.jpg,None,-1,NOISE,0.0,True,False
66,Person_0174,Warehouse_015__Person_0174,71,71,Camera_06,16,Warehouse_015,Person,1,0.6666666666666666,4440,6600,/pfs/data6/home/st/st_us-053000/st_st191959/DL-Lab/DataSet/MTMC_Tracking_2025_Preprocessed/val/Warehouse_015/crops/Person_0174/Camera_06/Person_0174_Camera_06_f004440_r005.jpg,None,-1,NOISE,0.0,True,False
90,Person_0174,Warehouse_015__Person_0174,71,71,Camera_07,17,Warehouse_015,Person,1,0.6666666666666666,2730,5220,/pfs/data6/home/st/st_us-053000/st_st191959/DL-Lab/DataSet/MTMC_Tracking_2025_Preprocessed/val/Warehouse_015/crops/Person_0174/Camera_07/Person_0174_Camera_07_f002730_r007.jpg,None,-1,NOISE,0.0,True,False
337,Person_0174,Warehouse_015__Person_0174,71,71,Camera_08,18,Warehouse_015,Person,1,0.6646884272997032,0,8490,/pfs/data6/home/st/st_us-053000/st_st191959/DL-Lab/DataSet/MTMC_Tracking_2025_Preprocessed/val/Warehouse_015/crops/Person_0174/Camera_08/Person_0174_Camera_08_f000000_r016.jpg,None,-1,NOISE,0.0,True,False
18,Person_0174,Warehouse_015__Person_0174,71,71,Camera_09,19,Warehouse_015,Person,1,0.6666666666666666,3180,3330,/pfs/data6/home/st/st_us-053000/st_st191959/DL-Lab/DataSet/MTMC_Tracking_2025_Preprocessed/val/Warehouse_015/crops/Person_0174/Camera_09/Person_0174_Camera_09_f003180_r003.jpg,None,-1,NOISE,0.0,True,False
720,Person_0174,Warehouse_015__Person_0174,71,71,Camera_10,20,Warehouse_015,Person,1,0.5972222222222222,0,8970,/pfs/data6/home/st/st_us-053000/st_st191959/DL-Lab/DataSet/MTMC_Tracking_2025_Preprocessed/val/Warehouse_015/crops/Person_0174/Camera_10/Person_0174_Camera_10_f000000_r040.jpg,None,-1,NOISE,0.0,True,False
60,Person_0174,Warehouse_015__Person_0174,71,71,Camera_11,21,Warehouse_015,Person,1,0.6666666666666666,4380,6540,/pfs/data6/home/st/st_us-053000/st_st191959/DL-Lab/DataSet/MTMC_Tracking_2025_Preprocessed/val/Warehouse_015/crops/Person_0174/Camera_11/Person_0174_Camera_11_f004380_r006.jpg,None,-1,NOISE,0.0,True,False
697,Person_0174,Warehouse_015__Person_0174,71,71,Camera_12,22,Warehouse_015,Person,1,0.6513629842180775,210,8970,/pfs/data6/home/st/st_us-053000/st_st191959/DL-Lab/DataSet/MTMC_Tracking_2025_Preprocessed/val/Warehouse_015/crops/Person_0174/Camera_12/Person_0174_Camera_12_f000210_r035.jpg,None,-1,NOISE,0.0,True,False
48,Person_0175,Warehouse_015__Person_0175,72,72,Camera,0,Warehouse_015,Person,1,0.6666666666666666,5820,8970,/pfs/data6/home/st/st_us-053000/st_st191959/DL-Lab/DataSet/MTMC_Tracking_2025_Preprocessed/val/Warehouse_015/crops/Person_0175/Camera/Person_0175_Camera_f005820_r002.jpg,None,-1,NOISE,0.0,True,False
24,Person_0175,Warehouse_015__Person_0175,72,72,Camera_02,12,Warehouse_015,Person,1,0.6666666666666666,1650,1890,/pfs/data6/home/st/st_us-053000/st_st191959/DL-Lab/DataSet/MTMC_Tracking_2025_Preprocessed/val/Warehouse_015/crops/Person_0175/Camera_02/Person_0175_Camera_02_f001650_r000.jpg,None,-1,NOISE,0.0,True,False
42,Person_0175,Warehouse_015__Person_0175,72,72,Camera_04,14,Warehouse_015,Person,1,0.6666666666666666,0,900,/pfs/data6/home/st/st_us-053000/st_st191959/DL-Lab/DataSet/MTMC_Tracking_2025_Preprocessed/val/Warehouse_015/crops/Person_0175/Camera_04/Person_0175_Camera_04_f000000_r000.jpg,None,-1,NOISE,0.0,True,False
203,Person_0175,Warehouse_015__Person_0175,72,72,Camera_08,18,Warehouse_015,Person,1,0.6206896551724138,0,2400,/pfs/data6/home/st/st_us-053000/st_st191959/DL-Lab/DataSet/MTMC_Tracking_2025_Preprocessed/val/Warehouse_015/crops/Person_0175/Camera_08/Person_0175_Camera_08_f000000_r003.jpg,None,-1,NOISE,0.0,True,False
96,Person_0176,Warehouse_015__Person_0176,73,73,Camera_05,15,Warehouse_015,Person,1,0.6458333333333334,3060,7140,/pfs/data6/home/st/st_us-053000/st_st191959/DL-Lab/DataSet/MTMC_Tracking_2025_Preprocessed/val/Warehouse_015/crops/Person_0176/Camera_05/Person_0176_Camera_05_f003060_r014.jpg,None,-1,NOISE,0.0,True,False
280,Person_0177,Warehouse_015__Person_0177,74,74,Camera_03,13,Warehouse_015,Person,1,0.6642857142857143,0,8970,/pfs/data6/home/st/st_us-053000/st_st191959/DL-Lab/DataSet/MTMC_Tracking_2025_Preprocessed/val/Warehouse_015/crops/Person_0177/Camera_03/Person_0177_Camera_03_f000000_r006.jpg,None,-1,NOISE,0.0,True,False
42,Person_0177,Warehouse_015__Person_0177,74,74,Camera_04,14,Warehouse_015,Person,1,0.6666666666666666,0,630,/pfs/data6/home/st/st_us-053000/st_st191959/DL-Lab/DataSet/MTMC_Tracking_2025_Preprocessed/val/Warehouse_015/crops/Person_0177/Camera_04/Person_0177_Camera_04_f000000_r004.jpg,None,-1,NOISE,0.0,True,False
675,Person_0177,Warehouse_015__Person_0177,74,74,Camera_05,15,Warehouse_015,Person,1,0.6577777777777778,1260,8970,/pfs/data6/home/st/st_us-053000/st_st191959/DL-Lab/DataSet/MTMC_Tracking_2025_Preprocessed/val/Warehouse_015/crops/Person_0177/Camera_05/Person_0177_Camera_05_f001260_r005.jpg,None,-1,NOISE,0.0,True,False
22,Person_0177,Warehouse_015__Person_0177,74,74,Camera_07,17,Warehouse_015,Person,1,0.6363636363636364,570,780,/pfs/data6/home/st/st_us-053000/st_st191959/DL-Lab/DataSet/MTMC_Tracking_2025_Preprocessed/val/Warehouse_015/crops/Person_0177/Camera_07/Person_0177_Camera_07_f000570_r003.jpg,None,-1,NOISE,0.0,True,False
14,Person_0177,Warehouse_015__Person_0177,74,74,Camera_08,18,Warehouse_015,Person,1,0.5714285714285714,7230,7740,/pfs/data6/home/st/st_us-053000/st_st191959/DL-Lab/DataSet/MTMC_Tracking_2025_Preprocessed/val/Warehouse_015/crops/Person_0177/Camera_08/Person_0177_Camera_08_f007230_r004.jpg,None,-1,NOISE,0.0,True,False
24,Person_0177,Warehouse_015__Person_0177,74,74,Camera_09,19,Warehouse_015,Person,1,0.6666666666666666,150,360,/pfs/data6/home/st/st_us-053000/st_st191959/DL-Lab/DataSet/MTMC_Tracking_2025_Preprocessed/val/Warehouse_015/crops/Person_0177/Camera_09/Person_0177_Camera_09_f000150_r000.jpg,None,-1,NOISE,0.0,True,False
213,Person_0177,Warehouse_015__Person_0177,74,74,Camera_11,21,Warehouse_015,Person,1,0.6572769953051644,2280,6780,/pfs/data6/home/st/st_us-053000/st_st191959/DL-Lab/DataSet/MTMC_Tracking_2025_Preprocessed/val/Warehouse_015/crops/Person_0177/Camera_11/Person_0177_Camera_11_f002280_r003.jpg,None,-1,NOISE,0.0,True,False
882,Person_0178,Warehouse_015__Person_0178,75,75,Camera,0,Warehouse_015,Person,1,0.6598639455782312,0,8970,/pfs/data6/home/st/st_us-053000/st_st191959/DL-Lab/DataSet/MTMC_Tracking_2025_Preprocessed/val/Warehouse_015/crops/Person_0178/Camera/Person_0178_Camera_f000000_r005.jpg,None,-1,NOISE,0.0,True,False
95,Person_0178,Warehouse_015__Person_0178,75,75,Camera_01,11,Warehouse_015,Person,1,0.4842105263157895,0,8970,/pfs/data6/home/st/st_us-053000/st_st191959/DL-Lab/DataSet/MTMC_Tracking_2025_Preprocessed/val/Warehouse_015/crops/Person_0178/Camera_01/Person_0178_Camera_01_f000000_r006.jpg,None,-1,NOISE,0.0,True,False
852,Person_0178,Warehouse_015__Person_0178,75,75,Camera_04,14,Warehouse_015,Person,1,0.6666666666666666,0,8970,/pfs/data6/home/st/st_us-053000/st_st191959/DL-Lab/DataSet/MTMC_Tracking_2025_Preprocessed/val/Warehouse_015/crops/Person_0178/Camera_04/Person_0178_Camera_04_f000000_r003.jpg,None,-1,NOISE,0.0,True,False
22,Person_0178,Warehouse_015__Person_0178,75,75,Camera_07,17,Warehouse_015,Person,1,0.6363636363636364,150,360,/pfs/data6/home/st/st_us-053000/st_st191959/DL-Lab/DataSet/MTMC_Tracking_2025_Preprocessed/val/Warehouse_015/crops/Person_0178/Camera_07/Person_0178_Camera_07_f000150_r001.jpg,None,-1,NOISE,0.0,True,False
843,Person_0178,Warehouse_015__Person_0178,75,75,Camera_08,18,Warehouse_015,Person,1,0.6666666666666666,0,8970,/pfs/data6/home/st/st_us-053000/st_st191959/DL-Lab/DataSet/MTMC_Tracking_2025_Preprocessed/val/Warehouse_015/crops/Person_0178/Camera_08/Person_0178_Camera_08_f000000_r006.jpg,None,-1,NOISE,0.0,True,False
180,Person_0178,Warehouse_015__Person_0178,75,75,Camera_10,20,Warehouse_015,Person,1,0.044444444444444446,0,8670,/pfs/data6/home/st/st_us-053000/st_st191959/DL-Lab/DataSet/MTMC_Tracking_2025_Preprocessed/val/Warehouse_015/crops/Person_0178/Camera_10/Person_0178_Camera_10_f000000_r008.jpg,None,-1,NOISE,0.0,True,False
37,Person_0178,Warehouse_015__Person_0178,75,75,Camera_12,22,Warehouse_015,Person,1,0.6486486486486487,1770,2130,/pfs/data6/home/st/st_us-053000/st_st191959/DL-Lab/DataSet/MTMC_Tracking_2025_Preprocessed/val/Warehouse_015/crops/Person_0178/Camera_12/Person_0178_Camera_12_f001770_r009.jpg,None,-1,NOISE,0.0,True,False
379,Person_0179,Warehouse_015__Person_0179,76,76,Camera_01,11,Warehouse_015,Person,1,0.6279683377308707,330,8970,/pfs/data6/home/st/st_us-053000/st_st191959/DL-Lab/DataSet/MTMC_Tracking_2025_Preprocessed/val/Warehouse_015/crops/Person_0179/Camera_01/Person_0179_Camera_01_f000330_r032.jpg,None,-1,NOISE,0.0,True,False
538,Person_0179,Warehouse_015__Person_0179,76,76,Camera_03,13,Warehouse_015,Person,1,0.6654275092936803,330,8970,/pfs/data6/home/st/st_us-053000/st_st191959/DL-Lab/DataSet/MTMC_Tracking_2025_Preprocessed/val/Warehouse_015/crops/Person_0179/Camera_03/Person_0179_Camera_03_f000330_r022.jpg,None,-1,NOISE,0.0,True,False
36,Person_0180,Warehouse_015__Person_0180,77,77,Camera_02,12,Warehouse_015,Person,1,0.6666666666666666,2970,3300,/pfs/data6/home/st/st_us-053000/st_st191959/DL-Lab/DataSet/MTMC_Tracking_2025_Preprocessed/val/Warehouse_015/crops/Person_0180/Camera_02/Person_0180_Camera_02_f002970_r005.jpg,None,-1,NOISE,0.0,True,False
631,Person_0180,Warehouse_015__Person_0180,77,77,Camera_10,20,Warehouse_015,Person,1,0.5356576862123613,0,8970,/pfs/data6/home/st/st_us-053000/st_st191959/DL-Lab/DataSet/MTMC_Tracking_2025_Preprocessed/val/Warehouse_015/crops/Person_0180/Camera_10/Person_0180_Camera_10_f000000_r032.jpg,None,-1,NOISE,0.0,True,False
327,Person_0181,Warehouse_015__Person_0181,78,78,Camera_02,12,Warehouse_015,Person,1,0.6666666666666666,3660,8700,/pfs/data6/home/st/st_us-053000/st_st191959/DL-Lab/DataSet/MTMC_Tracking_2025_Preprocessed/val/Warehouse_015/crops/Person_0181/Camera_02/Person_0181_Camera_02_f003660_r001.jpg,None,-1,NOISE,0.0,True,False
108,Person_0181,Warehouse_015__Person_0181,78,78,Camera_04,14,Warehouse_015,Person,1,0.6666666666666666,1110,2550,/pfs/data6/home/st/st_us-053000/st_st191959/DL-Lab/DataSet/MTMC_Tracking_2025_Preprocessed/val/Warehouse_015/crops/Person_0181/Camera_04/Person_0181_Camera_04_f001110_r002.jpg,None,-1,NOISE,0.0,True,False
48,Person_0181,Warehouse_015__Person_0181,78,78,Camera_07,17,Warehouse_015,Person,1,0.6666666666666666,0,2730,/pfs/data6/home/st/st_us-053000/st_st191959/DL-Lab/DataSet/MTMC_Tracking_2025_Preprocessed/val/Warehouse_015/crops/Person_0181/Camera_07/Person_0181_Camera_07_f000000_r002.jpg,None,-1,NOISE,0.0,True,False
883,Person_0184,Warehouse_015__Person_0184,79,79,Camera_01,11,Warehouse_015,Person,1,0.665911664779162,120,8970,/pfs/data6/home/st/st_us-053000/st_st191959/DL-Lab/DataSet/MTMC_Tracking_2025_Preprocessed/val/Warehouse_015/crops/Person_0184/Camera_01/Person_0184_Camera_01_f000120_r032.jpg,None,-1,NOISE,0.0,True,False
9,Person_0184,Warehouse_015__Person_0184,79,79,Camera_02,12,Warehouse_015,Person,1,0.6666666666666666,480,540,/pfs/data6/home/st/st_us-053000/st_st191959/DL-Lab/DataSet/MTMC_Tracking_2025_Preprocessed/val/Warehouse_015/crops/Person_0184/Camera_02/Person_0184_Camera_02_f000480_r008.jpg,None,-1,NOISE,0.0,True,False
876,Person_0184,Warehouse_015__Person_0184,79,79,Camera_03,13,Warehouse_015,Person,1,0.6666666666666666,0,8970,/pfs/data6/home/st/st_us-053000/st_st191959/DL-Lab/DataSet/MTMC_Tracking_2025_Preprocessed/val/Warehouse_015/crops/Person_0184/Camera_03/Person_0184_Camera_03_f000000_r024.jpg,None,-1,NOISE,0.0,True,False
248,Person_0184,Warehouse_015__Person_0184,79,79,Camera_05,15,Warehouse_015,Person,1,0.008064516129032258,450,8970,/pfs/data6/home/st/st_us-053000/st_st191959/DL-Lab/DataSet/MTMC_Tracking_2025_Preprocessed/val/Warehouse_015/crops/Person_0184/Camera_05/Person_0184_Camera_05_f000450_r018.jpg,None,-1,NOISE,0.0,True,False
29,Person_0184,Warehouse_015__Person_0184,79,79,Camera_08,18,Warehouse_015,Person,1,0.6206896551724138,0,600,/pfs/data6/home/st/st_us-053000/st_st191959/DL-Lab/DataSet/MTMC_Tracking_2025_Preprocessed/val/Warehouse_015/crops/Person_0184/Camera_08/Person_0184_Camera_08_f000000_r015.jpg,None,-1,NOISE,0.0,True,False
885,Person_0184,Warehouse_015__Person_0184,79,79,Camera_10,20,Warehouse_015,Person,1,0.6666666666666666,0,8970,/pfs/data6/home/st/st_us-053000/st_st191959/DL-Lab/DataSet/MTMC_Tracking_2025_Preprocessed/val/Warehouse_015/crops/Person_0184/Camera_10/Person_0184_Camera_10_f000000_r038.jpg,None,-1,NOISE,0.0,True,False
829,Person_0184,Warehouse_015__Person_0184,79,79,Camera_12,22,Warehouse_015,Person,1,0.6393244873341375,0,8970,/pfs/data6/home/st/st_us-053000/st_st191959/DL-Lab/DataSet/MTMC_Tracking_2025_Preprocessed/val/Warehouse_015/crops/Person_0184/Camera_12/Person_0184_Camera_12_f000000_r032.jpg,None,-1,NOISE,0.0,True,False
138,Person_0185,Warehouse_015__Person_0185,80,80,Camera_05,15,Warehouse_015,Person,1,0.6521739130434783,3540,7860,/pfs/data6/home/st/st_us-053000/st_st191959/DL-Lab/DataSet/MTMC_Tracking_2025_Preprocessed/val/Warehouse_015/crops/Person_0185/Camera_05/Person_0185_Camera_05_f003540_r022.jpg,None,-1,NOISE,0.0,True,False
48,Person_0185,Warehouse_015__Person_0185,80,80,Camera_07,17,Warehouse_015,Person,1,0.6666666666666666,870,1680,/pfs/data6/home/st/st_us-053000/st_st191959/DL-Lab/DataSet/MTMC_Tracking_2025_Preprocessed/val/Warehouse_015/crops/Person_0185/Camera_07/Person_0185_Camera_07_f000870_r012.jpg,None,-1,NOISE,0.0,True,False
48,Person_0185,Warehouse_015__Person_0185,80,80,Camera_11,21,Warehouse_015,Person,1,0.6666666666666666,4410,6030,/pfs/data6/home/st/st_us-053000/st_st191959/DL-Lab/DataSet/MTMC_Tracking_2025_Preprocessed/val/Warehouse_015/crops/Person_0185/Camera_11/Person_0185_Camera_11_f004410_r006.jpg,None,-1,NOISE,0.0,True,False
120,Person_0186,Warehouse_015__Person_0186,81,81,Camera,0,Warehouse_015,Person,1,0.6666666666666666,120,8760,/pfs/data6/home/st/st_us-053000/st_st191959/DL-Lab/DataSet/MTMC_Tracking_2025_Preprocessed/val/Warehouse_015/crops/Person_0186/Camera/Person_0186_Camera_f000120_r011.jpg,None,-1,NOISE,0.0,True,False
512,Person_0186,Warehouse_015__Person_0186,81,81,Camera_03,13,Warehouse_015,Person,1,0.6640625,0,8970,/pfs/data6/home/st/st_us-053000/st_st191959/DL-Lab/DataSet/MTMC_Tracking_2025_Preprocessed/val/Warehouse_015/crops/Person_0186/Camera_03/Person_0186_Camera_03_f000000_r014.jpg,None,-1,NOISE,0.0,True,False
129,Person_0186,Warehouse_015__Person_0186,81,81,Camera_04,14,Warehouse_015,Person,1,0.6511627906976745,3240,8640,/pfs/data6/home/st/st_us-053000/st_st191959/DL-Lab/DataSet/MTMC_Tracking_2025_Preprocessed/val/Warehouse_015/crops/Person_0186/Camera_04/Person_0186_Camera_04_f003240_r006.jpg,None,-1,NOISE,0.0,True,False
61,Person_0186,Warehouse_015__Person_0186,81,81,Camera_05,15,Warehouse_015,Person,1,0.6557377049180327,630,7830,/pfs/data6/home/st/st_us-053000/st_st191959/DL-Lab/DataSet/MTMC_Tracking_2025_Preprocessed/val/Warehouse_015/crops/Person_0186/Camera_05/Person_0186_Camera_05_f000630_r012.jpg,None,-1,NOISE,0.0,True,False
6,Person_0186,Warehouse_015__Person_0186,81,81,Camera_07,17,Warehouse_015,Person,1,0.6666666666666666,8340,8370,/pfs/data6/home/st/st_us-053000/st_st191959/DL-Lab/DataSet/MTMC_Tracking_2025_Preprocessed/val/Warehouse_015/crops/Person_0186/Camera_07/Person_0186_Camera_07_f008340_r008.jpg,None,-1,NOISE,0.0,True,False
33,Person_0187,Warehouse_015__Person_0187,82,82,Camera,0,Warehouse_015,Person,1,0.6666666666666666,540,840,/pfs/data6/home/st/st_us-053000/st_st191959/DL-Lab/DataSet/MTMC_Tracking_2025_Preprocessed/val/Warehouse_015/crops/Person_0187/Camera/Person_0187_Camera_f000540_r015.jpg,None,-1,NOISE,0.0,True,False
807,Person_0187,Warehouse_015__Person_0187,82,82,Camera_01,11,Warehouse_015,Person,1,0.6617100371747212,0,8970,/pfs/data6/home/st/st_us-053000/st_st191959/DL-Lab/DataSet/MTMC_Tracking_2025_Preprocessed/val/Warehouse_015/crops/Person_0187/Camera_01/Person_0187_Camera_01_f000000_r043.jpg,None,-1,NOISE,0.0,True,False
780,Person_0187,Warehouse_015__Person_0187,82,82,Camera_02,12,Warehouse_015,Person,1,0.6666666666666666,1170,8970,/pfs/data6/home/st/st_us-053000/st_st191959/DL-Lab/DataSet/MTMC_Tracking_2025_Preprocessed/val/Warehouse_015/crops/Person_0187/Camera_02/Person_0187_Camera_02_f001170_r014.jpg,None,-1,NOISE,0.0,True,False
117,Person_0187,Warehouse_015__Person_0187,82,82,Camera_03,13,Warehouse_015,Person,1,0.6666666666666666,30,1170,/pfs/data6/home/st/st_us-053000/st_st191959/DL-Lab/DataSet/MTMC_Tracking_2025_Preprocessed/val/Warehouse_015/crops/Person_0187/Camera_03/Person_0187_Camera_03_f000030_r034.jpg,None,-1,NOISE,0.0,True,False
30,Person_0187,Warehouse_015__Person_0187,82,82,Camera_04,14,Warehouse_015,Person,1,0.6666666666666666,540,840,/pfs/data6/home/st/st_us-053000/st_st191959/DL-Lab/DataSet/MTMC_Tracking_2025_Preprocessed/val/Warehouse_015/crops/Person_0187/Camera_04/Person_0187_Camera_04_f000540_r008.jpg,None,-1,NOISE,0.0,True,False
735,Person_0187,Warehouse_015__Person_0187,82,82,Camera_05,15,Warehouse_015,Person,1,0.6666666666666666,0,8970,/pfs/data6/home/st/st_us-053000/st_st191959/DL-Lab/DataSet/MTMC_Tracking_2025_Preprocessed/val/Warehouse_015/crops/Person_0187/Camera_05/Person_0187_Camera_05_f000000_r025.jpg,None,-1,NOISE,0.0,True,False
406,Person_0187,Warehouse_015__Person_0187,82,82,Camera_08,18,Warehouse_015,Person,1,0.33497536945812806,120,8970,/pfs/data6/home/st/st_us-053000/st_st191959/DL-Lab/DataSet/MTMC_Tracking_2025_Preprocessed/val/Warehouse_015/crops/Person_0187/Camera_08/Person_0187_Camera_08_f000120_r020.jpg,None,-1,NOISE,0.0,True,False
871,Person_0187,Warehouse_015__Person_0187,82,82,Camera_10,20,Warehouse_015,Person,1,0.6567164179104478,0,8970,/pfs/data6/home/st/st_us-053000/st_st191959/DL-Lab/DataSet/MTMC_Tracking_2025_Preprocessed/val/Warehouse_015/crops/Person_0187/Camera_10/Person_0187_Camera_10_f000000_r050.jpg,None,-1,NOISE,0.0,True,False
812,Person_0187,Warehouse_015__Person_0187,82,82,Camera_12,22,Warehouse_015,Person,1,0.6354679802955665,0,8970,/pfs/data6/home/st/st_us-053000/st_st191959/DL-Lab/DataSet/MTMC_Tracking_2025_Preprocessed/val/Warehouse_015/crops/Person_0187/Camera_12/Person_0187_Camera_12_f000000_r046.jpg,None,-1,NOISE,0.0,True,False
552,Person_0188,Warehouse_015__Person_0188,83,83,Camera_04,14,Warehouse_015,Person,1,0.6666666666666666,1050,8760,/pfs/data6/home/st/st_us-053000/st_st191959/DL-Lab/DataSet/MTMC_Tracking_2025_Preprocessed/val/Warehouse_015/crops/Person_0188/Camera_04/Person_0188_Camera_04_f001050_r000.jpg,None,-1,NOISE,0.0,True,False
4,Person_0188,Warehouse_015__Person_0188,83,83,Camera_05,15,Warehouse_015,Person,0,0.0,8880,8970,/pfs/data6/home/st/st_us-053000/st_st191959/DL-Lab/DataSet/MTMC_Tracking_2025_Preprocessed/val/Warehouse_015/crops/Person_0188/Camera_05/Person_0188_Camera_05_f008880_r002.jpg,None,-1,NOISE,0.0,True,False
471,Person_0188,Warehouse_015__Person_0188,83,83,Camera_07,17,Warehouse_015,Person,1,0.6666666666666666,450,8970,/pfs/data6/home/st/st_us-053000/st_st191959/DL-Lab/DataSet/MTMC_Tracking_2025_Preprocessed/val/Warehouse_015/crops/Person_0188/Camera_07/Person_0188_Camera_07_f000450_r001.jpg,None,-1,NOISE,0.0,True,False
172,Person_0189,Warehouse_015__Person_0189,84,84,Camera_05,15,Warehouse_015,Person,1,0.6627906976744186,0,8640,/pfs/data6/home/st/st_us-053000/st_st191959/DL-Lab/DataSet/MTMC_Tracking_2025_Preprocessed/val/Warehouse_015/crops/Person_0189/Camera_05/Person_0189_Camera_05_f000000_r015.jpg,None,-1,NOISE,0.0,True,False
401,Person_0189,Warehouse_015__Person_0189,84,84,Camera_08,18,Warehouse_015,Person,1,0.5935162094763092,1620,8580,/pfs/data6/home/st/st_us-053000/st_st191959/DL-Lab/DataSet/MTMC_Tracking_2025_Preprocessed/val/Warehouse_015/crops/Person_0189/Camera_08/Person_0189_Camera_08_f001620_r019.jpg,None,-1,NOISE,0.0,True,False
34,Person_0189,Warehouse_015__Person_0189,84,84,Camera_11,21,Warehouse_015,Person,1,0.6470588235294118,5670,6000,/pfs/data6/home/st/st_us-053000/st_st191959/DL-Lab/DataSet/MTMC_Tracking_2025_Preprocessed/val/Warehouse_015/crops/Person_0189/Camera_11/Person_0189_Camera_11_f005670_r005.jpg,None,-1,NOISE,0.0,True,False
668,Person_0189,Warehouse_015__Person_0189,84,84,Camera_12,22,Warehouse_015,Person,1,0.5718562874251497,0,8970,/pfs/data6/home/st/st_us-053000/st_st191959/DL-Lab/DataSet/MTMC_Tracking_2025_Preprocessed/val/Warehouse_015/crops/Person_0189/Camera_12/Person_0189_Camera_12_f000000_r031.jpg,None,-1,NOISE,0.0,True,False
66,Person_0190,Warehouse_015__Person_0190,85,85,Camera_04,14,Warehouse_015,Person,1,0.6666666666666666,3120,5280,/pfs/data6/home/st/st_us-053000/st_st191959/DL-Lab/DataSet/MTMC_Tracking_2025_Preprocessed/val/Warehouse_015/crops/Person_0190/Camera_04/Person_0190_Camera_04_f003120_r009.jpg,None,-1,NOISE,0.0,True,False
57,Person_0190,Warehouse_015__Person_0190,85,85,Camera_06,16,Warehouse_015,Person,1,0.6666666666666666,6000,8970,/pfs/data6/home/st/st_us-053000/st_st191959/DL-Lab/DataSet/MTMC_Tracking_2025_Preprocessed/val/Warehouse_015/crops/Person_0190/Camera_06/Person_0190_Camera_06_f006000_r003.jpg,None,-1,NOISE,0.0,True,False
52,Person_0190,Warehouse_015__Person_0190,85,85,Camera_08,18,Warehouse_015,Person,1,0.6153846153846154,4980,7740,/pfs/data6/home/st/st_us-053000/st_st191959/DL-Lab/DataSet/MTMC_Tracking_2025_Preprocessed/val/Warehouse_015/crops/Person_0190/Camera_08/Person_0190_Camera_08_f004980_r014.jpg,None,-1,NOISE,0.0,True,False
234,Person_0190,Warehouse_015__Person_0190,85,85,Camera_09,19,Warehouse_015,Person,1,0.6666666666666666,900,3900,/pfs/data6/home/st/st_us-053000/st_st191959/DL-Lab/DataSet/MTMC_Tracking_2025_Preprocessed/val/Warehouse_015/crops/Person_0190/Camera_09/Person_0190_Camera_09_f000900_r005.jpg,None,-1,NOISE,0.0,True,False
54,Person_0190,Warehouse_015__Person_0190,85,85,Camera_11,21,Warehouse_015,Person,1,0.6666666666666666,0,8970,/pfs/data6/home/st/st_us-053000/st_st191959/DL-Lab/DataSet/MTMC_Tracking_2025_Preprocessed/val/Warehouse_015/crops/Person_0190/Camera_11/Person_0190_Camera_11_f000000_r008.jpg,None,-1,NOISE,0.0,True,False
145,Person_0191,Warehouse_015__Person_0191,86,86,Camera,0,Warehouse_015,Person,1,0.6620689655172414,180,1920,/pfs/data6/home/st/st_us-053000/st_st191959/DL-Lab/DataSet/MTMC_Tracking_2025_Preprocessed/val/Warehouse_015/crops/Person_0191/Camera/Person_0191_Camera_f000180_r021.jpg,None,-1,NOISE,0.0,True,False
458,Person_0191,Warehouse_015__Person_0191,86,86,Camera_05,15,Warehouse_015,Person,1,0.6462882096069869,0,8970,/pfs/data6/home/st/st_us-053000/st_st191959/DL-Lab/DataSet/MTMC_Tracking_2025_Preprocessed/val/Warehouse_015/crops/Person_0191/Camera_05/Person_0191_Camera_05_f000000_r023.jpg,None,-1,NOISE,0.0,True,False
94,Person_0191,Warehouse_015__Person_0191,86,86,Camera_08,18,Warehouse_015,Person,1,0.48936170212765956,3240,8100,/pfs/data6/home/st/st_us-053000/st_st191959/DL-Lab/DataSet/MTMC_Tracking_2025_Preprocessed/val/Warehouse_015/crops/Person_0191/Camera_08/Person_0191_Camera_08_f003240_r019.jpg,None,-1,NOISE,0.0,True,False
39,Person_0191,Warehouse_015__Person_0191,86,86,Camera_09,19,Warehouse_015,Person,1,0.6666666666666666,210,1320,/pfs/data6/home/st/st_us-053000/st_st191959/DL-Lab/DataSet/MTMC_Tracking_2025_Preprocessed/val/Warehouse_015/crops/Person_0191/Camera_09/Person_0191_Camera_09_f000210_r006.jpg,None,-1,NOISE,0.0,True,False
30,Person_0192,Warehouse_015__Person_0192,87,87,Camera_07,17,Warehouse_015,Person,1,0.6666666666666666,2130,2400,/pfs/data6/home/st/st_us-053000/st_st191959/DL-Lab/DataSet/MTMC_Tracking_2025_Preprocessed/val/Warehouse_015/crops/Person_0192/Camera_07/Person_0192_Camera_07_f002130_r002.jpg,None,-1,NOISE,0.0,True,False
21,Person_0193,Warehouse_015__Person_0193,88,88,Camera_02,12,Warehouse_015,Person,1,0.6666666666666666,3300,3480,/pfs/data6/home/st/st_us-053000/st_st191959/DL-Lab/DataSet/MTMC_Tracking_2025_Preprocessed/val/Warehouse_015/crops/Person_0193/Camera_02/Person_0193_Camera_02_f003300_r010.jpg,None,-1,NOISE,0.0,True,False
390,Person_0193,Warehouse_015__Person_0193,88,88,Camera_06,16,Warehouse_015,Person,1,0.6666666666666666,390,7770,/pfs/data6/home/st/st_us-053000/st_st191959/DL-Lab/DataSet/MTMC_Tracking_2025_Preprocessed/val/Warehouse_015/crops/Person_0193/Camera_06/Person_0193_Camera_06_f000390_r010.jpg,None,-1,NOISE,0.0,True,False
33,Person_0193,Warehouse_015__Person_0193,88,88,Camera_07,17,Warehouse_015,Person,1,0.6666666666666666,2160,2460,/pfs/data6/home/st/st_us-053000/st_st191959/DL-Lab/DataSet/MTMC_Tracking_2025_Preprocessed/val/Warehouse_015/crops/Person_0193/Camera_07/Person_0193_Camera_07_f002160_r013.jpg,None,-1,NOISE,0.0,True,False
23,Person_0193,Warehouse_015__Person_0193,88,88,Camera_08,18,Warehouse_015,Person,1,0.6086956521739131,2970,3480,/pfs/data6/home/st/st_us-053000/st_st191959/DL-Lab/DataSet/MTMC_Tracking_2025_Preprocessed/val/Warehouse_015/crops/Person_0193/Camera_08/Person_0193_Camera_08_f002970_r020.jpg,None,-1,NOISE,0.0,True,False
352,Person_0193,Warehouse_015__Person_0193,88,88,Camera_11,21,Warehouse_015,Person,1,0.6647727272727273,420,7740,/pfs/data6/home/st/st_us-053000/st_st191959/DL-Lab/DataSet/MTMC_Tracking_2025_Preprocessed/val/Warehouse_015/crops/Person_0193/Camera_11/Person_0193_Camera_11_f000420_r008.jpg,None,-1,NOISE,0.0,True,False
274,Person_0194,Warehouse_015__Person_0194,89,89,Camera_04,14,Warehouse_015,Person,1,0.6642335766423357,780,7620,/pfs/data6/home/st/st_us-053000/st_st191959/DL-Lab/DataSet/MTMC_Tracking_2025_Preprocessed/val/Warehouse_015/crops/Person_0194/Camera_04/Person_0194_Camera_04_f000780_r005.jpg,None,-1,NOISE,0.0,True,False
275,Person_0194,Warehouse_015__Person_0194,89,89,Camera_08,18,Warehouse_015,Person,1,0.6618181818181819,420,8910,/pfs/data6/home/st/st_us-053000/st_st191959/DL-Lab/DataSet/MTMC_Tracking_2025_Preprocessed/val/Warehouse_015/crops/Person_0194/Camera_08/Person_0194_Camera_08_f000420_r012.jpg,None,-1,NOISE,0.0,True,False
139,Person_0194,Warehouse_015__Person_0194,89,89,Camera_09,19,Warehouse_015,Person,1,0.6618705035971223,5070,7230,/pfs/data6/home/st/st_us-053000/st_st191959/DL-Lab/DataSet/MTMC_Tracking_2025_Preprocessed/val/Warehouse_015/crops/Person_0194/Camera_09/Person_0194_Camera_09_f005070_r004.jpg,None,-1,NOISE,0.0,True,False
505,Person_0195,Warehouse_015__Person_0195,90,90,Camera_01,11,Warehouse_015,Person,1,0.6613861386138614,0,8970,/pfs/data6/home/st/st_us-053000/st_st191959/DL-Lab/DataSet/MTMC_Tracking_2025_Preprocessed/val/Warehouse_015/crops/Person_0195/Camera_01/Person_0195_Camera_01_f000000_r036.jpg,None,-1,NOISE,0.0,True,False
667,Person_0195,Warehouse_015__Person_0195,90,90,Camera_02,12,Warehouse_015,Person,1,0.6656671664167916,840,8970,/pfs/data6/home/st/st_us-053000/st_st191959/DL-Lab/DataSet/MTMC_Tracking_2025_Preprocessed/val/Warehouse_015/crops/Person_0195/Camera_02/Person_0195_Camera_02_f000840_r010.jpg,None,-1,NOISE,0.0,True,False
114,Person_0195,Warehouse_015__Person_0195,90,90,Camera_03,13,Warehouse_015,Person,1,0.6666666666666666,0,7860,/pfs/data6/home/st/st_us-053000/st_st191959/DL-Lab/DataSet/MTMC_Tracking_2025_Preprocessed/val/Warehouse_015/crops/Person_0195/Camera_03/Person_0195_Camera_03_f000000_r029.jpg,None,-1,NOISE,0.0,True,False
398,Person_0195,Warehouse_015__Person_0195,90,90,Camera_05,15,Warehouse_015,Person,1,0.6582914572864321,0,8970,/pfs/data6/home/st/st_us-053000/st_st191959/DL-Lab/DataSet/MTMC_Tracking_2025_Preprocessed/val/Warehouse_015/crops/Person_0195/Camera_05/Person_0195_Camera_05_f000000_r019.jpg,None,-1,NOISE,0.0,True,False
273,Person_0195,Warehouse_015__Person_0195,90,90,Camera_08,18,Warehouse_015,Person,1,0.5201465201465202,240,5970,/pfs/data6/home/st/st_us-053000/st_st191959/DL-Lab/DataSet/MTMC_Tracking_2025_Preprocessed/val/Warehouse_015/crops/Person_0195/Camera_08/Person_0195_Camera_08_f000240_r014.jpg,None,-1,NOISE,0.0,True,False
387,Person_0195,Warehouse_015__Person_0195,90,90,Camera_10,20,Warehouse_015,Person,1,0.6666666666666666,0,8970,/pfs/data6/home/st/st_us-053000/st_st191959/DL-Lab/DataSet/MTMC_Tracking_2025_Preprocessed/val/Warehouse_015/crops/Person_0195/Camera_10/Person_0195_Camera_10_f000000_r044.jpg,None,-1,NOISE,0.0,True,False
96,Person_0195,Warehouse_015__Person_0195,90,90,Camera_11,21,Warehouse_015,Person,1,0.6666666666666666,2970,8700,/pfs/data6/home/st/st_us-053000/st_st191959/DL-Lab/DataSet/MTMC_Tracking_2025_Preprocessed/val/Warehouse_015/crops/Person_0195/Camera_11/Person_0195_Camera_11_f002970_r007.jpg,None,-1,NOISE,0.0,True,False
310,Person_0196,Warehouse_015__Person_0196,91,91,Camera,0,Warehouse_015,Person,1,0.6645161290322581,2970,8160,/pfs/data6/home/st/st_us-053000/st_st191959/DL-Lab/DataSet/MTMC_Tracking_2025_Preprocessed/val/Warehouse_015/crops/Person_0196/Camera/Person_0196_Camera_f002970_r008.jpg,None,-1,NOISE,0.0,True,False
9,Person_0196,Warehouse_015__Person_0196,91,91,Camera_04,14,Warehouse_015,Person,1,0.6666666666666666,5130,5190,/pfs/data6/home/st/st_us-053000/st_st191959/DL-Lab/DataSet/MTMC_Tracking_2025_Preprocessed/val/Warehouse_015/crops/Person_0196/Camera_04/Person_0196_Camera_04_f005130_r004.jpg,None,-1,NOISE,0.0,True,False
113,Person_0196,Warehouse_015__Person_0196,91,91,Camera_06,16,Warehouse_015,Person,1,0.6548672566371682,120,8790,/pfs/data6/home/st/st_us-053000/st_st191959/DL-Lab/DataSet/MTMC_Tracking_2025_Preprocessed/val/Warehouse_015/crops/Person_0196/Camera_06/Person_0196_Camera_06_f000120_r004.jpg,None,-1,NOISE,0.0,True,False
64,Person_0196,Warehouse_015__Person_0196,91,91,Camera_09,19,Warehouse_015,Person,1,0.65625,3060,5250,/pfs/data6/home/st/st_us-053000/st_st191959/DL-Lab/DataSet/MTMC_Tracking_2025_Preprocessed/val/Warehouse_015/crops/Person_0196/Camera_09/Person_0196_Camera_09_f003060_r001.jpg,None,-1,NOISE,0.0,True,False
792,Person_0196,Warehouse_015__Person_0196,91,91,Camera_10,20,Warehouse_015,Person,1,0.6565656565656566,0,8970,/pfs/data6/home/st/st_us-053000/st_st191959/DL-Lab/DataSet/MTMC_Tracking_2025_Preprocessed/val/Warehouse_015/crops/Person_0196/Camera_10/Person_0196_Camera_10_f000000_r017.jpg,None,-1,NOISE,0.0,True,False
69,Person_0196,Warehouse_015__Person_0196,91,91,Camera_11,21,Warehouse_015,Person,1,0.6666666666666666,1620,8730,/pfs/data6/home/st/st_us-053000/st_st191959/DL-Lab/DataSet/MTMC_Tracking_2025_Preprocessed/val/Warehouse_015/crops/Person_0196/Camera_11/Person_0196_Camera_11_f001620_r001.jpg,None,-1,NOISE,0.0,True,False
749,Person_0196,Warehouse_015__Person_0196,91,91,Camera_12,22,Warehouse_015,Person,1,0.664886515353805,0,8970,/pfs/data6/home/st/st_us-053000/st_st191959/DL-Lab/DataSet/MTMC_Tracking_2025_Preprocessed/val/Warehouse_015/crops/Person_0196/Camera_12/Person_0196_Camera_12_f000000_r015.jpg,None,-1,NOISE,0.0,True,False
289,Person_0197,Warehouse_015__Person_0197,92,92,Camera,0,Warehouse_015,Person,1,0.6643598615916955,840,6180,/pfs/data6/home/st/st_us-053000/st_st191959/DL-Lab/DataSet/MTMC_Tracking_2025_Preprocessed/val/Warehouse_015/crops/Person_0197/Camera/Person_0197_Camera_f000840_r012.jpg,None,-1,NOISE,0.0,True,False
39,Person_0197,Warehouse_015__Person_0197,92,92,Camera_02,12,Warehouse_015,Person,1,0.6666666666666666,6840,8910,/pfs/data6/home/st/st_us-053000/st_st191959/DL-Lab/DataSet/MTMC_Tracking_2025_Preprocessed/val/Warehouse_015/crops/Person_0197/Camera_02/Person_0197_Camera_02_f006840_r008.jpg,None,-1,NOISE,0.0,True,False
814,Person_0197,Warehouse_015__Person_0197,92,92,Camera_03,13,Warehouse_015,Person,1,0.6609336609336609,0,8970,/pfs/data6/home/st/st_us-053000/st_st191959/DL-Lab/DataSet/MTMC_Tracking_2025_Preprocessed/val/Warehouse_015/crops/Person_0197/Camera_03/Person_0197_Camera_03_f000000_r028.jpg,None,-1,NOISE,0.0,True,False
120,Person_0197,Warehouse_015__Person_0197,92,92,Camera_04,14,Warehouse_015,Person,1,0.6666666666666666,2370,6000,/pfs/data6/home/st/st_us-053000/st_st191959/DL-Lab/DataSet/MTMC_Tracking_2025_Preprocessed/val/Warehouse_015/crops/Person_0197/Camera_04/Person_0197_Camera_04_f002370_r012.jpg,None,-1,NOISE,0.0,True,False
237,Person_0197,Warehouse_015__Person_0197,92,92,Camera_07,17,Warehouse_015,Person,1,0.6666666666666666,810,6090,/pfs/data6/home/st/st_us-053000/st_st191959/DL-Lab/DataSet/MTMC_Tracking_2025_Preprocessed/val/Warehouse_015/crops/Person_0197/Camera_07/Person_0197_Camera_07_f000810_r012.jpg,None,-1,NOISE,0.0,True,False
299,Person_0197,Warehouse_015__Person_0197,92,92,Camera_08,18,Warehouse_015,Person,1,0.6622073578595318,5220,8970,/pfs/data6/home/st/st_us-053000/st_st191959/DL-Lab/DataSet/MTMC_Tracking_2025_Preprocessed/val/Warehouse_015/crops/Person_0197/Camera_08/Person_0197_Camera_08_f005220_r019.jpg,None,-1,NOISE,0.0,True,False
70,Person_0197,Warehouse_015__Person_0197,92,92,Camera_09,19,Warehouse_015,Person,1,0.6571428571428571,1110,1800,/pfs/data6/home/st/st_us-053000/st_st191959/DL-Lab/DataSet/MTMC_Tracking_2025_Preprocessed/val/Warehouse_015/crops/Person_0197/Camera_09/Person_0197_Camera_09_f001110_r007.jpg,None,-1,NOISE,0.0,True,False
463,Person_0199,Warehouse_015__Person_0199,94,94,Camera,0,Warehouse_015,Person,1,0.6652267818574514,3360,8970,/pfs/data6/home/st/st_us-053000/st_st191959/DL-Lab/DataSet/MTMC_Tracking_2025_Preprocessed/val/Warehouse_015/crops/Person_0199/Camera/Person_0199_Camera_f003360_r007.jpg,None,-1,NOISE,0.0,True,False
874,Person_0200,Warehouse_015__Person_0200,95,95,Camera_01,11,Warehouse_015,Person,1,0.665903890160183,210,8970,/pfs/data6/home/st/st_us-053000/st_st191959/DL-Lab/DataSet/MTMC_Tracking_2025_Preprocessed/val/Warehouse_015/crops/Person_0200/Camera_01/Person_0200_Camera_01_f000210_r048.jpg,None,-1,NOISE,0.0,True,False
867,Person_0200,Warehouse_015__Person_0200,95,95,Camera_02,12,Warehouse_015,Person,1,0.6666666666666666,180,8970,/pfs/data6/home/st/st_us-053000/st_st191959/DL-Lab/DataSet/MTMC_Tracking_2025_Preprocessed/val/Warehouse_015/crops/Person_0200/Camera_02/Person_0200_Camera_02_f000180_r014.jpg,None,-1,NOISE,0.0,True,False
709,Person_0200,Warehouse_015__Person_0200,95,95,Camera_03,13,Warehouse_015,Person,1,0.6600846262341326,0,8970,/pfs/data6/home/st/st_us-053000/st_st191959/DL-Lab/DataSet/MTMC_Tracking_2025_Preprocessed/val/Warehouse_015/crops/Person_0200/Camera_03/Person_0200_Camera_03_f000000_r036.jpg,None,-1,NOISE,0.0,True,False
829,Person_0200,Warehouse_015__Person_0200,95,95,Camera_08,18,Warehouse_015,Person,1,0.6537997587454765,0,8970,/pfs/data6/home/st/st_us-053000/st_st191959/DL-Lab/DataSet/MTMC_Tracking_2025_Preprocessed/val/Warehouse_015/crops/Person_0200/Camera_08/Person_0200_Camera_08_f000000_r027.jpg,None,-1,NOISE,0.0,True,False
710,Person_0200,Warehouse_015__Person_0200,95,95,Camera_10,20,Warehouse_015,Person,1,0.5830985915492958,0,8970,/pfs/data6/home/st/st_us-053000/st_st191959/DL-Lab/DataSet/MTMC_Tracking_2025_Preprocessed/val/Warehouse_015/crops/Person_0200/Camera_10/Person_0200_Camera_10_f000000_r054.jpg,None,-1,NOISE,0.0,True,False
12,Person_0201,Warehouse_015__Person_0201,96,96,Camera_02,12,Warehouse_015,Person,1,0.6666666666666666,8340,8430,/pfs/data6/home/st/st_us-053000/st_st191959/DL-Lab/DataSet/MTMC_Tracking_2025_Preprocessed/val/Warehouse_015/crops/Person_0201/Camera_02/Person_0201_Camera_02_f008340_r010.jpg,None,-1,NOISE,0.0,True,False
171,Person_0201,Warehouse_015__Person_0201,96,96,Camera_06,16,Warehouse_015,Person,1,0.6666666666666666,660,8970,/pfs/data6/home/st/st_us-053000/st_st191959/DL-Lab/DataSet/MTMC_Tracking_2025_Preprocessed/val/Warehouse_015/crops/Person_0201/Camera_06/Person_0201_Camera_06_f000660_r005.jpg,None,-1,NOISE,0.0,True,False
102,Person_0201,Warehouse_015__Person_0201,96,96,Camera_07,17,Warehouse_015,Person,1,0.6666666666666666,0,4500,/pfs/data6/home/st/st_us-053000/st_st191959/DL-Lab/DataSet/MTMC_Tracking_2025_Preprocessed/val/Warehouse_015/crops/Person_0201/Camera_07/Person_0201_Camera_07_f000000_r014.jpg,None,-1,NOISE,0.0,True,False
284,Person_0201,Warehouse_015__Person_0201,96,96,Camera_08,18,Warehouse_015,Person,1,0.647887323943662,2550,7530,/pfs/data6/home/st/st_us-053000/st_st191959/DL-Lab/DataSet/MTMC_Tracking_2025_Preprocessed/val/Warehouse_015/crops/Person_0201/Camera_08/Person_0201_Camera_08_f002550_r017.jpg,None,-1,NOISE,0.0,True,False
153,Person_0201,Warehouse_015__Person_0201,96,96,Camera_11,21,Warehouse_015,Person,1,0.6666666666666666,780,8970,/pfs/data6/home/st/st_us-053000/st_st191959/DL-Lab/DataSet/MTMC_Tracking_2025_Preprocessed/val/Warehouse_015/crops/Person_0201/Camera_11/Person_0201_Camera_11_f000780_r009.jpg,None,-1,NOISE,0.0,True,False
6,Person_0202,Warehouse_015__Person_0202,97,97,Camera_09,19,Warehouse_015,Person,1,0.6666666666666666,390,420,/pfs/data6/home/st/st_us-053000/st_st191959/DL-Lab/DataSet/MTMC_Tracking_2025_Preprocessed/val/Warehouse_015/crops/Person_0202/Camera_09/Person_0202_Camera_09_f000390_r004.jpg,None,-1,NOISE,0.0,True,False
138,Person_0215,Warehouse_015__Person_0215,98,98,Camera,0,Warehouse_015,Person,1,0.6666666666666666,7500,8850,/pfs/data6/home/st/st_us-053000/st_st191959/DL-Lab/DataSet/MTMC_Tracking_2025_Preprocessed/val/Warehouse_015/crops/Person_0215/Camera/Person_0215_Camera_f007500_r010.jpg,None,-1,NOISE,0.0,True,False
45,Person_0215,Warehouse_015__Person_0215,98,98,Camera_02,12,Warehouse_015,Person,1,0.5777777777777777,1380,1950,/pfs/data6/home/st/st_us-053000/st_st191959/DL-Lab/DataSet/MTMC_Tracking_2025_Preprocessed/val/Warehouse_015/crops/Person_0215/Camera_02/Person_0215_Camera_02_f001380_r006.jpg,None,-1,NOISE,0.0,True,False
36,Person_0215,Warehouse_015__Person_0215,98,98,Camera_04,14,Warehouse_015,Person,1,0.6666666666666666,8220,8550,/pfs/data6/home/st/st_us-053000/st_st191959/DL-Lab/DataSet/MTMC_Tracking_2025_Preprocessed/val/Warehouse_015/crops/Person_0215/Camera_04/Person_0215_Camera_04_f008220_r007.jpg,None,-1,NOISE,0.0,True,False
57,Person_0215,Warehouse_015__Person_0215,98,98,Camera_08,18,Warehouse_015,Person,1,0.6666666666666666,3780,4680,/pfs/data6/home/st/st_us-053000/st_st191959/DL-Lab/DataSet/MTMC_Tracking_2025_Preprocessed/val/Warehouse_015/crops/Person_0215/Camera_08/Person_0215_Camera_08_f003780_r013.jpg,None,-1,NOISE,0.0,True,False
45,Person_0215,Warehouse_015__Person_0215,98,98,Camera_09,19,Warehouse_015,Person,1,0.6666666666666666,8010,8460,/pfs/data6/home/st/st_us-053000/st_st191959/DL-Lab/DataSet/MTMC_Tracking_2025_Preprocessed/val/Warehouse_015/crops/Person_0215/Camera_09/Person_0215_Camera_09_f008010_r002.jpg,None,-1,NOISE,0.0,True,False
334,Person_0216,Warehouse_015__Person_0216,99,99,Camera_01,11,Warehouse_015,Person,1,0.6467065868263473,0,8970,/pfs/data6/home/st/st_us-053000/st_st191959/DL-Lab/DataSet/MTMC_Tracking_2025_Preprocessed/val/Warehouse_015/crops/Person_0216/Camera_01/Person_0216_Camera_01_f000000_r046.jpg,None,-1,NOISE,0.0,True,False
101,Person_0216,Warehouse_015__Person_0216,99,99,Camera_03,13,Warehouse_015,Person,1,0.6336633663366337,6480,8970,/pfs/data6/home/st/st_us-053000/st_st191959/DL-Lab/DataSet/MTMC_Tracking_2025_Preprocessed/val/Warehouse_015/crops/Person_0216/Camera_03/Person_0216_Camera_03_f006480_r033.jpg,None,-1,NOISE,0.0,True,False
255,Person_0216,Warehouse_015__Person_0216,99,99,Camera_05,15,Warehouse_015,Person,1,0.6666666666666666,0,2790,/pfs/data6/home/st/st_us-053000/st_st191959/DL-Lab/DataSet/MTMC_Tracking_2025_Preprocessed/val/Warehouse_015/crops/Person_0216/Camera_05/Person_0216_Camera_05_f000000_r027.jpg,None,-1,NOISE,0.0,True,False
12,Person_0216,Warehouse_015__Person_0216,99,99,Camera_07,17,Warehouse_015,Person,1,0.6666666666666666,8880,8970,/pfs/data6/home/st/st_us-053000/st_st191959/DL-Lab/DataSet/MTMC_Tracking_2025_Preprocessed/val/Warehouse_015/crops/Person_0216/Camera_07/Person_0216_Camera_07_f008880_r009.jpg,None,-1,NOISE,0.0,True,False
375,Person_0217,Warehouse_015__Person_0217,100,100,Camera,0,Warehouse_015,Person,1,0.6666666666666666,3990,8970,/pfs/data6/home/st/st_us-053000/st_st191959/DL-Lab/DataSet/MTMC_Tracking_2025_Preprocessed/val/Warehouse_015/crops/Person_0217/Camera/Person_0217_Camera_f003990_r002.jpg,None,-1,NOISE,0.0,True,False
177,Person_0217,Warehouse_015__Person_0217,100,100,Camera_02,12,Warehouse_015,Person,1,0.632768361581921,0,2160,/pfs/data6/home/st/st_us-053000/st_st191959/DL-Lab/DataSet/MTMC_Tracking_2025_Preprocessed/val/Warehouse_015/crops/Person_0217/Camera_02/Person_0217_Camera_02_f000000_r001.jpg,None,-1,NOISE,0.0,True,False
46,Person_0217,Warehouse_015__Person_0217,100,100,Camera_04,14,Warehouse_015,Person,1,0.6521739130434783,5940,8970,/pfs/data6/home/st/st_us-053000/st_st191959/DL-Lab/DataSet/MTMC_Tracking_2025_Preprocessed/val/Warehouse_015/crops/Person_0217/Camera_04/Person_0217_Camera_04_f005940_r001.jpg,None,-1,NOISE,0.0,True,False
6,Person_0217,Warehouse_015__Person_0217,100,100,Camera_06,16,Warehouse_015,Person,1,0.6666666666666666,3210,3240,/pfs/data6/home/st/st_us-053000/st_st191959/DL-Lab/DataSet/MTMC_Tracking_2025_Preprocessed/val/Warehouse_015/crops/Person_0217/Camera_06/Person_0217_Camera_06_f003210_r001.jpg,None,-1,NOISE,0.0,True,False
73,Person_0217,Warehouse_015__Person_0217,100,100,Camera_08,18,Warehouse_015,Person,1,0.5205479452054794,840,1920,/pfs/data6/home/st/st_us-053000/st_st191959/DL-Lab/DataSet/MTMC_Tracking_2025_Preprocessed/val/Warehouse_015/crops/Person_0217/Camera_08/Person_0217_Camera_08_f000840_r004.jpg,None,-1,NOISE,0.0,True,False
255,Person_0217,Warehouse_015__Person_0217,100,100,Camera_09,19,Warehouse_015,Person,1,0.6666666666666666,5130,8880,/pfs/data6/home/st/st_us-053000/st_st191959/DL-Lab/DataSet/MTMC_Tracking_2025_Preprocessed/val/Warehouse_015/crops/Person_0217/Camera_09/Person_0217_Camera_09_f005130_r000.jpg,None,-1,NOISE,0.0,True,False
45,Person_0217,Warehouse_015__Person_0217,100,100,Camera_11,21,Warehouse_015,Person,1,0.6666666666666666,0,750,/pfs/data6/home/st/st_us-053000/st_st191959/DL-Lab/DataSet/MTMC_Tracking_2025_Preprocessed/val/Warehouse_015/crops/Person_0217/Camera_11/Person_0217_Camera_11_f000000_r001.jpg,None,-1,NOISE,0.0,True,False
99,Person_0218,Warehouse_015__Person_0218,101,101,Camera,0,Warehouse_015,Person,1,0.6666666666666666,4080,5040,/pfs/data6/home/st/st_us-053000/st_st191959/DL-Lab/DataSet/MTMC_Tracking_2025_Preprocessed/val/Warehouse_015/crops/Person_0218/Camera/Person_0218_Camera_f004080_r019.jpg,None,-1,NOISE,0.0,True,False
491,Person_0218,Warehouse_015__Person_0218,101,101,Camera_01,11,Warehouse_015,Person,1,0.6639511201629328,0,8940,/pfs/data6/home/st/st_us-053000/st_st191959/DL-Lab/DataSet/MTMC_Tracking_2025_Preprocessed/val/Warehouse_015/crops/Person_0218/Camera_01/Person_0218_Camera_01_f000000_r034.jpg,None,-1,NOISE,0.0,True,False
309,Person_0218,Warehouse_015__Person_0218,101,101,Camera_03,13,Warehouse_015,Person,1,0.6666666666666666,3480,8970,/pfs/data6/home/st/st_us-053000/st_st191959/DL-Lab/DataSet/MTMC_Tracking_2025_Preprocessed/val/Warehouse_015/crops/Person_0218/Camera_03/Person_0218_Camera_03_f003480_r030.jpg,None,-1,NOISE,0.0,True,False
187,Person_0218,Warehouse_015__Person_0218,101,101,Camera_05,15,Warehouse_015,Person,1,0.6310160427807486,0,7710,/pfs/data6/home/st/st_us-053000/st_st191959/DL-Lab/DataSet/MTMC_Tracking_2025_Preprocessed/val/Warehouse_015/crops/Person_0218/Camera_05/Person_0218_Camera_05_f000000_r017.jpg,None,-1,NOISE,0.0,True,False
87,Person_0218,Warehouse_015__Person_0218,101,101,Camera_11,21,Warehouse_015,Person,1,0.6666666666666666,0,2220,/pfs/data6/home/st/st_us-053000/st_st191959/DL-Lab/DataSet/MTMC_Tracking_2025_Preprocessed/val/Warehouse_015/crops/Person_0218/Camera_11/Person_0218_Camera_11_f000000_r009.jpg,None,-1,NOISE,0.0,True,False
262,Person_0219,Warehouse_015__Person_0219,102,102,Camera_02,12,Warehouse_015,Person,1,0.6641221374045801,930,8070,/pfs/data6/home/st/st_us-053000/st_st191959/DL-Lab/DataSet/MTMC_Tracking_2025_Preprocessed/val/Warehouse_015/crops/Person_0219/Camera_02/Person_0219_Camera_02_f000930_r009.jpg,None,-1,NOISE,0.0,True,False
628,Person_0219,Warehouse_015__Person_0219,102,102,Camera_05,15,Warehouse_015,Person,1,0.6624203821656051,0,8970,/pfs/data6/home/st/st_us-053000/st_st191959/DL-Lab/DataSet/MTMC_Tracking_2025_Preprocessed/val/Warehouse_015/crops/Person_0219/Camera_05/Person_0219_Camera_05_f000000_r022.jpg,None,-1,NOISE,0.0,True,False
295,Person_0219,Warehouse_015__Person_0219,102,102,Camera_06,16,Warehouse_015,Person,1,0.6644067796610169,30,8970,/pfs/data6/home/st/st_us-053000/st_st191959/DL-Lab/DataSet/MTMC_Tracking_2025_Preprocessed/val/Warehouse_015/crops/Person_0219/Camera_06/Person_0219_Camera_06_f000030_r009.jpg,None,-1,NOISE,0.0,True,False
33,Person_0219,Warehouse_015__Person_0219,102,102,Camera_08,18,Warehouse_015,Person,1,0.6666666666666666,7140,7440,/pfs/data6/home/st/st_us-053000/st_st191959/DL-Lab/DataSet/MTMC_Tracking_2025_Preprocessed/val/Warehouse_015/crops/Person_0219/Camera_08/Person_0219_Camera_08_f007140_r021.jpg,None,-1,NOISE,0.0,True,False
542,Person_0219,Warehouse_015__Person_0219,102,102,Camera_12,22,Warehouse_015,Person,1,0.6162361623616236,60,8160,/pfs/data6/home/st/st_us-053000/st_st191959/DL-Lab/DataSet/MTMC_Tracking_2025_Preprocessed/val/Warehouse_015/crops/Person_0219/Camera_12/Person_0219_Camera_12_f000060_r043.jpg,None,-1,NOISE,0.0,True,False
879,Person_0220,Warehouse_015__Person_0220,103,103,Camera_01,11,Warehouse_015,Person,1,0.6666666666666666,0,8970,/pfs/data6/home/st/st_us-053000/st_st191959/DL-Lab/DataSet/MTMC_Tracking_2025_Preprocessed/val/Warehouse_015/crops/Person_0220/Camera_01/Person_0220_Camera_01_f000000_r014.jpg,None,-1,NOISE,0.0,True,False
81,Person_0220,Warehouse_015__Person_0220,103,103,Camera_02,12,Warehouse_015,Person,1,0.6666666666666666,210,2460,/pfs/data6/home/st/st_us-053000/st_st191959/DL-Lab/DataSet/MTMC_Tracking_2025_Preprocessed/val/Warehouse_015/crops/Person_0220/Camera_02/Person_0220_Camera_02_f000210_r006.jpg,None,-1,NOISE,0.0,True,False
719,Person_0220,Warehouse_015__Person_0220,103,103,Camera_03,13,Warehouse_015,Person,1,0.6648122392211405,1140,8970,/pfs/data6/home/st/st_us-053000/st_st191959/DL-Lab/DataSet/MTMC_Tracking_2025_Preprocessed/val/Warehouse_015/crops/Person_0220/Camera_03/Person_0220_Camera_03_f001140_r012.jpg,None,-1,NOISE,0.0,True,False
38,Person_0220,Warehouse_015__Person_0220,103,103,Camera_06,16,Warehouse_015,Person,1,0.631578947368421,870,1290,/pfs/data6/home/st/st_us-053000/st_st191959/DL-Lab/DataSet/MTMC_Tracking_2025_Preprocessed/val/Warehouse_015/crops/Person_0220/Camera_06/Person_0220_Camera_06_f000870_r004.jpg,None,-1,NOISE,0.0,True,False
82,Person_0220,Warehouse_015__Person_0220,103,103,Camera_11,21,Warehouse_015,Person,1,0.6585365853658537,270,1080,/pfs/data6/home/st/st_us-053000/st_st191959/DL-Lab/DataSet/MTMC_Tracking_2025_Preprocessed/val/Warehouse_015/crops/Person_0220/Camera_11/Person_0220_Camera_11_f000270_r004.jpg,None,-1,NOISE,0.0,True,False
471,Person_0221,Warehouse_015__Person_0221,104,104,Camera_03,13,Warehouse_015,Person,1,0.6666666666666666,720,8970,/pfs/data6/home/st/st_us-053000/st_st191959/DL-Lab/DataSet/MTMC_Tracking_2025_Preprocessed/val/Warehouse_015/crops/Person_0221/Camera_03/Person_0221_Camera_03_f000720_r004.jpg,None,-1,NOISE,0.0,True,False
190,Person_0221,Warehouse_015__Person_0221,104,104,Camera_05,15,Warehouse_015,Person,1,0.6631578947368421,0,8970,/pfs/data6/home/st/st_us-053000/st_st191959/DL-Lab/DataSet/MTMC_Tracking_2025_Preprocessed/val/Warehouse_015/crops/Person_0221/Camera_05/Person_0221_Camera_05_f000000_r002.jpg,None,-1,NOISE,0.0,True,False
18,Person_0221,Warehouse_015__Person_0221,104,104,Camera_07,17,Warehouse_015,Person,1,0.6666666666666666,5160,6780,/pfs/data6/home/st/st_us-053000/st_st191959/DL-Lab/DataSet/MTMC_Tracking_2025_Preprocessed/val/Warehouse_015/crops/Person_0221/Camera_07/Person_0221_Camera_07_f005160_r003.jpg,None,-1,NOISE,0.0,True,False
664,Person_0221,Warehouse_015__Person_0221,104,104,Camera_10,20,Warehouse_015,Person,1,0.6234939759036144,420,8970,/pfs/data6/home/st/st_us-053000/st_st191959/DL-Lab/DataSet/MTMC_Tracking_2025_Preprocessed/val/Warehouse_015/crops/Person_0221/Camera_10/Person_0221_Camera_10_f000420_r006.jpg,None,-1,NOISE,0.0,True,False
3,Person_0221,Warehouse_015__Person_0221,104,104,Camera_11,21,Warehouse_015,Person,1,0.6666666666666666,0,0,/pfs/data6/home/st/st_us-053000/st_st191959/DL-Lab/DataSet/MTMC_Tracking_2025_Preprocessed/val/Warehouse_015/crops/Person_0221/Camera_11/Person_0221_Camera_11_f000000_r000.jpg,None,-1,NOISE,0.0,True,False
709,Person_0222,Warehouse_015__Person_0222,105,105,Camera_01,11,Warehouse_015,Person,1,0.6657263751763046,0,8970,/pfs/data6/home/st/st_us-053000/st_st191959/DL-Lab/DataSet/MTMC_Tracking_2025_Preprocessed/val/Warehouse_015/crops/Person_0222/Camera_01/Person_0222_Camera_01_f000000_r045.jpg,None,-1,NOISE,0.0,True,False
867,Person_0222,Warehouse_015__Person_0222,105,105,Camera_02,12,Warehouse_015,Person,1,0.6666666666666666,0,8970,/pfs/data6/home/st/st_us-053000/st_st191959/DL-Lab/DataSet/MTMC_Tracking_2025_Preprocessed/val/Warehouse_015/crops/Person_0222/Camera_02/Person_0222_Camera_02_f000000_r014.jpg,None,-1,NOISE,0.0,True,False
24,Person_0222,Warehouse_015__Person_0222,105,105,Camera_03,13,Warehouse_015,Person,1,0.6666666666666666,1830,2040,/pfs/data6/home/st/st_us-053000/st_st191959/DL-Lab/DataSet/MTMC_Tracking_2025_Preprocessed/val/Warehouse_015/crops/Person_0222/Camera_03/Person_0222_Camera_03_f001830_r036.jpg,None,-1,NOISE,0.0,True,False
52,Person_0222,Warehouse_015__Person_0222,105,105,Camera_05,15,Warehouse_015,Person,1,0.6153846153846154,0,2400,/pfs/data6/home/st/st_us-053000/st_st191959/DL-Lab/DataSet/MTMC_Tracking_2025_Preprocessed/val/Warehouse_015/crops/Person_0222/Camera_05/Person_0222_Camera_05_f000000_r026.jpg,None,-1,NOISE,0.0,True,False
750,Person_0222,Warehouse_015__Person_0222,105,105,Camera_10,20,Warehouse_015,Person,1,0.6666666666666666,0,8970,/pfs/data6/home/st/st_us-053000/st_st191959/DL-Lab/DataSet/MTMC_Tracking_2025_Preprocessed/val/Warehouse_015/crops/Person_0222/Camera_10/Person_0222_Camera_10_f000000_r051.jpg,None,-1,NOISE,0.0,True,False
583,Person_0230,Warehouse_015__Person_0230,106,106,Camera_01,11,Warehouse_015,Person,1,0.6655231560891939,0,8970,/pfs/data6/home/st/st_us-053000/st_st191959/DL-Lab/DataSet/MTMC_Tracking_2025_Preprocessed/val/Warehouse_015/crops/Person_0230/Camera_01/Person_0230_Camera_01_f000000_r044.jpg,None,-1,NOISE,0.0,True,False
301,Person_0230,Warehouse_015__Person_0230,106,106,Camera_08,18,Warehouse_015,Person,1,0.6179401993355482,0,6450,/pfs/data6/home/st/st_us-053000/st_st191959/DL-Lab/DataSet/MTMC_Tracking_2025_Preprocessed/val/Warehouse_015/crops/Person_0230/Camera_08/Person_0230_Camera_08_f000000_r024.jpg,None,-1,NOISE,0.0,True,False
683,Person_0230,Warehouse_015__Person_0230,106,106,Camera_10,20,Warehouse_015,Person,1,0.6500732064421669,1770,8970,/pfs/data6/home/st/st_us-053000/st_st191959/DL-Lab/DataSet/MTMC_Tracking_2025_Preprocessed/val/Warehouse_015/crops/Person_0230/Camera_10/Person_0230_Camera_10_f001770_r055.jpg,None,-1,NOISE,0.0,True,False
791,Person_0230,Warehouse_015__Person_0230,106,106,Camera_12,22,Warehouse_015,Person,1,0.6219974715549936,0,8970,/pfs/data6/home/st/st_us-053000/st_st191959/DL-Lab/DataSet/MTMC_Tracking_2025_Preprocessed/val/Warehouse_015/crops/Person_0230/Camera_12/Person_0230_Camera_12_f000000_r047.jpg,None,-1,NOISE,0.0,True,False
585,Person_0231,Warehouse_015__Person_0231,107,107,Camera_01,11,Warehouse_015,Person,1,0.6564102564102564,300,8970,/pfs/data6/home/st/st_us-053000/st_st191959/DL-Lab/DataSet/MTMC_Tracking_2025_Preprocessed/val/Warehouse_015/crops/Person_0231/Camera_01/Person_0231_Camera_01_f000300_r019.jpg,None,-1,NOISE,0.0,True,False
135,Person_0231,Warehouse_015__Person_0231,107,107,Camera_04,14,Warehouse_015,Person,1,0.6666666666666666,5820,8280,/pfs/data6/home/st/st_us-053000/st_st191959/DL-Lab/DataSet/MTMC_Tracking_2025_Preprocessed/val/Warehouse_015/crops/Person_0231/Camera_04/Person_0231_Camera_04_f005820_r005.jpg,None,-1,NOISE,0.0,True,False
213,Person_0231,Warehouse_015__Person_0231,107,107,Camera_05,15,Warehouse_015,Person,1,0.6666666666666666,300,3210,/pfs/data6/home/st/st_us-053000/st_st191959/DL-Lab/DataSet/MTMC_Tracking_2025_Preprocessed/val/Warehouse_015/crops/Person_0231/Camera_05/Person_0231_Camera_05_f000300_r010.jpg,None,-1,NOISE,0.0,True,False
156,Person_0231,Warehouse_015__Person_0231,107,107,Camera_06,16,Warehouse_015,Person,1,0.6666666666666666,690,2220,/pfs/data6/home/st/st_us-053000/st_st191959/DL-Lab/DataSet/MTMC_Tracking_2025_Preprocessed/val/Warehouse_015/crops/Person_0231/Camera_06/Person_0231_Camera_06_f000690_r002.jpg,None,-1,NOISE,0.0,True,False
626,Person_0231,Warehouse_015__Person_0231,107,107,Camera_10,20,Warehouse_015,Person,1,0.6006389776357828,330,8970,/pfs/data6/home/st/st_us-053000/st_st191959/DL-Lab/DataSet/MTMC_Tracking_2025_Preprocessed/val/Warehouse_015/crops/Person_0231/Camera_10/Person_0231_Camera_10_f000330_r021.jpg,None,-1,NOISE,0.0,True,False
779,Person_0231,Warehouse_015__Person_0231,107,107,Camera_12,22,Warehouse_015,Person,1,0.6469833119383825,0,8970,/pfs/data6/home/st/st_us-053000/st_st191959/DL-Lab/DataSet/MTMC_Tracking_2025_Preprocessed/val/Warehouse_015/crops/Person_0231/Camera_12/Person_0231_Camera_12_f000000_r016.jpg,None,-1,NOISE,0.0,True,False
60,Person_0232,Warehouse_015__Person_0232,108,108,Camera,0,Warehouse_015,Person,1,0.6666666666666666,840,7530,/pfs/data6/home/st/st_us-053000/st_st191959/DL-Lab/DataSet/MTMC_Tracking_2025_Preprocessed/val/Warehouse_015/crops/Person_0232/Camera/Person_0232_Camera_f000840_r016.jpg,None,-1,NOISE,0.0,True,False
168,Person_0232,Warehouse_015__Person_0232,108,108,Camera_03,13,Warehouse_015,Person,1,0.6666666666666666,330,7830,/pfs/data6/home/st/st_us-053000/st_st191959/DL-Lab/DataSet/MTMC_Tracking_2025_Preprocessed/val/Warehouse_015/crops/Person_0232/Camera_03/Person_0232_Camera_03_f000330_r039.jpg,None,-1,NOISE,0.0,True,False
27,Person_0232,Warehouse_015__Person_0232,108,108,Camera_04,14,Warehouse_015,Person,1,0.6666666666666666,810,1050,/pfs/data6/home/st/st_us-053000/st_st191959/DL-Lab/DataSet/MTMC_Tracking_2025_Preprocessed/val/Warehouse_015/crops/Person_0232/Camera_04/Person_0232_Camera_04_f000810_r008.jpg,None,-1,NOISE,0.0,True,False
653,Person_0233,Warehouse_015__Person_0233,109,109,Camera_01,11,Warehouse_015,Person,1,0.664624808575804,540,8910,/pfs/data6/home/st/st_us-053000/st_st191959/DL-Lab/DataSet/MTMC_Tracking_2025_Preprocessed/val/Warehouse_015/crops/Person_0233/Camera_01/Person_0233_Camera_01_f000540_r012.jpg,None,-1,NOISE,0.0,True,False
7,Person_0233,Warehouse_015__Person_0233,109,109,Camera_03,13,Warehouse_015,Person,1,0.5714285714285714,8910,8970,/pfs/data6/home/st/st_us-053000/st_st191959/DL-Lab/DataSet/MTMC_Tracking_2025_Preprocessed/val/Warehouse_015/crops/Person_0233/Camera_03/Person_0233_Camera_03_f008910_r010.jpg,None,-1,NOISE,0.0,True,False
361,Person_0233,Warehouse_015__Person_0233,109,109,Camera_05,15,Warehouse_015,Person,1,0.6648199445983379,690,7350,/pfs/data6/home/st/st_us-053000/st_st191959/DL-Lab/DataSet/MTMC_Tracking_2025_Preprocessed/val/Warehouse_015/crops/Person_0233/Camera_05/Person_0233_Camera_05_f000690_r005.jpg,None,-1,NOISE,0.0,True,False
33,Person_0233,Warehouse_015__Person_0233,109,109,Camera_06,16,Warehouse_015,Person,1,0.6666666666666666,6270,6870,/pfs/data6/home/st/st_us-053000/st_st191959/DL-Lab/DataSet/MTMC_Tracking_2025_Preprocessed/val/Warehouse_015/crops/Person_0233/Camera_06/Person_0233_Camera_06_f006270_r000.jpg,None,-1,NOISE,0.0,True,False
136,Person_0233,Warehouse_015__Person_0233,109,109,Camera_11,21,Warehouse_015,Person,1,0.6617647058823529,2220,7140,/pfs/data6/home/st/st_us-053000/st_st191959/DL-Lab/DataSet/MTMC_Tracking_2025_Preprocessed/val/Warehouse_015/crops/Person_0233/Camera_11/Person_0233_Camera_11_f002220_r002.jpg,None,-1,NOISE,0.0,True,False
169,Person_0234,Warehouse_015__Person_0234,110,110,Camera_06,16,Warehouse_015,Person,1,0.6627218934911243,1860,3960,/pfs/data6/home/st/st_us-053000/st_st191959/DL-Lab/DataSet/MTMC_Tracking_2025_Preprocessed/val/Warehouse_015/crops/Person_0234/Camera_06/Person_0234_Camera_06_f001860_r006.jpg,None,-1,NOISE,0.0,True,False
27,Person_0234,Warehouse_015__Person_0234,110,110,Camera_07,17,Warehouse_015,Person,1,0.6666666666666666,5100,5340,/pfs/data6/home/st/st_us-053000/st_st191959/DL-Lab/DataSet/MTMC_Tracking_2025_Preprocessed/val/Warehouse_015/crops/Person_0234/Camera_07/Person_0234_Camera_07_f005100_r017.jpg,None,-1,NOISE,0.0,True,False
169,Person_0235,Warehouse_015__Person_0235,111,111,Camera_04,14,Warehouse_015,Person,1,0.6627218934911243,990,8970,/pfs/data6/home/st/st_us-053000/st_st191959/DL-Lab/DataSet/MTMC_Tracking_2025_Preprocessed/val/Warehouse_015/crops/Person_0235/Camera_04/Person_0235_Camera_04_f000990_r005.jpg,None,-1,NOISE,0.0,True,False
80,Person_0235,Warehouse_015__Person_0235,111,111,Camera_05,15,Warehouse_015,Person,1,0.625,120,6570,/pfs/data6/home/st/st_us-053000/st_st191959/DL-Lab/DataSet/MTMC_Tracking_2025_Preprocessed/val/Warehouse_015/crops/Person_0235/Camera_05/Person_0235_Camera_05_f000120_r020.jpg,None,-1,NOISE,0.0,True,False
39,Person_0235,Warehouse_015__Person_0235,111,111,Camera_09,19,Warehouse_015,Person,1,0.6666666666666666,2280,2640,/pfs/data6/home/st/st_us-053000/st_st191959/DL-Lab/DataSet/MTMC_Tracking_2025_Preprocessed/val/Warehouse_015/crops/Person_0235/Camera_09/Person_0235_Camera_09_f002280_r004.jpg,None,-1,NOISE,0.0,True,False
7,Person_0236,Warehouse_015__Person_0236,112,112,Camera_02,12,Warehouse_015,Person,1,0.5714285714285714,7560,8460,/pfs/data6/home/st/st_us-053000/st_st191959/DL-Lab/DataSet/MTMC_Tracking_2025_Preprocessed/val/Warehouse_015/crops/Person_0236/Camera_02/Person_0236_Camera_02_f007560_r011.jpg,None,-1,NOISE,0.0,True,False
36,Person_0236,Warehouse_015__Person_0236,112,112,Camera_09,19,Warehouse_015,Person,1,0.6666666666666666,3420,3750,/pfs/data6/home/st/st_us-053000/st_st191959/DL-Lab/DataSet/MTMC_Tracking_2025_Preprocessed/val/Warehouse_015/crops/Person_0236/Camera_09/Person_0236_Camera_09_f003420_r004.jpg,None,-1,NOISE,0.0,True,False
76,Person_0237,Warehouse_015__Person_0237,113,113,Camera_06,16,Warehouse_015,Person,1,0.631578947368421,7710,8520,/pfs/data6/home/st/st_us-053000/st_st191959/DL-Lab/DataSet/MTMC_Tracking_2025_Preprocessed/val/Warehouse_015/crops/Person_0237/Camera_06/Person_0237_Camera_06_f007710_r002.jpg,None,-1,NOISE,0.0,True,False
103,Person_0237,Warehouse_015__Person_0237,113,113,Camera_11,21,Warehouse_015,Person,1,0.6601941747572816,6600,8190,/pfs/data6/home/st/st_us-053000/st_st191959/DL-Lab/DataSet/MTMC_Tracking_2025_Preprocessed/val/Warehouse_015/crops/Person_0237/Camera_11/Person_0237_Camera_11_f006600_r005.jpg,None,-1,NOISE,0.0,True,False
511,Person_0238,Warehouse_015__Person_0238,114,114,Camera_01,11,Warehouse_015,Person,1,0.6575342465753424,1020,8970,/pfs/data6/home/st/st_us-053000/st_st191959/DL-Lab/DataSet/MTMC_Tracking_2025_Preprocessed/val/Warehouse_015/crops/Person_0238/Camera_01/Person_0238_Camera_01_f001020_r007.jpg,None,-1,NOISE,0.0,True,False
508,Person_0238,Warehouse_015__Person_0238,114,114,Camera_02,12,Warehouse_015,Person,1,0.6653543307086615,0,8970,/pfs/data6/home/st/st_us-053000/st_st191959/DL-Lab/DataSet/MTMC_Tracking_2025_Preprocessed/val/Warehouse_015/crops/Person_0238/Camera_02/Person_0238_Camera_02_f000000_r002.jpg,None,-1,NOISE,0.0,True,False
216,Person_0238,Warehouse_015__Person_0238,114,114,Camera_03,13,Warehouse_015,Person,1,0.6666666666666666,1620,4830,/pfs/data6/home/st/st_us-053000/st_st191959/DL-Lab/DataSet/MTMC_Tracking_2025_Preprocessed/val/Warehouse_015/crops/Person_0238/Camera_03/Person_0238_Camera_03_f001620_r005.jpg,None,-1,NOISE,0.0,True,False
162,Person_0238,Warehouse_015__Person_0238,114,114,Camera_04,14,Warehouse_015,Person,1,0.6666666666666666,2370,3990,/pfs/data6/home/st/st_us-053000/st_st191959/DL-Lab/DataSet/MTMC_Tracking_2025_Preprocessed/val/Warehouse_015/crops/Person_0238/Camera_04/Person_0238_Camera_04_f002370_r002.jpg,None,-1,NOISE,0.0,True,False
181,Person_0238,Warehouse_015__Person_0238,114,114,Camera_05,15,Warehouse_015,Person,1,0.6629834254143646,1050,8970,/pfs/data6/home/st/st_us-053000/st_st191959/DL-Lab/DataSet/MTMC_Tracking_2025_Preprocessed/val/Warehouse_015/crops/Person_0238/Camera_05/Person_0238_Camera_05_f001050_r002.jpg,None,-1,NOISE,0.0,True,False
18,Person_0238,Warehouse_015__Person_0238,114,114,Camera_06,16,Warehouse_015,Person,1,0.6666666666666666,8580,8730,/pfs/data6/home/st/st_us-053000/st_st191959/DL-Lab/DataSet/MTMC_Tracking_2025_Preprocessed/val/Warehouse_015/crops/Person_0238/Camera_06/Person_0238_Camera_06_f008580_r000.jpg,None,-1,NOISE,0.0,True,False
346,Person_0238,Warehouse_015__Person_0238,114,114,Camera_10,20,Warehouse_015,Person,1,0.5433526011560693,270,8970,/pfs/data6/home/st/st_us-053000/st_st191959/DL-Lab/DataSet/MTMC_Tracking_2025_Preprocessed/val/Warehouse_015/crops/Person_0238/Camera_10/Person_0238_Camera_10_f000270_r009.jpg,None,-1,NOISE,0.0,True,False
117,Person_0238,Warehouse_015__Person_0238,114,114,Camera_11,21,Warehouse_015,Person,1,0.6666666666666666,1080,8970,/pfs/data6/home/st/st_us-053000/st_st191959/DL-Lab/DataSet/MTMC_Tracking_2025_Preprocessed/val/Warehouse_015/crops/Person_0238/Camera_11/Person_0238_Camera_11_f001080_r001.jpg,None,-1,NOISE,0.0,True,False
174,Person_0239,Warehouse_015__Person_0239,115,115,Camera_01,11,Warehouse_015,Person,1,0.6206896551724138,6660,8970,/pfs/data6/home/st/st_us-053000/st_st191959/DL-Lab/DataSet/MTMC_Tracking_2025_Preprocessed/val/Warehouse_015/crops/Person_0239/Camera_01/Person_0239_Camera_01_f006660_r050.jpg,None,-1,NOISE,0.0,True,False
79,Person_0239,Warehouse_015__Person_0239,115,115,Camera_03,13,Warehouse_015,Person,1,0.6075949367088608,2880,8730,/pfs/data6/home/st/st_us-053000/st_st191959/DL-Lab/DataSet/MTMC_Tracking_2025_Preprocessed/val/Warehouse_015/crops/Person_0239/Camera_03/Person_0239_Camera_03_f002880_r034.jpg,None,-1,NOISE,0.0,True,False
39,Person_0239,Warehouse_015__Person_0239,115,115,Camera_07,17,Warehouse_015,Person,1,0.6666666666666666,8340,8700,/pfs/data6/home/st/st_us-053000/st_st191959/DL-Lab/DataSet/MTMC_Tracking_2025_Preprocessed/val/Warehouse_015/crops/Person_0239/Camera_07/Person_0239_Camera_07_f008340_r011.jpg,None,-1,NOISE,0.0,True,False
532,Person_0239,Warehouse_015__Person_0239,115,115,Camera_10,20,Warehouse_015,Person,1,0.6353383458646616,2610,8970,/pfs/data6/home/st/st_us-053000/st_st191959/DL-Lab/DataSet/MTMC_Tracking_2025_Preprocessed/val/Warehouse_015/crops/Person_0239/Camera_10/Person_0239_Camera_10_f002610_r051.jpg,None,-1,NOISE,0.0,True,False
30,Person_0239,Warehouse_015__Person_0239,115,115,Camera_11,21,Warehouse_015,Person,1,0.6666666666666666,7770,8970,/pfs/data6/home/st/st_us-053000/st_st191959/DL-Lab/DataSet/MTMC_Tracking_2025_Preprocessed/val/Warehouse_015/crops/Person_0239/Camera_11/Person_0239_Camera_11_f007770_r005.jpg,None,-1,NOISE,0.0,True,False
359,Person_0239,Warehouse_015__Person_0239,115,115,Camera_12,22,Warehouse_015,Person,1,0.36768802228412256,0,8250,/pfs/data6/home/st/st_us-053000/st_st191959/DL-Lab/DataSet/MTMC_Tracking_2025_Preprocessed/val/Warehouse_015/crops/Person_0239/Camera_12/Person_0239_Camera_12_f000000_r043.jpg,None,-1,NOISE,0.0,True,False
327,Person_0240,Warehouse_015__Person_0240,116,116,Camera_01,11,Warehouse_015,Person,1,0.654434250764526,1980,8970,/pfs/data6/home/st/st_us-053000/st_st191959/DL-Lab/DataSet/MTMC_Tracking_2025_Preprocessed/val/Warehouse_015/crops/Person_0240/Camera_01/Person_0240_Camera_01_f001980_r022.jpg,None,-1,NOISE,0.0,True,False
475,Person_0240,Warehouse_015__Person_0240,116,116,Camera_02,12,Warehouse_015,Person,1,0.6610526315789473,0,6540,/pfs/data6/home/st/st_us-053000/st_st191959/DL-Lab/DataSet/MTMC_Tracking_2025_Preprocessed/val/Warehouse_015/crops/Person_0240/Camera_02/Person_0240_Camera_02_f000000_r007.jpg,None,-1,NOISE,0.0,True,False
81,Person_0240,Warehouse_015__Person_0240,116,116,Camera_03,13,Warehouse_015,Person,1,0.6666666666666666,5430,7110,/pfs/data6/home/st/st_us-053000/st_st191959/DL-Lab/DataSet/MTMC_Tracking_2025_Preprocessed/val/Warehouse_015/crops/Person_0240/Camera_03/Person_0240_Camera_03_f005430_r021.jpg,None,-1,NOISE,0.0,True,False
177,Person_0240,Warehouse_015__Person_0240,116,116,Camera_05,15,Warehouse_015,Person,1,0.655367231638418,6780,8970,/pfs/data6/home/st/st_us-053000/st_st191959/DL-Lab/DataSet/MTMC_Tracking_2025_Preprocessed/val/Warehouse_015/crops/Person_0240/Camera_05/Person_0240_Camera_05_f006780_r013.jpg,None,-1,NOISE,0.0,True,False
12,Person_0240,Warehouse_015__Person_0240,116,116,Camera_06,16,Warehouse_015,Person,1,0.6666666666666666,8880,8970,/pfs/data6/home/st/st_us-053000/st_st191959/DL-Lab/DataSet/MTMC_Tracking_2025_Preprocessed/val/Warehouse_015/crops/Person_0240/Camera_06/Person_0240_Camera_06_f008880_r001.jpg,None,-1,NOISE,0.0,True,False
216,Person_0240,Warehouse_015__Person_0240,116,116,Camera_08,18,Warehouse_015,Person,1,0.4166666666666667,0,6570,/pfs/data6/home/st/st_us-053000/st_st191959/DL-Lab/DataSet/MTMC_Tracking_2025_Preprocessed/val/Warehouse_015/crops/Person_0240/Camera_08/Person_0240_Camera_08_f000000_r013.jpg,None,-1,NOISE,0.0,True,False
370,Person_0240,Warehouse_015__Person_0240,116,116,Camera_10,20,Warehouse_015,Person,1,0.6216216216216216,510,8970,/pfs/data6/home/st/st_us-053000/st_st191959/DL-Lab/DataSet/MTMC_Tracking_2025_Preprocessed/val/Warehouse_015/crops/Person_0240/Camera_10/Person_0240_Camera_10_f000510_r030.jpg,None,-1,NOISE,0.0,True,False
9,Person_0240,Warehouse_015__Person_0240,116,116,Camera_11,21,Warehouse_015,Person,1,0.6666666666666666,8910,8970,/pfs/data6/home/st/st_us-053000/st_st191959/DL-Lab/DataSet/MTMC_Tracking_2025_Preprocessed/val/Warehouse_015/crops/Person_0240/Camera_11/Person_0240_Camera_11_f008910_r004.jpg,None,-1,NOISE,0.0,True,False
342,Person_0240,Warehouse_015__Person_0240,116,116,Camera_12,22,Warehouse_015,Person,1,0.34502923976608185,0,8940,/pfs/data6/home/st/st_us-053000/st_st191959/DL-Lab/DataSet/MTMC_Tracking_2025_Preprocessed/val/Warehouse_015/crops/Person_0240/Camera_12/Person_0240_Camera_12_f000000_r025.jpg,None,-1,NOISE,0.0,True,False
486,Person_0241,Warehouse_015__Person_0241,117,117,Camera_05,15,Warehouse_015,Person,1,0.6625514403292181,3570,8970,/pfs/data6/home/st/st_us-053000/st_st191959/DL-Lab/DataSet/MTMC_Tracking_2025_Preprocessed/val/Warehouse_015/crops/Person_0241/Camera_05/Person_0241_Camera_05_f003570_r014.jpg,None,-1,NOISE,0.0,True,False
273,Person_0241,Warehouse_015__Person_0241,117,117,Camera_11,21,Warehouse_015,Person,1,0.6666666666666666,3630,6420,/pfs/data6/home/st/st_us-053000/st_st191959/DL-Lab/DataSet/MTMC_Tracking_2025_Preprocessed/val/Warehouse_015/crops/Person_0241/Camera_11/Person_0241_Camera_11_f003630_r002.jpg,None,-1,NOISE,0.0,True,False
21,Person_0242,Warehouse_015__Person_0242,118,118,Camera_03,13,Warehouse_015,Person,1,0.6666666666666666,1860,2790,/pfs/data6/home/st/st_us-053000/st_st191959/DL-Lab/DataSet/MTMC_Tracking_2025_Preprocessed/val/Warehouse_015/crops/Person_0242/Camera_03/Person_0242_Camera_03_f001860_r031.jpg,None,-1,NOISE,0.0,True,False
853,Person_0242,Warehouse_015__Person_0242,118,118,Camera_05,15,Warehouse_015,Person,1,0.6635404454865181,390,8970,/pfs/data6/home/st/st_us-053000/st_st191959/DL-Lab/DataSet/MTMC_Tracking_2025_Preprocessed/val/Warehouse_015/crops/Person_0242/Camera_05/Person_0242_Camera_05_f000390_r022.jpg,None,-1,NOISE,0.0,True,False
833,Person_0242,Warehouse_015__Person_0242,118,118,Camera_10,20,Warehouse_015,Person,1,0.6650660264105642,510,8970,/pfs/data6/home/st/st_us-053000/st_st191959/DL-Lab/DataSet/MTMC_Tracking_2025_Preprocessed/val/Warehouse_015/crops/Person_0242/Camera_10/Person_0242_Camera_10_f000510_r054.jpg,None,-1,NOISE,0.0,True,False
749,Person_0242,Warehouse_015__Person_0242,118,118,Camera_12,22,Warehouse_015,Person,1,0.6114819759679573,0,8970,/pfs/data6/home/st/st_us-053000/st_st191959/DL-Lab/DataSet/MTMC_Tracking_2025_Preprocessed/val/Warehouse_015/crops/Person_0242/Camera_12/Person_0242_Camera_12_f000000_r041.jpg,None,-1,NOISE,0.0,True,False
3,Transporter_0007,Warehouse_015__Transporter_0007,119,119,Camera_02,12,Warehouse_015,Transporter,0,0.0,1890,1950,/pfs/data6/home/st/st_us-053000/st_st191959/DL-Lab/DataSet/MTMC_Tracking_2025_Preprocessed/val/Warehouse_015/crops/Transporter_0007/Camera_02/Transporter_0007_Camera_02_f001890_r000.jpg,None,-1,NOISE,0.0,True,False
22,FourierGR1T2_0352,Warehouse_016__FourierGR1T2_0352,120,120,Camera_06,16,Warehouse_016,FourierGR1T2,1,0.6363636363636364,360,570,/pfs/data6/home/st/st_us-053000/st_st191959/DL-Lab/DataSet/MTMC_Tracking_2025_Preprocessed/val/Warehouse_016/crops/FourierGR1T2_0352/Camera_06/FourierGR1T2_0352_Camera_06_f000360_r000.jpg,None,-1,NOISE,0.0,True,False
168,FourierGR1T2_0352,Warehouse_016__FourierGR1T2_0352,120,120,Camera_08,18,Warehouse_016,FourierGR1T2,1,0.6666666666666666,780,2640,/pfs/data6/home/st/st_us-053000/st_st191959/DL-Lab/DataSet/MTMC_Tracking_2025_Preprocessed/val/Warehouse_016/crops/FourierGR1T2_0352/Camera_08/FourierGR1T2_0352_Camera_08_f000780_r000.jpg,None,-1,NOISE,0.0,True,False
105,FourierGR1T2_0352,Warehouse_016__FourierGR1T2_0352,120,120,Camera_11,21,Warehouse_016,FourierGR1T2,1,0.6666666666666666,1020,5640,/pfs/data6/home/st/st_us-053000/st_st191959/DL-Lab/DataSet/MTMC_Tracking_2025_Preprocessed/val/Warehouse_016/crops/FourierGR1T2_0352/Camera_11/FourierGR1T2_0352_Camera_11_f001020_r002.jpg,None,-1,NOISE,0.0,True,False
254,FourierGR1T2_0353,Warehouse_016__FourierGR1T2_0353,121,121,Camera,0,Warehouse_016,FourierGR1T2,1,0.6299212598425197,1920,8550,/pfs/data6/home/st/st_us-053000/st_st191959/DL-Lab/DataSet/MTMC_Tracking_2025_Preprocessed/val/Warehouse_016/crops/FourierGR1T2_0353/Camera/FourierGR1T2_0353_Camera_f001920_r002.jpg,None,-1,NOISE,0.0,True,False
321,FourierGR1T2_0353,Warehouse_016__FourierGR1T2_0353,121,121,Camera_01,11,Warehouse_016,FourierGR1T2,1,0.6417445482866043,450,8970,/pfs/data6/home/st/st_us-053000/st_st191959/DL-Lab/DataSet/MTMC_Tracking_2025_Preprocessed/val/Warehouse_016/crops/FourierGR1T2_0353/Camera_01/FourierGR1T2_0353_Camera_01_f000450_r003.jpg,None,-1,NOISE,0.0,True,False
33,FourierGR1T2_0353,Warehouse_016__FourierGR1T2_0353,121,121,Camera_02,12,Warehouse_016,FourierGR1T2,1,0.6666666666666666,1950,3600,/pfs/data6/home/st/st_us-053000/st_st191959/DL-Lab/DataSet/MTMC_Tracking_2025_Preprocessed/val/Warehouse_016/crops/FourierGR1T2_0353/Camera_02/FourierGR1T2_0353_Camera_02_f001950_r002.jpg,None,-1,NOISE,0.0,True,False
76,FourierGR1T2_0353,Warehouse_016__FourierGR1T2_0353,121,121,Camera_04,14,Warehouse_016,FourierGR1T2,1,0.6578947368421053,570,8520,/pfs/data6/home/st/st_us-053000/st_st191959/DL-Lab/DataSet/MTMC_Tracking_2025_Preprocessed/val/Warehouse_016/crops/FourierGR1T2_0353/Camera_04/FourierGR1T2_0353_Camera_04_f000570_r001.jpg,None,-1,NOISE,0.0,True,False
757,FourierGR1T2_0353,Warehouse_016__FourierGR1T2_0353,121,121,Camera_07,17,Warehouse_016,FourierGR1T2,1,0.6235138705416117,0,8970,/pfs/data6/home/st/st_us-053000/st_st191959/DL-Lab/DataSet/MTMC_Tracking_2025_Preprocessed/val/Warehouse_016/crops/FourierGR1T2_0353/Camera_07/FourierGR1T2_0353_Camera_07_f000000_r002.jpg,None,-1,NOISE,0.0,True,False
60,FourierGR1T2_0354,Warehouse_016__FourierGR1T2_0354,122,122,Camera_04,14,Warehouse_016,FourierGR1T2,1,0.6666666666666666,1740,2430,/pfs/data6/home/st/st_us-053000/st_st191959/DL-Lab/DataSet/MTMC_Tracking_2025_Preprocessed/val/Warehouse_016/crops/FourierGR1T2_0354/Camera_04/FourierGR1T2_0354_Camera_04_f001740_r001.jpg,None,-1,NOISE,0.0,True,False
192,FourierGR1T2_0354,Warehouse_016__FourierGR1T2_0354,122,122,Camera_08,18,Warehouse_016,FourierGR1T2,1,0.6666666666666666,0,1920,/pfs/data6/home/st/st_us-053000/st_st191959/DL-Lab/DataSet/MTMC_Tracking_2025_Preprocessed/val/Warehouse_016/crops/FourierGR1T2_0354/Camera_08/FourierGR1T2_0354_Camera_08_f000000_r001.jpg,None,-1,NOISE,0.0,True,False
63,FourierGR1T2_0354,Warehouse_016__FourierGR1T2_0354,122,122,Camera_09,19,Warehouse_016,FourierGR1T2,1,0.4444444444444444,0,2400,/pfs/data6/home/st/st_us-053000/st_st191959/DL-Lab/DataSet/MTMC_Tracking_2025_Preprocessed/val/Warehouse_016/crops/FourierGR1T2_0354/Camera_09/FourierGR1T2_0354_Camera_09_f000000_r002.jpg,None,-1,NOISE,0.0,True,False
286,FourierGR1T2_0626,Warehouse_016__FourierGR1T2_0626,123,123,Camera_01,11,Warehouse_016,FourierGR1T2,1,0.6573426573426573,0,8970,/pfs/data6/home/st/st_us-053000/st_st191959/DL-Lab/DataSet/MTMC_Tracking_2025_Preprocessed/val/Warehouse_016/crops/FourierGR1T2_0626/Camera_01/FourierGR1T2_0626_Camera_01_f000000_r000.jpg,None,-1,NOISE,0.0,True,False
184,FourierGR1T2_0626,Warehouse_016__FourierGR1T2_0626,123,123,Camera_05,15,Warehouse_016,FourierGR1T2,1,0.6413043478260869,1020,6960,/pfs/data6/home/st/st_us-053000/st_st191959/DL-Lab/DataSet/MTMC_Tracking_2025_Preprocessed/val/Warehouse_016/crops/FourierGR1T2_0626/Camera_05/FourierGR1T2_0626_Camera_05_f001020_r000.jpg,None,-1,NOISE,0.0,True,False
1,FourierGR1T2_0626,Warehouse_016__FourierGR1T2_0626,123,123,Camera_06,16,Warehouse_016,FourierGR1T2,0,0.0,5370,5370,/pfs/data6/home/st/st_us-053000/st_st191959/DL-Lab/DataSet/MTMC_Tracking_2025_Preprocessed/val/Warehouse_016/crops/FourierGR1T2_0626/Camera_06/FourierGR1T2_0626_Camera_06_f005370_r000.jpg,None,-1,NOISE,0.0,True,False
44,FourierGR1T2_0626,Warehouse_016__FourierGR1T2_0626,123,123,Camera_08,18,Warehouse_016,FourierGR1T2,1,0.5909090909090909,5640,6930,/pfs/data6/home/st/st_us-053000/st_st191959/DL-Lab/DataSet/MTMC_Tracking_2025_Preprocessed/val/Warehouse_016/crops/FourierGR1T2_0626/Camera_08/FourierGR1T2_0626_Camera_08_f005640_r000.jpg,None,-1,NOISE,0.0,True,False
867,FourierGR1T2_0627,Warehouse_016__FourierGR1T2_0627,124,124,Camera_01,11,Warehouse_016,FourierGR1T2,1,0.6643598615916955,0,8970,/pfs/data6/home/st/st_us-053000/st_st191959/DL-Lab/DataSet/MTMC_Tracking_2025_Preprocessed/val/Warehouse_016/crops/FourierGR1T2_0627/Camera_01/FourierGR1T2_0627_Camera_01_f000000_r001.jpg,None,-1,NOISE,0.0,True,False
15,FourierGR1T2_0627,Warehouse_016__FourierGR1T2_0627,124,124,Camera_05,15,Warehouse_016,FourierGR1T2,1,0.6666666666666666,7680,7800,/pfs/data6/home/st/st_us-053000/st_st191959/DL-Lab/DataSet/MTMC_Tracking_2025_Preprocessed/val/Warehouse_016/crops/FourierGR1T2_0627/Camera_05/FourierGR1T2_0627_Camera_05_f007680_r000.jpg,None,-1,NOISE,0.0,True,False
212,Person_0182,Warehouse_016__Person_0182,125,125,Camera,0,Warehouse_016,Person,1,0.6509433962264151,2520,8970,/pfs/data6/home/st/st_us-053000/st_st191959/DL-Lab/DataSet/MTMC_Tracking_2025_Preprocessed/val/Warehouse_016/crops/Person_0182/Camera/Person_0182_Camera_f002520_r005.jpg,None,-1,NOISE,0.0,True,False
593,Person_0182,Warehouse_016__Person_0182,125,125,Camera_01,11,Warehouse_016,Person,1,0.6104553119730185,180,8970,/pfs/data6/home/st/st_us-053000/st_st191959/DL-Lab/DataSet/MTMC_Tracking_2025_Preprocessed/val/Warehouse_016/crops/Person_0182/Camera_01/Person_0182_Camera_01_f000180_r005.jpg,None,-1,NOISE,0.0,True,False
284,Person_0182,Warehouse_016__Person_0182,125,125,Camera_02,12,Warehouse_016,Person,1,0.6549295774647887,0,8580,/pfs/data6/home/st/st_us-053000/st_st191959/DL-Lab/DataSet/MTMC_Tracking_2025_Preprocessed/val/Warehouse_016/crops/Person_0182/Camera_02/Person_0182_Camera_02_f000000_r004.jpg,None,-1,NOISE,0.0,True,False
531,Person_0182,Warehouse_016__Person_0182,125,125,Camera_04,14,Warehouse_016,Person,1,0.6516007532956686,180,6150,/pfs/data6/home/st/st_us-053000/st_st191959/DL-Lab/DataSet/MTMC_Tracking_2025_Preprocessed/val/Warehouse_016/crops/Person_0182/Camera_04/Person_0182_Camera_04_f000180_r004.jpg,None,-1,NOISE,0.0,True,False
359,Person_0182,Warehouse_016__Person_0182,125,125,Camera_05,15,Warehouse_016,Person,1,0.6629526462395543,2010,7650,/pfs/data6/home/st/st_us-053000/st_st191959/DL-Lab/DataSet/MTMC_Tracking_2025_Preprocessed/val/Warehouse_016/crops/Person_0182/Camera_05/Person_0182_Camera_05_f002010_r004.jpg,None,-1,NOISE,0.0,True,False
421,Person_0182,Warehouse_016__Person_0182,125,125,Camera_06,16,Warehouse_016,Person,1,0.6555819477434679,0,5220,/pfs/data6/home/st/st_us-053000/st_st191959/DL-Lab/DataSet/MTMC_Tracking_2025_Preprocessed/val/Warehouse_016/crops/Person_0182/Camera_06/Person_0182_Camera_06_f000000_r000.jpg,None,-1,NOISE,0.0,True,False
326,Person_0182,Warehouse_016__Person_0182,125,125,Camera_07,17,Warehouse_016,Person,1,0.6380368098159509,5280,8970,/pfs/data6/home/st/st_us-053000/st_st191959/DL-Lab/DataSet/MTMC_Tracking_2025_Preprocessed/val/Warehouse_016/crops/Person_0182/Camera_07/Person_0182_Camera_07_f005280_r005.jpg,None,-1,NOISE,0.0,True,False
697,Person_0350,Warehouse_016__Person_0350,126,126,Camera,0,Warehouse_016,Person,1,0.6599713055954088,0,8970,/pfs/data6/home/st/st_us-053000/st_st191959/DL-Lab/DataSet/MTMC_Tracking_2025_Preprocessed/val/Warehouse_016/crops/Person_0350/Camera/Person_0350_Camera_f000000_r006.jpg,None,-1,NOISE,0.0,True,False
625,Person_0350,Warehouse_016__Person_0350,126,126,Camera_01,11,Warehouse_016,Person,1,0.6624,210,8970,/pfs/data6/home/st/st_us-053000/st_st191959/DL-Lab/DataSet/MTMC_Tracking_2025_Preprocessed/val/Warehouse_016/crops/Person_0350/Camera_01/Person_0350_Camera_01_f000210_r008.jpg,None,-1,NOISE,0.0,True,False
521,Person_0350,Warehouse_016__Person_0350,126,126,Camera_02,12,Warehouse_016,Person,1,0.6641074856046065,2040,8970,/pfs/data6/home/st/st_us-053000/st_st191959/DL-Lab/DataSet/MTMC_Tracking_2025_Preprocessed/val/Warehouse_016/crops/Person_0350/Camera_02/Person_0350_Camera_02_f002040_r005.jpg,None,-1,NOISE,0.0,True,False
99,Person_0350,Warehouse_016__Person_0350,126,126,Camera_06,16,Warehouse_016,Person,1,0.6666666666666666,7140,8670,/pfs/data6/home/st/st_us-053000/st_st191959/DL-Lab/DataSet/MTMC_Tracking_2025_Preprocessed/val/Warehouse_016/crops/Person_0350/Camera_06/Person_0350_Camera_06_f007140_r001.jpg,None,-1,NOISE,0.0,True,False
618,Person_0350,Warehouse_016__Person_0350,126,126,Camera_07,17,Warehouse_016,Person,1,0.627831715210356,0,7080,/pfs/data6/home/st/st_us-053000/st_st191959/DL-Lab/DataSet/MTMC_Tracking_2025_Preprocessed/val/Warehouse_016/crops/Person_0350/Camera_07/Person_0350_Camera_07_f000000_r006.jpg,None,-1,NOISE,0.0,True,False
61,Person_0350,Warehouse_016__Person_0350,126,126,Camera_08,18,Warehouse_016,Person,1,0.6557377049180327,690,4140,/pfs/data6/home/st/st_us-053000/st_st191959/DL-Lab/DataSet/MTMC_Tracking_2025_Preprocessed/val/Warehouse_016/crops/Person_0350/Camera_08/Person_0350_Camera_08_f000690_r002.jpg,None,-1,NOISE,0.0,True,False
802,Person_0351,Warehouse_016__Person_0351,127,127,Camera,0,Warehouse_016,Person,1,0.6633416458852868,240,8970,/pfs/data6/home/st/st_us-053000/st_st191959/DL-Lab/DataSet/MTMC_Tracking_2025_Preprocessed/val/Warehouse_016/crops/Person_0351/Camera/Person_0351_Camera_f000240_r006.jpg,None,-1,NOISE,0.0,True,False
523,Person_0351,Warehouse_016__Person_0351,127,127,Camera_01,11,Warehouse_016,Person,1,0.6577437858508605,240,8970,/pfs/data6/home/st/st_us-053000/st_st191959/DL-Lab/DataSet/MTMC_Tracking_2025_Preprocessed/val/Warehouse_016/crops/Person_0351/Camera_01/Person_0351_Camera_01_f000240_r008.jpg,None,-1,NOISE,0.0,True,False
418,Person_0351,Warehouse_016__Person_0351,127,127,Camera_02,12,Warehouse_016,Person,1,0.6650717703349283,660,8970,/pfs/data6/home/st/st_us-053000/st_st191959/DL-Lab/DataSet/MTMC_Tracking_2025_Preprocessed/val/Warehouse_016/crops/Person_0351/Camera_02/Person_0351_Camera_02_f000660_r005.jpg,None,-1,NOISE,0.0,True,False
526,Person_0351,Warehouse_016__Person_0351,127,127,Camera_03,13,Warehouse_016,Person,1,0.6387832699619772,180,8970,/pfs/data6/home/st/st_us-053000/st_st191959/DL-Lab/DataSet/MTMC_Tracking_2025_Preprocessed/val/Warehouse_016/crops/Person_0351/Camera_03/Person_0351_Camera_03_f000180_r006.jpg,None,-1,NOISE,0.0,True,False
754,Person_0351,Warehouse_016__Person_0351,127,127,Camera_07,17,Warehouse_016,Person,1,0.6180371352785146,180,8970,/pfs/data6/home/st/st_us-053000/st_st191959/DL-Lab/DataSet/MTMC_Tracking_2025_Preprocessed/val/Warehouse_016/crops/Person_0351/Camera_07/Person_0351_Camera_07_f000180_r007.jpg,None,-1,NOISE,0.0,True,False
24,Person_0351,Warehouse_016__Person_0351,127,127,Camera_08,18,Warehouse_016,Person,1,0.6666666666666666,0,210,/pfs/data6/home/st/st_us-053000/st_st191959/DL-Lab/DataSet/MTMC_Tracking_2025_Preprocessed/val/Warehouse_016/crops/Person_0351/Camera_08/Person_0351_Camera_08_f000000_r002.jpg,None,-1,NOISE,0.0,True,False
31,Person_0351,Warehouse_016__Person_0351,127,127,Camera_09,19,Warehouse_016,Person,1,0.6451612903225806,0,300,/pfs/data6/home/st/st_us-053000/st_st191959/DL-Lab/DataSet/MTMC_Tracking_2025_Preprocessed/val/Warehouse_016/crops/Person_0351/Camera_09/Person_0351_Camera_09_f000000_r005.jpg,None,-1,NOISE,0.0,True,False
507,Person_0625,Warehouse_016__Person_0625,128,128,Camera_01,11,Warehouse_016,Person,1,0.6469428007889546,240,8850,/pfs/data6/home/st/st_us-053000/st_st191959/DL-Lab/DataSet/MTMC_Tracking_2025_Preprocessed/val/Warehouse_016/crops/Person_0625/Camera_01/Person_0625_Camera_01_f000240_r005.jpg,None,-1,NOISE,0.0,True,False
428,Person_0625,Warehouse_016__Person_0625,128,128,Camera_02,12,Warehouse_016,Person,1,0.6448598130841121,240,8520,/pfs/data6/home/st/st_us-053000/st_st191959/DL-Lab/DataSet/MTMC_Tracking_2025_Preprocessed/val/Warehouse_016/crops/Person_0625/Camera_02/Person_0625_Camera_02_f000240_r004.jpg,None,-1,NOISE,0.0,True,False
268,Person_0625,Warehouse_016__Person_0625,128,128,Camera_06,16,Warehouse_016,Person,1,0.664179104477612,6090,8970,/pfs/data6/home/st/st_us-053000/st_st191959/DL-Lab/DataSet/MTMC_Tracking_2025_Preprocessed/val/Warehouse_016/crops/Person_0625/Camera_06/Person_0625_Camera_06_f006090_r000.jpg,None,-1,NOISE,0.0,True,False
15,Person_0699,Warehouse_016__Person_0699,129,129,Camera_08,18,Warehouse_016,Person,1,0.6666666666666666,5490,5610,/pfs/data6/home/st/st_us-053000/st_st191959/DL-Lab/DataSet/MTMC_Tracking_2025_Preprocessed/val/Warehouse_016/crops/Person_0699/Camera_08/Person_0699_Camera_08_f005490_r002.jpg,None,-1,NOISE,0.0,True,False
154,Person_0699,Warehouse_016__Person_0699,129,129,Camera_09,19,Warehouse_016,Person,1,0.5454545454545454,4860,8970,/pfs/data6/home/st/st_us-053000/st_st191959/DL-Lab/DataSet/MTMC_Tracking_2025_Preprocessed/val/Warehouse_016/crops/Person_0699/Camera_09/Person_0699_Camera_09_f004860_r002.jpg,None,-1,NOISE,0.0,True,False
900,Transporter_0349,Warehouse_016__Transporter_0349,130,130,Camera,0,Warehouse_016,Transporter,1,0.6666666666666666,0,8970,/pfs/data6/home/st/st_us-053000/st_st191959/DL-Lab/DataSet/MTMC_Tracking_2025_Preprocessed/val/Warehouse_016/crops/Transporter_0349/Camera/Transporter_0349_Camera_f000000_r003.jpg,None,-1,NOISE,0.0,True,False
900,Transporter_0349,Warehouse_016__Transporter_0349,130,130,Camera_01,11,Warehouse_016,Transporter,1,0.6666666666666666,0,8970,/pfs/data6/home/st/st_us-053000/st_st191959/DL-Lab/DataSet/MTMC_Tracking_2025_Preprocessed/val/Warehouse_016/crops/Transporter_0349/Camera_01/Transporter_0349_Camera_01_f000000_r004.jpg,None,-1,NOISE,0.0,True,False
900,Transporter_0349,Warehouse_016__Transporter_0349,130,130,Camera_02,12,Warehouse_016,Transporter,1,0.6666666666666666,0,8970,/pfs/data6/home/st/st_us-053000/st_st191959/DL-Lab/DataSet/MTMC_Tracking_2025_Preprocessed/val/Warehouse_016/crops/Transporter_0349/Camera_02/Transporter_0349_Camera_02_f000000_r003.jpg,None,-1,NOISE,0.0,True,False
900,Transporter_0349,Warehouse_016__Transporter_0349,130,130,Camera_03,13,Warehouse_016,Transporter,1,0.6666666666666666,0,8970,/pfs/data6/home/st/st_us-053000/st_st191959/DL-Lab/DataSet/MTMC_Tracking_2025_Preprocessed/val/Warehouse_016/crops/Transporter_0349/Camera_03/Transporter_0349_Camera_03_f000000_r003.jpg,None,-1,NOISE,0.0,True,False
900,Transporter_0349,Warehouse_016__Transporter_0349,130,130,Camera_04,14,Warehouse_016,Transporter,1,0.6666666666666666,0,8970,/pfs/data6/home/st/st_us-053000/st_st191959/DL-Lab/DataSet/MTMC_Tracking_2025_Preprocessed/val/Warehouse_016/crops/Transporter_0349/Camera_04/Transporter_0349_Camera_04_f000000_r003.jpg,None,-1,NOISE,0.0,True,False
