query_index,query_id,query_camera,top1_index,top1_id,top1_camera,top1_score,top1_correct,ap
0,Hospital_000__Person_0000,Camera,490,Hospital_000__Person_0034,Camera_07,0.9664846062660217,0,0.22870560395558914
1,Hospital_000__Person_0000,Camera_03,10,Hospital_000__Person_0000,Camera_24,0.991649866104126,1,0.5932906883427267
2,Hospital_000__Person_0000,Camera_04,1056,Warehouse_015__Person_0191,Camera_08,0.916164219379425,0,0.04148936218164707
3,Hospital_000__Person_0000,Camera_05,8,Hospital_000__Person_0000,Camera_22,0.9800286889076233,1,0.6074245231056384
4,Hospital_000__Person_0000,Camera_06,6,Hospital_000__Person_0000,Camera_09,0.9786985516548157,1,0.6548674717542774
5,Hospital_000__Person_0000,Camera_08,490,Hospital_000__Person_0034,Camera_07,0.9471343159675598,0,0.14559375785565487
6,Hospital_000__Person_0000,Camera_09,11,Hospital_000__Person_0000,Camera_26,0.9809750318527222,1,0.6585967370381509
7,Hospital_000__Person_0000,Camera_20,3,Hospital_000__Person_0000,Camera_05,0.9498268365859985,1,0.4809142368211779
8,Hospital_000__Person_0000,Camera_22,10,Hospital_000__Person_0000,Camera_24,0.9846805334091187,1,0.649087632901698
9,Hospital_000__Person_0000,Camera_23,498,Hospital_000__Person_0034,Camera_24,0.9018262624740601,0,0.12893365577629978
10,Hospital_000__Person_0000,Camera_24,1,Hospital_000__Person_0000,Camera_03,0.991649866104126,1,0.59194347906717
11,Hospital_000__Person_0000,Camera_26,6,Hospital_000__Person_0000,Camera_09,0.9809750318527222,1,0.569336320415355
12,Hospital_000__Person_0000,Camera_27,65,Hospital_000__Person_0004,Camera_08,0.8460878133773804,0,0.17844897579407606
13,Hospital_000__Person_0000,Camera_31,1,Hospital_000__Person_0000,Camera_03,0.9075238108634949,1,0.47119182121237563
14,Hospital_000__Person_0001,Camera_03,253,Hospital_000__Person_0017,Camera_24,0.8257704377174377,0,0.011328687689591868
15,Hospital_000__Person_0001,Camera_04,25,Hospital_000__Person_0001,Camera_29,0.9587692022323608,1,0.434765474224937
16,Hospital_000__Person_0001,Camera_07,20,Hospital_000__Person_0001,Camera_21,0.980626106262207,1,0.3162359884240334
17,Hospital_000__Person_0001,Camera_10,23,Hospital_000__Person_0001,Camera_25,0.9598391056060791,1,0.5708329853478122
18,Hospital_000__Person_0001,Camera_16,20,Hospital_000__Person_0001,Camera_21,0.981015682220459,1,0.5671559229657385
19,Hospital_000__Person_0001,Camera_19,242,Hospital_000__Person_0016,Camera_24,0.9457491636276245,0,0.059496311796140205
20,Hospital_000__Person_0001,Camera_21,18,Hospital_000__Person_0001,Camera_16,0.981015682220459,1,0.4795458549622674
21,Hospital_000__Person_0001,Camera_23,23,Hospital_000__Person_0001,Camera_25,0.9785590171813965,1,0.5556148915475206
22,Hospital_000__Person_0001,Camera_24,419,Hospital_000__Person_0029,Camera_03,0.9178537130355835,0,0.06486277285823734
23,Hospital_000__Person_0001,Camera_25,21,Hospital_000__Person_0001,Camera_23,0.9785590171813965,1,0.5729799917288078
24,Hospital_000__Person_0001,Camera_28,498,Hospital_000__Person_0034,Camera_24,0.9243064522743225,0,0.1475732523617894
25,Hospital_000__Person_0001,Camera_29,20,Hospital_000__Person_0001,Camera_21,0.9746153950691223,1,0.5952769014518309
26,Hospital_000__Person_0001,Camera_30,44,Hospital_000__Person_0003,Camera,0.9366351962089539,0,0.020365583808826426
27,Hospital_000__Person_0002,Camera,40,Hospital_000__Person_0002,Camera_26,0.8448694944381714,1,0.48616941260990554
28,Hospital_000__Person_0002,Camera_03,39,Hospital_000__Person_0002,Camera_24,0.9709381461143494,1,0.8423209416943718
29,Hospital_000__Person_0002,Camera_04,567,Hospital_000__Person_0039,Camera_20,0.9442558884620667,0,0.0718430135206822
30,Hospital_000__Person_0002,Camera_05,40,Hospital_000__Person_0002,Camera_26,0.9356403946876526,1,0.5389061810735509
31,Hospital_000__Person_0002,Camera_07,32,Hospital_000__Person_0002,Camera_08,0.9754282832145691,1,0.7251937829721168
32,Hospital_000__Person_0002,Camera_08,35,Hospital_000__Person_0002,Camera_19,0.9763357043266296,1,0.6984359518342852
33,Hospital_000__Person_0002,Camera_16,32,Hospital_000__Person_0002,Camera_08,0.9581073522567749,1,0.571515096710735
34,Hospital_000__Person_0002,Camera_18,43,Hospital_000__Person_0002,Camera_29,0.9347641468048096,1,0.6244575533081113
35,Hospital_000__Person_0002,Camera_19,32,Hospital_000__Person_0002,Camera_08,0.9763357043266296,1,0.7269600553626189
36,Hospital_000__Person_0002,Camera_21,35,Hospital_000__Person_0002,Camera_19,0.9711769819259644,1,0.6128065320540644
37,Hospital_000__Person_0002,Camera_22,39,Hospital_000__Person_0002,Camera_24,0.9557096362113953,1,0.8193984140859142
38,Hospital_000__Person_0002,Camera_23,36,Hospital_000__Person_0002,Camera_21,0.9398107528686523,1,0.37427418505299725
39,Hospital_000__Person_0002,Camera_24,28,Hospital_000__Person_0002,Camera_03,0.9709381461143494,1,0.8398985537669938
40,Hospital_000__Person_0002,Camera_26,30,Hospital_000__Person_0002,Camera_05,0.9356403946876526,1,0.5976606367179969
41,Hospital_000__Person_0002,Camera_27,42,Hospital_000__Person_0002,Camera_28,0.9629195928573608,1,0.602889519363487
42,Hospital_000__Person_0002,Camera_28,35,Hospital_000__Person_0002,Camera_19,0.9634208083152771,1,0.6409949958237331
43,Hospital_000__Person_0002,Camera_29,36,Hospital_000__Person_0002,Camera_21,0.9703748226165771,1,0.636399544687282
44,Hospital_000__Person_0003,Camera,46,Hospital_000__Person_0003,Camera_04,0.965778112411499,1,0.22639909637704106
45,Hospital_000__Person_0003,Camera_03,54,Hospital_000__Person_0003,Camera_22,0.9755743741989136,1,0.6841933974011443
46,Hospital_000__Person_0003,Camera_04,360,Hospital_000__Person_0024,Camera_27,0.9736476540565491,0,0.33103970490073414
47,Hospital_000__Person_0003,Camera_05,354,Hospital_000__Person_0024,Camera_08,0.971367359161377,0,0.5024362977837676
48,Hospital_000__Person_0003,Camera_06,54,Hospital_000__Person_0003,Camera_22,0.9720668196678162,1,0.6581509050589993
49,Hospital_000__Person_0003,Camera_08,45,Hospital_000__Person_0003,Camera_03,0.9664772748947144,1,0.5357532280208789
50,Hospital_000__Person_0003,Camera_09,45,Hospital_000__Person_0003,Camera_03,0.9709981083869934,1,0.5796419412761065
51,Hospital_000__Person_0003,Camera_18,1491,Warehouse_016__Person_0625,Camera_07,0.8981456756591797,0,0.2469514613744998
52,Hospital_000__Person_0003,Camera_19,45,Hospital_000__Person_0003,Camera_03,0.9645897746086121,1,0.41139471473176864
53,Hospital_000__Person_0003,Camera_20,541,Hospital_000__Person_0038,Camera_04,0.9208073616027832,0,0.12234354106447468
54,Hospital_000__Person_0003,Camera_22,45,Hospital_000__Person_0003,Camera_03,0.9755743741989136,1,0.600896573618579
55,Hospital_000__Person_0003,Camera_23,157,Hospital_000__Person_0011,Camera_03,0.8599881529808044,0,0.12734154144295182
56,Hospital_000__Person_0003,Camera_24,45,Hospital_000__Person_0003,Camera_03,0.9660385251045227,1,0.5764747739499414
57,Hospital_000__Person_0003,Camera_26,59,Hospital_000__Person_0003,Camera_31,0.9841341376304626,1,0.5537845885839145
58,Hospital_000__Person_0003,Camera_27,59,Hospital_000__Person_0003,Camera_31,0.9662979245185852,1,0.634734009401941
59,Hospital_000__Person_0003,Camera_31,57,Hospital_000__Person_0003,Camera_26,0.9841341376304626,1,0.5354284013195173
60,Hospital_000__Person_0004,Camera,1218,Warehouse_015__Person_0218,Camera_12,0.9427382946014404,0,0.12044117898143678
61,Hospital_000__Person_0004,Camera_03,70,Hospital_000__Person_0004,Camera_24,0.9667199850082397,1,0.6237501102234643
62,Hospital_000__Person_0004,Camera_04,571,Hospital_000__Person_0039,Camera_27,0.9352033734321594,0,0.013967579236445503
63,Hospital_000__Person_0004,Camera_05,69,Hospital_000__Person_0004,Camera_22,0.9788306355476379,1,0.6712584805694511
64,Hospital_000__Person_0004,Camera_06,70,Hospital_000__Person_0004,Camera_24,0.9691974520683289,1,0.6606664621474018
65,Hospital_000__Person_0004,Camera_08,72,Hospital_000__Person_0004,Camera_27,0.8907524943351746,1,0.16703197769356953
66,Hospital_000__Person_0004,Camera_09,70,Hospital_000__Person_0004,Camera_24,0.9813992977142334,1,0.6701844074622659
67,Hospital_000__Person_0004,Camera_19,1286,Warehouse_015__Person_0233,Camera_03,0.7845099568367004,0,0.025088652079030195
68,Hospital_000__Person_0004,Camera_20,69,Hospital_000__Person_0004,Camera_22,0.9438221454620361,1,0.4703840939566552
69,Hospital_000__Person_0004,Camera_22,70,Hospital_000__Person_0004,Camera_24,0.9909650087356567,1,0.6700384396899782
70,Hospital_000__Person_0004,Camera_24,69,Hospital_000__Person_0004,Camera_22,0.9909650087356567,1,0.6700105332717816
71,Hospital_000__Person_0004,Camera_26,70,Hospital_000__Person_0004,Camera_24,0.9869529008865356,1,0.6531503569934257
72,Hospital_000__Person_0004,Camera_27,65,Hospital_000__Person_0004,Camera_08,0.8907524943351746,1,0.1628162761565241
73,Hospital_000__Person_0005,Camera_02,75,Hospital_000__Person_0005,Camera_10,0.974269449710846,1,0.5032576590673448
74,Hospital_000__Person_0005,Camera_03,80,Hospital_000__Person_0005,Camera_24,0.9343699812889099,1,0.2670407609696442
75,Hospital_000__Person_0005,Camera_10,73,Hospital_000__Person_0005,Camera_02,0.974269449710846,1,0.43458243334247065
76,Hospital_000__Person_0005,Camera_12,73,Hospital_000__Person_0005,Camera_02,0.9737257361412048,1,0.5047288058542401
77,Hospital_000__Person_0005,Camera_13,78,Hospital_000__Person_0005,Camera_17,0.9831895232200623,1,0.5036980665188402
78,Hospital_000__Person_0005,Camera_17,77,Hospital_000__Person_0005,Camera_13,0.9831895232200623,1,0.43075544176148184
79,Hospital_000__Person_0005,Camera_23,1059,Warehouse_015__Person_0191,Camera_11,0.8516318798065186,0,0.018612639843418252
80,Hospital_000__Person_0005,Camera_24,81,Hospital_000__Person_0005,Camera_28,0.9503331780433655,1,0.266200392296843
81,Hospital_000__Person_0005,Camera_28,80,Hospital_000__Person_0005,Camera_24,0.9503331780433655,1,0.2461775672450049
82,Hospital_000__Person_0006,Camera,1286,Warehouse_015__Person_0233,Camera_03,0.8275415897369385,0,0.024265562289431622
83,Hospital_000__Person_0006,Camera_03,90,Hospital_000__Person_0006,Camera_24,0.9780759811401367,1,0.2822974761338207
84,Hospital_000__Person_0006,Camera_04,87,Hospital_000__Person_0006,Camera_16,0.9831832051277161,1,0.8263524208464326
85,Hospital_000__Person_0006,Camera_07,89,Hospital_000__Person_0006,Camera_23,0.9479124546051025,1,0.7828617442711403
86,Hospital_000__Person_0006,Camera_10,94,Hospital_000__Person_0006,Camera_30,0.9719424247741699,1,0.7887979531535108
87,Hospital_000__Person_0006,Camera_16,89,Hospital_000__Person_0006,Camera_23,0.9910119771957397,1,0.8455936819172113
88,Hospital_000__Person_0006,Camera_21,89,Hospital_000__Person_0006,Camera_23,0.9859703779220581,1,0.8169457969274551
89,Hospital_000__Person_0006,Camera_23,87,Hospital_000__Person_0006,Camera_16,0.9910119771957397,1,0.8537594468061461
90,Hospital_000__Person_0006,Camera_24,83,Hospital_000__Person_0006,Camera_03,0.9780759811401367,1,0.38762226239475983
91,Hospital_000__Person_0006,Camera_25,89,Hospital_000__Person_0006,Camera_23,0.9882650971412659,1,0.8271906138863181
92,Hospital_000__Person_0006,Camera_28,90,Hospital_000__Person_0006,Camera_24,0.9688113927841187,1,0.8173234379890726
93,Hospital_000__Person_0006,Camera_29,91,Hospital_000__Person_0006,Camera_25,0.978011965751648,1,0.7836339088262165
94,Hospital_000__Person_0006,Camera_30,91,Hospital_000__Person_0006,Camera_25,0.9810145497322083,1,0.7479231390580341
95,Hospital_000__Person_0007,Camera,122,Hospital_000__Person_0008,Camera_23,0.8971624374389648,0,0.08767496825627859
96,Hospital_000__Person_0007,Camera_01,98,Hospital_000__Person_0007,Camera_04,0.9369211792945862,1,0.6485026309527964
97,Hospital_000__Person_0007,Camera_03,107,Hospital_000__Person_0007,Camera_24,0.9902071952819824,1,0.7383667418099882
98,Hospital_000__Person_0007,Camera_04,96,Hospital_000__Person_0007,Camera_01,0.9369211792945862,1,0.137884990925594
99,Hospital_000__Person_0007,Camera_05,105,Hospital_000__Person_0007,Camera_22,0.9792523980140686,1,0.7419567981978052
100,Hospital_000__Person_0007,Camera_06,102,Hospital_000__Person_0007,Camera_09,0.9796190857887268,1,0.7494133864902297
101,Hospital_000__Person_0007,Camera_08,389,Hospital_000__Person_0026,Camera_27,0.9124179482460022,0,0.04543654254822467
102,Hospital_000__Person_0007,Camera_09,100,Hospital_000__Person_0007,Camera_06,0.9796190857887268,1,0.7499966309855027
103,Hospital_000__Person_0007,Camera_19,1286,Warehouse_015__Person_0233,Camera_03,0.8052187561988831,0,0.006957789424119938
104,Hospital_000__Person_0007,Camera_20,99,Hospital_000__Person_0007,Camera_05,0.9740772247314453,1,0.7444624212576565
105,Hospital_000__Person_0007,Camera_22,99,Hospital_000__Person_0007,Camera_05,0.9792523980140686,1,0.7226396937159272
106,Hospital_000__Person_0007,Camera_23,555,Hospital_000__Person_0038,Camera_27,0.8514179587364197,0,0.04430423449378397
107,Hospital_000__Person_0007,Camera_24,97,Hospital_000__Person_0007,Camera_03,0.9902071952819824,1,0.7409176326277648
108,Hospital_000__Person_0007,Camera_26,105,Hospital_000__Person_0007,Camera_22,0.9651548266410828,1,0.7510756275386756
109,Hospital_000__Person_0007,Camera_27,98,Hospital_000__Person_0007,Camera_04,0.9152529835700989,1,0.4761137141446906
110,Hospital_000__Person_0007,Camera_31,44,Hospital_000__Person_0003,Camera,0.9133857488632202,0,0.01433682509261685
111,Hospital_000__Person_0008,Camera,123,Hospital_000__Person_0008,Camera_24,0.9827086925506592,1,0.9526707234617986
112,Hospital_000__Person_0008,Camera_03,123,Hospital_000__Person_0008,Camera_24,0.9949743747711182,1,0.9495098039215686
113,Hospital_000__Person_0008,Camera_04,122,Hospital_000__Person_0008,Camera_23,0.9451833367347717,1,0.4896854068891097
114,Hospital_000__Person_0008,Camera_05,125,Hospital_000__Person_0008,Camera_26,0.9848632216453552,1,0.9405228758169935
115,Hospital_000__Person_0008,Camera_06,117,Hospital_000__Person_0008,Camera_09,0.9871484637260437,1,0.9590336134453781
116,Hospital_000__Person_0008,Camera_08,126,Hospital_000__Person_0008,Camera_27,0.9804215431213379,1,0.9911764705882353
117,Hospital_000__Person_0008,Camera_09,115,Hospital_000__Person_0008,Camera_06,0.9871484637260437,1,0.9584178498985803
118,Hospital_000__Person_0008,Camera_18,117,Hospital_000__Person_0008,Camera_09,0.9721977710723877,1,0.9518007700180321
119,Hospital_000__Person_0008,Camera_19,116,Hospital_000__Person_0008,Camera_08,0.9363752603530884,1,0.9903478419231471
120,Hospital_000__Person_0008,Camera_20,114,Hospital_000__Person_0008,Camera_05,0.9610826373100281,1,0.8607237658792765
121,Hospital_000__Person_0008,Camera_22,114,Hospital_000__Person_0008,Camera_05,0.9747830629348755,1,0.8949413812084231
122,Hospital_000__Person_0008,Camera_23,120,Hospital_000__Person_0008,Camera_20,0.9573944807052612,1,0.937989135812941
123,Hospital_000__Person_0008,Camera_24,112,Hospital_000__Person_0008,Camera_03,0.9949743747711182,1,0.9521654815772462
124,Hospital_000__Person_0008,Camera_25,22,Hospital_000__Person_0001,Camera_24,0.8442456126213074,0,0.3424808283913108
125,Hospital_000__Person_0008,Camera_26,114,Hospital_000__Person_0008,Camera_05,0.9848632216453552,1,0.9499484004127967
126,Hospital_000__Person_0008,Camera_27,116,Hospital_000__Person_0008,Camera_08,0.9804215431213379,1,0.9796380090497738
127,Hospital_000__Person_0008,Camera_28,117,Hospital_000__Person_0008,Camera_09,0.9728190302848816,1,0.9593582887700535
128,Hospital_000__Person_0008,Camera_31,115,Hospital_000__Person_0008,Camera_06,0.9172837734222412,1,0.9174905256220135
129,Hospital_000__Person_0009,Camera,143,Hospital_000__Person_0009,Camera_28,0.9785958528518677,1,0.6910919357347928
130,Hospital_000__Person_0009,Camera_03,142,Hospital_000__Person_0009,Camera_27,0.9846755266189575,1,0.64374176428463
131,Hospital_000__Person_0009,Camera_04,130,Hospital_000__Person_0009,Camera_03,0.9680052399635315,1,0.46991897851880315
132,Hospital_000__Person_0009,Camera_05,138,Hospital_000__Person_0009,Camera_22,0.9140742421150208,1,0.34595926249726217
133,Hospital_000__Person_0009,Camera_06,142,Hospital_000__Person_0009,Camera_27,0.9793156981468201,1,0.7364283398695483
134,Hospital_000__Person_0009,Camera_08,135,Hospital_000__Person_0009,Camera_09,0.9728457927703857,1,0.8114505358871218
135,Hospital_000__Person_0009,Camera_09,140,Hospital_000__Person_0009,Camera_24,0.9751550555229187,1,0.7976734042899455
136,Hospital_000__Person_0009,Camera_18,134,Hospital_000__Person_0009,Camera_08,0.9576382040977478,1,0.4465552207045525
137,Hospital_000__Person_0009,Camera_19,135,Hospital_000__Person_0009,Camera_09,0.9523065686225891,1,0.7533867387075883
138,Hospital_000__Person_0009,Camera_22,140,Hospital_000__Person_0009,Camera_24,0.9714122414588928,1,0.659913498207682
139,Hospital_000__Person_0009,Camera_23,130,Hospital_000__Person_0009,Camera_03,0.9580338001251221,1,0.29687176832691037
140,Hospital_000__Person_0009,Camera_24,135,Hospital_000__Person_0009,Camera_09,0.9751550555229187,1,0.8149111827683255
141,Hospital_000__Person_0009,Camera_26,138,Hospital_000__Person_0009,Camera_22,0.9133002161979675,1,0.5409558931134608
142,Hospital_000__Person_0009,Camera_27,130,Hospital_000__Person_0009,Camera_03,0.9846755266189575,1,0.7462105623380179
143,Hospital_000__Person_0009,Camera_28,129,Hospital_000__Person_0009,Camera,0.9785958528518677,1,0.7067721289477187
144,Hospital_000__Person_0010,Camera_03,152,Hospital_000__Person_0010,Camera_24,0.9691227078437805,1,0.40848361126475996
145,Hospital_000__Person_0010,Camera_04,147,Hospital_000__Person_0010,Camera_10,0.9360769391059875,1,0.670973166347654
146,Hospital_000__Person_0010,Camera_07,147,Hospital_000__Person_0010,Camera_10,0.9550780653953552,1,0.44814448967551435
147,Hospital_000__Person_0010,Camera_10,151,Hospital_000__Person_0010,Camera_23,0.9599641561508179,1,0.7250051921385465
148,Hospital_000__Person_0010,Camera_16,150,Hospital_000__Person_0010,Camera_21,0.9908521771430969,1,0.8405594405594407
149,Hospital_000__Person_0010,Camera_19,152,Hospital_000__Person_0010,Camera_24,0.913199245929718,1,0.2031924270155169
150,Hospital_000__Person_0010,Camera_21,148,Hospital_000__Person_0010,Camera_16,0.9908521771430969,1,0.8234776443109778
151,Hospital_000__Person_0010,Camera_23,150,Hospital_000__Person_0010,Camera_21,0.9793013334274292,1,0.7722145904770019
152,Hospital_000__Person_0010,Camera_24,144,Hospital_000__Person_0010,Camera_03,0.9691227078437805,1,0.29642823535513907
153,Hospital_000__Person_0010,Camera_25,148,Hospital_000__Person_0010,Camera_16,0.9515299201011658,1,0.7765918557249204
154,Hospital_000__Person_0010,Camera_28,144,Hospital_000__Person_0010,Camera_03,0.9302184581756592,1,0.879576048951049
155,Hospital_000__Person_0010,Camera_29,156,Hospital_000__Person_0010,Camera_30,0.9813908934593201,1,0.8272685185185186
156,Hospital_000__Person_0010,Camera_30,150,Hospital_000__Person_0010,Camera_21,0.9875178337097168,1,0.8767300194931773
157,Hospital_000__Person_0011,Camera_03,165,Hospital_000__Person_0011,Camera_24,0.9893086552619934,1,0.6145699189816838
158,Hospital_000__Person_0011,Camera_04,161,Hospital_000__Person_0011,Camera_16,0.9592501521110535,1,0.4678872845656631
159,Hospital_000__Person_0011,Camera_07,160,Hospital_000__Person_0011,Camera_10,0.966854453086853,1,0.7878097932830354
160,Hospital_000__Person_0011,Camera_10,159,Hospital_000__Person_0011,Camera_07,0.966854453086853,1,0.8289659686718511
161,Hospital_000__Person_0011,Camera_16,164,Hospital_000__Person_0011,Camera_23,0.9781968593597412,1,0.8172193877551021
162,Hospital_000__Person_0011,Camera_19,165,Hospital_000__Person_0011,Camera_24,0.9437987208366394,1,0.4211296178122291
163,Hospital_000__Person_0011,Camera_21,164,Hospital_000__Person_0011,Camera_23,0.9812440276145935,1,0.6638086497617087
164,Hospital_000__Person_0011,Camera_23,166,Hospital_000__Person_0011,Camera_25,0.988851010799408,1,0.6452649912256574
165,Hospital_000__Person_0011,Camera_24,157,Hospital_000__Person_0011,Camera_03,0.9893086552619934,1,0.521446673627435
166,Hospital_000__Person_0011,Camera_25,164,Hospital_000__Person_0011,Camera_23,0.988851010799408,1,0.6689832358683165
167,Hospital_000__Person_0011,Camera_28,165,Hospital_000__Person_0011,Camera_24,0.9765569567680359,1,0.5144728203336154
168,Hospital_000__Person_0011,Camera_29,166,Hospital_000__Person_0011,Camera_25,0.9762896299362183,1,0.5603624544531143
169,Hospital_000__Person_0011,Camera_30,163,Hospital_000__Person_0011,Camera_21,0.974814772605896,1,0.5723008310875838
170,Hospital_000__Person_0012,Camera,190,Hospital_000__Person_0013,Camera_20,0.9316732287406921,0,0.11908584014730945
171,Hospital_000__Person_0012,Camera_01,696,Warehouse_015__Person_0006,Camera_05,0.8772002458572388,0,0.04444985228184149
172,Hospital_000__Person_0012,Camera_03,179,Hospital_000__Person_0012,Camera_22,0.9702112674713135,1,0.34840276051501
173,Hospital_000__Person_0012,Camera_05,969,Warehouse_015__Person_0180,Camera_10,0.8808004260063171,0,0.048245064361499695
174,Hospital_000__Person_0012,Camera_06,176,Hospital_000__Person_0012,Camera_09,0.9589956998825073,1,0.28679659941849844
175,Hospital_000__Person_0012,Camera_08,389,Hospital_000__Person_0026,Camera_27,0.9380983710289001,0,0.009644985247917248
176,Hospital_000__Person_0012,Camera_09,178,Hospital_000__Person_0012,Camera_20,0.9738356471061707,1,0.2230479907409441
177,Hospital_000__Person_0012,Camera_14,180,Hospital_000__Person_0012,Camera_24,0.935568630695343,1,0.372719869512038
178,Hospital_000__Person_0012,Camera_20,176,Hospital_000__Person_0012,Camera_09,0.9738356471061707,1,0.21344322809378924
179,Hospital_000__Person_0012,Camera_22,172,Hospital_000__Person_0012,Camera_03,0.9702112674713135,1,0.34685039076878826
180,Hospital_000__Person_0012,Camera_24,177,Hospital_000__Person_0012,Camera_14,0.935568630695343,1,0.469965776003488
181,Hospital_000__Person_0012,Camera_26,180,Hospital_000__Person_0012,Camera_24,0.9071977138519287,1,0.3448887554345028
182,Hospital_000__Person_0012,Camera_27,503,Hospital_000__Person_0035,Camera,0.9379778504371643,0,0.02919026870729763
183,Hospital_000__Person_0013,Camera,190,Hospital_000__Person_0013,Camera_20,0.9616600871086121,1,0.7524023544948228
184,Hospital_000__Person_0013,Camera_03,193,Hospital_000__Person_0013,Camera_24,0.9959045648574829,1,0.6784033471974649
185,Hospital_000__Person_0013,Camera_04,438,Hospital_000__Person_0030,Camera_19,0.879406213760376,0,0.007003114606350823
186,Hospital_000__Person_0013,Camera_05,195,Hospital_000__Person_0013,Camera_26,0.9689309597015381,1,0.7254356573956939
187,Hospital_000__Person_0013,Camera_06,193,Hospital_000__Person_0013,Camera_24,0.9890795946121216,1,0.7038278725312748
188,Hospital_000__Person_0013,Camera_08,190,Hospital_000__Person_0013,Camera_20,0.927415132522583,1,0.3939662655534876
189,Hospital_000__Person_0013,Camera_09,193,Hospital_000__Person_0013,Camera_24,0.9866209030151367,1,0.7125150325451419
190,Hospital_000__Person_0013,Camera_20,183,Hospital_000__Person_0013,Camera,0.9616600871086121,1,0.469906553537436
191,Hospital_000__Person_0013,Camera_22,187,Hospital_000__Person_0013,Camera_06,0.9827790856361389,1,0.6968839920681725
192,Hospital_000__Person_0013,Camera_23,170,Hospital_000__Person_0012,Camera,0.9282915592193604,0,0.29335193566423556
193,Hospital_000__Person_0013,Camera_24,184,Hospital_000__Person_0013,Camera_03,0.9959045648574829,1,0.6842932332917139
194,Hospital_000__Person_0013,Camera_25,192,Hospital_000__Person_0013,Camera_23,0.8127880096435547,1,0.26387939117145104
195,Hospital_000__Person_0013,Camera_26,187,Hospital_000__Person_0013,Camera_06,0.986122190952301,1,0.6984033322198266
196,Hospital_000__Person_0013,Camera_27,190,Hospital_000__Person_0013,Camera_20,0.9398911595344543,1,0.09461565712279729
197,Hospital_000__Person_0013,Camera_28,128,Hospital_000__Person_0008,Camera_31,0.831348180770874,0,0.21745681979472384
198,Hospital_000__Person_0013,Camera_31,189,Hospital_000__Person_0013,Camera_09,0.9795475006103516,1,0.7029944192270934
199,Hospital_000__Person_0014,Camera_03,207,Hospital_000__Person_0014,Camera_24,0.9589068293571472,1,0.2267772704514924
200,Hospital_000__Person_0014,Camera_04,202,Hospital_000__Person_0014,Camera_10,0.9811374545097351,1,0.6204954680777316
201,Hospital_000__Person_0014,Camera_07,208,Hospital_000__Person_0014,Camera_25,0.9520867466926575,1,0.3839115657421863
202,Hospital_000__Person_0014,Camera_10,200,Hospital_000__Person_0014,Camera_04,0.9811374545097351,1,0.6745203872287082
203,Hospital_000__Person_0014,Camera_16,210,Hospital_000__Person_0014,Camera_29,0.9621713757514954,1,0.5818928787469579
204,Hospital_000__Person_0014,Camera_19,209,Hospital_000__Person_0014,Camera_28,0.9364869594573975,1,0.3393891949659711
205,Hospital_000__Person_0014,Camera_21,202,Hospital_000__Person_0014,Camera_10,0.9798997640609741,1,0.6899661928464562
206,Hospital_000__Person_0014,Camera_23,208,Hospital_000__Person_0014,Camera_25,0.9807148575782776,1,0.6546858768822004
207,Hospital_000__Person_0014,Camera_24,199,Hospital_000__Person_0014,Camera_03,0.9589068293571472,1,0.18848488322284146
208,Hospital_000__Person_0014,Camera_25,206,Hospital_000__Person_0014,Camera_23,0.9807148575782776,1,0.606718360786335
209,Hospital_000__Person_0014,Camera_28,204,Hospital_000__Person_0014,Camera_19,0.9364869594573975,1,0.6385750034279447
210,Hospital_000__Person_0014,Camera_29,206,Hospital_000__Person_0014,Camera_23,0.965430736541748,1,0.5938975350798162
211,Hospital_000__Person_0015,Camera,230,Hospital_000__Person_0015,Camera_27,0.9702880382537842,1,0.7053284417058756
212,Hospital_000__Person_0015,Camera_03,227,Hospital_000__Person_0015,Camera_24,0.9761579036712646,1,0.84611131980306
213,Hospital_000__Person_0015,Camera_04,226,Hospital_000__Person_0015,Camera_23,0.9793044328689575,1,0.32379847874577883
214,Hospital_000__Person_0015,Camera_05,229,Hospital_000__Person_0015,Camera_26,0.9182378649711609,1,0.44762385605975047
215,Hospital_000__Person_0015,Camera_06,233,Hospital_000__Person_0015,Camera_31,0.9875147342681885,1,0.7623853582701027
216,Hospital_000__Person_0015,Camera_07,220,Hospital_000__Person_0015,Camera_16,0.9626754522323608,1,0.7552045924705179
217,Hospital_000__Person_0015,Camera_08,230,Hospital_000__Person_0015,Camera_27,0.982846736907959,1,0.7829273300362672
218,Hospital_000__Person_0015,Camera_09,217,Hospital_000__Person_0015,Camera_08,0.96260005235672,1,0.7780703570390637
219,Hospital_000__Person_0015,Camera_10,342,Hospital_000__Person_0023,Camera_19,0.8596283197402954,0,0.05726377865261028
220,Hospital_000__Person_0015,Camera_16,217,Hospital_000__Person_0015,Camera_08,0.9665749073028564,1,0.7455065608555189
221,Hospital_000__Person_0015,Camera_18,222,Hospital_000__Person_0015,Camera_19,0.9590346217155457,1,0.7903218912868957
222,Hospital_000__Person_0015,Camera_19,217,Hospital_000__Person_0015,Camera_08,0.9778153300285339,1,0.8313006904107345
223,Hospital_000__Person_0015,Camera_20,224,Hospital_000__Person_0015,Camera_21,0.9291232228279114,1,0.7613704531633146
224,Hospital_000__Person_0015,Camera_21,232,Hospital_000__Person_0015,Camera_29,0.9729129076004028,1,0.7372403727269723
225,Hospital_000__Person_0015,Camera_22,227,Hospital_000__Person_0015,Camera_24,0.9653090238571167,1,0.7351121871532782
226,Hospital_000__Person_0015,Camera_23,213,Hospital_000__Person_0015,Camera_04,0.9793044328689575,1,0.30508216875815586
227,Hospital_000__Person_0015,Camera_24,212,Hospital_000__Person_0015,Camera_03,0.9761579036712646,1,0.8675382363028981
228,Hospital_000__Person_0015,Camera_25,489,Hospital_000__Person_0034,Camera_04,0.8821991682052612,0,0.08988084779642176
229,Hospital_000__Person_0015,Camera_26,214,Hospital_000__Person_0015,Camera_05,0.9182378649711609,1,0.46259769605964757
230,Hospital_000__Person_0015,Camera_27,217,Hospital_000__Person_0015,Camera_08,0.982846736907959,1,0.7694220347454063
231,Hospital_000__Person_0015,Camera_28,211,Hospital_000__Person_0015,Camera,0.9662562012672424,1,0.7282058993011644
232,Hospital_000__Person_0015,Camera_29,224,Hospital_000__Person_0015,Camera_21,0.9729129076004028,1,0.722997448131302
233,Hospital_000__Person_0015,Camera_31,215,Hospital_000__Person_0015,Camera_06,0.9875147342681885,1,0.7702589336611907
234,Hospital_000__Person_0016,Camera_03,242,Hospital_000__Person_0016,Camera_24,0.9664078950881958,1,0.14741544384712735
235,Hospital_000__Person_0016,Camera_04,237,Hospital_000__Person_0016,Camera_10,0.976782500743866,1,0.7285295370893198
236,Hospital_000__Person_0016,Camera_07,240,Hospital_000__Person_0016,Camera_21,0.9729793071746826,1,0.8397524393163929
237,Hospital_000__Person_0016,Camera_10,235,Hospital_000__Person_0016,Camera_04,0.976782500743866,1,0.7405088632259291
238,Hospital_000__Person_0016,Camera_16,237,Hospital_000__Person_0016,Camera_10,0.9751498699188232,1,0.7059272795876341
239,Hospital_000__Person_0016,Camera_19,244,Hospital_000__Person_0016,Camera_28,0.9688248038291931,1,0.4079094910028297
240,Hospital_000__Person_0016,Camera_21,236,Hospital_000__Person_0016,Camera_07,0.9729793071746826,1,0.7723623623623624
241,Hospital_000__Person_0016,Camera_23,240,Hospital_000__Person_0016,Camera_21,0.9435011744499207,1,0.7923179346989081
242,Hospital_000__Person_0016,Camera_24,234,Hospital_000__Person_0016,Camera_03,0.9664078950881958,1,0.12743868772224573
243,Hospital_000__Person_0016,Camera_25,237,Hospital_000__Person_0016,Camera_10,0.9201202392578125,1,0.78237210817856
244,Hospital_000__Person_0016,Camera_28,239,Hospital_000__Person_0016,Camera_19,0.9688248038291931,1,0.4762194645340179
245,Hospital_000__Person_0016,Camera_29,246,Hospital_000__Person_0016,Camera_30,0.9731782674789429,1,0.37579662768626315
246,Hospital_000__Person_0016,Camera_30,245,Hospital_000__Person_0016,Camera_29,0.9731782674789429,1,0.4464106888684486
247,Hospital_000__Person_0017,Camera_03,253,Hospital_000__Person_0017,Camera_24,0.9691368341445923,1,0.6153655024678297
248,Hospital_000__Person_0017,Camera_04,249,Hospital_000__Person_0017,Camera_10,0.9553623199462891,1,0.8063220551378446
249,Hospital_000__Person_0017,Camera_10,248,Hospital_000__Person_0017,Camera_04,0.9553623199462891,1,0.7635655929038282
250,Hospital_000__Person_0017,Camera_16,251,Hospital_000__Person_0017,Camera_21,0.9760414361953735,1,0.9290262515262514
251,Hospital_000__Person_0017,Camera_21,252,Hospital_000__Person_0017,Camera_23,0.9870920181274414,1,0.9338235294117646
252,Hospital_000__Person_0017,Camera_23,251,Hospital_000__Person_0017,Camera_21,0.9870920181274414,1,0.8835839598997494
253,Hospital_000__Person_0017,Camera_24,247,Hospital_000__Person_0017,Camera_03,0.9691368341445923,1,0.7119796380090497
254,Hospital_000__Person_0017,Camera_25,251,Hospital_000__Person_0017,Camera_21,0.9739428162574768,1,0.8942857142857142
255,Hospital_000__Person_0017,Camera_28,253,Hospital_000__Person_0017,Camera_24,0.9686108231544495,1,0.8595179738562091
256,Hospital_000__Person_0017,Camera_29,248,Hospital_000__Person_0017,Camera_04,0.9506412744522095,1,0.8845328282828282
257,Hospital_000__Person_0017,Camera_30,254,Hospital_000__Person_0017,Camera_25,0.9627347588539124,1,0.8893623481781376
258,Hospital_000__Person_0018,Camera,267,Hospital_000__Person_0018,Camera_20,0.9678531289100647,1,0.8092239766095888
259,Hospital_000__Person_0018,Camera_01,390,Hospital_000__Person_0027,Camera,0.9363586902618408,0,0.05376541582766684
260,Hospital_000__Person_0018,Camera_03,270,Hospital_000__Person_0018,Camera_24,0.9898231029510498,1,0.7367293115730371
261,Hospital_000__Person_0018,Camera_04,264,Hospital_000__Person_0018,Camera_08,0.9468335509300232,1,0.2216741690170364
262,Hospital_000__Person_0018,Camera_05,268,Hospital_000__Person_0018,Camera_22,0.9718570113182068,1,0.7394938000312438
263,Hospital_000__Person_0018,Camera_06,270,Hospital_000__Person_0018,Camera_24,0.9873371720314026,1,0.7519305381201465
264,Hospital_000__Person_0018,Camera_08,505,Hospital_000__Person_0035,Camera_04,0.9519321918487549,0,0.29023538827295414
265,Hospital_000__Person_0018,Camera_09,274,Hospital_000__Person_0018,Camera_31,0.9837936162948608,1,0.7458929869003804
266,Hospital_000__Person_0018,Camera_19,786,Warehouse_015__Person_0016,Camera,0.8400915265083313,0,0.04483104543675534
267,Hospital_000__Person_0018,Camera_20,265,Hospital_000__Person_0018,Camera_09,0.9785796403884888,1,0.7537482158990754
268,Hospital_000__Person_0018,Camera_22,260,Hospital_000__Person_0018,Camera_03,0.978187084197998,1,0.7248735102681833
269,Hospital_000__Person_0018,Camera_23,541,Hospital_000__Person_0038,Camera_04,0.9185062646865845,0,0.2739664517948539
270,Hospital_000__Person_0018,Camera_24,260,Hospital_000__Person_0018,Camera_03,0.9898231029510498,1,0.7229214502773327
271,Hospital_000__Person_0018,Camera_25,269,Hospital_000__Person_0018,Camera_23,0.8387258648872375,1,0.09041869711423184
272,Hospital_000__Person_0018,Camera_26,267,Hospital_000__Person_0018,Camera_20,0.9676364660263062,1,0.7728787125776302
273,Hospital_000__Person_0018,Camera_27,1469,Warehouse_016__Person_0350,Camera_07,0.9424059391021729,0,0.5852346644347387
274,Hospital_000__Person_0018,Camera_31,263,Hospital_000__Person_0018,Camera_06,0.9868351221084595,1,0.7330804332168444
275,Hospital_000__Person_0019,Camera,52,Hospital_000__Person_0003,Camera_19,0.9526960849761963,0,0.09811563988516833
276,Hospital_000__Person_0019,Camera_03,286,Hospital_000__Person_0019,Camera_24,0.9834953546524048,1,0.5545013799110394
277,Hospital_000__Person_0019,Camera_04,571,Hospital_000__Person_0039,Camera_27,0.9037484526634216,0,0.05648501127616469
278,Hospital_000__Person_0019,Camera_05,284,Hospital_000__Person_0019,Camera_22,0.9692359566688538,1,0.49917441729294415
279,Hospital_000__Person_0019,Camera_06,281,Hospital_000__Person_0019,Camera_09,0.957768440246582,1,0.42947693902588885
280,Hospital_000__Person_0019,Camera_08,567,Hospital_000__Person_0039,Camera_20,0.9471708536148071,0,0.03299826299912158
281,Hospital_000__Person_0019,Camera_09,284,Hospital_000__Person_0019,Camera_22,0.9757542610168457,1,0.5558774202113264
282,Hospital_000__Person_0019,Camera_19,757,Warehouse_015__Person_0013,Camera_03,0.7822351455688477,0,0.035557213790126385
283,Hospital_000__Person_0019,Camera_20,489,Hospital_000__Person_0034,Camera_04,0.9463288187980652,0,0.08405858142525695
284,Hospital_000__Person_0019,Camera_22,288,Hospital_000__Person_0019,Camera_26,0.9862946271896362,1,0.5446977371193571
285,Hospital_000__Person_0019,Camera_23,242,Hospital_000__Person_0016,Camera_24,0.8923157453536987,0,0.011177749085743975
286,Hospital_000__Person_0019,Camera_24,276,Hospital_000__Person_0019,Camera_03,0.9834953546524048,1,0.5562495562000621
287,Hospital_000__Person_0019,Camera_25,22,Hospital_000__Person_0001,Camera_24,0.7486978769302368,0,0.013244144361656137
288,Hospital_000__Person_0019,Camera_26,284,Hospital_000__Person_0019,Camera_22,0.9862946271896362,1,0.5503529411556903
289,Hospital_000__Person_0019,Camera_27,277,Hospital_000__Person_0019,Camera_04,0.8950157165527344,1,0.09688322939182638
290,Hospital_000__Person_0019,Camera_31,278,Hospital_000__Person_0019,Camera_05,0.9602555632591248,1,0.46948209376655853
291,Hospital_000__Person_0020,Camera,292,Hospital_000__Person_0020,Camera_01,0.947567880153656,1,0.42280643256557915
292,Hospital_000__Person_0020,Camera_01,291,Hospital_000__Person_0020,Camera,0.947567880153656,1,0.7220306976789324
293,Hospital_000__Person_0020,Camera_03,303,Hospital_000__Person_0020,Camera_24,0.9935956597328186,1,0.9030202821869489
294,Hospital_000__Person_0020,Camera_04,1469,Warehouse_016__Person_0350,Camera_07,0.9310942888259888,0,0.187106654943283
295,Hospital_000__Person_0020,Camera_05,301,Hospital_000__Person_0020,Camera_22,0.9858193397521973,1,0.9232635427052177
296,Hospital_000__Person_0020,Camera_06,298,Hospital_000__Person_0020,Camera_09,0.9918035268783569,1,0.90736387381957
297,Hospital_000__Person_0020,Camera_08,305,Hospital_000__Person_0020,Camera_27,0.9820097088813782,1,0.9058625470390177
298,Hospital_000__Person_0020,Camera_09,296,Hospital_000__Person_0020,Camera_06,0.9918035268783569,1,0.9233260966952686
299,Hospital_000__Person_0020,Camera_19,297,Hospital_000__Person_0020,Camera_08,0.9391002058982849,1,0.8931831131831132
300,Hospital_000__Person_0020,Camera_20,301,Hospital_000__Person_0020,Camera_22,0.9601043462753296,1,0.7068745802170334
301,Hospital_000__Person_0020,Camera_22,295,Hospital_000__Person_0020,Camera_05,0.9858193397521973,1,0.9053586956521739
302,Hospital_000__Person_0020,Camera_23,170,Hospital_000__Person_0012,Camera,0.81683748960495,0,0.16002368391074576
303,Hospital_000__Person_0020,Camera_24,293,Hospital_000__Person_0020,Camera_03,0.9935956597328186,1,0.9130231570002123
304,Hospital_000__Person_0020,Camera_26,306,Hospital_000__Person_0020,Camera_31,0.9718360304832458,1,0.9101714285714286
305,Hospital_000__Person_0020,Camera_27,297,Hospital_000__Person_0020,Camera_08,0.9820097088813782,1,0.9222222222222222
306,Hospital_000__Person_0020,Camera_31,304,Hospital_000__Person_0020,Camera_26,0.9718360304832458,1,0.9221248876909254
307,Hospital_000__Person_0021,Camera,314,Hospital_000__Person_0021,Camera_20,0.9766424298286438,1,0.6771416677419552
308,Hospital_000__Person_0021,Camera_03,317,Hospital_000__Person_0021,Camera_24,0.9906231164932251,1,0.6836477552341889
309,Hospital_000__Person_0021,Camera_04,517,Hospital_000__Person_0035,Camera_27,0.882634162902832,0,0.1331399619575835
310,Hospital_000__Person_0021,Camera_05,315,Hospital_000__Person_0021,Camera_22,0.9766656756401062,1,0.6627782961689335
311,Hospital_000__Person_0021,Camera_06,308,Hospital_000__Person_0021,Camera_03,0.9701730012893677,1,0.6832259204749253
312,Hospital_000__Person_0021,Camera_08,764,Warehouse_015__Person_0013,Camera_12,0.9327214360237122,0,0.013859850688226394
313,Hospital_000__Person_0021,Camera_09,310,Hospital_000__Person_0021,Camera_05,0.963921844959259,1,0.708120184537619
314,Hospital_000__Person_0021,Camera_20,307,Hospital_000__Person_0021,Camera,0.9766424298286438,1,0.5031723626529336
315,Hospital_000__Person_0021,Camera_22,317,Hospital_000__Person_0021,Camera_24,0.990037739276886,1,0.6753031303524989
316,Hospital_000__Person_0021,Camera_23,314,Hospital_000__Person_0021,Camera_20,0.8971216082572937,1,0.15673689208852754
317,Hospital_000__Person_0021,Camera_24,308,Hospital_000__Person_0021,Camera_03,0.9906231164932251,1,0.6930346441151894
318,Hospital_000__Person_0021,Camera_26,315,Hospital_000__Person_0021,Camera_22,0.9824207425117493,1,0.6809832603788735
319,Hospital_000__Person_0021,Camera_27,291,Hospital_000__Person_0020,Camera,0.9330316185951233,0,0.2067915483796463
320,Hospital_000__Person_0021,Camera_31,141,Hospital_000__Person_0009,Camera_26,0.896155059337616,0,0.2699722770743917
321,Hospital_000__Person_0022,Camera,322,Hospital_000__Person_0022,Camera_01,0.9508941173553467,1,0.5722980430619512
322,Hospital_000__Person_0022,Camera_01,325,Hospital_000__Person_0022,Camera_06,0.9713504910469055,1,0.7262080228991994
323,Hospital_000__Person_0022,Camera_03,324,Hospital_000__Person_0022,Camera_05,0.9875746369361877,1,0.6539481300592412
324,Hospital_000__Person_0022,Camera_05,328,Hospital_000__Person_0022,Camera_20,0.9901865124702454,1,0.717235756896325
325,Hospital_000__Person_0022,Camera_06,328,Hospital_000__Person_0022,Camera_20,0.9853105545043945,1,0.7601576321800653
326,Hospital_000__Person_0022,Camera_08,332,Hospital_000__Person_0022,Camera_27,0.9443436861038208,1,0.1118486181445443
327,Hospital_000__Person_0022,Camera_09,330,Hospital_000__Person_0022,Camera_24,0.986503005027771,1,0.7756602281956056
328,Hospital_000__Person_0022,Camera_20,324,Hospital_000__Person_0022,Camera_05,0.9901865124702454,1,0.7351134545206175
329,Hospital_000__Person_0022,Camera_22,331,Hospital_000__Person_0022,Camera_26,0.9905346632003784,1,0.5837062428459123
330,Hospital_000__Person_0022,Camera_24,327,Hospital_000__Person_0022,Camera_09,0.986503005027771,1,0.7059044926122391
331,Hospital_000__Person_0022,Camera_26,329,Hospital_000__Person_0022,Camera_22,0.9905346632003784,1,0.5690790282702046
332,Hospital_000__Person_0022,Camera_27,326,Hospital_000__Person_0022,Camera_08,0.9443436861038208,1,0.09224281208069582
333,Hospital_000__Person_0022,Camera_31,1492,Warehouse_016__Person_0625,Camera_08,0.9235343337059021,0,0.33903895406675455
334,Hospital_000__Person_0023,Camera,343,Hospital_000__Person_0023,Camera_20,0.971450686454773,1,0.1498242327781023
335,Hospital_000__Person_0023,Camera_01,567,Hospital_000__Person_0039,Camera_20,0.9130768775939941,0,0.060970470724756046
336,Hospital_000__Person_0023,Camera_03,346,Hospital_000__Person_0023,Camera_24,0.9911655783653259,1,0.5753027013749015
337,Hospital_000__Person_0023,Camera_04,389,Hospital_000__Person_0026,Camera_27,0.9222954511642456,0,0.027818000588620818
338,Hospital_000__Person_0023,Camera_05,346,Hospital_000__Person_0023,Camera_24,0.984517514705658,1,0.5863262911937943
339,Hospital_000__Person_0023,Camera_06,344,Hospital_000__Person_0023,Camera_22,0.9855551719665527,1,0.5901134705212436
340,Hospital_000__Person_0023,Camera_08,1434,Warehouse_016__FourierGR1T2_0626,Camera_07,0.9111345410346985,0,0.07492869280197692
341,Hospital_000__Person_0023,Camera_09,339,Hospital_000__Person_0023,Camera_06,0.9812413454055786,1,0.581306719780275
342,Hospital_000__Person_0023,Camera_19,68,Hospital_000__Person_0004,Camera_20,0.8795375227928162,0,0.036727885175824586
343,Hospital_000__Person_0023,Camera_20,334,Hospital_000__Person_0023,Camera,0.971450686454773,1,0.2105672673104059
344,Hospital_000__Person_0023,Camera_22,339,Hospital_000__Person_0023,Camera_06,0.9855551719665527,1,0.586314174385135
345,Hospital_000__Person_0023,Camera_23,405,Hospital_000__Person_0028,Camera_01,0.8717793226242065,0,0.009000759644200919
346,Hospital_000__Person_0023,Camera_24,336,Hospital_000__Person_0023,Camera_03,0.9911655783653259,1,0.5740487590315022
347,Hospital_000__Person_0023,Camera_25,22,Hospital_000__Person_0001,Camera_24,0.7741933465003967,0,0.01155409748041637
348,Hospital_000__Person_0023,Camera_26,339,Hospital_000__Person_0023,Camera_06,0.9786337614059448,1,0.5857587731617009
349,Hospital_000__Person_0023,Camera_27,352,Hospital_000__Person_0024,Camera_04,0.9492987394332886,0,0.06254363896017959
350,Hospital_000__Person_0023,Camera_31,341,Hospital_000__Person_0023,Camera_09,0.9711728692054749,1,0.5826414308285949
351,Hospital_000__Person_0024,Camera_03,353,Hospital_000__Person_0024,Camera_05,0.9346373677253723,1,0.5429120438500746
352,Hospital_000__Person_0024,Camera_04,360,Hospital_000__Person_0024,Camera_27,0.970146119594574,1,0.13356024419444348
353,Hospital_000__Person_0024,Camera_05,359,Hospital_000__Person_0024,Camera_26,0.9383554458618164,1,0.4433417560531141
354,Hospital_000__Person_0024,Camera_08,47,Hospital_000__Person_0003,Camera_05,0.971367359161377,0,0.06074573025684099
355,Hospital_000__Person_0024,Camera_18,834,Warehouse_015__Person_0168,Camera_06,0.9181112051010132,0,0.07323404396399724
356,Hospital_000__Person_0024,Camera_19,54,Hospital_000__Person_0003,Camera_22,0.9710380434989929,0,0.0782391065334628
357,Hospital_000__Person_0024,Camera_22,358,Hospital_000__Person_0024,Camera_24,0.958861768245697,1,0.5869469549294111
358,Hospital_000__Person_0024,Camera_24,357,Hospital_000__Person_0024,Camera_22,0.958861768245697,1,0.37628565429357885
359,Hospital_000__Person_0024,Camera_26,353,Hospital_000__Person_0024,Camera_05,0.9383554458618164,1,0.500144365322959
360,Hospital_000__Person_0024,Camera_27,46,Hospital_000__Person_0003,Camera_04,0.9736476540565491,0,0.09990843126929372
361,Hospital_000__Person_0025,Camera,362,Hospital_000__Person_0025,Camera_03,0.9573208689689636,1,0.5236580494896308
362,Hospital_000__Person_0025,Camera_03,373,Hospital_000__Person_0025,Camera_24,0.9782654643058777,1,0.7510503412942435
363,Hospital_000__Person_0025,Camera_04,361,Hospital_000__Person_0025,Camera,0.9295182824134827,1,0.19631723337724596
364,Hospital_000__Person_0025,Camera_05,373,Hospital_000__Person_0025,Camera_24,0.9784836769104004,1,0.7020181566486366
365,Hospital_000__Person_0025,Camera_06,373,Hospital_000__Person_0025,Camera_24,0.959384560585022,1,0.6671319540112451
366,Hospital_000__Person_0025,Camera_08,367,Hospital_000__Person_0025,Camera_09,0.9501311779022217,1,0.7109501573389274
367,Hospital_000__Person_0025,Camera_09,365,Hospital_000__Person_0025,Camera_06,0.9562532305717468,1,0.728767390805592
368,Hospital_000__Person_0025,Camera_18,1276,Warehouse_015__Person_0232,Camera_03,0.7918941974639893,0,0.10771276940996057
369,Hospital_000__Person_0025,Camera_19,367,Hospital_000__Person_0025,Camera_09,0.9264258146286011,1,0.4411094298668617
370,Hospital_000__Person_0025,Camera_20,376,Hospital_000__Person_0025,Camera_31,0.9572461247444153,1,0.4803513580843902
371,Hospital_000__Person_0025,Camera_22,373,Hospital_000__Person_0025,Camera_24,0.985571026802063,1,0.6893148807640941
372,Hospital_000__Person_0025,Camera_23,361,Hospital_000__Person_0025,Camera,0.9152533411979675,1,0.12035903953246327
373,Hospital_000__Person_0025,Camera_24,371,Hospital_000__Person_0025,Camera_22,0.985571026802063,1,0.6798235852972195
374,Hospital_000__Person_0025,Camera_26,373,Hospital_000__Person_0025,Camera_24,0.9796615839004517,1,0.6474107930202587
375,Hospital_000__Person_0025,Camera_27,367,Hospital_000__Person_0025,Camera_09,0.9485493302345276,1,0.6812915929442217
376,Hospital_000__Person_0025,Camera_31,370,Hospital_000__Person_0025,Camera_20,0.9572461247444153,1,0.30338335490117296
377,Hospital_000__Person_0026,Camera,378,Hospital_000__Person_0026,Camera_01,0.9493457078933716,1,0.5737240873239605
378,Hospital_000__Person_0026,Camera_01,377,Hospital_000__Person_0026,Camera,0.9493457078933716,1,0.7041624098503968
379,Hospital_000__Person_0026,Camera_03,949,Warehouse_015__Person_0178,Camera_08,0.9171756505966187,0,0.3449983162251472
380,Hospital_000__Person_0026,Camera_04,427,Hospital_000__Person_0029,Camera_24,0.8277120590209961,0,0.06521465438223668
381,Hospital_000__Person_0026,Camera_05,384,Hospital_000__Person_0026,Camera_09,0.9732332229614258,1,0.69763690444608
382,Hospital_000__Person_0026,Camera_06,385,Hospital_000__Person_0026,Camera_20,0.9461967945098877,1,0.41665852631789657
383,Hospital_000__Person_0026,Camera_08,389,Hospital_000__Person_0026,Camera_27,0.9720088839530945,1,0.11818951098424599
384,Hospital_000__Person_0026,Camera_09,381,Hospital_000__Person_0026,Camera_05,0.9732332229614258,1,0.6947309302871504
385,Hospital_000__Person_0026,Camera_20,388,Hospital_000__Person_0026,Camera_26,0.976708710193634,1,0.709561013737843
386,Hospital_000__Person_0026,Camera_22,381,Hospital_000__Person_0026,Camera_05,0.9731424450874329,1,0.7021964909697824
387,Hospital_000__Person_0026,Camera_24,381,Hospital_000__Person_0026,Camera_05,0.9638431668281555,1,0.6764207147731554
388,Hospital_000__Person_0026,Camera_26,385,Hospital_000__Person_0026,Camera_20,0.976708710193634,1,0.6340568699572477
389,Hospital_000__Person_0026,Camera_27,383,Hospital_000__Person_0026,Camera_08,0.9720088839530945,1,0.12842521651060662
390,Hospital_000__Person_0027,Camera,391,Hospital_000__Person_0027,Camera_01,0.9581917524337769,1,0.10121404097188152
391,Hospital_000__Person_0027,Camera_01,390,Hospital_000__Person_0027,Camera,0.9581917524337769,1,0.1577580510688147
392,Hospital_000__Person_0027,Camera_03,397,Hospital_000__Person_0027,Camera_20,0.9703735113143921,1,0.6086497071153547
393,Hospital_000__Person_0027,Camera_05,396,Hospital_000__Person_0027,Camera_09,0.9846506118774414,1,0.46846180009905586
394,Hospital_000__Person_0027,Camera_06,396,Hospital_000__Person_0027,Camera_09,0.9827632904052734,1,0.5328973795606621
395,Hospital_000__Person_0027,Camera_08,349,Hospital_000__Person_0023,Camera_27,0.9422608017921448,0,0.022573689440708262
396,Hospital_000__Person_0027,Camera_09,393,Hospital_000__Person_0027,Camera_05,0.9846506118774414,1,0.5010639104670217
397,Hospital_000__Person_0027,Camera_20,393,Hospital_000__Person_0027,Camera_05,0.9704710245132446,1,0.5500265413652287
398,Hospital_000__Person_0027,Camera_22,401,Hospital_000__Person_0027,Camera_26,0.9611268043518066,1,0.4760021275689504
399,Hospital_000__Person_0027,Camera_23,170,Hospital_000__Person_0012,Camera,0.8859527707099915,0,0.08352359246139326
400,Hospital_000__Person_0027,Camera_24,394,Hospital_000__Person_0027,Camera_06,0.9631252884864807,1,0.6301491955094433
401,Hospital_000__Person_0027,Camera_26,398,Hospital_000__Person_0027,Camera_22,0.9611268043518066,1,0.5340705326287503
402,Hospital_000__Person_0027,Camera_27,292,Hospital_000__Person_0020,Camera_01,0.9392911791801453,0,0.03819757044681151
403,Hospital_000__Person_0027,Camera_31,567,Hospital_000__Person_0039,Camera_20,0.9223748445510864,0,0.028559520199236663
404,Hospital_000__Person_0028,Camera,412,Hospital_000__Person_0028,Camera_20,0.9611048698425293,1,0.43660072445755227
405,Hospital_000__Person_0028,Camera_01,404,Hospital_000__Person_0028,Camera,0.944898247718811,1,0.5095385170385169
406,Hospital_000__Person_0028,Camera_03,415,Hospital_000__Person_0028,Camera_24,0.9915643930435181,1,0.6073763734797357
407,Hospital_000__Person_0028,Camera_04,544,Hospital_000__Person_0038,Camera_08,0.973331093788147,0,0.2973378902266681
408,Hospital_000__Person_0028,Camera_05,411,Hospital_000__Person_0028,Camera_09,0.9909287095069885,1,0.601965244126055
409,Hospital_000__Person_0028,Camera_06,413,Hospital_000__Person_0028,Camera_22,0.9919248223304749,1,0.5957590837976856
410,Hospital_000__Person_0028,Camera_08,407,Hospital_000__Person_0028,Camera_04,0.9628094434738159,1,0.47179237453781536
411,Hospital_000__Person_0028,Camera_09,413,Hospital_000__Person_0028,Camera_22,0.991759181022644,1,0.5819923368684979
412,Hospital_000__Person_0028,Camera_20,417,Hospital_000__Person_0028,Camera_27,0.9796800017356873,1,0.47206705734389703
413,Hospital_000__Person_0028,Camera_22,415,Hospital_000__Person_0028,Camera_24,0.9954617023468018,1,0.6070227457847799
414,Hospital_000__Person_0028,Camera_23,405,Hospital_000__Person_0028,Camera_01,0.8952632546424866,1,0.425648492909846
415,Hospital_000__Person_0028,Camera_24,413,Hospital_000__Person_0028,Camera_22,0.9954617023468018,1,0.605172880264008
416,Hospital_000__Person_0028,Camera_26,413,Hospital_000__Person_0028,Camera_22,0.9620286822319031,1,0.5935230728966527
417,Hospital_000__Person_0028,Camera_27,412,Hospital_000__Person_0028,Camera_20,0.9796800017356873,1,0.4374175563278127
418,Hospital_000__Person_0029,Camera_02,420,Hospital_000__Person_0029,Camera_10,0.9483832716941833,1,0.3577092061088358
419,Hospital_000__Person_0029,Camera_03,242,Hospital_000__Person_0016,Camera_24,0.9438709020614624,0,0.053941657416834876
420,Hospital_000__Person_0029,Camera_10,418,Hospital_000__Person_0029,Camera_02,0.9483832716941833,1,0.5077515425562662
421,Hospital_000__Person_0029,Camera_12,420,Hospital_000__Person_0029,Camera_10,0.8338908553123474,1,0.23170948634351005
422,Hospital_000__Person_0029,Camera_13,424,Hospital_000__Person_0029,Camera_17,0.9926751852035522,1,0.48212185341132746
423,Hospital_000__Person_0029,Camera_16,426,Hospital_000__Person_0029,Camera_23,0.9837246537208557,1,0.5603027492730503
424,Hospital_000__Person_0029,Camera_17,422,Hospital_000__Person_0029,Camera_13,0.9926751852035522,1,0.5230070015464814
425,Hospital_000__Person_0029,Camera_21,431,Hospital_000__Person_0029,Camera_30,0.9836888909339905,1,0.5628346284963202
426,Hospital_000__Person_0029,Camera_23,428,Hospital_000__Person_0029,Camera_25,0.9888954162597656,1,0.5543520690941077
427,Hospital_000__Person_0029,Camera_24,419,Hospital_000__Person_0029,Camera_03,0.9371921420097351,1,0.20580072271194555
428,Hospital_000__Person_0029,Camera_25,426,Hospital_000__Person_0029,Camera_23,0.9888954162597656,1,0.5360169658114596
429,Hospital_000__Person_0029,Camera_28,423,Hospital_000__Person_0029,Camera_16,0.9511442184448242,1,0.5304227004439064
430,Hospital_000__Person_0029,Camera_29,425,Hospital_000__Person_0029,Camera_21,0.9570127129554749,1,0.5481733292656421
431,Hospital_000__Person_0029,Camera_30,428,Hospital_000__Person_0029,Camera_25,0.9843410849571228,1,0.5836596069727737
432,Hospital_000__Person_0030,Camera_03,440,Hospital_000__Person_0030,Camera_24,0.9854036569595337,1,0.8175569800569801
433,Hospital_000__Person_0030,Camera_04,734,Warehouse_015__Person_0010,Camera_12,0.94399094581604,0,0.09313485685949574
434,Hospital_000__Person_0030,Camera_05,441,Hospital_000__Person_0030,Camera_26,0.9124563932418823,1,0.29475985471130134
435,Hospital_000__Person_0030,Camera_07,441,Hospital_000__Person_0030,Camera_26,0.9064697027206421,1,0.5560038396880502
436,Hospital_000__Person_0030,Camera_08,442,Hospital_000__Person_0030,Camera_27,0.9908230304718018,1,0.43686401106977785
437,Hospital_000__Person_0030,Camera_18,442,Hospital_000__Person_0030,Camera_27,0.9618899822235107,1,0.40746745392870554
438,Hospital_000__Person_0030,Camera_19,442,Hospital_000__Person_0030,Camera_27,0.9586033225059509,1,0.491669022414364
439,Hospital_000__Person_0030,Camera_22,440,Hospital_000__Person_0030,Camera_24,0.9851052165031433,1,0.7881803995006241
440,Hospital_000__Person_0030,Camera_24,432,Hospital_000__Person_0030,Camera_03,0.9854036569595337,1,0.7362250322776638
441,Hospital_000__Person_0030,Camera_26,434,Hospital_000__Person_0030,Camera_05,0.9124563932418823,1,0.8241892610313662
442,Hospital_000__Person_0030,Camera_27,436,Hospital_000__Person_0030,Camera_08,0.9908230304718018,1,0.43719461131973036
443,Hospital_000__Person_0031,Camera_03,448,Hospital_000__Person_0031,Camera_19,0.9454158544540405,1,0.25740952588459476
444,Hospital_000__Person_0031,Camera_04,446,Hospital_000__Person_0031,Camera_10,0.9814446568489075,1,0.7039654050054325
445,Hospital_000__Person_0031,Camera_07,450,Hospital_000__Person_0031,Camera_23,0.9639227986335754,1,0.5509845420431477
446,Hospital_000__Person_0031,Camera_10,444,Hospital_000__Person_0031,Camera_04,0.9814446568489075,1,0.7013110196602379
447,Hospital_000__Person_0031,Camera_16,450,Hospital_000__Person_0031,Camera_23,0.9910242557525635,1,0.6899860204613595
448,Hospital_000__Person_0031,Camera_19,443,Hospital_000__Person_0031,Camera_03,0.9454158544540405,1,0.1984332269985161
449,Hospital_000__Person_0031,Camera_21,447,Hospital_000__Person_0031,Camera_16,0.9798886179924011,1,0.693200538750511
450,Hospital_000__Person_0031,Camera_23,447,Hospital_000__Person_0031,Camera_16,0.9910242557525635,1,0.6958634109984241
451,Hospital_000__Person_0031,Camera_24,234,Hospital_000__Person_0016,Camera_03,0.9289692044258118,0,0.12656174842790793
452,Hospital_000__Person_0031,Camera_25,447,Hospital_000__Person_0031,Camera_16,0.9849529266357422,1,0.6864127557570181
453,Hospital_000__Person_0031,Camera_28,239,Hospital_000__Person_0016,Camera_19,0.9188147187232971,0,0.01204344098502873
454,Hospital_000__Person_0031,Camera_29,452,Hospital_000__Person_0031,Camera_25,0.9765949249267578,1,0.6943266955577045
455,Hospital_000__Person_0031,Camera_30,454,Hospital_000__Person_0031,Camera_29,0.9627122282981873,1,0.686687104380188
456,Hospital_000__Person_0032,Camera_03,461,Hospital_000__Person_0032,Camera_09,0.898993968963623,1,0.7033823270931918
457,Hospital_000__Person_0032,Camera_04,467,Hospital_000__Person_0032,Camera_27,0.9387267827987671,1,0.35781627105674674
458,Hospital_000__Person_0032,Camera_05,334,Hospital_000__Person_0023,Camera,0.9350890517234802,0,0.012478451517905114
459,Hospital_000__Person_0032,Camera_07,463,Hospital_000__Person_0032,Camera_19,0.9584255814552307,1,0.5631333314282257
460,Hospital_000__Person_0032,Camera_08,463,Hospital_000__Person_0032,Camera_19,0.9793498516082764,1,0.6752642036345108
461,Hospital_000__Person_0032,Camera_09,456,Hospital_000__Person_0032,Camera_03,0.898993968963623,1,0.47535844393510357
462,Hospital_000__Person_0032,Camera_18,459,Hospital_000__Person_0032,Camera_07,0.918785572052002,1,0.6987524279308981
463,Hospital_000__Person_0032,Camera_19,460,Hospital_000__Person_0032,Camera_08,0.9793498516082764,1,0.7173871252473872
464,Hospital_000__Person_0032,Camera_22,465,Hospital_000__Person_0032,Camera_24,0.9623953104019165,1,0.869511556103735
465,Hospital_000__Person_0032,Camera_24,464,Hospital_000__Person_0032,Camera_22,0.9623953104019165,1,0.6846002698600101
466,Hospital_000__Person_0032,Camera_26,58,Hospital_000__Person_0003,Camera_27,0.9487062692642212,0,0.012376017811772978
467,Hospital_000__Person_0032,Camera_27,460,Hospital_000__Person_0032,Camera_08,0.9470020532608032,1,0.6351283893023094
468,Hospital_000__Person_0033,Camera,469,Hospital_000__Person_0033,Camera_01,0.9708320498466492,1,0.3910375674311639
469,Hospital_000__Person_0033,Camera_01,468,Hospital_000__Person_0033,Camera,0.9708320498466492,1,0.49210637128126067
470,Hospital_000__Person_0033,Camera_03,473,Hospital_000__Person_0033,Camera_06,0.9916967153549194,1,0.5440650803407501
471,Hospital_000__Person_0033,Camera_04,484,Hospital_000__Person_0033,Camera_27,0.9345799684524536,1,0.174736639356829
472,Hospital_000__Person_0033,Camera_05,479,Hospital_000__Person_0033,Camera_22,0.989210844039917,1,0.5202924130120692
473,Hospital_000__Person_0033,Camera_06,470,Hospital_000__Person_0033,Camera_03,0.9916967153549194,1,0.5609914264073631
474,Hospital_000__Person_0033,Camera_08,349,Hospital_000__Person_0023,Camera_27,0.9394698143005371,0,0.051670891515261066
475,Hospital_000__Person_0033,Camera_09,473,Hospital_000__Person_0033,Camera_06,0.9891248345375061,1,0.5221854220679764
476,Hospital_000__Person_0033,Camera_14,470,Hospital_000__Person_0033,Camera_03,0.9548860192298889,1,0.3954492612777446
477,Hospital_000__Person_0033,Camera_19,1286,Warehouse_015__Person_0233,Camera_03,0.8253056406974792,0,0.03647449741641253
478,Hospital_000__Person_0033,Camera_20,232,Hospital_000__Person_0015,Camera_29,0.9354681372642517,0,0.15771661440018678
479,Hospital_000__Person_0033,Camera_22,472,Hospital_000__Person_0033,Camera_05,0.989210844039917,1,0.5431683276434621
480,Hospital_000__Person_0033,Camera_23,83,Hospital_000__Person_0006,Camera_03,0.9361371397972107,0,0.049000847879044
481,Hospital_000__Person_0033,Camera_24,473,Hospital_000__Person_0033,Camera_06,0.9911991357803345,1,0.5508267164280235
482,Hospital_000__Person_0033,Camera_25,22,Hospital_000__Person_0001,Camera_24,0.8050515651702881,0,0.018813168426785598
483,Hospital_000__Person_0033,Camera_26,479,Hospital_000__Person_0033,Camera_22,0.9599169492721558,1,0.43091895183693263
484,Hospital_000__Person_0033,Camera_27,16,Hospital_000__Person_0001,Camera_07,0.9390397071838379,0,0.20039611966593635
485,Hospital_000__Person_0033,Camera_28,155,Hospital_000__Person_0010,Camera_29,0.7906055450439453,0,0.048663682775938105
486,Hospital_000__Person_0033,Camera_31,8,Hospital_000__Person_0000,Camera_22,0.9205886125564575,0,0.0867206825250674
487,Hospital_000__Person_0034,Camera_02,491,Hospital_000__Person_0034,Camera_10,0.9805759787559509,1,0.7154412605877324
488,Hospital_000__Person_0034,Camera_03,498,Hospital_000__Person_0034,Camera_24,0.9731004238128662,1,0.30263480936666987
489,Hospital_000__Person_0034,Camera_04,283,Hospital_000__Person_0019,Camera_20,0.9463288187980652,0,0.022426050725378798
490,Hospital_000__Person_0034,Camera_07,492,Hospital_000__Person_0034,Camera_13,0.9837902784347534,1,0.344812320941784
491,Hospital_000__Person_0034,Camera_10,487,Hospital_000__Person_0034,Camera_02,0.9805759787559509,1,0.6852306733816196
492,Hospital_000__Person_0034,Camera_13,494,Hospital_000__Person_0034,Camera_17,0.9927339553833008,1,0.4644313755764812
493,Hospital_000__Person_0034,Camera_16,499,Hospital_000__Person_0034,Camera_25,0.973364531993866,1,0.5297446418073749
494,Hospital_000__Person_0034,Camera_17,492,Hospital_000__Person_0034,Camera_13,0.9927339553833008,1,0.5638240616296875
495,Hospital_000__Person_0034,Camera_19,498,Hospital_000__Person_0034,Camera_24,0.9553511738777161,1,0.5024546022101549
496,Hospital_000__Person_0034,Camera_21,499,Hospital_000__Person_0034,Camera_25,0.9818914532661438,1,0.6145264828175906
497,Hospital_000__Person_0034,Camera_23,491,Hospital_000__Person_0034,Camera_10,0.9770748019218445,1,0.6902926035278977
498,Hospital_000__Person_0034,Camera_24,488,Hospital_000__Person_0034,Camera_03,0.9731004238128662,1,0.45132720299615375
499,Hospital_000__Person_0034,Camera_25,496,Hospital_000__Person_0034,Camera_21,0.9818914532661438,1,0.5963075977807383
500,Hospital_000__Person_0034,Camera_28,494,Hospital_000__Person_0034,Camera_17,0.9610705375671387,1,0.6690273972984421
501,Hospital_000__Person_0034,Camera_29,491,Hospital_000__Person_0034,Camera_10,0.9492521286010742,1,0.5082242619730508
502,Hospital_000__Person_0034,Camera_30,497,Hospital_000__Person_0034,Camera_23,0.954910159111023,1,0.5054114449463613
503,Hospital_000__Person_0035,Camera,511,Hospital_000__Person_0035,Camera_20,0.968320369720459,1,0.4866947126459967
504,Hospital_000__Person_0035,Camera_03,514,Hospital_000__Person_0035,Camera_24,0.9946713447570801,1,0.6666841230524289
505,Hospital_000__Person_0035,Camera_04,264,Hospital_000__Person_0018,Camera_08,0.9519321918487549,0,0.13907148517624132
506,Hospital_000__Person_0035,Camera_05,514,Hospital_000__Person_0035,Camera_24,0.9847809672355652,1,0.665173891045484
507,Hospital_000__Person_0035,Camera_06,514,Hospital_000__Person_0035,Camera_24,0.9687831401824951,1,0.6649315703495705
508,Hospital_000__Person_0035,Camera_08,517,Hospital_000__Person_0035,Camera_27,0.9461939930915833,1,0.4253899437025248
509,Hospital_000__Person_0035,Camera_09,518,Hospital_000__Person_0035,Camera_31,0.9805237650871277,1,0.7081483821228926
510,Hospital_000__Person_0035,Camera_19,786,Warehouse_015__Person_0016,Camera,0.86832594871521,0,0.00890816880296873
511,Hospital_000__Person_0035,Camera_20,503,Hospital_000__Person_0035,Camera,0.968320369720459,1,0.4046482026910049
512,Hospital_000__Person_0035,Camera_22,516,Hospital_000__Person_0035,Camera_26,0.9872514009475708,1,0.687059527538407
513,Hospital_000__Person_0035,Camera_23,170,Hospital_000__Person_0012,Camera,0.8640593886375427,0,0.06841345418106243
514,Hospital_000__Person_0035,Camera_24,504,Hospital_000__Person_0035,Camera_03,0.9946713447570801,1,0.6690998414342689
515,Hospital_000__Person_0035,Camera_25,269,Hospital_000__Person_0018,Camera_23,0.7832184433937073,0,0.05437329280623185
516,Hospital_000__Person_0035,Camera_26,512,Hospital_000__Person_0035,Camera_22,0.9872514009475708,1,0.685312215746942
517,Hospital_000__Person_0035,Camera_27,508,Hospital_000__Person_0035,Camera_08,0.9461939930915833,1,0.46385051199716537
518,Hospital_000__Person_0035,Camera_31,509,Hospital_000__Person_0035,Camera_09,0.9805237650871277,1,0.7214965463904933
519,Hospital_000__Person_0036,Camera_02,528,Hospital_000__Person_0036,Camera_23,0.9841038584709167,1,0.9413919413919414
520,Hospital_000__Person_0036,Camera_03,529,Hospital_000__Person_0036,Camera_24,0.9788705110549927,1,0.4637329496444972
521,Hospital_000__Person_0036,Camera_07,531,Hospital_000__Person_0036,Camera_28,0.9671099781990051,1,0.9243204515848893
522,Hospital_000__Person_0036,Camera_10,530,Hospital_000__Person_0036,Camera_25,0.9706945419311523,1,0.9305399325084363
523,Hospital_000__Person_0036,Camera_12,1490,Warehouse_016__Person_0625,Camera_06,0.7961242198944092,0,0.3353490100675944
524,Hospital_000__Person_0036,Camera_13,526,Hospital_000__Person_0036,Camera_17,0.9946722984313965,1,0.902440844758956
525,Hospital_000__Person_0036,Camera_16,528,Hospital_000__Person_0036,Camera_23,0.9856333136558533,1,0.9341269841269839
526,Hospital_000__Person_0036,Camera_17,524,Hospital_000__Person_0036,Camera_13,0.9946722984313965,1,0.8968029350104821
527,Hospital_000__Person_0036,Camera_21,530,Hospital_000__Person_0036,Camera_25,0.9831145405769348,1,0.9298551256189251
528,Hospital_000__Person_0036,Camera_23,525,Hospital_000__Person_0036,Camera_16,0.9856333136558533,1,0.9417293233082706
529,Hospital_000__Person_0036,Camera_24,520,Hospital_000__Person_0036,Camera_03,0.9788705110549927,1,0.4891807042948427
530,Hospital_000__Person_0036,Camera_25,527,Hospital_000__Person_0036,Camera_21,0.9831145405769348,1,0.9332662642521795
531,Hospital_000__Person_0036,Camera_28,521,Hospital_000__Person_0036,Camera_07,0.9671099781990051,1,0.9294501631935728
532,Hospital_000__Person_0036,Camera_29,527,Hospital_000__Person_0036,Camera_21,0.9821111559867859,1,0.9340962904498814
533,Hospital_000__Person_0036,Camera_30,527,Hospital_000__Person_0036,Camera_21,0.9612820148468018,1,0.8406338102454692
534,Hospital_000__Person_0037,Camera_01,536,Hospital_000__Person_0037,Camera_14,0.9629502892494202,1,0.9166666666666665
535,Hospital_000__Person_0037,Camera_11,537,Hospital_000__Person_0037,Camera_15,0.9586284160614014,1,1.0
536,Hospital_000__Person_0037,Camera_14,534,Hospital_000__Person_0037,Camera_01,0.9629502892494202,1,1.0
537,Hospital_000__Person_0037,Camera_15,535,Hospital_000__Person_0037,Camera_11,0.9586284160614014,1,1.0
538,Hospital_000__Person_0038,Camera,549,Hospital_000__Person_0038,Camera_20,0.9672460556030273,1,0.6278898968946824
539,Hospital_000__Person_0038,Camera_01,542,Hospital_000__Person_0038,Camera_05,0.987744927406311,1,0.6572024214038265
540,Hospital_000__Person_0038,Camera_03,552,Hospital_000__Person_0038,Camera_24,0.9951614141464233,1,0.6309792935628511
541,Hospital_000__Person_0038,Camera_04,544,Hospital_000__Person_0038,Camera_08,0.9497005343437195,1,0.38855411928343436
542,Hospital_000__Person_0038,Camera_05,552,Hospital_000__Person_0038,Camera_24,0.992871105670929,1,0.6433639974999767
543,Hospital_000__Person_0038,Camera_06,550,Hospital_000__Person_0038,Camera_22,0.9824749827384949,1,0.6607430425140178
544,Hospital_000__Person_0038,Camera_08,407,Hospital_000__Person_0028,Camera_04,0.973331093788147,0,0.2571107224801899
545,Hospital_000__Person_0038,Camera_09,552,Hospital_000__Person_0038,Camera_24,0.9804753065109253,1,0.5785896802051087
546,Hospital_000__Person_0038,Camera_11,550,Hospital_000__Person_0038,Camera_22,0.9887022972106934,1,0.6673350303288996
547,Hospital_000__Person_0038,Camera_14,549,Hospital_000__Person_0038,Camera_20,0.9775319695472717,1,0.6419087149941336
548,Hospital_000__Person_0038,Camera_15,545,Hospital_000__Person_0038,Camera_09,0.9149084091186523,1,0.5101946747399534
549,Hospital_000__Person_0038,Camera_20,545,Hospital_000__Person_0038,Camera_09,0.9795600771903992,1,0.6684680323303756
550,Hospital_000__Person_0038,Camera_22,542,Hospital_000__Person_0038,Camera_05,0.9902572631835938,1,0.6302941249256684
551,Hospital_000__Person_0038,Camera_23,555,Hospital_000__Person_0038,Camera_27,0.9441938996315002,1,0.4132331439867119
552,Hospital_000__Person_0038,Camera_24,540,Hospital_000__Person_0038,Camera_03,0.9951614141464233,1,0.6479932455870183
553,Hospital_000__Person_0038,Camera_25,551,Hospital_000__Person_0038,Camera_23,0.8156532049179077,1,0.44279513427657013
554,Hospital_000__Person_0038,Camera_26,542,Hospital_000__Person_0038,Camera_05,0.973793089389801,1,0.6043546490528219
555,Hospital_000__Person_0038,Camera_27,543,Hospital_000__Person_0038,Camera_06,0.9582592248916626,1,0.60645550649861
556,Hospital_000__Person_0038,Camera_31,548,Hospital_000__Person_0038,Camera_15,0.8686659932136536,1,0.5568448739114373
557,Hospital_000__Person_0039,Camera,52,Hospital_000__Person_0003,Camera_19,0.9508043527603149,0,0.12745071380605552
558,Hospital_000__Person_0039,Camera_01,560,Hospital_000__Person_0039,Camera_05,0.9817593693733215,1,0.5994502139753631
559,Hospital_000__Person_0039,Camera_03,569,Hospital_000__Person_0039,Camera_24,0.9702998399734497,1,0.5752998923379739
560,Hospital_000__Person_0039,Camera_05,558,Hospital_000__Person_0039,Camera_01,0.9817593693733215,1,0.5396621781911641
561,Hospital_000__Person_0039,Camera_06,565,Hospital_000__Person_0039,Camera_14,0.9728537201881409,1,0.5670160233877218
562,Hospital_000__Person_0039,Camera_08,567,Hospital_000__Person_0039,Camera_20,0.942789614200592,1,0.10293461470697686
563,Hospital_000__Person_0039,Camera_09,560,Hospital_000__Person_0039,Camera_05,0.9715606570243835,1,0.5305702587501843
564,Hospital_000__Person_0039,Camera_11,558,Hospital_000__Person_0039,Camera_01,0.9653962850570679,1,0.43012674825138963
565,Hospital_000__Person_0039,Camera_14,558,Hospital_000__Person_0039,Camera_01,0.9778240919113159,1,0.5568307484378565
566,Hospital_000__Person_0039,Camera_19,5,Hospital_000__Person_0000,Camera_08,0.8856176733970642,0,0.0605338861704739
567,Hospital_000__Person_0039,Camera_20,839,Warehouse_015__Person_0168,Camera_11,0.9589142203330994,0,0.17614565461503648
568,Hospital_000__Person_0039,Camera_22,569,Hospital_000__Person_0039,Camera_24,0.9830285906791687,1,0.5812517485360584
569,Hospital_000__Person_0039,Camera_24,568,Hospital_000__Person_0039,Camera_22,0.9830285906791687,1,0.6373783843123486
570,Hospital_000__Person_0039,Camera_26,568,Hospital_000__Person_0039,Camera_22,0.9544902443885803,1,0.32005517717394405
571,Hospital_000__Person_0039,Camera_27,62,Hospital_000__Person_0004,Camera_04,0.9352033734321594,0,0.047147549919418275
572,Hospital_000__Person_0039,Camera_31,1045,Warehouse_015__Person_0190,Camera_08,0.9545319676399231,0,0.11927817731113007
573,Lab_000__Person_0000,Camera_0000,1073,Warehouse_015__Person_0193,Camera_02,0.8966342210769653,0,0.012657273303862172
574,Lab_000__Person_0000,Camera_0001,582,Lab_000__Person_0000,Camera_0009,0.9131946563720703,1,0.4323588247256208
575,Lab_000__Person_0000,Camera_0002,578,Lab_000__Person_0000,Camera_0005,0.8963253498077393,1,0.32158899889669995
576,Lab_000__Person_0000,Camera_0003,573,Lab_000__Person_0000,Camera_0000,0.8197829127311707,1,0.5148233862880327
577,Lab_000__Person_0000,Camera_0004,574,Lab_000__Person_0000,Camera_0001,0.9058793187141418,1,0.25208529489412823
578,Lab_000__Person_0000,Camera_0005,1,Hospital_000__Person_0000,Camera_03,0.9319618344306946,0,0.09594677469189157
579,Lab_000__Person_0000,Camera_0006,581,Lab_000__Person_0000,Camera_0008,0.8519827127456665,1,0.31364071519148556
580,Lab_000__Person_0000,Camera_0007,579,Lab_000__Person_0000,Camera_0006,0.7630632519721985,1,0.24062854686855067
581,Lab_000__Person_0000,Camera_0008,579,Lab_000__Person_0000,Camera_0006,0.8519827127456665,1,0.5322241638495809
582,Lab_000__Person_0000,Camera_0009,574,Lab_000__Person_0000,Camera_0001,0.9131946563720703,1,0.28079922882078107
583,Lab_000__Person_0001,Camera_0000,33,Hospital_000__Person_0002,Camera_16,0.8563170433044434,0,0.013004867258352771
584,Lab_000__Person_0001,Camera_0001,585,Lab_000__Person_0001,Camera_0002,0.9185365438461304,1,0.37551610198935037
585,Lab_000__Person_0001,Camera_0002,587,Lab_000__Person_0001,Camera_0004,0.9324935078620911,1,0.3688209459112126
586,Lab_000__Person_0001,Camera_0003,1327,Warehouse_015__Person_0237,Camera_01,0.7651664614677429,0,0.02290039256657632
587,Lab_000__Person_0001,Camera_0004,1256,Warehouse_015__Person_0230,Camera_02,0.9361847639083862,0,0.15533513033301746
588,Lab_000__Person_0001,Camera_0005,1243,Warehouse_015__Person_0221,Camera_07,0.8267126679420471,0,0.010423734660188476
589,Lab_000__Person_0001,Camera_0006,592,Lab_000__Person_0001,Camera_0009,0.9131525754928589,1,0.45011936314016654
590,Lab_000__Person_0001,Camera_0007,1451,Warehouse_016__Person_0182,Camera_01,0.7759567499160767,0,0.010251139082058424
591,Lab_000__Person_0001,Camera_0008,585,Lab_000__Person_0001,Camera_0002,0.8290717005729675,1,0.4311157985657455
592,Lab_000__Person_0001,Camera_0009,585,Lab_000__Person_0001,Camera_0002,0.925632655620575,1,0.3736333291058432
593,Lab_000__Person_0002,Camera_0000,1377,Warehouse_015__Person_0242,Camera_05,0.8655703663825989,0,0.032573827234406987
594,Lab_000__Person_0002,Camera_0001,597,Lab_000__Person_0002,Camera_0004,0.9411637783050537,1,0.533204543332269
595,Lab_000__Person_0002,Camera_0002,600,Lab_000__Person_0002,Camera_0007,0.884293258190155,1,0.5198937337608079
596,Lab_000__Person_0002,Camera_0003,598,Lab_000__Person_0002,Camera_0005,0.7651130557060242,1,0.14067655291312492
597,Lab_000__Person_0002,Camera_0004,594,Lab_000__Person_0002,Camera_0001,0.9411637783050537,1,0.6344160852999363
598,Lab_000__Person_0002,Camera_0005,1268,Warehouse_015__Person_0231,Camera_07,0.8732613325119019,0,0.05367861497412275
599,Lab_000__Person_0002,Camera_0006,601,Lab_000__Person_0002,Camera_0008,0.9432332515716553,1,0.4862114216229155
600,Lab_000__Person_0002,Camera_0007,595,Lab_000__Person_0002,Camera_0002,0.884293258190155,1,0.40157628745830204
601,Lab_000__Person_0002,Camera_0008,599,Lab_000__Person_0002,Camera_0006,0.9432332515716553,1,0.46449998980413665
602,Lab_000__Person_0002,Camera_0009,192,Hospital_000__Person_0013,Camera_23,0.7796857953071594,0,0.039737684976642214
603,Warehouse_015__Forklift_0182,Camera,606,Warehouse_015__Forklift_0182,Camera_08,0.8529891967773438,1,0.4428722002635046
604,Warehouse_015__Forklift_0182,Camera_01,607,Warehouse_015__Forklift_0182,Camera_10,0.8997329473495483,1,0.23113440380612552
605,Warehouse_015__Forklift_0182,Camera_03,611,Warehouse_015__Forklift_0183,Camera_05,0.892530620098114,0,0.19186049588526366
606,Warehouse_015__Forklift_0182,Camera_08,610,Warehouse_015__Forklift_0183,Camera_03,0.8632524609565735,0,0.38633540372670805
607,Warehouse_015__Forklift_0182,Camera_10,604,Warehouse_015__Forklift_0182,Camera_01,0.8997329473495483,1,0.3817524958701429
608,Warehouse_015__Forklift_0182,Camera_12,1033,Warehouse_015__Person_0189,Camera_08,0.8928186893463135,0,0.002929020174964717
609,Warehouse_015__Forklift_0183,Camera_01,611,Warehouse_015__Forklift_0183,Camera_05,0.8775978088378906,1,0.8142857142857143
610,Warehouse_015__Forklift_0183,Camera_03,612,Warehouse_015__Forklift_0183,Camera_07,0.936972975730896,1,0.8599999999999999
611,Warehouse_015__Forklift_0183,Camera_05,610,Warehouse_015__Forklift_0183,Camera_03,0.9274728298187256,1,0.81
612,Warehouse_015__Forklift_0183,Camera_07,610,Warehouse_015__Forklift_0183,Camera_03,0.936972975730896,1,0.6176190476190476
613,Warehouse_015__Forklift_0183,Camera_10,614,Warehouse_015__Forklift_0183,Camera_12,0.9001818895339966,1,0.8583333333333332
614,Warehouse_015__Forklift_0183,Camera_12,613,Warehouse_015__Forklift_0183,Camera_10,0.9001818895339966,1,0.7433333333333334
615,Warehouse_015__NovaCarter_0229,Camera,622,Warehouse_015__NovaCarter_0229,Camera_10,0.9817695021629333,1,0.9888888888888892
616,Warehouse_015__NovaCarter_0229,Camera_01,621,Warehouse_015__NovaCarter_0229,Camera_08,0.9541513323783875,1,0.9888888888888892
617,Warehouse_015__NovaCarter_0229,Camera_02,615,Warehouse_015__NovaCarter_0229,Camera,0.9435165524482727,1,1.0000000000000002
618,Warehouse_015__NovaCarter_0229,Camera_03,624,Warehouse_015__NovaCarter_0229,Camera_12,0.9391117095947266,1,0.9077568134171909
619,Warehouse_015__NovaCarter_0229,Camera_04,621,Warehouse_015__NovaCarter_0229,Camera_08,0.9792336821556091,1,0.9388888888888891
620,Warehouse_015__NovaCarter_0229,Camera_05,1388,Warehouse_015__Transporter_0007,Camera_07,0.8287895917892456,0,0.1522220821435935
621,Warehouse_015__NovaCarter_0229,Camera_08,622,Warehouse_015__NovaCarter_0229,Camera_10,0.9804794788360596,1,0.9211469534050181
622,Warehouse_015__NovaCarter_0229,Camera_10,624,Warehouse_015__NovaCarter_0229,Camera_12,0.9868335723876953,1,0.9477124183006538
623,Warehouse_015__NovaCarter_0229,Camera_11,621,Warehouse_015__NovaCarter_0229,Camera_08,0.9249559640884399,1,0.9273504273504274
624,Warehouse_015__NovaCarter_0229,Camera_12,622,Warehouse_015__NovaCarter_0229,Camera_10,0.9868335723876953,1,0.9211469534050181
625,Warehouse_015__Person_0000,Camera,635,Warehouse_015__Person_0000,Camera_12,0.941664457321167,1,0.8396356883198988
626,Warehouse_015__Person_0000,Camera_01,629,Warehouse_015__Person_0000,Camera_05,0.9822731018066406,1,0.8659897292250233
627,Warehouse_015__Person_0000,Camera_02,629,Warehouse_015__Person_0000,Camera_05,0.8480684757232666,1,0.145759522938118
628,Warehouse_015__Person_0000,Camera_03,631,Warehouse_015__Person_0000,Camera_07,0.9687053561210632,1,0.48284566901625386
629,Warehouse_015__Person_0000,Camera_05,626,Warehouse_015__Person_0000,Camera_01,0.9822731018066406,1,0.7455574625960022
630,Warehouse_015__Person_0000,Camera_06,631,Warehouse_015__Person_0000,Camera_07,0.9428009390830994,1,0.7784062643942884
631,Warehouse_015__Person_0000,Camera_07,629,Warehouse_015__Person_0000,Camera_05,0.9691742658615112,1,0.7976102423217807
632,Warehouse_015__Person_0000,Camera_09,631,Warehouse_015__Person_0000,Camera_07,0.9386106133460999,1,0.3894539757308225
633,Warehouse_015__Person_0000,Camera_10,635,Warehouse_015__Person_0000,Camera_12,0.9497659802436829,1,0.6617734077925272
634,Warehouse_015__Person_0000,Camera_11,629,Warehouse_015__Person_0000,Camera_05,0.9227440357208252,1,0.7106885856079403
635,Warehouse_015__Person_0000,Camera_12,631,Warehouse_015__Person_0000,Camera_07,0.9577469825744629,1,0.7313219671644007
636,Warehouse_015__Person_0001,Camera,644,Warehouse_015__Person_0001,Camera_12,0.9793835878372192,1,0.7327088452088453
637,Warehouse_015__Person_0001,Camera_01,644,Warehouse_015__Person_0001,Camera_12,0.9818018078804016,1,0.6795948540706606
638,Warehouse_015__Person_0001,Camera_03,822,Warehouse_015__Person_0167,Camera_05,0.9569424986839294,0,0.27095270436830504
639,Warehouse_015__Person_0001,Camera_04,641,Warehouse_015__Person_0001,Camera_08,0.9767352342605591,1,0.7866987179487179
640,Warehouse_015__Person_0001,Camera_07,636,Warehouse_015__Person_0001,Camera,0.9501715898513794,1,0.7315934065934067
641,Warehouse_015__Person_0001,Camera_08,639,Warehouse_015__Person_0001,Camera_04,0.9767352342605591,1,0.49169721407624634
642,Warehouse_015__Person_0001,Camera_09,639,Warehouse_015__Person_0001,Camera_04,0.9688929915428162,1,0.836615296803653
643,Warehouse_015__Person_0001,Camera_10,819,Warehouse_015__Person_0167,Camera_01,0.9814448952674866,0,0.2669299912772301
644,Warehouse_015__Person_0001,Camera_12,637,Warehouse_015__Person_0001,Camera_01,0.9818018078804016,1,0.6882114074443336
645,Warehouse_015__Person_0002,Camera,647,Warehouse_015__Person_0002,Camera_02,0.9544811248779297,1,0.6946257446257447
646,Warehouse_015__Person_0002,Camera_01,650,Warehouse_015__Person_0002,Camera_05,0.982632577419281,1,0.58816163325657
647,Warehouse_015__Person_0002,Camera_02,645,Warehouse_015__Person_0002,Camera,0.9544811248779297,1,0.8148213843742266
648,Warehouse_015__Person_0002,Camera_03,655,Warehouse_015__Person_0002,Camera_10,0.9690499901771545,1,0.571679654669876
649,Warehouse_015__Person_0002,Camera_04,650,Warehouse_015__Person_0002,Camera_05,0.9160730838775635,1,0.47416082065488085
650,Warehouse_015__Person_0002,Camera_05,646,Warehouse_015__Person_0002,Camera_01,0.982632577419281,1,0.5896775398542312
651,Warehouse_015__Person_0002,Camera_06,1054,Warehouse_015__Person_0191,Camera_05,0.9597712755203247,0,0.05136881363268163
652,Warehouse_015__Person_0002,Camera_07,646,Warehouse_015__Person_0002,Camera_01,0.9758233428001404,1,0.6221762301642748
653,Warehouse_015__Person_0002,Camera_08,1373,Warehouse_015__Person_0241,Camera_12,0.9243284463882446,0,0.2516833888201116
654,Warehouse_015__Person_0002,Camera_09,657,Warehouse_015__Person_0002,Camera_12,0.9592285752296448,1,0.402231278434421
655,Warehouse_015__Person_0002,Camera_10,657,Warehouse_015__Person_0002,Camera_12,0.9812750816345215,1,0.3611419538632573
656,Warehouse_015__Person_0002,Camera_11,987,Warehouse_015__Person_0184,Camera_12,0.9574664831161499,0,0.03307249831741015
657,Warehouse_015__Person_0002,Camera_12,655,Warehouse_015__Person_0002,Camera_10,0.9812750816345215,1,0.31937313198616984
658,Warehouse_015__Person_0003,Camera,664,Warehouse_015__Person_0003,Camera_07,0.9510242938995361,1,0.45721510100366547
659,Warehouse_015__Person_0003,Camera_01,667,Warehouse_015__Person_0003,Camera_10,0.9778982996940613,1,0.5723525145067698
660,Warehouse_015__Person_0003,Camera_02,659,Warehouse_015__Person_0003,Camera_01,0.9630059003829956,1,0.6143624595955798
661,Warehouse_015__Person_0003,Camera_03,669,Warehouse_015__Person_0003,Camera_12,0.9773885607719421,1,0.16728576982366627
662,Warehouse_015__Person_0003,Camera_04,1113,Warehouse_015__Person_0197,Camera_02,0.8933497667312622,0,0.07538123032460818
663,Warehouse_015__Person_0003,Camera_05,659,Warehouse_015__Person_0003,Camera_01,0.9757005572319031,1,0.48510727426991634
664,Warehouse_015__Person_0003,Camera_07,666,Warehouse_015__Person_0003,Camera_09,0.9729549884796143,1,0.729909935786713
665,Warehouse_015__Person_0003,Camera_08,232,Hospital_000__Person_0015,Camera_29,0.9236318469047546,0,0.01177883677171493
666,Warehouse_015__Person_0003,Camera_09,664,Warehouse_015__Person_0003,Camera_07,0.9729549884796143,1,0.7003561196726318
667,Warehouse_015__Person_0003,Camera_10,659,Warehouse_015__Person_0003,Camera_01,0.9778982996940613,1,0.6218352244553118
668,Warehouse_015__Person_0003,Camera_11,1045,Warehouse_015__Person_0190,Camera_08,0.9474837183952332,0,0.06160518113308861
669,Warehouse_015__Person_0003,Camera_12,661,Warehouse_015__Person_0003,Camera_03,0.9773885607719421,1,0.43351784483875694
670,Warehouse_015__Person_0004,Camera,672,Warehouse_015__Person_0004,Camera_02,0.9872602224349976,1,0.9027472527472528
671,Warehouse_015__Person_0004,Camera_01,680,Warehouse_015__Person_0004,Camera_12,0.9819515347480774,1,0.8838480963480962
672,Warehouse_015__Person_0004,Camera_02,670,Warehouse_015__Person_0004,Camera,0.9872602224349976,1,0.8918650793650793
673,Warehouse_015__Person_0004,Camera_03,680,Warehouse_015__Person_0004,Camera_12,0.9781578183174133,1,0.7484329000358169
674,Warehouse_015__Person_0004,Camera_04,670,Warehouse_015__Person_0004,Camera,0.9756568074226379,1,0.8485457516339869
675,Warehouse_015__Person_0004,Camera_05,671,Warehouse_015__Person_0004,Camera_01,0.966334342956543,1,0.6390355296877037
676,Warehouse_015__Person_0004,Camera_07,670,Warehouse_015__Person_0004,Camera,0.9746162295341492,1,0.9138888888888889
677,Warehouse_015__Person_0004,Camera_08,680,Warehouse_015__Person_0004,Camera_12,0.9772070050239563,1,0.7515163131442201
678,Warehouse_015__Person_0004,Camera_09,674,Warehouse_015__Person_0004,Camera_04,0.9626049399375916,1,0.8680555555555555
679,Warehouse_015__Person_0004,Camera_10,680,Warehouse_015__Person_0004,Camera_12,0.9831708073616028,1,0.7488553113553112
680,Warehouse_015__Person_0004,Camera_12,679,Warehouse_015__Person_0004,Camera_10,0.9831708073616028,1,0.7935795454545453
681,Warehouse_015__Person_0005,Camera,691,Warehouse_015__Person_0005,Camera_12,0.9755468368530273,1,0.8183995042712344
682,Warehouse_015__Person_0005,Camera_01,683,Warehouse_015__Person_0005,Camera_03,0.9895126223564148,1,0.8055557762751189
683,Warehouse_015__Person_0005,Camera_03,682,Warehouse_015__Person_0005,Camera_01,0.9895126223564148,1,0.8081421601214143
684,Warehouse_015__Person_0005,Camera_04,683,Warehouse_015__Person_0005,Camera_03,0.9693980813026428,1,0.8099332986567941
685,Warehouse_015__Person_0005,Camera_05,683,Warehouse_015__Person_0005,Camera_03,0.9829432368278503,1,0.8109780234780235
686,Warehouse_015__Person_0005,Camera_06,1014,Warehouse_015__Person_0187,Camera_05,0.7698091864585876,0,0.021137013777942287
687,Warehouse_015__Person_0005,Camera_07,689,Warehouse_015__Person_0005,Camera_09,0.9849441051483154,1,0.8264611117038302
688,Warehouse_015__Person_0005,Camera_08,322,Hospital_000__Person_0022,Camera_01,0.8989770412445068,0,0.14582710446651273
689,Warehouse_015__Person_0005,Camera_09,687,Warehouse_015__Person_0005,Camera_07,0.9849441051483154,1,0.8159933355882095
690,Warehouse_015__Person_0005,Camera_10,683,Warehouse_015__Person_0005,Camera_03,0.9803020358085632,1,0.807514301448689
691,Warehouse_015__Person_0005,Camera_12,681,Warehouse_015__Person_0005,Camera,0.9755468368530273,1,0.8250711503138688
692,Warehouse_015__Person_0006,Camera,700,Warehouse_015__Person_0006,Camera_10,0.9756925702095032,1,0.6746626534454425
693,Warehouse_015__Person_0006,Camera_01,696,Warehouse_015__Person_0006,Camera_05,0.9892232418060303,1,0.5982230613477284
694,Warehouse_015__Person_0006,Camera_02,984,Warehouse_015__Person_0184,Camera_05,0.9291635155677795,0,0.009853985526947225
695,Warehouse_015__Person_0006,Camera_03,696,Warehouse_015__Person_0006,Camera_05,0.9855729937553406,1,0.6633506928277927
696,Warehouse_015__Person_0006,Camera_05,693,Warehouse_015__Person_0006,Camera_01,0.9892232418060303,1,0.6391824690257943
697,Warehouse_015__Person_0006,Camera_06,698,Warehouse_015__Person_0006,Camera_07,0.974372923374176,1,0.7228650042846195
698,Warehouse_015__Person_0006,Camera_07,697,Warehouse_015__Person_0006,Camera_06,0.974372923374176,1,0.6498576643770774
699,Warehouse_015__Person_0006,Camera_09,181,Hospital_000__Person_0012,Camera_26,0.8986019492149353,0,0.050983299715893465
700,Warehouse_015__Person_0006,Camera_10,692,Warehouse_015__Person_0006,Camera,0.9756925702095032,1,0.7279305809849811
701,Warehouse_015__Person_0006,Camera_11,1274,Warehouse_015__Person_0232,Camera_01,0.9484937787055969,0,0.13290874936247976
702,Warehouse_015__Person_0006,Camera_12,693,Warehouse_015__Person_0006,Camera_01,0.9748538732528687,1,0.7140182810905966
703,Warehouse_015__Person_0008,Camera,711,Warehouse_015__Person_0008,Camera_09,0.8689326643943787,1,0.14217987293607748
704,Warehouse_015__Person_0008,Camera_01,707,Warehouse_015__Person_0008,Camera_05,0.9704720377922058,1,0.3901292813875281
705,Warehouse_015__Person_0008,Camera_02,713,Warehouse_015__Person_0008,Camera_11,0.9565197825431824,1,0.137105460245956
706,Warehouse_015__Person_0008,Camera_03,707,Warehouse_015__Person_0008,Camera_05,0.9727935791015625,1,0.25754209386741844
707,Warehouse_015__Person_0008,Camera_05,706,Warehouse_015__Person_0008,Camera_03,0.9727935791015625,1,0.2978835189507675
708,Warehouse_015__Person_0008,Camera_06,712,Warehouse_015__Person_0008,Camera_10,0.9547233581542969,1,0.4212936183429399
709,Warehouse_015__Person_0008,Camera_07,736,Warehouse_015__Person_0011,Camera_01,0.9459710121154785,0,0.1473737793301951
710,Warehouse_015__Person_0008,Camera_08,1230,Warehouse_015__Person_0220,Camera_05,0.9460568428039551,0,0.009775338896621055
711,Warehouse_015__Person_0008,Camera_09,703,Warehouse_015__Person_0008,Camera,0.8689326643943787,1,0.16437399803398606
712,Warehouse_015__Person_0008,Camera_10,714,Warehouse_015__Person_0008,Camera_12,0.9563950896263123,1,0.5545156845586667
713,Warehouse_015__Person_0008,Camera_11,706,Warehouse_015__Person_0008,Camera_03,0.9674734473228455,1,0.24626742520021397
714,Warehouse_015__Person_0008,Camera_12,712,Warehouse_015__Person_0008,Camera_10,0.9563950896263123,1,0.35617236677056235
715,Warehouse_015__Person_0009,Camera,719,Warehouse_015__Person_0009,Camera_04,0.9884092807769775,1,0.3568743255581312
716,Warehouse_015__Person_0009,Camera_01,937,Warehouse_015__Person_0177,Camera_06,0.9763651490211487,0,0.2291195957531286
717,Warehouse_015__Person_0009,Camera_02,715,Warehouse_015__Person_0009,Camera,0.9649437665939331,1,0.3284232630366062
718,Warehouse_015__Person_0009,Camera_03,937,Warehouse_015__Person_0177,Camera_06,0.9815269112586975,0,0.26615743648281287
719,Warehouse_015__Person_0009,Camera_04,715,Warehouse_015__Person_0009,Camera,0.9884092807769775,1,0.347724788744506
720,Warehouse_015__Person_0009,Camera_05,1286,Warehouse_015__Person_0233,Camera_03,0.8516284823417664,0,0.027725145277373662
721,Warehouse_015__Person_0009,Camera_06,716,Warehouse_015__Person_0009,Camera_01,0.9682685732841492,1,0.33715647078129585
722,Warehouse_015__Person_0009,Camera_08,937,Warehouse_015__Person_0177,Camera_06,0.9673188924789429,0,0.2683855801103863
723,Warehouse_015__Person_0009,Camera_10,1289,Warehouse_015__Person_0233,Camera_08,0.983385443687439,0,0.290966032027141
724,Warehouse_015__Person_0009,Camera_11,933,Warehouse_015__Person_0177,Camera_01,0.9767957329750061,0,0.08357552119521842
725,Warehouse_015__Person_0009,Camera_12,1289,Warehouse_015__Person_0233,Camera_08,0.9863747358322144,0,0.268150364489492
726,Warehouse_015__Person_0010,Camera_01,729,Warehouse_015__Person_0010,Camera_05,0.9802225232124329,1,0.6654040404040404
727,Warehouse_015__Person_0010,Camera_02,728,Warehouse_015__Person_0010,Camera_03,0.9695873856544495,1,0.9704861111111112
728,Warehouse_015__Person_0010,Camera_03,727,Warehouse_015__Person_0010,Camera_02,0.9695873856544495,1,0.9415178571428572
729,Warehouse_015__Person_0010,Camera_05,732,Warehouse_015__Person_0010,Camera_10,0.9812760353088379,1,0.896412037037037
730,Warehouse_015__Person_0010,Camera_06,732,Warehouse_015__Person_0010,Camera_10,0.9787758588790894,1,0.9375
731,Warehouse_015__Person_0010,Camera_08,727,Warehouse_015__Person_0010,Camera_02,0.9445176124572754,1,0.9526289682539683
732,Warehouse_015__Person_0010,Camera_10,734,Warehouse_015__Person_0010,Camera_12,0.9859069585800171,1,0.8712121212121212
733,Warehouse_015__Person_0010,Camera_11,730,Warehouse_015__Person_0010,Camera_06,0.9769303202629089,1,0.8885135135135135
734,Warehouse_015__Person_0010,Camera_12,732,Warehouse_015__Person_0010,Camera_10,0.9859069585800171,1,0.6651551410373067
735,Warehouse_015__Person_0011,Camera,743,Warehouse_015__Person_0011,Camera_10,0.962136447429657,1,0.8801388888888888
736,Warehouse_015__Person_0011,Camera_01,738,Warehouse_015__Person_0011,Camera_03,0.9770129919052124,1,0.5716045125087678
737,Warehouse_015__Person_0011,Camera_02,744,Warehouse_015__Person_0011,Camera_11,0.9711185097694397,1,0.3954140738351264
738,Warehouse_015__Person_0011,Camera_03,736,Warehouse_015__Person_0011,Camera_01,0.9770129919052124,1,0.5385278501989169
739,Warehouse_015__Person_0011,Camera_05,744,Warehouse_015__Person_0011,Camera_11,0.9783493876457214,1,0.7453893220373667
740,Warehouse_015__Person_0011,Camera_06,893,Warehouse_015__Person_0173,Camera_07,0.9561856389045715,0,0.5354963026166099
741,Warehouse_015__Person_0011,Camera_07,736,Warehouse_015__Person_0011,Camera_01,0.968072772026062,1,0.8175230052279232
742,Warehouse_015__Person_0011,Camera_08,359,Hospital_000__Person_0024,Camera_26,0.8522393703460693,0,0.12898362039325906
743,Warehouse_015__Person_0011,Camera_10,744,Warehouse_015__Person_0011,Camera_11,0.9675537943840027,1,0.7541766918856619
744,Warehouse_015__Person_0011,Camera_11,739,Warehouse_015__Person_0011,Camera_05,0.9783493876457214,1,0.6869759224058098
745,Warehouse_015__Person_0011,Camera_12,739,Warehouse_015__Person_0011,Camera_05,0.9669539928436279,1,0.8497103414273388
746,Warehouse_015__Person_0012,Camera_01,749,Warehouse_015__Person_0012,Camera_05,0.9875856041908264,1,0.5191922660672661
747,Warehouse_015__Person_0012,Camera_02,750,Warehouse_015__Person_0012,Camera_06,0.9721790552139282,1,0.39790012843081896
748,Warehouse_015__Person_0012,Camera_03,746,Warehouse_015__Person_0012,Camera_01,0.9605472087860107,1,0.4850609664043157
749,Warehouse_015__Person_0012,Camera_05,746,Warehouse_015__Person_0012,Camera_01,0.9875856041908264,1,0.526387792012792
750,Warehouse_015__Person_0012,Camera_06,749,Warehouse_015__Person_0012,Camera_05,0.9763144254684448,1,0.4813426729387407
751,Warehouse_015__Person_0012,Camera_08,1226,Warehouse_015__Person_0219,Camera_12,0.9438493847846985,0,0.4009249887539361
752,Warehouse_015__Person_0012,Camera_10,755,Warehouse_015__Person_0013,Camera_01,0.9784670472145081,0,0.46317693744164334
753,Warehouse_015__Person_0012,Camera_11,756,Warehouse_015__Person_0013,Camera_02,0.9754765033721924,0,0.49407738095238096
754,Warehouse_015__Person_0012,Camera_12,959,Warehouse_015__Person_0179,Camera_10,0.9611481428146362,0,0.20232826384142172
755,Warehouse_015__Person_0013,Camera_01,762,Warehouse_015__Person_0013,Camera_10,0.9848592281341553,1,0.3484483835380696
756,Warehouse_015__Person_0013,Camera_02,755,Warehouse_015__Person_0013,Camera_01,0.9802385568618774,1,0.3120445000232234
757,Warehouse_015__Person_0013,Camera_03,746,Warehouse_015__Person_0012,Camera_01,0.9346833825111389,0,0.2826979522005547
758,Warehouse_015__Person_0013,Camera_05,746,Warehouse_015__Person_0012,Camera_01,0.982375979423523,0,0.27950304809401066
759,Warehouse_015__Person_0013,Camera_06,747,Warehouse_015__Person_0012,Camera_02,0.9618982076644897,0,0.13509341416181908
760,Warehouse_015__Person_0013,Camera_07,1013,Warehouse_015__Person_0187,Camera_04,0.8817970752716064,0,0.24798893226119098
761,Warehouse_015__Person_0013,Camera_08,1469,Warehouse_016__Person_0350,Camera_07,0.9228904247283936,0,0.11186164182105274
762,Warehouse_015__Person_0013,Camera_10,755,Warehouse_015__Person_0013,Camera_01,0.9848592281341553,1,0.3505943038675127
763,Warehouse_015__Person_0013,Camera_11,1278,Warehouse_015__Person_0232,Camera_05,0.8623200058937073,0,0.0286856193561865
764,Warehouse_015__Person_0013,Camera_12,1269,Warehouse_015__Person_0231,Camera_08,0.9697792530059814,0,0.040598726092921214
765,Warehouse_015__Person_0014,Camera_01,768,Warehouse_015__Person_0014,Camera_05,0.9478504061698914,1,1.0
766,Warehouse_015__Person_0014,Camera_02,769,Warehouse_015__Person_0014,Camera_06,0.9634109139442444,1,1.0
767,Warehouse_015__Person_0014,Camera_03,773,Warehouse_015__Person_0014,Camera_12,0.9418942332267761,1,0.9029761904761905
768,Warehouse_015__Person_0014,Camera_05,769,Warehouse_015__Person_0014,Camera_06,0.9552778005599976,1,0.9134615384615384
769,Warehouse_015__Person_0014,Camera_06,766,Warehouse_015__Person_0014,Camera_02,0.9634109139442444,1,0.9704861111111112
770,Warehouse_015__Person_0014,Camera_08,773,Warehouse_015__Person_0014,Camera_12,0.963406503200531,1,0.8509615384615384
771,Warehouse_015__Person_0014,Camera_10,1275,Warehouse_015__Person_0232,Camera_02,0.9439535737037659,0,0.390472027972028
772,Warehouse_015__Person_0014,Camera_11,766,Warehouse_015__Person_0014,Camera_02,0.9535165429115295,1,0.8319180819180818
773,Warehouse_015__Person_0014,Camera_12,770,Warehouse_015__Person_0014,Camera_08,0.963406503200531,1,0.9181985294117647
774,Warehouse_015__Person_0015,Camera,785,Warehouse_015__Person_0015,Camera_12,0.981764018535614,1,0.635810385266907
775,Warehouse_015__Person_0015,Camera_01,783,Warehouse_015__Person_0015,Camera_10,0.9869000315666199,1,0.5773734846930897
776,Warehouse_015__Person_0015,Camera_03,775,Warehouse_015__Person_0015,Camera_01,0.9838204979896545,1,0.544953564403472
777,Warehouse_015__Person_0015,Camera_04,785,Warehouse_015__Person_0015,Camera_12,0.9717846512794495,1,0.6662296037296037
778,Warehouse_015__Person_0015,Camera_05,776,Warehouse_015__Person_0015,Camera_03,0.973457932472229,1,0.5318463056906754
779,Warehouse_015__Person_0015,Camera_06,780,Warehouse_015__Person_0015,Camera_07,0.950084388256073,1,0.7113357843137256
780,Warehouse_015__Person_0015,Camera_07,774,Warehouse_015__Person_0015,Camera,0.9780364632606506,1,0.8003461185279369
781,Warehouse_015__Person_0015,Camera_08,794,Warehouse_015__Person_0016,Camera_10,0.9320440292358398,0,0.13410238787917617
782,Warehouse_015__Person_0015,Camera_09,777,Warehouse_015__Person_0015,Camera_04,0.9248136281967163,1,0.8050199318056461
783,Warehouse_015__Person_0015,Camera_10,775,Warehouse_015__Person_0015,Camera_01,0.9869000315666199,1,0.5649366334148943
784,Warehouse_015__Person_0015,Camera_11,776,Warehouse_015__Person_0015,Camera_03,0.9631866216659546,1,0.5735438567416176
785,Warehouse_015__Person_0015,Camera_12,774,Warehouse_015__Person_0015,Camera,0.981764018535614,1,0.47295567252118065
786,Warehouse_015__Person_0016,Camera,510,Hospital_000__Person_0035,Camera_19,0.86832594871521,0,0.034421262347270505
787,Warehouse_015__Person_0016,Camera_01,792,Warehouse_015__Person_0016,Camera_07,0.9661580324172974,1,0.6276249091034979
788,Warehouse_015__Person_0016,Camera_02,789,Warehouse_015__Person_0016,Camera_03,0.911961555480957,1,0.2334312377167323
789,Warehouse_015__Person_0016,Camera_03,787,Warehouse_015__Person_0016,Camera_01,0.9635812044143677,1,0.43075850332441584
790,Warehouse_015__Person_0016,Camera_05,791,Warehouse_015__Person_0016,Camera_06,0.9731346964836121,1,0.49179107339411265
791,Warehouse_015__Person_0016,Camera_06,790,Warehouse_015__Person_0016,Camera_05,0.9731346964836121,1,0.46837764612135174
792,Warehouse_015__Person_0016,Camera_07,787,Warehouse_015__Person_0016,Camera_01,0.9661580324172974,1,0.5186873023553297
793,Warehouse_015__Person_0016,Camera_09,724,Warehouse_015__Person_0009,Camera_11,0.8909980654716492,0,0.00993467457055279
794,Warehouse_015__Person_0016,Camera_10,796,Warehouse_015__Person_0016,Camera_12,0.9625239968299866,1,0.3625022887329389
795,Warehouse_015__Person_0016,Camera_11,787,Warehouse_015__Person_0016,Camera_01,0.962955117225647,1,0.6222220342762144
796,Warehouse_015__Person_0016,Camera_12,955,Warehouse_015__Person_0179,Camera_03,0.9641834497451782,0,0.3095146653383743
797,Warehouse_015__Person_0017,Camera,808,Warehouse_015__Person_0017,Camera_12,0.9741822481155396,1,0.860938654841094
798,Warehouse_015__Person_0017,Camera_01,802,Warehouse_015__Person_0017,Camera_05,0.9784689545631409,1,0.4123095275283988
799,Warehouse_015__Person_0017,Camera_02,801,Warehouse_015__Person_0017,Camera_04,0.9646478891372681,1,0.8253696183973533
800,Warehouse_015__Person_0017,Camera_03,802,Warehouse_015__Person_0017,Camera_05,0.9783865809440613,1,0.6956050047513462
801,Warehouse_015__Person_0017,Camera_04,806,Warehouse_015__Person_0017,Camera_10,0.964715838432312,1,0.9062850729517397
802,Warehouse_015__Person_0017,Camera_05,798,Warehouse_015__Person_0017,Camera_01,0.9784689545631409,1,0.7194638928438595
803,Warehouse_015__Person_0017,Camera_06,806,Warehouse_015__Person_0017,Camera_10,0.9632384181022644,1,0.9715909090909092
804,Warehouse_015__Person_0017,Camera_07,805,Warehouse_015__Person_0017,Camera_08,0.9415125250816345,1,0.5968127831764195
805,Warehouse_015__Person_0017,Camera_08,806,Warehouse_015__Person_0017,Camera_10,0.9661321640014648,1,0.9924242424242424
806,Warehouse_015__Person_0017,Camera_10,802,Warehouse_015__Person_0017,Camera_05,0.9777449369430542,1,0.9334811529933482
807,Warehouse_015__Person_0017,Camera_11,802,Warehouse_015__Person_0017,Camera_05,0.9756687879562378,1,0.7549723004268458
808,Warehouse_015__Person_0017,Camera_12,802,Warehouse_015__Person_0017,Camera_05,0.9750102162361145,1,0.5829381694531945
809,Warehouse_015__Person_0166,Camera,812,Warehouse_015__Person_0166,Camera_04,0.9777634739875793,1,0.2317175119833408
810,Warehouse_015__Person_0166,Camera_01,816,Warehouse_015__Person_0166,Camera_10,0.985194206237793,1,0.26187691309432304
811,Warehouse_015__Person_0166,Camera_03,816,Warehouse_015__Person_0166,Camera_10,0.9440425038337708,1,0.20578239745471388
812,Warehouse_015__Person_0166,Camera_04,809,Warehouse_015__Person_0166,Camera,0.9777634739875793,1,0.21701042214047994
813,Warehouse_015__Person_0166,Camera_07,1191,Warehouse_015__Person_0216,Camera_05,0.8879401683807373,0,0.005139369011451091
814,Warehouse_015__Person_0166,Camera_08,817,Warehouse_015__Person_0166,Camera_12,0.952698290348053,1,0.38412466234744547
815,Warehouse_015__Person_0166,Camera_09,828,Warehouse_015__Person_0168,Camera,0.9230053424835205,0,0.06331633291711367
816,Warehouse_015__Person_0166,Camera_10,810,Warehouse_015__Person_0166,Camera_01,0.985194206237793,1,0.2079567391473912
817,Warehouse_015__Person_0166,Camera_12,814,Warehouse_015__Person_0166,Camera_08,0.952698290348053,1,0.41701239507212706
818,Warehouse_015__Person_0167,Camera,821,Warehouse_015__Person_0167,Camera_04,0.9893449544906616,1,0.7072150072150072
819,Warehouse_015__Person_0167,Camera_01,820,Warehouse_015__Person_0167,Camera_03,0.9867324233055115,1,0.38917248424822554
820,Warehouse_015__Person_0167,Camera_03,819,Warehouse_015__Person_0167,Camera_01,0.9867324233055115,1,0.46768890925394985
821,Warehouse_015__Person_0167,Camera_04,818,Warehouse_015__Person_0167,Camera,0.9893449544906616,1,0.805032365625586
822,Warehouse_015__Person_0167,Camera_05,823,Warehouse_015__Person_0167,Camera_07,0.9634914994239807,1,0.25674137149073895
823,Warehouse_015__Person_0167,Camera_07,818,Warehouse_015__Person_0167,Camera,0.9767910838127136,1,0.69038418338328
824,Warehouse_015__Person_0167,Camera_08,821,Warehouse_015__Person_0167,Camera_04,0.9648376107215881,1,0.8221537160931102
825,Warehouse_015__Person_0167,Camera_09,639,Warehouse_015__Person_0001,Camera_04,0.926166296005249,0,0.16655012794301288
826,Warehouse_015__Person_0167,Camera_10,819,Warehouse_015__Person_0167,Camera_01,0.9850096106529236,1,0.5295505536528655
827,Warehouse_015__Person_0167,Camera_12,821,Warehouse_015__Person_0167,Camera_04,0.9484570026397705,1,0.6837084648405403
828,Warehouse_015__Person_0168,Camera,840,Warehouse_015__Person_0168,Camera_12,0.9849643111228943,1,0.7313988095238096
829,Warehouse_015__Person_0168,Camera_01,833,Warehouse_015__Person_0168,Camera_05,0.9879592657089233,1,0.641020727010679
830,Warehouse_015__Person_0168,Camera_02,840,Warehouse_015__Person_0168,Camera_12,0.9638476967811584,1,0.4089039749527327
831,Warehouse_015__Person_0168,Camera_03,829,Warehouse_015__Person_0168,Camera_01,0.9847829937934875,1,0.503143714196518
832,Warehouse_015__Person_0168,Camera_04,836,Warehouse_015__Person_0168,Camera_08,0.979232132434845,1,0.6383185850097615
833,Warehouse_015__Person_0168,Camera_05,829,Warehouse_015__Person_0168,Camera_01,0.9879592657089233,1,0.5539622094808264
834,Warehouse_015__Person_0168,Camera_06,828,Warehouse_015__Person_0168,Camera,0.9685143232345581,1,0.6290959675934491
835,Warehouse_015__Person_0168,Camera_07,833,Warehouse_015__Person_0168,Camera_05,0.9827951788902283,1,0.6884529755298348
836,Warehouse_015__Person_0168,Camera_08,832,Warehouse_015__Person_0168,Camera_04,0.979232132434845,1,0.6641957206473337
837,Warehouse_015__Person_0168,Camera_09,832,Warehouse_015__Person_0168,Camera_04,0.9696966409683228,1,0.6778500953810552
838,Warehouse_015__Person_0168,Camera_10,829,Warehouse_015__Person_0168,Camera_01,0.9789100885391235,1,0.6048628429003594
839,Warehouse_015__Person_0168,Camera_11,829,Warehouse_015__Person_0168,Camera_01,0.9725877642631531,1,0.48037271003230697
840,Warehouse_015__Person_0168,Camera_12,828,Warehouse_015__Person_0168,Camera,0.9849643111228943,1,0.594611672073309
841,Warehouse_015__Person_0169,Camera,849,Warehouse_015__Person_0169,Camera_08,0.9641004800796509,1,0.6583832102164977
842,Warehouse_015__Person_0169,Camera_01,846,Warehouse_015__Person_0169,Camera_05,0.9873300194740295,1,0.8147965407124159
843,Warehouse_015__Person_0169,Camera_02,987,Warehouse_015__Person_0184,Camera_12,0.9465853571891785,0,0.011822747307536586
844,Warehouse_015__Person_0169,Camera_03,852,Warehouse_015__Person_0169,Camera_12,0.9819327592849731,1,0.7650021765943555
845,Warehouse_015__Person_0169,Camera_04,849,Warehouse_015__Person_0169,Camera_08,0.9793718457221985,1,0.4519904757115851
846,Warehouse_015__Person_0169,Camera_05,842,Warehouse_015__Person_0169,Camera_01,0.9873300194740295,1,0.7913780663780664
847,Warehouse_015__Person_0169,Camera_06,844,Warehouse_015__Person_0169,Camera_03,0.9809837937355042,1,0.7365296916823635
848,Warehouse_015__Person_0169,Camera_07,842,Warehouse_015__Person_0169,Camera_01,0.9554336667060852,1,0.583047301544821
849,Warehouse_015__Person_0169,Camera_08,845,Warehouse_015__Person_0169,Camera_04,0.9793718457221985,1,0.6702430600965847
850,Warehouse_015__Person_0169,Camera_10,1336,Warehouse_015__Person_0238,Camera,0.9793355464935303,0,0.54036835705496
851,Warehouse_015__Person_0169,Camera_11,842,Warehouse_015__Person_0169,Camera_01,0.9816983938217163,1,0.7640494504722536
852,Warehouse_015__Person_0169,Camera_12,844,Warehouse_015__Person_0169,Camera_03,0.9819327592849731,1,0.7354045863114017
853,Warehouse_015__Person_0170,Camera,856,Warehouse_015__Person_0170,Camera_04,0.9692625999450684,1,0.27840874786196107
854,Warehouse_015__Person_0170,Camera_01,855,Warehouse_015__Person_0170,Camera_03,0.9809960126876831,1,0.26438757174291894
855,Warehouse_015__Person_0170,Camera_03,854,Warehouse_015__Person_0170,Camera_01,0.9809960126876831,1,0.3185242318176848
856,Warehouse_015__Person_0170,Camera_04,853,Warehouse_015__Person_0170,Camera,0.9692625999450684,1,0.33070148304172037
857,Warehouse_015__Person_0170,Camera_05,1101,Warehouse_015__Person_0196,Camera_01,0.9326055645942688,0,0.02487718963291588
858,Warehouse_015__Person_0170,Camera_07,1202,Warehouse_015__Person_0217,Camera_06,0.9378272891044617,0,0.006982050041055461
859,Warehouse_015__Person_0170,Camera_08,1200,Warehouse_015__Person_0217,Camera_04,0.8546287417411804,0,0.13920156991972735
860,Warehouse_015__Person_0170,Camera_09,856,Warehouse_015__Person_0170,Camera_04,0.9570016860961914,1,0.28417428512633647
861,Warehouse_015__Person_0170,Camera_10,854,Warehouse_015__Person_0170,Camera_01,0.9781669974327087,1,0.2935891032355458
862,Warehouse_015__Person_0170,Camera_12,1198,Warehouse_015__Person_0217,Camera_02,0.9677941203117371,0,0.1577369106029515
863,Warehouse_015__Person_0171,Camera,872,Warehouse_015__Person_0171,Camera_10,0.9805294275283813,1,0.8137868042123362
864,Warehouse_015__Person_0171,Camera_01,896,Warehouse_015__Person_0173,Camera_10,0.9758375287055969,0,0.34802387942423607
865,Warehouse_015__Person_0171,Camera_02,1182,Warehouse_015__Person_0215,Camera_09,0.9588017463684082,0,0.045420206799849955
866,Warehouse_015__Person_0171,Camera_03,870,Warehouse_015__Person_0171,Camera_07,0.9832085967063904,1,0.5845373388755148
867,Warehouse_015__Person_0171,Camera_04,870,Warehouse_015__Person_0171,Camera_07,0.950025200843811,1,0.7804083204930663
868,Warehouse_015__Person_0171,Camera_05,873,Warehouse_015__Person_0171,Camera_11,0.9760388135910034,1,0.7015980265980266
869,Warehouse_015__Person_0171,Camera_06,868,Warehouse_015__Person_0171,Camera_05,0.9265614151954651,1,0.3687546095879429
870,Warehouse_015__Person_0171,Camera_07,866,Warehouse_015__Person_0171,Camera_03,0.9832085967063904,1,0.7426580571170125
871,Warehouse_015__Person_0171,Camera_09,863,Warehouse_015__Person_0171,Camera,0.9525117874145508,1,0.7975646558463896
872,Warehouse_015__Person_0171,Camera_10,874,Warehouse_015__Person_0171,Camera_12,0.9845322966575623,1,0.7549303462268219
873,Warehouse_015__Person_0171,Camera_11,868,Warehouse_015__Person_0171,Camera_05,0.9760388135910034,1,0.6877844967554928
874,Warehouse_015__Person_0171,Camera_12,872,Warehouse_015__Person_0171,Camera_10,0.9845322966575623,1,0.7740335955124689
875,Warehouse_015__Person_0172,Camera,879,Warehouse_015__Person_0172,Camera_04,0.9614161252975464,1,0.8217849844583116
876,Warehouse_015__Person_0172,Camera_01,880,Warehouse_015__Person_0172,Camera_05,0.9605064392089844,1,0.8207159750987775
877,Warehouse_015__Person_0172,Camera_02,886,Warehouse_015__Person_0172,Camera_12,0.9730915427207947,1,0.6621257376314874
878,Warehouse_015__Person_0172,Camera_03,875,Warehouse_015__Person_0172,Camera,0.9590237736701965,1,0.8526756931012252
879,Warehouse_015__Person_0172,Camera_04,875,Warehouse_015__Person_0172,Camera,0.9614161252975464,1,0.8204603986172521
880,Warehouse_015__Person_0172,Camera_05,876,Warehouse_015__Person_0172,Camera_01,0.9605064392089844,1,0.8035553138591182
881,Warehouse_015__Person_0172,Camera_07,883,Warehouse_015__Person_0172,Camera_09,0.8740559220314026,1,0.5075476767271999
882,Warehouse_015__Person_0172,Camera_08,877,Warehouse_015__Person_0172,Camera_02,0.9392383694648743,1,0.8213583580567987
883,Warehouse_015__Person_0172,Camera_09,881,Warehouse_015__Person_0172,Camera_07,0.8740559220314026,1,0.3692354146684536
884,Warehouse_015__Person_0172,Camera_10,886,Warehouse_015__Person_0172,Camera_12,0.9839945435523987,1,0.4270157652633602
885,Warehouse_015__Person_0172,Camera_11,878,Warehouse_015__Person_0172,Camera_03,0.9551193714141846,1,0.8469517873773194
886,Warehouse_015__Person_0172,Camera_12,884,Warehouse_015__Person_0172,Camera_10,0.9839945435523987,1,0.5884421779714569
887,Warehouse_015__Person_0173,Camera,891,Warehouse_015__Person_0173,Camera_04,0.984363317489624,1,0.818627450980392
888,Warehouse_015__Person_0173,Camera_01,897,Warehouse_015__Person_0173,Camera_12,0.9836073517799377,1,0.8051158645276292
889,Warehouse_015__Person_0173,Camera_02,938,Warehouse_015__Person_0177,Camera_07,0.890714704990387,0,0.16385108360365797
890,Warehouse_015__Person_0173,Camera_03,888,Warehouse_015__Person_0173,Camera_01,0.9835543632507324,1,0.7210243769935399
891,Warehouse_015__Person_0173,Camera_04,887,Warehouse_015__Person_0173,Camera,0.984363317489624,1,0.8289831510493645
892,Warehouse_015__Person_0173,Camera_05,893,Warehouse_015__Person_0173,Camera_07,0.9582684636116028,1,0.5577845528455285
893,Warehouse_015__Person_0173,Camera_07,888,Warehouse_015__Person_0173,Camera_01,0.9815948605537415,1,0.8174225364799134
894,Warehouse_015__Person_0173,Camera_08,897,Warehouse_015__Person_0173,Camera_12,0.9853315949440002,1,0.8061286332714904
895,Warehouse_015__Person_0173,Camera_09,887,Warehouse_015__Person_0173,Camera,0.9697763323783875,1,0.8091260253542133
896,Warehouse_015__Person_0173,Camera_10,888,Warehouse_015__Person_0173,Camera_01,0.9795224666595459,1,0.5748761259241991
897,Warehouse_015__Person_0173,Camera_12,894,Warehouse_015__Person_0173,Camera_08,0.9853315949440002,1,0.7830181540549711
898,Warehouse_015__Person_0174,Camera,900,Warehouse_015__Person_0174,Camera_03,0.9701599478721619,1,0.6362368201534202
899,Warehouse_015__Person_0174,Camera_01,907,Warehouse_015__Person_0174,Camera_10,0.976414144039154,1,0.29807846690306333
900,Warehouse_015__Person_0174,Camera_03,909,Warehouse_015__Person_0174,Camera_12,0.9759690761566162,1,0.4271184348091187
901,Warehouse_015__Person_0174,Camera_04,905,Warehouse_015__Person_0174,Camera_08,0.9660013914108276,1,0.5596951663427309
902,Warehouse_015__Person_0174,Camera_05,900,Warehouse_015__Person_0174,Camera_03,0.9669165015220642,1,0.43152518829722336
903,Warehouse_015__Person_0174,Camera_06,900,Warehouse_015__Person_0174,Camera_03,0.9306719899177551,1,0.3100279262480452
904,Warehouse_015__Person_0174,Camera_07,1182,Warehouse_015__Person_0215,Camera_09,0.9547286629676819,0,0.06138294169513533
905,Warehouse_015__Person_0174,Camera_08,901,Warehouse_015__Person_0174,Camera_04,0.9660013914108276,1,0.6239871604574068
906,Warehouse_015__Person_0174,Camera_09,1113,Warehouse_015__Person_0197,Camera_02,0.9389891624450684,0,0.10609087790839117
907,Warehouse_015__Person_0174,Camera_10,899,Warehouse_015__Person_0174,Camera_01,0.976414144039154,1,0.445796162141735
908,Warehouse_015__Person_0174,Camera_11,1116,Warehouse_015__Person_0197,Camera_05,0.9393499493598938,0,0.3002363824373394
909,Warehouse_015__Person_0174,Camera_12,900,Warehouse_015__Person_0174,Camera_03,0.9759690761566162,1,0.5991097135226783
910,Warehouse_015__Person_0175,Camera,1243,Warehouse_015__Person_0221,Camera_07,0.850849986076355,0,0.07149469593294487
911,Warehouse_015__Person_0175,Camera_01,920,Warehouse_015__Person_0175,Camera_11,0.9680404663085938,1,0.7117349794230724
912,Warehouse_015__Person_0175,Camera_02,577,Lab_000__Person_0000,Camera_0004,0.8713828921318054,0,0.15000937399272535
913,Warehouse_015__Person_0175,Camera_03,916,Warehouse_015__Person_0175,Camera_06,0.9743114113807678,1,0.6760553316404492
914,Warehouse_015__Person_0175,Camera_04,921,Warehouse_015__Person_0175,Camera_12,0.9537879228591919,1,0.7095084803452069
915,Warehouse_015__Person_0175,Camera_05,913,Warehouse_015__Person_0175,Camera_03,0.9640386700630188,1,0.46944325873455556
916,Warehouse_015__Person_0175,Camera_06,913,Warehouse_015__Person_0175,Camera_03,0.9743114113807678,1,0.7627650565034145
917,Warehouse_015__Person_0175,Camera_07,916,Warehouse_015__Person_0175,Camera_06,0.9640147686004639,1,0.547407683276998
918,Warehouse_015__Person_0175,Camera_08,921,Warehouse_015__Person_0175,Camera_12,0.9571985006332397,1,0.15641804416166794
919,Warehouse_015__Person_0175,Camera_10,921,Warehouse_015__Person_0175,Camera_12,0.9771790504455566,1,0.5952131549440687
920,Warehouse_015__Person_0175,Camera_11,911,Warehouse_015__Person_0175,Camera_01,0.9680404663085938,1,0.7120551322373521
921,Warehouse_015__Person_0175,Camera_12,919,Warehouse_015__Person_0175,Camera_10,0.9771790504455566,1,0.723054373891091
922,Warehouse_015__Person_0176,Camera,925,Warehouse_015__Person_0176,Camera_04,0.9779254198074341,1,1.0000000000000002
923,Warehouse_015__Person_0176,Camera_01,930,Warehouse_015__Person_0176,Camera_10,0.9921371936798096,1,0.9888888888888892
924,Warehouse_015__Person_0176,Camera_03,923,Warehouse_015__Person_0176,Camera_01,0.98856121301651,1,0.8545025417574439
925,Warehouse_015__Person_0176,Camera_04,922,Warehouse_015__Person_0176,Camera,0.9779254198074341,1,1.0
926,Warehouse_015__Person_0176,Camera_05,927,Warehouse_015__Person_0176,Camera_07,0.9420918226242065,1,0.9722222222222222
927,Warehouse_015__Person_0176,Camera_07,922,Warehouse_015__Person_0176,Camera,0.9769777059555054,1,1.0000000000000002
928,Warehouse_015__Person_0176,Camera_08,925,Warehouse_015__Person_0176,Camera_04,0.976377546787262,1,1.0
929,Warehouse_015__Person_0176,Camera_09,922,Warehouse_015__Person_0176,Camera,0.9731941819190979,1,1.0000000000000002
930,Warehouse_015__Person_0176,Camera_10,923,Warehouse_015__Person_0176,Camera_01,0.9921371936798096,1,1.0000000000000002
931,Warehouse_015__Person_0176,Camera_12,927,Warehouse_015__Person_0176,Camera_07,0.9714142680168152,1,1.0
932,Warehouse_015__Person_0177,Camera,937,Warehouse_015__Person_0177,Camera_06,0.9772688150405884,1,0.4261060145437904
933,Warehouse_015__Person_0177,Camera_01,724,Warehouse_015__Person_0009,Camera_11,0.9767957329750061,0,0.29573679135200004
934,Warehouse_015__Person_0177,Camera_03,937,Warehouse_015__Person_0177,Camera_06,0.9700171947479248,1,0.4471429445118289
935,Warehouse_015__Person_0177,Camera_04,715,Warehouse_015__Person_0009,Camera,0.9701606631278992,0,0.5147491362933455
936,Warehouse_015__Person_0177,Camera_05,942,Warehouse_015__Person_0177,Camera_11,0.9710603952407837,1,0.6646623145478981
937,Warehouse_015__Person_0177,Camera_06,718,Warehouse_015__Person_0009,Camera_03,0.9815269112586975,0,0.4394580469485601
938,Warehouse_015__Person_0177,Camera_07,714,Warehouse_015__Person_0008,Camera_12,0.8933243155479431,0,0.06599432840691608
939,Warehouse_015__Person_0177,Camera_08,716,Warehouse_015__Person_0009,Camera_01,0.9399559497833252,0,0.19716276345040556
940,Warehouse_015__Person_0177,Camera_09,932,Warehouse_015__Person_0177,Camera,0.9691133499145508,1,0.4256338286878056
941,Warehouse_015__Person_0177,Camera_10,943,Warehouse_015__Person_0177,Camera_12,0.9798453450202942,1,0.4868439524760358
942,Warehouse_015__Person_0177,Camera_11,936,Warehouse_015__Person_0177,Camera_05,0.9710603952407837,1,0.6507154157756568
943,Warehouse_015__Person_0177,Camera_12,715,Warehouse_015__Person_0009,Camera,0.9857649803161621,0,0.2796237955207556
944,Warehouse_015__Person_0178,Camera,947,Warehouse_015__Person_0178,Camera_04,0.9572263956069946,1,0.6621548102477006
945,Warehouse_015__Person_0178,Camera_01,946,Warehouse_015__Person_0178,Camera_03,0.9587388038635254,1,0.30508388647122425
946,Warehouse_015__Person_0178,Camera_03,945,Warehouse_015__Person_0178,Camera_01,0.9587388038635254,1,0.21508621758262597
947,Warehouse_015__Person_0178,Camera_04,944,Warehouse_015__Person_0178,Camera,0.9572263956069946,1,0.5106269409344043
948,Warehouse_015__Person_0178,Camera_07,1032,Warehouse_015__Person_0189,Camera_06,0.872983992099762,0,0.01897211449923509
949,Warehouse_015__Person_0178,Camera_08,379,Hospital_000__Person_0026,Camera_03,0.9171756505966187,0,0.05299340545352509
950,Warehouse_015__Person_0178,Camera_10,945,Warehouse_015__Person_0178,Camera_01,0.9396835565567017,1,0.4552569712812625
951,Warehouse_015__Person_0178,Camera_12,946,Warehouse_015__Person_0178,Camera_03,0.9059615135192871,1,0.48808758589356444
952,Warehouse_015__Person_0179,Camera,679,Warehouse_015__Person_0004,Camera_10,0.9767571687698364,0,0.28642790170569205
953,Warehouse_015__Person_0179,Camera_01,1235,Warehouse_015__Person_0220,Camera_11,0.9535871744155884,0,0.05774661698097522
954,Warehouse_015__Person_0179,Camera_02,1268,Warehouse_015__Person_0231,Camera_07,0.9358741641044617,0,0.07668731364931479
955,Warehouse_015__Person_0179,Camera_03,796,Warehouse_015__Person_0016,Camera_12,0.9641834497451782,0,0.2723797985629735
956,Warehouse_015__Person_0179,Camera_04,958,Warehouse_015__Person_0179,Camera_08,0.9761292338371277,1,0.42674742602165994
957,Warehouse_015__Person_0179,Camera_07,954,Warehouse_015__Person_0179,Camera_02,0.9307223558425903,1,0.14169321558894338
958,Warehouse_015__Person_0179,Camera_08,956,Warehouse_015__Person_0179,Camera_04,0.9761292338371277,1,0.4989653353572293
959,Warehouse_015__Person_0179,Camera_10,960,Warehouse_015__Person_0179,Camera_12,0.9720137119293213,1,0.16533889392915202
960,Warehouse_015__Person_0179,Camera_12,1269,Warehouse_015__Person_0231,Camera_08,0.9741553664207458,0,0.23381340258263147
961,Warehouse_015__Person_0180,Camera,968,Warehouse_015__Person_0180,Camera_09,0.9764273762702942,1,0.830280357757138
962,Warehouse_015__Person_0180,Camera_01,969,Warehouse_015__Person_0180,Camera_10,0.9736557006835938,1,0.3975071595480322
963,Warehouse_015__Person_0180,Camera_02,961,Warehouse_015__Person_0180,Camera,0.9292323589324951,1,0.43999930381509333
964,Warehouse_015__Person_0180,Camera_03,962,Warehouse_015__Person_0180,Camera_01,0.9680857062339783,1,0.7645850737956004
965,Warehouse_015__Person_0180,Camera_04,967,Warehouse_015__Person_0180,Camera_08,0.9787415862083435,1,0.8194681861348527
966,Warehouse_015__Person_0180,Camera_07,961,Warehouse_015__Person_0180,Camera,0.9523065686225891,1,0.8508742528350373
967,Warehouse_015__Person_0180,Camera_08,965,Warehouse_015__Person_0180,Camera_04,0.9787415862083435,1,0.8521394064872327
968,Warehouse_015__Person_0180,Camera_09,961,Warehouse_015__Person_0180,Camera,0.9764273762702942,1,0.8871572871572873
969,Warehouse_015__Person_0180,Camera_10,962,Warehouse_015__Person_0180,Camera_01,0.9736557006835938,1,0.2281177160314722
970,Warehouse_015__Person_0180,Camera_12,961,Warehouse_015__Person_0180,Camera,0.9759985208511353,1,0.7170160726764501
971,Warehouse_015__Person_0181,Camera,973,Warehouse_015__Person_0181,Camera_02,0.9682425260543823,1,1.0000000000000002
972,Warehouse_015__Person_0181,Camera_01,976,Warehouse_015__Person_0181,Camera_05,0.9847990870475769,1,0.9722222222222223
973,Warehouse_015__Person_0181,Camera_02,971,Warehouse_015__Person_0181,Camera,0.9682425260543823,1,1.0000000000000002
974,Warehouse_015__Person_0181,Camera_03,976,Warehouse_015__Person_0181,Camera_05,0.9824635982513428,1,0.9658119658119659
975,Warehouse_015__Person_0181,Camera_04,973,Warehouse_015__Person_0181,Camera_02,0.9512990117073059,1,0.9658119658119658
976,Warehouse_015__Person_0181,Camera_05,972,Warehouse_015__Person_0181,Camera_01,0.9847990870475769,1,1.0000000000000002
977,Warehouse_015__Person_0181,Camera_07,974,Warehouse_015__Person_0181,Camera_03,0.9517806172370911,1,0.9280303030303032
978,Warehouse_015__Person_0181,Camera_08,979,Warehouse_015__Person_0181,Camera_10,0.9791317582130432,1,0.557783819745239
979,Warehouse_015__Person_0181,Camera_10,980,Warehouse_015__Person_0181,Camera_12,0.9874745607376099,1,0.7847181119779991
980,Warehouse_015__Person_0181,Camera_12,979,Warehouse_015__Person_0181,Camera_10,0.9874745607376099,1,0.7044350240468045
981,Warehouse_015__Person_0184,Camera_01,1060,Warehouse_015__Person_0191,Camera_12,0.9633949995040894,0,0.022468540331495312
982,Warehouse_015__Person_0184,Camera_02,1024,Warehouse_015__Person_0188,Camera_08,0.8638157248497009,0,0.018282483897094526
983,Warehouse_015__Person_0184,Camera_03,1082,Warehouse_015__Person_0194,Camera,0.9327635765075684,0,0.0634910157293091
984,Warehouse_015__Person_0184,Camera_05,489,Hospital_000__Person_0034,Camera_04,0.934269905090332,0,0.012344674541743877
985,Warehouse_015__Person_0184,Camera_08,798,Warehouse_015__Person_0017,Camera_01,0.9599775671958923,0,0.011527376860089207
986,Warehouse_015__Person_0184,Camera_10,915,Warehouse_015__Person_0175,Camera_05,0.9257509708404541,0,0.03156100821767838
987,Warehouse_015__Person_0184,Camera_12,1015,Warehouse_015__Person_0187,Camera_08,0.9631901979446411,0,0.010776521057067726
988,Warehouse_015__Person_0185,Camera,990,Warehouse_015__Person_0185,Camera_02,0.9815869927406311,1,0.7689463813564532
989,Warehouse_015__Person_0185,Camera_01,995,Warehouse_015__Person_0185,Camera_08,0.9832010865211487,1,0.7704486540378863
990,Warehouse_015__Person_0185,Camera_02,998,Warehouse_015__Person_0185,Camera_12,0.9833337068557739,1,0.7421836007130124
991,Warehouse_015__Person_0185,Camera_03,992,Warehouse_015__Person_0185,Camera_04,0.9871433973312378,1,0.8231599886331343
992,Warehouse_015__Person_0185,Camera_04,991,Warehouse_015__Person_0185,Camera_03,0.9871433973312378,1,0.7966619205821863
993,Warehouse_015__Person_0185,Camera_05,995,Warehouse_015__Person_0185,Camera_08,0.9258972406387329,1,0.7871553884711779
994,Warehouse_015__Person_0185,Camera_07,997,Warehouse_015__Person_0185,Camera_11,0.8664104342460632,1,0.6756870286576169
995,Warehouse_015__Person_0185,Camera_08,991,Warehouse_015__Person_0185,Camera_03,0.9854236245155334,1,0.8109288537549406
996,Warehouse_015__Person_0185,Camera_10,998,Warehouse_015__Person_0185,Camera_12,0.9932195544242859,1,0.7296210685865858
997,Warehouse_015__Person_0185,Camera_11,994,Warehouse_015__Person_0185,Camera_07,0.8664104342460632,1,0.9317307692307691
998,Warehouse_015__Person_0185,Camera_12,996,Warehouse_015__Person_0185,Camera_10,0.9932195544242859,1,0.7347421971599825
999,Warehouse_015__Person_0186,Camera,1002,Warehouse_015__Person_0186,Camera_03,0.9496190547943115,1,0.677970043155903
1000,Warehouse_015__Person_0186,Camera_01,1008,Warehouse_015__Person_0186,Camera_12,0.9768918752670288,1,0.6095986473900065
1001,Warehouse_015__Person_0186,Camera_02,1006,Warehouse_015__Person_0186,Camera_08,0.9761933088302612,1,0.6417382432522478
1002,Warehouse_015__Person_0186,Camera_03,999,Warehouse_015__Person_0186,Camera,0.9496190547943115,1,0.685254931776121
1003,Warehouse_015__Person_0186,Camera_04,1001,Warehouse_015__Person_0186,Camera_02,0.9448816180229187,1,0.530709129177141
1004,Warehouse_015__Person_0186,Camera_05,1000,Warehouse_015__Person_0186,Camera_01,0.9088163375854492,1,0.2852563027486588
1005,Warehouse_015__Person_0186,Camera_07,1032,Warehouse_015__Person_0189,Camera_06,0.8626529574394226,0,0.031302935194260764
1006,Warehouse_015__Person_0186,Camera_08,1008,Warehouse_015__Person_0186,Camera_12,0.9901779294013977,1,0.6199675203699349
1007,Warehouse_015__Person_0186,Camera_10,1008,Warehouse_015__Person_0186,Camera_12,0.9844282865524292,1,0.47341831380121985
1008,Warehouse_015__Person_0186,Camera_12,1006,Warehouse_015__Person_0186,Camera_08,0.9901779294013977,1,0.5707738979181546
1009,Warehouse_015__Person_0187,Camera,1012,Warehouse_015__Person_0187,Camera_03,0.9484264254570007,1,0.5257584494838056
1010,Warehouse_015__Person_0187,Camera_01,1012,Warehouse_015__Person_0187,Camera_03,0.896809995174408,1,0.5638038519148498
1011,Warehouse_015__Person_0187,Camera_02,1012,Warehouse_015__Person_0187,Camera_03,0.9461418986320496,1,0.5347959023832237
1012,Warehouse_015__Person_0187,Camera_03,1016,Warehouse_015__Person_0187,Camera_10,0.9537509083747864,1,0.6116242784992785
1013,Warehouse_015__Person_0187,Camera_04,665,Warehouse_015__Person_0003,Camera_08,0.9153255224227905,0,0.057907560599855606
1014,Warehouse_015__Person_0187,Camera_05,1243,Warehouse_015__Person_0221,Camera_07,0.8350896239280701,0,0.005127832295227176
1015,Warehouse_015__Person_0187,Camera_08,987,Warehouse_015__Person_0184,Camera_12,0.9631901979446411,0,0.009376227881074797
1016,Warehouse_015__Person_0187,Camera_10,1012,Warehouse_015__Person_0187,Camera_03,0.9537509083747864,1,0.5791981303717605
1017,Warehouse_015__Person_0187,Camera_12,1040,Warehouse_015__Person_0190,Camera_03,0.9574805498123169,0,0.025117760816728146
1018,Warehouse_015__Person_0188,Camera,1027,Warehouse_015__Person_0188,Camera_12,0.9611865282058716,1,0.5334634432581646
1019,Warehouse_015__Person_0188,Camera_01,1026,Warehouse_015__Person_0188,Camera_10,0.9864223003387451,1,0.2970400530432226
1020,Warehouse_015__Person_0188,Camera_03,1019,Warehouse_015__Person_0188,Camera_01,0.9719772934913635,1,0.24865755699374759
1021,Warehouse_015__Person_0188,Camera_04,435,Hospital_000__Person_0030,Camera_07,0.8967265486717224,0,0.19718283739767042
1022,Warehouse_015__Person_0188,Camera_05,1252,Warehouse_015__Person_0222,Camera_08,0.9307231903076172,0,0.034787195360839365
1023,Warehouse_015__Person_0188,Camera_07,643,Warehouse_015__Person_0001,Camera_10,0.9273584485054016,0,0.05392175497167279
1024,Warehouse_015__Person_0188,Camera_08,1027,Warehouse_015__Person_0188,Camera_12,0.9472220540046692,1,0.5139636936055065
1025,Warehouse_015__Person_0188,Camera_09,1018,Warehouse_015__Person_0188,Camera,0.9410233497619629,1,0.56398124066301
1026,Warehouse_015__Person_0188,Camera_10,1019,Warehouse_015__Person_0188,Camera_01,0.9864230751991272,1,0.3181744029572925
1027,Warehouse_015__Person_0188,Camera_12,1018,Warehouse_015__Person_0188,Camera,0.9611866474151611,1,0.5335449739553326
1028,Warehouse_015__Person_0189,Camera_01,1030,Warehouse_015__Person_0189,Camera_03,0.9630146026611328,1,0.4373710892282893
1029,Warehouse_015__Person_0189,Camera_02,1034,Warehouse_015__Person_0189,Camera_10,0.9757794141769409,1,0.5679575249551094
1030,Warehouse_015__Person_0189,Camera_03,1028,Warehouse_015__Person_0189,Camera_01,0.9630146026611328,1,0.3801064906039058
1031,Warehouse_015__Person_0189,Camera_05,1476,Warehouse_016__Person_0351,Camera_02,0.9090228080749512,0,0.12807380482081737
1032,Warehouse_015__Person_0189,Camera_06,1385,Warehouse_015__Transporter_0007,Camera_03,0.8765184879302979,0,0.0178534059633113
1033,Warehouse_015__Person_0189,Camera_08,1036,Warehouse_015__Person_0189,Camera_12,0.9683152437210083,1,0.14666198850120515
1034,Warehouse_015__Person_0189,Camera_10,1029,Warehouse_015__Person_0189,Camera_02,0.9757794141769409,1,0.458316462181721
1035,Warehouse_015__Person_0189,Camera_11,1029,Warehouse_015__Person_0189,Camera_02,0.9308750629425049,1,0.5890318330570785
1036,Warehouse_015__Person_0189,Camera_12,1033,Warehouse_015__Person_0189,Camera_08,0.9683152437210083,1,0.14246647946467056
1037,Warehouse_015__Person_0190,Camera,1042,Warehouse_015__Person_0190,Camera_05,0.971798300743103,1,0.9189655172413793
1038,Warehouse_015__Person_0190,Camera_01,1047,Warehouse_015__Person_0190,Camera_10,0.9895101189613342,1,0.8020112496948948
1039,Warehouse_015__Person_0190,Camera_02,1049,Warehouse_015__Person_0190,Camera_12,0.9730762243270874,1,0.7296400696797621
1040,Warehouse_015__Person_0190,Camera_03,1047,Warehouse_015__Person_0190,Camera_10,0.9859259128570557,1,0.6588615267998488
1041,Warehouse_015__Person_0190,Camera_04,1043,Warehouse_015__Person_0190,Camera_06,0.9382513761520386,1,0.743467703565817
1042,Warehouse_015__Person_0190,Camera_05,1038,Warehouse_015__Person_0190,Camera_01,0.9784356355667114,1,0.8348928998928998
1043,Warehouse_015__Person_0190,Camera_06,1037,Warehouse_015__Person_0190,Camera,0.9550546407699585,1,0.7899517095478016
1044,Warehouse_015__Person_0190,Camera_07,1038,Warehouse_015__Person_0190,Camera_01,0.9805264472961426,1,0.8286086309523811
1045,Warehouse_015__Person_0190,Camera_08,572,Hospital_000__Person_0039,Camera_31,0.9545314908027649,0,0.03526854391367323
1046,Warehouse_015__Person_0190,Camera_09,1044,Warehouse_015__Person_0190,Camera_07,0.9720359444618225,1,0.8188490389123301
1047,Warehouse_015__Person_0190,Camera_10,1038,Warehouse_015__Person_0190,Camera_01,0.9895101189613342,1,0.7549072901338059
1048,Warehouse_015__Person_0190,Camera_11,829,Warehouse_015__Person_0168,Camera_01,0.9574508666992188,0,0.36220066941150914
1049,Warehouse_015__Person_0190,Camera_12,1047,Warehouse_015__Person_0190,Camera_10,0.9819308519363403,1,0.7400719978789655
1050,Warehouse_015__Person_0191,Camera,1054,Warehouse_015__Person_0191,Camera_05,0.9441796541213989,1,0.3920270733177471
1051,Warehouse_015__Person_0191,Camera_01,1053,Warehouse_015__Person_0191,Camera_03,0.9863642454147339,1,0.5747444476527862
1052,Warehouse_015__Person_0191,Camera_02,1058,Warehouse_015__Person_0191,Camera_10,0.9805638194084167,1,0.4552870529837328
1053,Warehouse_015__Person_0191,Camera_03,1051,Warehouse_015__Person_0191,Camera_01,0.9863642454147339,1,0.5174149748968193
1054,Warehouse_015__Person_0191,Camera_05,1053,Warehouse_015__Person_0191,Camera_03,0.9807676076889038,1,0.4796698290083504
1055,Warehouse_015__Person_0191,Camera_07,1053,Warehouse_015__Person_0191,Camera_03,0.9859815835952759,1,0.44641915466572996
1056,Warehouse_015__Person_0191,Camera_08,1356,Warehouse_015__Person_0239,Camera_12,0.959060788154602,0,0.12135743177520804
1057,Warehouse_015__Person_0191,Camera_09,864,Warehouse_015__Person_0171,Camera_01,0.9409003853797913,0,0.015447513347674214
1058,Warehouse_015__Person_0191,Camera_10,1060,Warehouse_015__Person_0191,Camera_12,0.9847511053085327,1,0.37865580345527133
1059,Warehouse_015__Person_0191,Camera_11,1351,Warehouse_015__Person_0239,Camera_06,0.8781571984291077,0,0.021729360461280378
1060,Warehouse_015__Person_0191,Camera_12,1058,Warehouse_015__Person_0191,Camera_10,0.9847511053085327,1,0.40639247493638236
1061,Warehouse_015__Person_0192,Camera,1062,Warehouse_015__Person_0192,Camera_01,0.9822820425033569,1,0.9797979797979799
1062,Warehouse_015__Person_0192,Camera_01,1061,Warehouse_015__Person_0192,Camera,0.9822820425033569,1,0.9888888888888892
1063,Warehouse_015__Person_0192,Camera_02,1070,Warehouse_015__Person_0192,Camera_12,0.9734333753585815,1,0.9477124183006538
1064,Warehouse_015__Person_0192,Camera_03,1066,Warehouse_015__Person_0192,Camera_05,0.9825892448425293,1,1.0000000000000002
1065,Warehouse_015__Person_0192,Camera_04,1068,Warehouse_015__Person_0192,Camera_08,0.9744417667388916,1,1.0000000000000002
1066,Warehouse_015__Person_0192,Camera_05,1064,Warehouse_015__Person_0192,Camera_03,0.9825892448425293,1,1.0000000000000002
1067,Warehouse_015__Person_0192,Camera_07,1066,Warehouse_015__Person_0192,Camera_05,0.9254916906356812,1,1.0000000000000002
1068,Warehouse_015__Person_0192,Camera_08,1070,Warehouse_015__Person_0192,Camera_12,0.9778448939323425,1,0.9388888888888889
1069,Warehouse_015__Person_0192,Camera_10,1070,Warehouse_015__Person_0192,Camera_12,0.9603608846664429,1,0.4238314972107893
1070,Warehouse_015__Person_0192,Camera_12,1062,Warehouse_015__Person_0192,Camera_01,0.9811965227127075,1,0.9365079365079365
1071,Warehouse_015__Person_0193,Camera,1351,Warehouse_015__Person_0239,Camera_06,0.889906644821167,0,0.013305742922788166
1072,Warehouse_015__Person_0193,Camera_01,1058,Warehouse_015__Person_0191,Camera_10,0.9839158654212952,0,0.3126815792362011
1073,Warehouse_015__Person_0193,Camera_02,1060,Warehouse_015__Person_0191,Camera_12,0.9733769297599792,0,0.20657351081763498
1074,Warehouse_015__Person_0193,Camera_03,1075,Warehouse_015__Person_0193,Camera_05,0.9851041436195374,1,0.2874232409821638
1075,Warehouse_015__Person_0193,Camera_05,1074,Warehouse_015__Person_0193,Camera_03,0.9851041436195374,1,0.3614956944774121
1076,Warehouse_015__Person_0193,Camera_06,1348,Warehouse_015__Person_0239,Camera_02,0.9820173978805542,0,0.2559416603418055
1077,Warehouse_015__Person_0193,Camera_07,1052,Warehouse_015__Person_0191,Camera_02,0.9700068831443787,0,0.2053824734492456
1078,Warehouse_015__Person_0193,Camera_08,989,Warehouse_015__Person_0185,Camera_01,0.9328144788742065,0,0.026599292900038658
1079,Warehouse_015__Person_0193,Camera_10,1060,Warehouse_015__Person_0191,Camera_12,0.9825472831726074,0,0.34186949472116995
1080,Warehouse_015__Person_0193,Camera_11,1058,Warehouse_015__Person_0191,Camera_10,0.9654427766799927,0,0.3280298905936103
1081,Warehouse_015__Person_0193,Camera_12,1058,Warehouse_015__Person_0191,Camera_10,0.9780781269073486,0,0.21447114671097509
1082,Warehouse_015__Person_0194,Camera,1087,Warehouse_015__Person_0194,Camera_07,0.9734755158424377,1,0.7884199134199135
1083,Warehouse_015__Person_0194,Camera_01,1084,Warehouse_015__Person_0194,Camera_03,0.9894299507141113,1,0.4723705862972509
1084,Warehouse_015__Person_0194,Camera_03,1083,Warehouse_015__Person_0194,Camera_01,0.9894299507141113,1,0.6586860670194004
1085,Warehouse_015__Person_0194,Camera_04,1091,Warehouse_015__Person_0194,Camera_12,0.978032648563385,1,0.967452300785634
1086,Warehouse_015__Person_0194,Camera_05,1083,Warehouse_015__Person_0194,Camera_01,0.9764060974121094,1,0.31399466288903244
1087,Warehouse_015__Person_0194,Camera_07,1082,Warehouse_015__Person_0194,Camera,0.9734755158424377,1,0.839186507936508
1088,Warehouse_015__Person_0194,Camera_08,1087,Warehouse_015__Person_0194,Camera_07,0.9698405861854553,1,0.7752995796474058
1089,Warehouse_015__Person_0194,Camera_09,1085,Warehouse_015__Person_0194,Camera_04,0.9698562026023865,1,0.929700854700855
1090,Warehouse_015__Person_0194,Camera_10,1083,Warehouse_015__Person_0194,Camera_01,0.9857752323150635,1,0.4095986694194586
1091,Warehouse_015__Person_0194,Camera_12,1084,Warehouse_015__Person_0194,Camera_03,0.9781575798988342,1,0.8830397997064665
1092,Warehouse_015__Person_0195,Camera_01,1097,Warehouse_015__Person_0195,Camera_10,0.9608564376831055,1,0.26219186325204746
1093,Warehouse_015__Person_0195,Camera_02,1309,Warehouse_015__Person_0235,Camera_04,0.9719353914260864,0,0.24993399658714058
1094,Warehouse_015__Person_0195,Camera_03,1093,Warehouse_015__Person_0195,Camera_02,0.9455795288085938,1,0.30387542064560696
1095,Warehouse_015__Person_0195,Camera_05,1092,Warehouse_015__Person_0195,Camera_01,0.9193077683448792,1,0.19036969539549706
1096,Warehouse_015__Person_0195,Camera_08,1099,Warehouse_015__Person_0195,Camera_12,0.9773108959197998,1,0.17498500251670315
1097,Warehouse_015__Person_0195,Camera_10,1315,Warehouse_015__Person_0235,Camera_12,0.9692114591598511,0,0.1661873840445269
1098,Warehouse_015__Person_0195,Camera_11,904,Warehouse_015__Person_0174,Camera_07,0.9518442153930664,0,0.03653967113081043
1099,Warehouse_015__Person_0195,Camera_12,1120,Warehouse_015__Person_0197,Camera_10,0.981128454208374,0,0.1277627812946288
1100,Warehouse_015__Person_0196,Camera,1110,Warehouse_015__Person_0196,Camera_12,0.8755883574485779,1,0.3507101939156734
1101,Warehouse_015__Person_0196,Camera_01,1102,Warehouse_015__Person_0196,Camera_03,0.988621711730957,1,0.500926360955016
1102,Warehouse_015__Person_0196,Camera_03,1101,Warehouse_015__Person_0196,Camera_01,0.988621711730957,1,0.5735428869939522
1103,Warehouse_015__Person_0196,Camera_04,793,Warehouse_015__Person_0016,Camera_09,0.8271968364715576,0,0.026528282498778685
1104,Warehouse_015__Person_0196,Camera_05,1102,Warehouse_015__Person_0196,Camera_03,0.9870492219924927,1,0.6902675980109084
1105,Warehouse_015__Person_0196,Camera_06,1268,Warehouse_015__Person_0231,Camera_07,0.9147911071777344,0,0.04002792072814952
1106,Warehouse_015__Person_0196,Camera_07,1101,Warehouse_015__Person_0196,Camera_01,0.9835734367370605,1,0.6901736878355259
1107,Warehouse_015__Person_0196,Camera_09,1102,Warehouse_015__Person_0196,Camera_03,0.9639242887496948,1,0.7030613356351166
1108,Warehouse_015__Person_0196,Camera_10,1110,Warehouse_015__Person_0196,Camera_12,0.9933815002441406,1,0.7120583951603427
1109,Warehouse_015__Person_0196,Camera_11,1106,Warehouse_015__Person_0196,Camera_07,0.9641232490539551,1,0.7035270556515363
1110,Warehouse_015__Person_0196,Camera_12,1108,Warehouse_015__Person_0196,Camera_10,0.9933815002441406,1,0.7113364315370767
1111,Warehouse_015__Person_0197,Camera,1115,Warehouse_015__Person_0197,Camera_04,0.9668712615966797,1,0.3627096189095783
1112,Warehouse_015__Person_0197,Camera_01,1314,Warehouse_015__Person_0235,Camera_10,0.9814705848693848,0,0.30405158457453146
1113,Warehouse_015__Person_0197,Camera_02,906,Warehouse_015__Person_0174,Camera_09,0.938989520072937,0,0.10677909995111919
1114,Warehouse_015__Person_0197,Camera_03,1116,Warehouse_015__Person_0197,Camera_05,0.9577310085296631,1,0.4199265712801624
1115,Warehouse_015__Person_0197,Camera_04,1111,Warehouse_015__Person_0197,Camera,0.9668712615966797,1,0.36644574210363684
1116,Warehouse_015__Person_0197,Camera_05,1306,Warehouse_015__Person_0235,Camera_01,0.977922797203064,0,0.29250513915243515
1117,Warehouse_015__Person_0197,Camera_07,1119,Warehouse_015__Person_0197,Camera_09,0.961534857749939,1,0.45388573558078193
1118,Warehouse_015__Person_0197,Camera_08,899,Warehouse_015__Person_0174,Camera_01,0.9520013332366943,0,0.21379553646227045
1119,Warehouse_015__Person_0197,Camera_09,1307,Warehouse_015__Person_0235,Camera_02,0.9679043292999268,0,0.38180575200377176
1120,Warehouse_015__Person_0197,Camera_10,1099,Warehouse_015__Person_0195,Camera_12,0.981128454208374,0,0.0939817745812045
1121,Warehouse_015__Person_0197,Camera_12,1112,Warehouse_015__Person_0197,Camera_01,0.9760976433753967,1,0.3724637876031521
1122,Warehouse_015__Person_0198,Camera,1130,Warehouse_015__Person_0198,Camera_10,0.9765559434890747,1,1.0
1123,Warehouse_015__Person_0198,Camera_01,1126,Warehouse_015__Person_0198,Camera_05,0.9812965989112854,1,0.9484848484848484
1124,Warehouse_015__Person_0198,Camera_03,1123,Warehouse_015__Person_0198,Camera_01,0.9799405336380005,1,0.8809615384615385
1125,Warehouse_015__Person_0198,Camera_04,1128,Warehouse_015__Person_0198,Camera_07,0.9670428037643433,1,0.8095802832644938
1126,Warehouse_015__Person_0198,Camera_05,1123,Warehouse_015__Person_0198,Camera_01,0.9812965989112854,1,0.7861932129173508
1127,Warehouse_015__Person_0198,Camera_06,1130,Warehouse_015__Person_0198,Camera_10,0.9501476287841797,1,0.9999999999999999
1128,Warehouse_015__Person_0198,Camera_07,1131,Warehouse_015__Person_0198,Camera_11,0.9774723052978516,1,0.9999999999999999
1129,Warehouse_015__Person_0198,Camera_09,1128,Warehouse_015__Person_0198,Camera_07,0.9737374782562256,1,0.8448889947341959
1130,Warehouse_015__Person_0198,Camera_10,1122,Warehouse_015__Person_0198,Camera,0.9765559434890747,1,0.9999999999999999
1131,Warehouse_015__Person_0198,Camera_11,1128,Warehouse_015__Person_0198,Camera_07,0.9774723052978516,1,0.9451515151515152
1132,Warehouse_015__Person_0198,Camera_12,1122,Warehouse_015__Person_0198,Camera,0.9620339870452881,1,0.9833333333333333
1133,Warehouse_015__Person_0199,Camera,1140,Warehouse_015__Person_0199,Camera_09,0.9360285401344299,1,0.6652396985730318
1134,Warehouse_015__Person_0199,Camera_01,1141,Warehouse_015__Person_0199,Camera_10,0.9800527095794678,1,0.7467592592592593
1135,Warehouse_015__Person_0199,Camera_02,1138,Warehouse_015__Person_0199,Camera_07,0.9740910530090332,1,1.0000000000000002
1136,Warehouse_015__Person_0199,Camera_03,1142,Warehouse_015__Person_0199,Camera_12,0.974941074848175,1,0.9722222222222223
1137,Warehouse_015__Person_0199,Camera_04,1142,Warehouse_015__Person_0199,Camera_12,0.9619850516319275,1,1.0000000000000002
1138,Warehouse_015__Person_0199,Camera_07,1135,Warehouse_015__Person_0199,Camera_02,0.9740910530090332,1,1.0000000000000002
1139,Warehouse_015__Person_0199,Camera_08,1141,Warehouse_015__Person_0199,Camera_10,0.9823700189590454,1,0.7583583140858683
1140,Warehouse_015__Person_0199,Camera_09,1135,Warehouse_015__Person_0199,Camera_02,0.9676914215087891,1,0.9797979797979799
1141,Warehouse_015__Person_0199,Camera_10,1139,Warehouse_015__Person_0199,Camera_08,0.9823700189590454,1,0.7105656770130455
1142,Warehouse_015__Person_0199,Camera_12,1136,Warehouse_015__Person_0199,Camera_03,0.974941074848175,1,1.0
1143,Warehouse_015__Person_0200,Camera_01,902,Warehouse_015__Person_0174,Camera_05,0.8856357336044312,0,0.009382714350823378
1144,Warehouse_015__Person_0200,Camera_02,1043,Warehouse_015__Person_0190,Camera_06,0.8922423124313354,0,0.009591229116651698
1145,Warehouse_015__Person_0200,Camera_03,1251,Warehouse_015__Person_0222,Camera_05,0.8735753893852234,0,0.004241811094371632
1146,Warehouse_015__Person_0200,Camera_08,1194,Warehouse_015__Person_0216,Camera_10,0.9520531892776489,0,0.04255945168878002
1147,Warehouse_015__Person_0200,Camera_10,1254,Warehouse_015__Person_0222,Camera_12,0.9575179815292358,0,0.07088799628575447
1148,Warehouse_015__Person_0200,Camera_12,1040,Warehouse_015__Person_0190,Camera_03,0.9665477275848389,0,0.03454129334104171
1149,Warehouse_015__Person_0201,Camera,1153,Warehouse_015__Person_0201,Camera_04,0.9895859956741333,1,0.8095191040843215
1150,Warehouse_015__Person_0201,Camera_01,1154,Warehouse_015__Person_0201,Camera_05,0.9851803779602051,1,0.740581375776105
1151,Warehouse_015__Person_0201,Camera_02,939,Warehouse_015__Person_0177,Camera_08,0.9270626306533813,0,0.09781286189172354
1152,Warehouse_015__Person_0201,Camera_03,1158,Warehouse_015__Person_0201,Camera_10,0.9799217581748962,1,0.8138125440451023
1153,Warehouse_015__Person_0201,Camera_04,1149,Warehouse_015__Person_0201,Camera,0.9895859956741333,1,0.8106839067365383
1154,Warehouse_015__Person_0201,Camera_05,1150,Warehouse_015__Person_0201,Camera_01,0.9851803779602051,1,0.7720287288469108
1155,Warehouse_015__Person_0201,Camera_06,1154,Warehouse_015__Person_0201,Camera_05,0.9766294956207275,1,0.8596831694554656
1156,Warehouse_015__Person_0201,Camera_07,1160,Warehouse_015__Person_0201,Camera_12,0.9689619541168213,1,0.43989885212329616
1157,Warehouse_015__Person_0201,Camera_08,1153,Warehouse_015__Person_0201,Camera_04,0.9662635326385498,1,0.8824104421827383
1158,Warehouse_015__Person_0201,Camera_10,1160,Warehouse_015__Person_0201,Camera_12,0.9901250004768372,1,0.7445862055832732
1159,Warehouse_015__Person_0201,Camera_11,1154,Warehouse_015__Person_0201,Camera_05,0.9792730808258057,1,0.7458126190936429
1160,Warehouse_015__Person_0201,Camera_12,1158,Warehouse_015__Person_0201,Camera_10,0.9901250004768372,1,0.8548163957254866
1161,Warehouse_015__Person_0202,Camera,1170,Warehouse_015__Person_0202,Camera_10,0.9471964836120605,1,0.5645221133924099
1162,Warehouse_015__Person_0202,Camera_01,1172,Warehouse_015__Person_0202,Camera_12,0.9763462543487549,1,0.9100780759221037
1163,Warehouse_015__Person_0202,Camera_02,1172,Warehouse_015__Person_0202,Camera_12,0.9749244451522827,1,0.8594582412113598
1164,Warehouse_015__Person_0202,Camera_03,1165,Warehouse_015__Person_0202,Camera_05,0.972639799118042,1,0.8494022796775091
1165,Warehouse_015__Person_0202,Camera_05,1164,Warehouse_015__Person_0202,Camera_03,0.972639799118042,1,0.9101071692535108
1166,Warehouse_015__Person_0202,Camera_06,1171,Warehouse_015__Person_0202,Camera_11,0.9610648155212402,1,0.8796484639858135
1167,Warehouse_015__Person_0202,Camera_07,1172,Warehouse_015__Person_0202,Camera_12,0.9585033059120178,1,0.7950243769688699
1168,Warehouse_015__Person_0202,Camera_08,1165,Warehouse_015__Person_0202,Camera_05,0.9414008855819702,1,0.710695369577891
1169,Warehouse_015__Person_0202,Camera_09,957,Warehouse_015__Person_0179,Camera_07,0.811893105506897,0,0.018080625139590252
1170,Warehouse_015__Person_0202,Camera_10,1162,Warehouse_015__Person_0202,Camera_01,0.9751179814338684,1,0.8761210762331838
1171,Warehouse_015__Person_0202,Camera_11,1170,Warehouse_015__Person_0202,Camera_10,0.9689323902130127,1,0.8646812957157786
1172,Warehouse_015__Person_0202,Camera_12,1162,Warehouse_015__Person_0202,Camera_01,0.9763462543487549,1,0.8889799436674437
1173,Warehouse_015__Person_0215,Camera,1179,Warehouse_015__Person_0215,Camera_06,0.9520676136016846,1,0.7937831994159592
1174,Warehouse_015__Person_0215,Camera_01,1178,Warehouse_015__Person_0215,Camera_05,0.9820958375930786,1,0.6650493965251482
1175,Warehouse_015__Person_0215,Camera_02,1177,Warehouse_015__Person_0215,Camera_04,0.8408900499343872,1,0.12976232937157212
1176,Warehouse_015__Person_0215,Camera_03,1185,Warehouse_015__Person_0215,Camera_12,0.9839311242103577,1,0.681332044266377
1177,Warehouse_015__Person_0215,Camera_04,1175,Warehouse_015__Person_0215,Camera_02,0.8408900499343872,1,0.11475424355731008
1178,Warehouse_015__Person_0215,Camera_05,1174,Warehouse_015__Person_0215,Camera_01,0.9820958375930786,1,0.6828228258318373
1179,Warehouse_015__Person_0215,Camera_06,1178,Warehouse_015__Person_0215,Camera_05,0.9776778221130371,1,0.7296339707053993
1180,Warehouse_015__Person_0215,Camera_07,1176,Warehouse_015__Person_0215,Camera_03,0.9787596464157104,1,0.6682600983757047
1181,Warehouse_015__Person_0215,Camera_08,1173,Warehouse_015__Person_0215,Camera,0.9363760948181152,1,0.6333518492572183
1182,Warehouse_015__Person_0215,Camera_09,865,Warehouse_015__Person_0171,Camera_02,0.9588019251823425,0,0.19490606523285925
1183,Warehouse_015__Person_0215,Camera_10,1185,Warehouse_015__Person_0215,Camera_12,0.9841703176498413,1,0.6327274738942911
1184,Warehouse_015__Person_0215,Camera_11,1185,Warehouse_015__Person_0215,Camera_12,0.9719938039779663,1,0.6755305572761371
1185,Warehouse_015__Person_0215,Camera_12,1183,Warehouse_015__Person_0215,Camera_10,0.9841703176498413,1,0.6801715404230979
1186,Warehouse_015__Person_0216,Camera,1193,Warehouse_015__Person_0216,Camera_08,0.9812090992927551,1,0.7166322943421445
1187,Warehouse_015__Person_0216,Camera_01,834,Warehouse_015__Person_0168,Camera_06,0.9523103833198547,0,0.36040882152056314
1188,Warehouse_015__Person_0216,Camera_02,1186,Warehouse_015__Person_0216,Camera,0.9799711108207703,1,0.7050512831849879
1189,Warehouse_015__Person_0216,Camera_03,1194,Warehouse_015__Person_0216,Camera_10,0.9603314399719238,1,0.779174714435199
1190,Warehouse_015__Person_0216,Camera_04,1186,Warehouse_015__Person_0216,Camera,0.9750344753265381,1,0.7791196565652484
1191,Warehouse_015__Person_0216,Camera_05,813,Warehouse_015__Person_0166,Camera_07,0.8879402279853821,0,0.012984250874847107
1192,Warehouse_015__Person_0216,Camera_07,1145,Warehouse_015__Person_0200,Camera_03,0.8357360363006592,0,0.014910419150558185
1193,Warehouse_015__Person_0216,Camera_08,1195,Warehouse_015__Person_0216,Camera_12,0.9830230474472046,1,0.6412356322843324
1194,Warehouse_015__Person_0216,Camera_10,1195,Warehouse_015__Person_0216,Camera_12,0.9872214794158936,1,0.679471226674841
1195,Warehouse_015__Person_0216,Camera_12,1194,Warehouse_015__Person_0216,Camera_10,0.9872214794158936,1,0.4738805691232573
1196,Warehouse_015__Person_0217,Camera,1205,Warehouse_015__Person_0217,Camera_09,0.9815163612365723,1,0.7782557032358234
1197,Warehouse_015__Person_0217,Camera_01,1199,Warehouse_015__Person_0217,Camera_03,0.9881484508514404,1,0.6812844773442304
1198,Warehouse_015__Person_0217,Camera_02,1197,Warehouse_015__Person_0217,Camera_01,0.9768744707107544,1,0.3466589782766253
1199,Warehouse_015__Person_0217,Camera_03,1197,Warehouse_015__Person_0217,Camera_01,0.9881484508514404,1,0.7479678001736826
1200,Warehouse_015__Person_0217,Camera_04,1207,Warehouse_015__Person_0217,Camera_11,0.9723191261291504,1,0.847679585515156
1201,Warehouse_015__Person_0217,Camera_05,1208,Warehouse_015__Person_0217,Camera_12,0.9820672273635864,1,0.8454886844421728
1202,Warehouse_015__Person_0217,Camera_06,858,Warehouse_015__Person_0170,Camera_07,0.9378270506858826,0,0.006728474189057893
1203,Warehouse_015__Person_0217,Camera_07,1199,Warehouse_015__Person_0217,Camera_03,0.984757661819458,1,0.6892814664132096
1204,Warehouse_015__Person_0217,Camera_08,1197,Warehouse_015__Person_0217,Camera_01,0.9694209098815918,1,0.38479596338048117
1205,Warehouse_015__Person_0217,Camera_09,1196,Warehouse_015__Person_0217,Camera,0.9815163612365723,1,0.6590819525980699
1206,Warehouse_015__Person_0217,Camera_10,1197,Warehouse_015__Person_0217,Camera_01,0.9849802255630493,1,0.7875094375955398
1207,Warehouse_015__Person_0217,Camera_11,1200,Warehouse_015__Person_0217,Camera_04,0.9723191261291504,1,0.7626904413878304
1208,Warehouse_015__Person_0217,Camera_12,1197,Warehouse_015__Person_0217,Camera_01,0.9867998361587524,1,0.8565727809908935
1209,Warehouse_015__Person_0218,Camera,1213,Warehouse_015__Person_0218,Camera_04,0.9521654844284058,1,1.0000000000000002
1210,Warehouse_015__Person_0218,Camera_01,1212,Warehouse_015__Person_0218,Camera_03,0.9732135534286499,1,1.0000000000000002
1211,Warehouse_015__Person_0218,Camera_02,1213,Warehouse_015__Person_0218,Camera_04,0.9813083410263062,1,0.5325095703612327
1212,Warehouse_015__Person_0218,Camera_03,1210,Warehouse_015__Person_0218,Camera_01,0.9732135534286499,1,0.9083333333333334
1213,Warehouse_015__Person_0218,Camera_04,1211,Warehouse_015__Person_0218,Camera_02,0.9813083410263062,1,0.8661764705882353
1214,Warehouse_015__Person_0218,Camera_05,1210,Warehouse_015__Person_0218,Camera_01,0.9599055647850037,1,0.5783024691358025
1215,Warehouse_015__Person_0218,Camera_08,1218,Warehouse_015__Person_0218,Camera_12,0.9813148975372314,1,0.7473622473622474
1216,Warehouse_015__Person_0218,Camera_10,1218,Warehouse_015__Person_0218,Camera_12,0.9751021862030029,1,0.807583774250441
1217,Warehouse_015__Person_0218,Camera_11,1210,Warehouse_015__Person_0218,Camera_01,0.9382436275482178,1,0.8217410474656852
1218,Warehouse_015__Person_0218,Camera_12,1215,Warehouse_015__Person_0218,Camera_08,0.9813148975372314,1,0.4914759591238896
1219,Warehouse_015__Person_0219,Camera_01,1225,Warehouse_015__Person_0219,Camera_11,0.9768619537353516,1,0.9276437847866419
1220,Warehouse_015__Person_0219,Camera_02,764,Warehouse_015__Person_0013,Camera_12,0.9651839733123779,0,0.24233399406074604
1221,Warehouse_015__Person_0219,Camera_05,1225,Warehouse_015__Person_0219,Camera_11,0.9623774290084839,1,0.8160173160173161
1222,Warehouse_015__Person_0219,Camera_06,1220,Warehouse_015__Person_0219,Camera_02,0.9525706171989441,1,0.8874458874458873
1223,Warehouse_015__Person_0219,Camera_08,1220,Warehouse_015__Person_0219,Camera_02,0.9591959714889526,1,0.7829931972789115
1224,Warehouse_015__Person_0219,Camera_10,1225,Warehouse_015__Person_0219,Camera_11,0.9687739014625549,1,0.9081632653061225
1225,Warehouse_015__Person_0219,Camera_11,1219,Warehouse_015__Person_0219,Camera_01,0.9768619537353516,1,0.9285714285714284
1226,Warehouse_015__Person_0219,Camera_12,1223,Warehouse_015__Person_0219,Camera_08,0.9575414061546326,1,0.6349515563801278
1227,Warehouse_015__Person_0220,Camera_01,1230,Warehouse_015__Person_0220,Camera_05,0.9675689935684204,1,0.6628509181450359
1228,Warehouse_015__Person_0220,Camera_02,695,Warehouse_015__Person_0006,Camera_03,0.9439071416854858,0,0.4222567637041321
1229,Warehouse_015__Person_0220,Camera_03,692,Warehouse_015__Person_0006,Camera,0.947088897228241,0,0.37825865760648375
1230,Warehouse_015__Person_0220,Camera_05,1227,Warehouse_015__Person_0220,Camera_01,0.9675689935684204,1,0.5875013875013875
1231,Warehouse_015__Person_0220,Camera_06,698,Warehouse_015__Person_0006,Camera_07,0.953763484954834,0,0.39211775878442545
1232,Warehouse_015__Person_0220,Camera_07,693,Warehouse_015__Person_0006,Camera_01,0.9655129313468933,0,0.14984111713893486
1233,Warehouse_015__Person_0220,Camera_08,1236,Warehouse_015__Person_0220,Camera_12,0.9526349306106567,1,0.5768712768712769
1234,Warehouse_015__Person_0220,Camera_10,693,Warehouse_015__Person_0006,Camera_01,0.965871274471283,0,0.38134088764949803
1235,Warehouse_015__Person_0220,Camera_11,953,Warehouse_015__Person_0179,Camera_01,0.9535871148109436,0,0.25634728825303305
1236,Warehouse_015__Person_0220,Camera_12,693,Warehouse_015__Person_0006,Camera_01,0.9603376388549805,0,0.28829944306134775
1237,Warehouse_015__Person_0221,Camera,1239,Warehouse_015__Person_0221,Camera_02,0.9797972440719604,1,0.69337842086465
1238,Warehouse_015__Person_0221,Camera_01,1244,Warehouse_015__Person_0221,Camera_08,0.9774436354637146,1,0.5718120350776505
1239,Warehouse_015__Person_0221,Camera_02,1241,Warehouse_015__Person_0221,Camera_04,0.9804062247276306,1,0.668017829905223
1240,Warehouse_015__Person_0221,Camera_03,1247,Warehouse_015__Person_0221,Camera_12,0.9631306529045105,1,0.5780664758267631
1241,Warehouse_015__Person_0221,Camera_04,1239,Warehouse_015__Person_0221,Camera_02,0.9804062247276306,1,0.7108458618408683
1242,Warehouse_015__Person_0221,Camera_05,1238,Warehouse_015__Person_0221,Camera_01,0.9485489130020142,1,0.6615161470397155
1243,Warehouse_015__Person_0221,Camera_07,910,Warehouse_015__Person_0175,Camera,0.850849986076355,0,0.027117032438166832
1244,Warehouse_015__Person_0221,Camera_08,1238,Warehouse_015__Person_0221,Camera_01,0.9774436354637146,1,0.33101984768139814
1245,Warehouse_015__Person_0221,Camera_10,1239,Warehouse_015__Person_0221,Camera_02,0.9753962159156799,1,0.5207122104831844
1246,Warehouse_015__Person_0221,Camera_11,699,Warehouse_015__Person_0006,Camera_09,0.8004365563392639,0,0.07329175529861066
1247,Warehouse_015__Person_0221,Camera_12,1238,Warehouse_015__Person_0221,Camera_01,0.9761870503425598,1,0.7253447544513665
1248,Warehouse_015__Person_0222,Camera_01,356,Hospital_000__Person_0024,Camera_19,0.8916835188865662,0,0.008167147406023919
1249,Warehouse_015__Person_0222,Camera_02,832,Warehouse_015__Person_0168,Camera_04,0.9677108526229858,0,0.08040635726648573
1250,Warehouse_015__Person_0222,Camera_03,1251,Warehouse_015__Person_0222,Camera_05,0.936673641204834,1,0.17206967518022712
1251,Warehouse_015__Person_0222,Camera_05,1250,Warehouse_015__Person_0222,Camera_03,0.936673641204834,1,0.17249640368954813
1252,Warehouse_015__Person_0222,Camera_08,831,Warehouse_015__Person_0168,Camera_03,0.9792201519012451,0,0.09128411287985477
1253,Warehouse_015__Person_0222,Camera_10,837,Warehouse_015__Person_0168,Camera_09,0.9384627342224121,0,0.10409324308077215
1254,Warehouse_015__Person_0222,Camera_12,831,Warehouse_015__Person_0168,Camera_03,0.982083797454834,0,0.0955558448050813
1255,Warehouse_015__Person_0230,Camera_01,1168,Warehouse_015__Person_0202,Camera_08,0.907766580581665,0,0.4278160919540229
1256,Warehouse_015__Person_0230,Camera_02,1257,Warehouse_015__Person_0230,Camera_03,0.949321985244751,1,0.34744206237894876
1257,Warehouse_015__Person_0230,Camera_03,1256,Warehouse_015__Person_0230,Camera_02,0.949321985244751,1,0.6765567765567766
1258,Warehouse_015__Person_0230,Camera_08,775,Warehouse_015__Person_0015,Camera_01,0.9519743323326111,0,0.009974544178549184
1259,Warehouse_015__Person_0230,Camera_10,1033,Warehouse_015__Person_0189,Camera_08,0.9307094216346741,0,0.1258117760820668
1260,Warehouse_015__Person_0230,Camera_12,1257,Warehouse_015__Person_0230,Camera_03,0.9162207841873169,1,0.5724499654934438
1261,Warehouse_015__Person_0231,Camera,1265,Warehouse_015__Person_0231,Camera_04,0.9812474250793457,1,0.7038482881432501
1262,Warehouse_015__Person_0231,Camera_01,1264,Warehouse_015__Person_0231,Camera_03,0.9692529439926147,1,0.5641759197740058
1263,Warehouse_015__Person_0231,Camera_02,1272,Warehouse_015__Person_0231,Camera_12,0.9787075519561768,1,0.6041271351705705
1264,Warehouse_015__Person_0231,Camera_03,1261,Warehouse_015__Person_0231,Camera,0.9735548496246338,1,0.6351794963886755
1265,Warehouse_015__Person_0231,Camera_04,1261,Warehouse_015__Person_0231,Camera,0.9812474250793457,1,0.5620717266172817
1266,Warehouse_015__Person_0231,Camera_05,1264,Warehouse_015__Person_0231,Camera_03,0.9463454484939575,1,0.7088412683164356
1267,Warehouse_015__Person_0231,Camera_06,1263,Warehouse_015__Person_0231,Camera_02,0.9609938859939575,1,0.6384130805149999
1268,Warehouse_015__Person_0231,Camera_07,954,Warehouse_015__Person_0179,Camera_02,0.9358742237091064,0,0.015438594179450425
1269,Warehouse_015__Person_0231,Camera_08,960,Warehouse_015__Person_0179,Camera_12,0.974155843257904,0,0.1407587055435037
1270,Warehouse_015__Person_0231,Camera_10,1265,Warehouse_015__Person_0231,Camera_04,0.9643775224685669,1,0.5414623424246362
1271,Warehouse_015__Person_0231,Camera_11,1261,Warehouse_015__Person_0231,Camera,0.9742789268493652,1,0.5224303960232105
1272,Warehouse_015__Person_0231,Camera_12,1263,Warehouse_015__Person_0231,Camera_02,0.9787075519561768,1,0.6046117099420502
1273,Warehouse_015__Person_0232,Camera,1283,Warehouse_015__Person_0232,Camera_12,0.9334643483161926,1,0.7965033467202142
1274,Warehouse_015__Person_0232,Camera_01,701,Warehouse_015__Person_0006,Camera_11,0.948493242263794,0,0.38233301776684986
1275,Warehouse_015__Person_0232,Camera_02,1282,Warehouse_015__Person_0232,Camera_11,0.9829763174057007,1,0.9207467532467531
1276,Warehouse_015__Person_0232,Camera_03,1277,Warehouse_015__Person_0232,Camera_04,0.9370344877243042,1,0.798891223155929
1277,Warehouse_015__Person_0232,Camera_04,1280,Warehouse_015__Person_0232,Camera_08,0.9371180534362793,1,0.8364439731353837
1278,Warehouse_015__Person_0232,Camera_05,1275,Warehouse_015__Person_0232,Camera_02,0.9722791314125061,1,0.9264285714285715
1279,Warehouse_015__Person_0232,Camera_06,1282,Warehouse_015__Person_0232,Camera_11,0.9753113985061646,1,0.9267857142857143
1280,Warehouse_015__Person_0232,Camera_08,1275,Warehouse_015__Person_0232,Camera_02,0.9746743440628052,1,0.9332070707070707
1281,Warehouse_015__Person_0232,Camera_10,1275,Warehouse_015__Person_0232,Camera_02,0.9671023488044739,1,0.9909090909090909
1282,Warehouse_015__Person_0232,Camera_11,1275,Warehouse_015__Person_0232,Camera_02,0.9829763174057007,1,0.8988235294117647
1283,Warehouse_015__Person_0232,Camera_12,1280,Warehouse_015__Person_0232,Camera_08,0.9666682481765747,1,0.8652255639097743
1284,Warehouse_015__Person_0233,Camera_01,1287,Warehouse_015__Person_0233,Camera_05,0.9770877361297607,1,0.2181640061822777
1285,Warehouse_015__Person_0233,Camera_02,715,Warehouse_015__Person_0009,Camera,0.9832366108894348,0,0.09242851801217761
1286,Warehouse_015__Person_0233,Camera_03,720,Warehouse_015__Person_0009,Camera_05,0.8516284823417664,0,0.00888349521848645
1287,Warehouse_015__Person_0233,Camera_05,1284,Warehouse_015__Person_0233,Camera_01,0.9770877361297607,1,0.17999917699049628
1288,Warehouse_015__Person_0233,Camera_06,718,Warehouse_015__Person_0009,Camera_03,0.970417857170105,0,0.08354687064602984
1289,Warehouse_015__Person_0233,Camera_08,725,Warehouse_015__Person_0009,Camera_12,0.9863749742507935,0,0.0831775741927764
1290,Warehouse_015__Person_0233,Camera_10,932,Warehouse_015__Person_0177,Camera,0.971580445766449,0,0.12807847045970489
1291,Warehouse_015__Person_0233,Camera_11,936,Warehouse_015__Person_0177,Camera_05,0.9500652551651001,0,0.11552567826206547
1292,Warehouse_015__Person_0233,Camera_12,1289,Warehouse_015__Person_0233,Camera_08,0.9856747388839722,1,0.18770896143349658
1293,Warehouse_015__Person_0234,Camera,1302,Warehouse_015__Person_0234,Camera_10,0.9714149236679077,1,0.9098171255034001
1294,Warehouse_015__Person_0234,Camera_01,1296,Warehouse_015__Person_0234,Camera_03,0.9778045415878296,1,0.8335750349699784
1295,Warehouse_015__Person_0234,Camera_02,1302,Warehouse_015__Person_0234,Camera_10,0.9770352840423584,1,0.8838394264694843
1296,Warehouse_015__Person_0234,Camera_03,1294,Warehouse_015__Person_0234,Camera_01,0.9778045415878296,1,0.83459708921737
1297,Warehouse_015__Person_0234,Camera_04,1295,Warehouse_015__Person_0234,Camera_02,0.9717828035354614,1,0.841643305299693
1298,Warehouse_015__Person_0234,Camera_05,1295,Warehouse_015__Person_0234,Camera_02,0.9619494676589966,1,0.909831101540946
1299,Warehouse_015__Person_0234,Camera_06,1298,Warehouse_015__Person_0234,Camera_05,0.9237467050552368,1,0.8838266063248321
1300,Warehouse_015__Person_0234,Camera_07,1286,Warehouse_015__Person_0233,Camera_03,0.8281714916229248,0,0.008240925804496826
1301,Warehouse_015__Person_0234,Camera_08,1295,Warehouse_015__Person_0234,Camera_02,0.9702520370483398,1,0.8190719037282049
1302,Warehouse_015__Person_0234,Camera_10,1295,Warehouse_015__Person_0234,Camera_02,0.9770352840423584,1,0.8448895198711779
1303,Warehouse_015__Person_0234,Camera_11,1296,Warehouse_015__Person_0234,Camera_03,0.9674884080886841,1,0.8269296309129268
1304,Warehouse_015__Person_0234,Camera_12,1302,Warehouse_015__Person_0234,Camera_10,0.9753899574279785,1,0.774595957006798
1305,Warehouse_015__Person_0235,Camera,1308,Warehouse_015__Person_0235,Camera_03,0.9808899164199829,1,0.77
1306,Warehouse_015__Person_0235,Camera_01,1314,Warehouse_015__Person_0235,Camera_10,0.9814818501472473,1,0.5632088989441931
1307,Warehouse_015__Person_0235,Camera_02,1306,Warehouse_015__Person_0235,Camera_01,0.9768732786178589,1,0.6521967145757468
1308,Warehouse_015__Person_0235,Camera_03,1315,Warehouse_015__Person_0235,Camera_12,0.9851451516151428,1,0.72625
1309,Warehouse_015__Person_0235,Camera_04,1093,Warehouse_015__Person_0195,Camera_02,0.9719353914260864,0,0.6085679864782249
1310,Warehouse_015__Person_0235,Camera_05,1211,Warehouse_015__Person_0218,Camera_02,0.9502150416374207,0,0.044025555272783276
1311,Warehouse_015__Person_0235,Camera_07,1308,Warehouse_015__Person_0235,Camera_03,0.9786317348480225,1,0.7497725885225884
1312,Warehouse_015__Person_0235,Camera_08,1307,Warehouse_015__Person_0235,Camera_02,0.9744080305099487,1,0.6237989283443828
1313,Warehouse_015__Person_0235,Camera_09,1116,Warehouse_015__Person_0197,Camera_05,0.9694032669067383,0,0.521414599717685
1314,Warehouse_015__Person_0235,Camera_10,1306,Warehouse_015__Person_0235,Camera_01,0.9814818501472473,1,0.34669679331457265
1315,Warehouse_015__Person_0235,Camera_12,1308,Warehouse_015__Person_0235,Camera_03,0.9851451516151428,1,0.7320202020202019
1316,Warehouse_015__Person_0236,Camera,1319,Warehouse_015__Person_0236,Camera_03,0.988584041595459,1,0.9015290519877676
1317,Warehouse_015__Person_0236,Camera_01,1326,Warehouse_015__Person_0236,Camera_12,0.9889990091323853,1,0.9010615711252654
1318,Warehouse_015__Person_0236,Camera_02,662,Warehouse_015__Person_0003,Camera_04,0.8198893666267395,0,0.15826543259372
1319,Warehouse_015__Person_0236,Camera_03,1316,Warehouse_015__Person_0236,Camera,0.988584041595459,1,0.9015128593040848
1320,Warehouse_015__Person_0236,Camera_04,1316,Warehouse_015__Person_0236,Camera,0.9772875308990479,1,0.9011976047904192
1321,Warehouse_015__Person_0236,Camera_05,1317,Warehouse_015__Person_0236,Camera_01,0.9692696928977966,1,0.9013106159895151
1322,Warehouse_015__Person_0236,Camera_07,1316,Warehouse_015__Person_0236,Camera,0.9671828150749207,1,0.9025062656641604
1323,Warehouse_015__Person_0236,Camera_08,1326,Warehouse_015__Person_0236,Camera_12,0.9847006797790527,1,0.8627956989247312
1324,Warehouse_015__Person_0236,Camera_09,1319,Warehouse_015__Person_0236,Camera_03,0.9491661787033081,1,0.91
1325,Warehouse_015__Person_0236,Camera_10,1326,Warehouse_015__Person_0236,Camera_12,0.9813965559005737,1,0.7233526418077759
1326,Warehouse_015__Person_0236,Camera_12,1317,Warehouse_015__Person_0236,Camera_01,0.9889990091323853,1,0.8702439404567064
1327,Warehouse_015__Person_0237,Camera_01,1333,Warehouse_015__Person_0237,Camera_10,0.9368268251419067,1,1.0
1328,Warehouse_015__Person_0237,Camera_02,1333,Warehouse_015__Person_0237,Camera_10,0.9778395891189575,1,0.8897058823529411
1329,Warehouse_015__Person_0237,Camera_03,1330,Warehouse_015__Person_0237,Camera_05,0.9367311596870422,1,1.0
1330,Warehouse_015__Person_0237,Camera_05,1328,Warehouse_015__Person_0237,Camera_02,0.975364089012146,1,0.975
1331,Warehouse_015__Person_0237,Camera_06,1327,Warehouse_015__Person_0237,Camera_01,0.9157166481018066,1,0.9861111111111112
1332,Warehouse_015__Person_0237,Camera_08,1335,Warehouse_015__Person_0237,Camera_12,0.9887678623199463,1,0.5215502070123477
1333,Warehouse_015__Person_0237,Camera_10,1328,Warehouse_015__Person_0237,Camera_02,0.9778395891189575,1,1.0
1334,Warehouse_015__Person_0237,Camera_11,1331,Warehouse_015__Person_0237,Camera_06,0.9080381989479065,1,0.6335822235278756
1335,Warehouse_015__Person_0237,Camera_12,1332,Warehouse_015__Person_0237,Camera_08,0.9887678623199463,1,0.5347733851605159
1336,Warehouse_015__Person_0238,Camera,1338,Warehouse_015__Person_0238,Camera_02,0.9807168245315552,1,0.4823038154655801
1337,Warehouse_015__Person_0238,Camera_01,1341,Warehouse_015__Person_0238,Camera_05,0.9756834506988525,1,0.4761866172687783
1338,Warehouse_015__Person_0238,Camera_02,1336,Warehouse_015__Person_0238,Camera,0.9807168245315552,1,0.4437049300547784
1339,Warehouse_015__Person_0238,Camera_03,845,Warehouse_015__Person_0169,Camera_04,0.9631954431533813,0,0.3265924405831527
1340,Warehouse_015__Person_0238,Camera_04,1336,Warehouse_015__Person_0238,Camera,0.9733141660690308,1,0.5137680250783699
1341,Warehouse_015__Person_0238,Camera_05,1337,Warehouse_015__Person_0238,Camera_01,0.9756834506988525,1,0.4234147889925201
1342,Warehouse_015__Person_0238,Camera_06,1338,Warehouse_015__Person_0238,Camera_02,0.9546369314193726,1,0.5116926619132501
1343,Warehouse_015__Person_0238,Camera_08,852,Warehouse_015__Person_0169,Camera_12,0.9750423431396484,0,0.35727158806106174
1344,Warehouse_015__Person_0238,Camera_10,1346,Warehouse_015__Person_0238,Camera_12,0.9850080013275146,1,0.29841273594459233
1345,Warehouse_015__Person_0238,Camera_11,1340,Warehouse_015__Person_0238,Camera_04,0.9492782950401306,1,0.6471777269260106
1346,Warehouse_015__Person_0238,Camera_12,1344,Warehouse_015__Person_0238,Camera_10,0.9850080013275146,1,0.3097717725994271
1347,Warehouse_015__Person_0239,Camera_01,1350,Warehouse_015__Person_0239,Camera_05,0.9866182208061218,1,0.24909382967241533
1348,Warehouse_015__Person_0239,Camera_02,1076,Warehouse_015__Person_0193,Camera_06,0.9820173978805542,0,0.21118298962091037
1349,Warehouse_015__Person_0239,Camera_03,1077,Warehouse_015__Person_0193,Camera_07,0.9643661975860596,0,0.20663891593039554
1350,Warehouse_015__Person_0239,Camera_05,1347,Warehouse_015__Person_0239,Camera_01,0.9866182208061218,1,0.25848343227653575
1351,Warehouse_015__Person_0239,Camera_06,1071,Warehouse_015__Person_0193,Camera,0.889906644821167,0,0.017548873422683662
1352,Warehouse_015__Person_0239,Camera_07,1355,Warehouse_015__Person_0239,Camera_11,0.9385710954666138,1,0.29038081646690517
1353,Warehouse_015__Person_0239,Camera_08,1356,Warehouse_015__Person_0239,Camera_12,0.9823439717292786,1,0.3230790578702787
1354,Warehouse_015__Person_0239,Camera_10,1348,Warehouse_015__Person_0239,Camera_02,0.9741668701171875,1,0.35703459758504974
1355,Warehouse_015__Person_0239,Camera_11,1352,Warehouse_015__Person_0239,Camera_07,0.9385710954666138,1,0.4000600339502749
1356,Warehouse_015__Person_0239,Camera_12,1353,Warehouse_015__Person_0239,Camera_08,0.9823439717292786,1,0.2662384561359954
1357,Warehouse_015__Person_0240,Camera_01,1361,Warehouse_015__Person_0240,Camera_06,0.9503918886184692,1,0.6254165262287045
1358,Warehouse_015__Person_0240,Camera_02,1365,Warehouse_015__Person_0240,Camera_12,0.9593480825424194,1,0.5414100776111361
1359,Warehouse_015__Person_0240,Camera_03,1363,Warehouse_015__Person_0240,Camera_10,0.9362779855728149,1,0.7548347485847485
1360,Warehouse_015__Person_0240,Camera_05,1363,Warehouse_015__Person_0240,Camera_10,0.9156238436698914,1,0.7053349519632415
1361,Warehouse_015__Person_0240,Camera_06,1357,Warehouse_015__Person_0240,Camera_01,0.9503918886184692,1,0.6629385964912281
1362,Warehouse_015__Person_0240,Camera_08,1365,Warehouse_015__Person_0240,Camera_12,0.9698545932769775,1,0.24815188757315645
1363,Warehouse_015__Person_0240,Camera_10,1361,Warehouse_015__Person_0240,Camera_06,0.9391939640045166,1,0.8305555555555555
1364,Warehouse_015__Person_0240,Camera_11,1359,Warehouse_015__Person_0240,Camera_03,0.9298096299171448,1,0.3770992231051508
1365,Warehouse_015__Person_0240,Camera_12,1362,Warehouse_015__Person_0240,Camera_08,0.9698545932769775,1,0.5161192100416127
1366,Warehouse_015__Person_0241,Camera_01,1371,Warehouse_015__Person_0241,Camera_10,0.9693612456321716,1,0.9999999999999998
1367,Warehouse_015__Person_0241,Camera_02,1373,Warehouse_015__Person_0241,Camera_12,0.97076016664505,1,0.9159663865546217
1368,Warehouse_015__Person_0241,Camera_05,1371,Warehouse_015__Person_0241,Camera_10,0.9167050123214722,1,0.5945475159760873
1369,Warehouse_015__Person_0241,Camera_06,1367,Warehouse_015__Person_0241,Camera_02,0.968147337436676,1,0.907142857142857
1370,Warehouse_015__Person_0241,Camera_08,1373,Warehouse_015__Person_0241,Camera_12,0.9846558570861816,1,0.5622036693465264
1371,Warehouse_015__Person_0241,Camera_10,1366,Warehouse_015__Person_0241,Camera_01,0.9693612456321716,1,0.9999999999999998
1372,Warehouse_015__Person_0241,Camera_11,1371,Warehouse_015__Person_0241,Camera_10,0.9621275663375854,1,0.9999999999999998
1373,Warehouse_015__Person_0241,Camera_12,1370,Warehouse_015__Person_0241,Camera_08,0.9846558570861816,1,0.5826222957370498
1374,Warehouse_015__Person_0242,Camera_01,1378,Warehouse_015__Person_0242,Camera_06,0.9720404148101807,1,0.8120490620490619
1375,Warehouse_015__Person_0242,Camera_02,1378,Warehouse_015__Person_0242,Camera_06,0.9409173727035522,1,0.7113876863876862
1376,Warehouse_015__Person_0242,Camera_03,945,Warehouse_015__Person_0178,Camera_01,0.915777325630188,0,0.028099186306811498
1377,Warehouse_015__Person_0242,Camera_05,1380,Warehouse_015__Person_0242,Camera_11,0.9052506685256958,1,0.6706238206238206
1378,Warehouse_015__Person_0242,Camera_06,1374,Warehouse_015__Person_0242,Camera_01,0.9720404148101807,1,0.7773654916512058
1379,Warehouse_015__Person_0242,Camera_10,1374,Warehouse_015__Person_0242,Camera_01,0.9261058568954468,1,0.48664465786314526
1380,Warehouse_015__Person_0242,Camera_11,1374,Warehouse_015__Person_0242,Camera_01,0.9522050023078918,1,0.7663265306122449
1381,Warehouse_015__Person_0242,Camera_12,1378,Warehouse_015__Person_0242,Camera_06,0.9187678098678589,1,0.31189805455725267
1382,Warehouse_015__Transporter_0007,Camera,1391,Warehouse_015__Transporter_0007,Camera_11,0.9717943072319031,1,0.9011013215859031
1383,Warehouse_015__Transporter_0007,Camera_01,1386,Warehouse_015__Transporter_0007,Camera_05,0.9723435640335083,1,0.9014641288433383
1384,Warehouse_015__Transporter_0007,Camera_02,12,Hospital_000__Person_0000,Camera_27,0.829399585723877,0,0.03336210128998818
1385,Warehouse_015__Transporter_0007,Camera_03,1387,Warehouse_015__Transporter_0007,Camera_06,0.9750572443008423,1,0.901
1386,Warehouse_015__Transporter_0007,Camera_05,1385,Warehouse_015__Transporter_0007,Camera_03,0.9729923009872437,1,0.9010214504596528
1387,Warehouse_015__Transporter_0007,Camera_06,1385,Warehouse_015__Transporter_0007,Camera_03,0.9750572443008423,1,0.9009708737864078
1388,Warehouse_015__Transporter_0007,Camera_07,1391,Warehouse_015__Transporter_0007,Camera_11,0.9625798463821411,1,0.9008326394671108
1389,Warehouse_015__Transporter_0007,Camera_09,1391,Warehouse_015__Transporter_0007,Camera_11,0.985424280166626,1,0.9008764241893077
1390,Warehouse_015__Transporter_0007,Camera_10,1391,Warehouse_015__Transporter_0007,Camera_11,0.9506551027297974,1,0.901
1391,Warehouse_015__Transporter_0007,Camera_11,1389,Warehouse_015__Transporter_0007,Camera_09,0.985424280166626,1,0.9010288065843621
1392,Warehouse_015__Transporter_0007,Camera_12,1383,Warehouse_015__Transporter_0007,Camera_01,0.9554146528244019,1,0.8923640661938533
1393,Warehouse_016__FourierGR1T2_0352,Camera,1417,Warehouse_016__FourierGR1T2_0354,Camera_01,0.9447349309921265,0,0.30734135085775754
1394,Warehouse_016__FourierGR1T2_0352,Camera_01,1439,Warehouse_016__FourierGR1T2_0627,Camera,0.9644726514816284,0,0.29533772517060697
1395,Warehouse_016__FourierGR1T2_0352,Camera_02,1417,Warehouse_016__FourierGR1T2_0354,Camera_01,0.9170001745223999,0,0.3632869036604334
1396,Warehouse_016__FourierGR1T2_0352,Camera_03,1443,Warehouse_016__FourierGR1T2_0627,Camera_04,0.972142219543457,0,0.22816318591105653
1397,Warehouse_016__FourierGR1T2_0352,Camera_04,1400,Warehouse_016__FourierGR1T2_0352,Camera_07,0.9736839532852173,1,0.26887153321005147
1398,Warehouse_016__FourierGR1T2_0352,Camera_05,1448,Warehouse_016__FourierGR1T2_0627,Camera_10,0.9638803005218506,0,0.25681029797831184
1399,Warehouse_016__FourierGR1T2_0352,Camera_06,1435,Warehouse_016__FourierGR1T2_0626,Camera_08,0.8980803489685059,0,0.24071001785745344
1400,Warehouse_016__FourierGR1T2_0352,Camera_07,1443,Warehouse_016__FourierGR1T2_0627,Camera_04,0.9748093485832214,0,0.15227144972917248
1401,Warehouse_016__FourierGR1T2_0352,Camera_08,1418,Warehouse_016__FourierGR1T2_0354,Camera_02,0.9114600419998169,0,0.23675137192409423
1402,Warehouse_016__FourierGR1T2_0352,Camera_09,990,Warehouse_015__Person_0185,Camera_02,0.8985492587089539,0,0.01947542351925497
1403,Warehouse_016__FourierGR1T2_0352,Camera_10,1421,Warehouse_016__FourierGR1T2_0354,Camera_05,0.9754006266593933,0,0.1488572332593683
1404,Warehouse_016__FourierGR1T2_0352,Camera_11,1408,Warehouse_016__FourierGR1T2_0353,Camera_03,0.9186525344848633,0,0.20478867336762158
1405,Warehouse_016__FourierGR1T2_0353,Camera,1440,Warehouse_016__FourierGR1T2_0627,Camera_01,0.8647356629371643,0,0.11950613228790335
1406,Warehouse_016__FourierGR1T2_0353,Camera_01,1427,Warehouse_016__FourierGR1T2_0626,Camera,0.8902055025100708,0,0.2016099156245769
1407,Warehouse_016__FourierGR1T2_0353,Camera_02,1444,Warehouse_016__FourierGR1T2_0627,Camera_05,0.9156374931335449,0,0.10941078337080155
1408,Warehouse_016__FourierGR1T2_0353,Camera_03,1421,Warehouse_016__FourierGR1T2_0354,Camera_05,0.9794495105743408,0,0.16341635672432156
1409,Warehouse_016__FourierGR1T2_0353,Camera_04,1435,Warehouse_016__FourierGR1T2_0626,Camera_08,0.8539832830429077,0,0.23456481319810835
1410,Warehouse_016__FourierGR1T2_0353,Camera_05,1426,Warehouse_016__FourierGR1T2_0354,Camera_11,0.9783257246017456,0,0.18685486453577188
1411,Warehouse_016__FourierGR1T2_0353,Camera_07,1430,Warehouse_016__FourierGR1T2_0626,Camera_03,0.9103394746780396,0,0.11489867712120942
1412,Warehouse_016__FourierGR1T2_0353,Camera_08,1410,Warehouse_016__FourierGR1T2_0353,Camera_05,0.9399303197860718,1,0.24216335141418419
1413,Warehouse_016__FourierGR1T2_0353,Camera_09,1435,Warehouse_016__FourierGR1T2_0626,Camera_08,0.9148039817810059,0,0.03642243887856548
1414,Warehouse_016__FourierGR1T2_0353,Camera_10,1426,Warehouse_016__FourierGR1T2_0354,Camera_11,0.9873207211494446,0,0.11179490773396251
1415,Warehouse_016__FourierGR1T2_0353,Camera_11,1403,Warehouse_016__FourierGR1T2_0352,Camera_10,0.959265947341919,0,0.12003453477718577
1416,Warehouse_016__FourierGR1T2_0354,Camera,1443,Warehouse_016__FourierGR1T2_0627,Camera_04,0.9418261051177979,0,0.179995364092495
1417,Warehouse_016__FourierGR1T2_0354,Camera_01,1393,Warehouse_016__FourierGR1T2_0352,Camera,0.9447349309921265,0,0.2012032680453733
1418,Warehouse_016__FourierGR1T2_0354,Camera_02,1417,Warehouse_016__FourierGR1T2_0354,Camera_01,0.9303923845291138,1,0.2682560722534486
1419,Warehouse_016__FourierGR1T2_0354,Camera_03,1421,Warehouse_016__FourierGR1T2_0354,Camera_05,0.96633380651474,1,0.270362400376012
1420,Warehouse_016__FourierGR1T2_0354,Camera_04,1427,Warehouse_016__FourierGR1T2_0626,Camera,0.9025039672851562,0,0.1696115206410113
1421,Warehouse_016__FourierGR1T2_0354,Camera_05,1408,Warehouse_016__FourierGR1T2_0353,Camera_03,0.9794495105743408,0,0.1648621086310414
1422,Warehouse_016__FourierGR1T2_0354,Camera_07,1414,Warehouse_016__FourierGR1T2_0353,Camera_10,0.9835813045501709,0,0.14347950015707928
1423,Warehouse_016__FourierGR1T2_0354,Camera_08,1424,Warehouse_016__FourierGR1T2_0354,Camera_09,0.8290793299674988,1,0.17912386019462914
1424,Warehouse_016__FourierGR1T2_0354,Camera_09,1412,Warehouse_016__FourierGR1T2_0353,Camera_08,0.8983870148658752,0,0.06546648881863192
1425,Warehouse_016__FourierGR1T2_0354,Camera_10,1421,Warehouse_016__FourierGR1T2_0354,Camera_05,0.9637041091918945,1,0.267696103400715
1426,Warehouse_016__FourierGR1T2_0354,Camera_11,1414,Warehouse_016__FourierGR1T2_0353,Camera_10,0.9873207211494446,0,0.15019278089267712
1427,Warehouse_016__FourierGR1T2_0626,Camera,1431,Warehouse_016__FourierGR1T2_0626,Camera_04,0.9342664480209351,1,0.20076773025955652
1428,Warehouse_016__FourierGR1T2_0626,Camera_01,1441,Warehouse_016__FourierGR1T2_0627,Camera_02,0.922946035861969,0,0.13459516927186446
1429,Warehouse_016__FourierGR1T2_0626,Camera_02,1417,Warehouse_016__FourierGR1T2_0354,Camera_01,0.939881443977356,0,0.12405511805488047
1430,Warehouse_016__FourierGR1T2_0626,Camera_03,1443,Warehouse_016__FourierGR1T2_0627,Camera_04,0.9470522403717041,0,0.11346708914648239
1431,Warehouse_016__FourierGR1T2_0626,Camera_04,1446,Warehouse_016__FourierGR1T2_0627,Camera_07,0.9458990097045898,0,0.14648797314279766
1432,Warehouse_016__FourierGR1T2_0626,Camera_05,1437,Warehouse_016__FourierGR1T2_0626,Camera_10,0.9164301156997681,1,0.2785785939165283
1433,Warehouse_016__FourierGR1T2_0626,Camera_06,1444,Warehouse_016__FourierGR1T2_0627,Camera_05,0.7275466918945312,0,0.02127271110842357
1434,Warehouse_016__FourierGR1T2_0626,Camera_07,1414,Warehouse_016__FourierGR1T2_0353,Camera_10,0.9512149691581726,0,0.147209261380762
1435,Warehouse_016__FourierGR1T2_0626,Camera_08,1413,Warehouse_016__FourierGR1T2_0353,Camera_09,0.9148039817810059,0,0.15117285923935284
1436,Warehouse_016__FourierGR1T2_0626,Camera_09,326,Hospital_000__Person_0022,Camera_08,0.8887796401977539,0,0.11316880830936031
1437,Warehouse_016__FourierGR1T2_0626,Camera_10,1410,Warehouse_016__FourierGR1T2_0353,Camera_05,0.9655222296714783,0,0.11089602160725669
1438,Warehouse_016__FourierGR1T2_0626,Camera_11,1410,Warehouse_016__FourierGR1T2_0353,Camera_05,0.9434748888015747,0,0.19399771678843544
1439,Warehouse_016__FourierGR1T2_0627,Camera,1394,Warehouse_016__FourierGR1T2_0352,Camera_01,0.9644726514816284,0,0.19242330250394768
1440,Warehouse_016__FourierGR1T2_0627,Camera_01,1393,Warehouse_016__FourierGR1T2_0352,Camera,0.9085752964019775,0,0.23802353312801075
1441,Warehouse_016__FourierGR1T2_0627,Camera_02,1417,Warehouse_016__FourierGR1T2_0354,Camera_01,0.9365823268890381,0,0.27483434171341986
1442,Warehouse_016__FourierGR1T2_0627,Camera_03,1421,Warehouse_016__FourierGR1T2_0354,Camera_05,0.9708540439605713,0,0.1653603500524222
1443,Warehouse_016__FourierGR1T2_0627,Camera_04,1422,Warehouse_016__FourierGR1T2_0354,Camera_07,0.9775564074516296,0,0.11392521640418839
1444,Warehouse_016__FourierGR1T2_0627,Camera_05,1418,Warehouse_016__FourierGR1T2_0354,Camera_02,0.9259791374206543,0,0.23211526555827472
1445,Warehouse_016__FourierGR1T2_0627,Camera_06,1398,Warehouse_016__FourierGR1T2_0352,Camera_05,0.9580191373825073,0,0.23061324408384193
1446,Warehouse_016__FourierGR1T2_0627,Camera_07,1443,Warehouse_016__FourierGR1T2_0627,Camera_04,0.9744924306869507,1,0.14747620497705533
1447,Warehouse_016__FourierGR1T2_0627,Camera_09,1435,Warehouse_016__FourierGR1T2_0626,Camera_08,0.8985733985900879,0,0.027101157185792903
1448,Warehouse_016__FourierGR1T2_0627,Camera_10,1421,Warehouse_016__FourierGR1T2_0354,Camera_05,0.9675428867340088,0,0.21089409726684677
1449,Warehouse_016__FourierGR1T2_0627,Camera_11,1396,Warehouse_016__FourierGR1T2_0352,Camera_03,0.9514034390449524,0,0.14791775276740526
1450,Warehouse_016__Person_0182,Camera,1453,Warehouse_016__Person_0182,Camera_03,0.9395651817321777,1,0.37428064640185854
1451,Warehouse_016__Person_0182,Camera_01,1113,Warehouse_015__Person_0197,Camera_02,0.8500244617462158,0,0.08597357791040644
1452,Warehouse_016__Person_0182,Camera_02,1450,Warehouse_016__Person_0182,Camera,0.8570858836174011,1,0.5914001789382594
1453,Warehouse_016__Person_0182,Camera_03,1461,Warehouse_016__Person_0182,Camera_11,0.9759806394577026,1,0.5256380878908007
1454,Warehouse_016__Person_0182,Camera_04,1455,Warehouse_016__Person_0182,Camera_05,0.9598082304000854,1,0.27797985157125316
1455,Warehouse_016__Person_0182,Camera_05,1454,Warehouse_016__Person_0182,Camera_04,0.9598082304000854,1,0.3598409103042938
1456,Warehouse_016__Person_0182,Camera_06,1455,Warehouse_016__Person_0182,Camera_05,0.9379212856292725,1,0.470584017220288
1457,Warehouse_016__Person_0182,Camera_07,937,Warehouse_015__Person_0177,Camera_06,0.9234950542449951,0,0.14669433866062437
1458,Warehouse_016__Person_0182,Camera_08,1453,Warehouse_016__Person_0182,Camera_03,0.9624677300453186,1,0.4415455385019664
1459,Warehouse_016__Person_0182,Camera_09,628,Warehouse_015__Person_0000,Camera_03,0.9265536069869995,0,0.009860856723370726
1460,Warehouse_016__Person_0182,Camera_10,1453,Warehouse_016__Person_0182,Camera_03,0.9729599356651306,1,0.4766317475837567
1461,Warehouse_016__Person_0182,Camera_11,1453,Warehouse_016__Person_0182,Camera_03,0.9759806394577026,1,0.395826785064821
1462,Warehouse_016__Person_0350,Camera,1463,Warehouse_016__Person_0350,Camera_01,0.9307414293289185,1,0.8019730720173417
1463,Warehouse_016__Person_0350,Camera_01,1462,Warehouse_016__Person_0350,Camera,0.9307414293289185,1,0.7688627308040308
1464,Warehouse_016__Person_0350,Camera_02,1466,Warehouse_016__Person_0350,Camera_04,0.9421825408935547,1,0.775222506609368
1465,Warehouse_016__Person_0350,Camera_03,1472,Warehouse_016__Person_0350,Camera_10,0.9527472257614136,1,0.5843456673052669
1466,Warehouse_016__Person_0350,Camera_04,1472,Warehouse_016__Person_0350,Camera_10,0.9610105752944946,1,0.700098220354711
1467,Warehouse_016__Person_0350,Camera_05,1473,Warehouse_016__Person_0350,Camera_11,0.9722223877906799,1,0.6095640692434299
1468,Warehouse_016__Person_0350,Camera_06,1463,Warehouse_016__Person_0350,Camera_01,0.8885996341705322,1,0.6771262550110748
1469,Warehouse_016__Person_0350,Camera_07,1473,Warehouse_016__Person_0350,Camera_11,0.9494147300720215,1,0.19672290847288362
1470,Warehouse_016__Person_0350,Camera_08,1467,Warehouse_016__Person_0350,Camera_05,0.912992000579834,1,0.5703030076561698
1471,Warehouse_016__Person_0350,Camera_09,332,Hospital_000__Person_0022,Camera_27,0.8851707577705383,0,0.010076380364698791
1472,Warehouse_016__Person_0350,Camera_10,1466,Warehouse_016__Person_0350,Camera_04,0.9610105752944946,1,0.5673776643716492
1473,Warehouse_016__Person_0350,Camera_11,1467,Warehouse_016__Person_0350,Camera_05,0.9722223877906799,1,0.44884432147774234
1474,Warehouse_016__Person_0351,Camera,1482,Warehouse_016__Person_0351,Camera_10,0.9445350766181946,1,0.6447957589744492
1475,Warehouse_016__Person_0351,Camera_01,1474,Warehouse_016__Person_0351,Camera,0.9278638958930969,1,0.7294007599832842
1476,Warehouse_016__Person_0351,Camera_02,1031,Warehouse_015__Person_0189,Camera_05,0.9090228080749512,0,0.21299328838347767
1477,Warehouse_016__Person_0351,Camera_03,1474,Warehouse_016__Person_0351,Camera,0.8632393479347229,1,0.16340366478368842
1478,Warehouse_016__Person_0351,Camera_05,1482,Warehouse_016__Person_0351,Camera_10,0.96873939037323,1,0.38265785099580374
1479,Warehouse_016__Person_0351,Camera_07,1000,Warehouse_015__Person_0186,Camera_01,0.937850296497345,0,0.1785251109292652
1480,Warehouse_016__Person_0351,Camera_08,1413,Warehouse_016__FourierGR1T2_0353,Camera_09,0.8841139078140259,0,0.04287968189439247
1481,Warehouse_016__Person_0351,Camera_09,1123,Warehouse_015__Person_0198,Camera_01,0.901752233505249,0,0.19785543468453562
1482,Warehouse_016__Person_0351,Camera_10,1478,Warehouse_016__Person_0351,Camera_05,0.96873939037323,1,0.5008642905472649
1483,Warehouse_016__Person_0351,Camera_11,1482,Warehouse_016__Person_0351,Camera_10,0.955440878868103,1,0.5096032761953229
1484,Warehouse_016__Person_0625,Camera,1495,Warehouse_016__Person_0625,Camera_11,0.9725543260574341,1,0.662425448648359
1485,Warehouse_016__Person_0625,Camera_01,1487,Warehouse_016__Person_0625,Camera_03,0.9010822772979736,1,0.9287878787878789
1486,Warehouse_016__Person_0625,Camera_02,1489,Warehouse_016__Person_0625,Camera_05,0.8963050842285156,1,0.956439393939394
1487,Warehouse_016__Person_0625,Camera_03,1493,Warehouse_016__Person_0625,Camera_09,0.966671347618103,1,0.5585931893418524
1488,Warehouse_016__Person_0625,Camera_04,1494,Warehouse_016__Person_0625,Camera_10,0.9845678210258484,1,0.6180818112368914
1489,Warehouse_016__Person_0625,Camera_05,1492,Warehouse_016__Person_0625,Camera_08,0.9691691398620605,1,0.8147546897546898
1490,Warehouse_016__Person_0625,Camera_06,1487,Warehouse_016__Person_0625,Camera_03,0.9292396306991577,1,0.33097909008585247
1491,Warehouse_016__Person_0625,Camera_07,321,Hospital_000__Person_0022,Camera,0.9384599924087524,0,0.2391049800911943
1492,Warehouse_016__Person_0625,Camera_08,1489,Warehouse_016__Person_0625,Camera_05,0.9691691398620605,1,0.779047860610288
1493,Warehouse_016__Person_0625,Camera_09,323,Hospital_000__Person_0022,Camera_03,0.9835441708564758,0,0.3623252193439359
1494,Warehouse_016__Person_0625,Camera_10,1488,Warehouse_016__Person_0625,Camera_04,0.9845678210258484,1,0.6703302413311714
1495,Warehouse_016__Person_0625,Camera_11,1488,Warehouse_016__Person_0625,Camera_04,0.9810797572135925,1,0.6431995218091475
1496,Warehouse_016__Person_0699,Camera,1497,Warehouse_016__Person_0699,Camera_01,0.9800868034362793,1,0.851727115716753
1497,Warehouse_016__Person_0699,Camera_01,1496,Warehouse_016__Person_0699,Camera,0.9800868034362793,1,0.8613831258644536
1498,Warehouse_016__Person_0699,Camera_02,1497,Warehouse_016__Person_0699,Camera_01,0.8878297805786133,1,0.8449624060150376
1499,Warehouse_016__Person_0699,Camera_03,1500,Warehouse_016__Person_0699,Camera_04,0.9709233045578003,1,0.8930864197530864
1500,Warehouse_016__Person_0699,Camera_04,1501,Warehouse_016__Person_0699,Camera_05,0.9737331867218018,1,0.8917452006980804
1501,Warehouse_016__Person_0699,Camera_05,1500,Warehouse_016__Person_0699,Camera_04,0.9737331867218018,1,0.8835334476843911
1502,Warehouse_016__Person_0699,Camera_07,1506,Warehouse_016__Person_0699,Camera_11,0.9677453637123108,1,0.8547469302186284
1503,Warehouse_016__Person_0699,Camera_08,60,Hospital_000__Person_0004,Camera,0.8936275243759155,0,0.008888494295604961
1504,Warehouse_016__Person_0699,Camera_09,990,Warehouse_015__Person_0185,Camera_02,0.880645751953125,0,0.008354359311007045
1505,Warehouse_016__Person_0699,Camera_10,1506,Warehouse_016__Person_0699,Camera_11,0.9758492112159729,1,0.8764641288433381
1506,Warehouse_016__Person_0699,Camera_11,1505,Warehouse_016__Person_0699,Camera_10,0.9758492112159729,1,0.8613315579227696
1507,Warehouse_016__Transporter_0349,Camera,1510,Warehouse_016__Transporter_0349,Camera_03,0.8712411522865295,1,0.8134920634920635
1508,Warehouse_016__Transporter_0349,Camera_01,1392,Warehouse_015__Transporter_0007,Camera_12,0.8669157028198242,0,0.35119047619047616
1509,Warehouse_016__Transporter_0349,Camera_02,1512,Warehouse_016__Transporter_0349,Camera_05,0.8805304765701294,1,0.29349884558217887
1510,Warehouse_016__Transporter_0349,Camera_03,1507,Warehouse_016__Transporter_0349,Camera,0.8712411522865295,1,0.7159090909090908
1511,Warehouse_016__Transporter_0349,Camera_04,1382,Warehouse_015__Transporter_0007,Camera,0.788232684135437,0,0.2726190476190476
1512,Warehouse_016__Transporter_0349,Camera_05,1391,Warehouse_015__Transporter_0007,Camera_11,0.8899885416030884,0,0.29817785700138644
1513,Warehouse_016__Transporter_0349,Camera_09,1382,Warehouse_015__Transporter_0007,Camera,0.866680383682251,0,0.18173865752262963
