num_crops,global_id,identity_key,label,true_label,camera,camera_id,scene,object_type,is_occluded,occluded_crop_ratio,start_frame,end_frame,example_crop_path,track_id,cluster_label,cluster_as_identity,cluster_purity,is_noise,is_misclustered,x,y,x3d,y3d,z3d
61,Person_0000,Hospital_000__Person_0000,0,0,Camera,0,Hospital_000,Person,1,0.4918032786885246,0,4200,/pfs/data6/home/st/st_us-053000/st_st191959/DL-Lab/DataSet/MTMC_Tracking_2025_Preprocessed/val/Hospital_000/crops/Person_0000/Camera/Person_0000_Camera_f000000_r003.jpg,None,83,Hospital_000__Person_0005,0.45454545454545453,False,True,0.10296695,0.048794314,0.10296579,0.048794232,0.026284436
336,Person_0000,Hospital_000__Person_0000,0,0,Camera_03,13,Hospital_000,Person,1,0.6666666666666666,0,7950,/pfs/data6/home/st/st_us-053000/st_st191959/DL-Lab/DataSet/MTMC_Tracking_2025_Preprocessed/val/Hospital_000/crops/Person_0000/Camera_03/Person_0000_Camera_03_f000000_r006.jpg,None,87,Hospital_000__Person_0000,1.0,False,False,-0.0130760325,-0.03640674,-0.013076206,-0.036407195,0.22075647
3,Person_0000,Hospital_000__Person_0000,0,0,Camera_04,14,Hospital_000,Person,0,0.0,270,5850,/pfs/data6/home/st/st_us-053000/st_st191959/DL-Lab/DataSet/MTMC_Tracking_2025_Preprocessed/val/Hospital_000/crops/Person_0000/Camera_04/Person_0000_Camera_04_f000270_r003.jpg,None,-1,NOISE,0.0,True,False,0.037471376,0.04242611,0.037471555,0.042426307,-0.0019901935
447,Person_0000,Hospital_000__Person_0000,0,0,Camera_05,15,Hospital_000,Person,1,0.6532438478747203,300,8970,/pfs/data6/home/st/st_us-053000/st_st191959/DL-Lab/DataSet/MTMC_Tracking_2025_Preprocessed/val/Hospital_000/crops/Person_0000/Camera_05/Person_0000_Camera_05_f000300_r003.jpg,None,87,Hospital_000__Person_0000,1.0,False,False,0.06561142,-0.034690954,0.06561112,-0.03469165,0.096567705
736,Person_0000,Hospital_000__Person_0000,0,0,Camera_06,16,Hospital_000,Person,1,0.6657608695652174,0,8940,/pfs/data6/home/st/st_us-053000/st_st191959/DL-Lab/DataSet/MTMC_Tracking_2025_Preprocessed/val/Hospital_000/crops/Person_0000/Camera_06/Person_0000_Camera_06_f000000_r004.jpg,None,86,Hospital_000__Person_0000,1.0,False,False,0.09058655,-0.068359725,0.09058624,-0.06836028,0.08029212
291,Person_0000,Hospital_000__Person_0000,0,0,Camera_08,18,Hospital_000,Person,1,0.4329896907216495,270,8970,/pfs/data6/home/st/st_us-053000/st_st191959/DL-Lab/DataSet/MTMC_Tracking_2025_Preprocessed/val/Hospital_000/crops/Person_0000/Camera_08/Person_0000_Camera_08_f000270_r003.jpg,None,-1,NOISE,0.0,True,False,0.11981093,-0.025064725,0.11981097,-0.025065286,-0.056276772
875,Person_0000,Hospital_000__Person_0000,0,0,Camera_09,19,Hospital_000,Person,1,0.6651428571428571,150,8970,/pfs/data6/home/st/st_us-053000/st_st191959/DL-Lab/DataSet/MTMC_Tracking_2025_Preprocessed/val/Hospital_000/crops/Person_0000/Camera_09/Person_0000_Camera_09_f000150_r005.jpg,None,86,Hospital_000__Person_0000,1.0,False,False,0.110117875,0.0046266597,0.110117584,0.004626106,0.076883614
11,Person_0000,Hospital_000__Person_0000,0,0,Camera_20,30,Hospital_000,Person,1,0.5454545454545454,1020,4230,/pfs/data6/home/st/st_us-053000/st_st191959/DL-Lab/DataSet/MTMC_Tracking_2025_Preprocessed/val/Hospital_000/crops/Person_0000/Camera_20/Person_0000_Camera_20_f001020_r003.jpg,None,-1,NOISE,0.0,True,False,0.019414324,-0.07639947,0.019414287,-0.076400205,0.04299444
756,Person_0000,Hospital_000__Person_0000,0,0,Camera_22,32,Hospital_000,Person,1,0.6613756613756614,210,8970,/pfs/data6/home/st/st_us-053000/st_st191959/DL-Lab/DataSet/MTMC_Tracking_2025_Preprocessed/val/Hospital_000/crops/Person_0000/Camera_22/Person_0000_Camera_22_f000210_r004.jpg,None,87,Hospital_000__Person_0000,1.0,False,False,0.022765502,-0.031684633,0.022765141,-0.031685438,0.17124894
2,Person_0000,Hospital_000__Person_0000,0,0,Camera_23,33,Hospital_000,Person,0,0.0,3660,4200,/pfs/data6/home/st/st_us-053000/st_st191959/DL-Lab/DataSet/MTMC_Tracking_2025_Preprocessed/val/Hospital_000/crops/Person_0000/Camera_23/Person_0000_Camera_23_f003660_r006.jpg,None,-1,NOISE,0.0,True,False,-0.09425965,0.113743395,-0.094259694,0.11374332,0.053728588
805,Person_0000,Hospital_000__Person_0000,0,0,Camera_24,34,Hospital_000,Person,1,0.6658385093167701,0,8970,/pfs/data6/home/st/st_us-053000/st_st191959/DL-Lab/DataSet/MTMC_Tracking_2025_Preprocessed/val/Hospital_000/crops/Person_0000/Camera_24/Person_0000_Camera_24_f000000_r011.jpg,None,87,Hospital_000__Person_0000,1.0,False,False,0.0010137985,-0.034387015,0.0010134868,-0.034387898,0.18614018
738,Person_0000,Hospital_000__Person_0000,0,0,Camera_26,36,Hospital_000,Person,1,0.6666666666666666,240,8970,/pfs/data6/home/st/st_us-053000/st_st191959/DL-Lab/DataSet/MTMC_Tracking_2025_Preprocessed/val/Hospital_000/crops/Person_0000/Camera_26/Person_0000_Camera_26_f000240_r003.jpg,None,86,Hospital_000__Person_0000,1.0,False,False,0.12248055,-0.07319709,0.12248022,-0.07319775,0.09792637
105,Person_0000,Hospital_000__Person_0000,0,0,Camera_27,37,Hospital_000,Person,1,0.05714285714285714,270,8970,/pfs/data6/home/st/st_us-053000/st_st191959/DL-Lab/DataSet/MTMC_Tracking_2025_Preprocessed/val/Hospital_000/crops/Person_0000/Camera_27/Person_0000_Camera_27_f000270_r002.jpg,None,3,Hospital_000__Person_0004,0.6666666666666666,False,True,-0.27430063,-0.07517634,-0.2743009,-0.07517648,0.0021217251
57,Person_0000,Hospital_000__Person_0000,0,0,Camera_31,41,Hospital_000,Person,1,0.6666666666666666,0,4140,/pfs/data6/home/st/st_us-053000/st_st191959/DL-Lab/DataSet/MTMC_Tracking_2025_Preprocessed/val/Hospital_000/crops/Person_0000/Camera_31/Person_0000_Camera_31_f000000_r002.jpg,None,-1,NOISE,0.0,True,False,-0.20077793,0.03996776,-0.20077834,0.039966665,0.21983954
1,Person_0001,Hospital_000__Person_0001,1,1,Camera_03,13,Hospital_000,Person,0,0.0,6720,6720,/pfs/data6/home/st/st_us-053000/st_st191959/DL-Lab/DataSet/MTMC_Tracking_2025_Preprocessed/val/Hospital_000/crops/Person_0001/Camera_03/Person_0001_Camera_03_f006720_r005.jpg,None,-1,NOISE,0.0,True,False,-0.34541726,-0.12246961,-0.34541693,-0.12247026,-0.19360572
325,Person_0001,Hospital_000__Person_0001,1,1,Camera_04,14,Hospital_000,Person,1,0.6646153846153846,150,8970,/pfs/data6/home/st/st_us-053000/st_st191959/DL-Lab/DataSet/MTMC_Tracking_2025_Preprocessed/val/Hospital_000/crops/Person_0001/Camera_04/Person_0001_Camera_04_f000150_r002.jpg,None,-1,NOISE,0.0,True,False,-0.06016611,0.08943016,-0.060166102,0.08943002,0.16694851
115,Person_0001,Hospital_000__Person_0001,1,1,Camera_07,17,Hospital_000,Person,1,0.5565217391304348,210,8970,/pfs/data6/home/st/st_us-053000/st_st191959/DL-Lab/DataSet/MTMC_Tracking_2025_Preprocessed/val/Hospital_000/crops/Person_0001/Camera_07/Person_0001_Camera_07_f000210_r000.jpg,None,76,Hospital_000__Person_0001,1.0,False,False,0.17146017,-0.048411988,0.17146042,-0.048411872,0.0194501
414,Person_0001,Hospital_000__Person_0001,1,1,Camera_10,20,Hospital_000,Person,1,0.6666666666666666,0,8970,/pfs/data6/home/st/st_us-053000/st_st191959/DL-Lab/DataSet/MTMC_Tracking_2025_Preprocessed/val/Hospital_000/crops/Person_0001/Camera_10/Person_0001_Camera_10_f000000_r001.jpg,None,76,Hospital_000__Person_0001,1.0,False,False,0.07624125,-0.035907004,0.0762411,-0.03590778,0.122234896
561,Person_0001,Hospital_000__Person_0001,1,1,Camera_16,26,Hospital_000,Person,1,0.6666666666666666,0,8460,/pfs/data6/home/st/st_us-053000/st_st191959/DL-Lab/DataSet/MTMC_Tracking_2025_Preprocessed/val/Hospital_000/crops/Person_0001/Camera_16/Person_0001_Camera_16_f000000_r001.jpg,None,76,Hospital_000__Person_0001,1.0,False,False,0.13870494,0.050060302,0.13870479,0.05006014,0.060768165
8,Person_0001,Hospital_000__Person_0001,1,1,Camera_19,29,Hospital_000,Person,0,0.0,4800,8850,/pfs/data6/home/st/st_us-053000/st_st191959/DL-Lab/DataSet/MTMC_Tracking_2025_Preprocessed/val/Hospital_000/crops/Person_0001/Camera_19/Person_0001_Camera_19_f004800_r002.jpg,None,-1,NOISE,0.0,True,False,0.007763176,-0.15043859,0.0077633345,-0.1504386,0.081675574
697,Person_0001,Hospital_000__Person_0001,1,1,Camera_21,31,Hospital_000,Person,1,0.6140602582496413,0,8970,/pfs/data6/home/st/st_us-053000/st_st191959/DL-Lab/DataSet/MTMC_Tracking_2025_Preprocessed/val/Hospital_000/crops/Person_0001/Camera_21/Person_0001_Camera_21_f000000_r002.jpg,None,76,Hospital_000__Person_0001,1.0,False,False,0.15530193,0.03709428,0.15530194,0.03709426,0.06593012
275,Person_0001,Hospital_000__Person_0001,1,1,Camera_23,33,Hospital_000,Person,1,0.6545454545454545,0,6750,/pfs/data6/home/st/st_us-053000/st_st191959/DL-Lab/DataSet/MTMC_Tracking_2025_Preprocessed/val/Hospital_000/crops/Person_0001/Camera_23/Person_0001_Camera_23_f000000_r004.jpg,None,-1,NOISE,0.0,True,False,0.09382036,-0.019725578,0.09382025,-0.019726245,0.06504276
7,Person_0001,Hospital_000__Person_0001,1,1,Camera_24,34,Hospital_000,Person,0,0.0,420,6720,/pfs/data6/home/st/st_us-053000/st_st191959/DL-Lab/DataSet/MTMC_Tracking_2025_Preprocessed/val/Hospital_000/crops/Person_0001/Camera_24/Person_0001_Camera_24_f000420_r008.jpg,None,-1,NOISE,0.0,True,False,-0.1468808,-0.068669096,-0.14688057,-0.06866956,-0.032600433
144,Person_0001,Hospital_000__Person_0001,1,1,Camera_25,35,Hospital_000,Person,1,0.6666666666666666,3360,6720,/pfs/data6/home/st/st_us-053000/st_st191959/DL-Lab/DataSet/MTMC_Tracking_2025_Preprocessed/val/Hospital_000/crops/Person_0001/Camera_25/Person_0001_Camera_25_f003360_r001.jpg,None,76,Hospital_000__Person_0001,1.0,False,False,0.0880819,-0.0012311202,0.08808169,-0.0012321572,0.07438858
82,Person_0001,Hospital_000__Person_0001,1,1,Camera_28,38,Hospital_000,Person,1,0.14634146341463414,420,7470,/pfs/data6/home/st/st_us-053000/st_st191959/DL-Lab/DataSet/MTMC_Tracking_2025_Preprocessed/val/Hospital_000/crops/Person_0001/Camera_28/Person_0001_Camera_28_f000420_r003.jpg,None,27,Hospital_000__Person_0014,0.6666666666666666,False,True,0.08880542,-0.075659,0.088805325,-0.07565989,-0.05576444
589,Person_0001,Hospital_000__Person_0001,1,1,Camera_29,39,Hospital_000,Person,1,0.66553480475382,90,8970,/pfs/data6/home/st/st_us-053000/st_st191959/DL-Lab/DataSet/MTMC_Tracking_2025_Preprocessed/val/Hospital_000/crops/Person_0001/Camera_29/Person_0001_Camera_29_f000090_r001.jpg,None,76,Hospital_000__Person_0001,1.0,False,False,0.06161875,0.036796544,0.061618708,0.036796317,0.14296934
69,Person_0001,Hospital_000__Person_0001,1,1,Camera_30,40,Hospital_000,Person,1,0.6666666666666666,5670,6630,/pfs/data6/home/st/st_us-053000/st_st191959/DL-Lab/DataSet/MTMC_Tracking_2025_Preprocessed/val/Hospital_000/crops/Person_0001/Camera_30/Person_0001_Camera_30_f005670_r002.jpg,None,-1,NOISE,0.0,True,False,0.18419036,-0.18654284,0.18419029,-0.18654294,-0.018203659
12,Person_0002,Hospital_000__Person_0002,2,2,Camera,0,Hospital_000,Person,1,0.6666666666666666,0,90,/pfs/data6/home/st/st_us-053000/st_st191959/DL-Lab/DataSet/MTMC_Tracking_2025_Preprocessed/val/Hospital_000/crops/Person_0002/Camera/Person_0002_Camera_f000000_r000.jpg,None,-1,NOISE,0.0,True,False,-0.30989033,0.02805371,-0.30989003,0.02805355,-0.10226617
293,Person_0002,Hospital_000__Person_0002,2,2,Camera_03,13,Hospital_000,Person,1,0.6075085324232082,1440,8970,/pfs/data6/home/st/st_us-053000/st_st191959/DL-Lab/DataSet/MTMC_Tracking_2025_Preprocessed/val/Hospital_000/crops/Person_0002/Camera_03/Person_0002_Camera_03_f001440_r000.jpg,None,15,Hospital_000__Person_0002,1.0,False,False,-0.27089053,-0.17029804,-0.27089018,-0.17029884,-0.10758428
303,Person_0002,Hospital_000__Person_0002,2,2,Camera_04,14,Hospital_000,Person,1,0.5478547854785478,480,8970,/pfs/data6/home/st/st_us-053000/st_st191959/DL-Lab/DataSet/MTMC_Tracking_2025_Preprocessed/val/Hospital_000/crops/Person_0002/Camera_04/Person_0002_Camera_04_f000480_r000.jpg,None,-1,NOISE,0.0,True,False,0.20198578,-0.06858421,0.20198579,-0.068585165,-0.17536296
178,Person_0002,Hospital_000__Person_0002,2,2,Camera_05,15,Hospital_000,Person,1,0.5617977528089888,3780,8850,/pfs/data6/home/st/st_us-053000/st_st191959/DL-Lab/DataSet/MTMC_Tracking_2025_Preprocessed/val/Hospital_000/crops/Person_0002/Camera_05/Person_0002_Camera_05_f003780_r000.jpg,None,-1,NOISE,0.0,True,False,-0.38022512,-0.10880298,-0.3802249,-0.108803116,-0.2055664
30,Person_0002,Hospital_000__Person_0002,2,2,Camera_07,17,Hospital_000,Person,1,0.6666666666666666,510,780,/pfs/data6/home/st/st_us-053000/st_st191959/DL-Lab/DataSet/MTMC_Tracking_2025_Preprocessed/val/Hospital_000/crops/Person_0002/Camera_07/Person_0002_Camera_07_f000510_r000.jpg,None,36,Hospital_000__Person_0002,1.0,False,False,-0.053115003,-0.069257446,-0.053114973,-0.06925874,-0.02541696
531,Person_0002,Hospital_000__Person_0002,2,2,Camera_08,18,Hospital_000,Person,1,0.6666666666666666,810,8970,/pfs/data6/home/st/st_us-053000/st_st191959/DL-Lab/DataSet/MTMC_Tracking_2025_Preprocessed/val/Hospital_000/crops/Person_0002/Camera_08/Person_0002_Camera_08_f000810_r000.jpg,None,36,Hospital_000__Person_0002,1.0,False,False,-0.04966482,-0.04086517,-0.049664788,-0.04086644,-0.019074343
15,Person_0002,Hospital_000__Person_0002,2,2,Camera_16,26,Hospital_000,Person,1,0.6666666666666666,360,480,/pfs/data6/home/st/st_us-053000/st_st191959/DL-Lab/DataSet/MTMC_Tracking_2025_Preprocessed/val/Hospital_000/crops/Person_0002/Camera_16/Person_0002_Camera_16_f000360_r000.jpg,None,36,Hospital_000__Person_0002,1.0,False,False,0.030967357,-0.0790428,0.030967345,-0.07904382,-0.013506352
426,Person_0002,Hospital_000__Person_0002,2,2,Camera_18,28,Hospital_000,Person,1,0.6666666666666666,780,8760,/pfs/data6/home/st/st_us-053000/st_st191959/DL-Lab/DataSet/MTMC_Tracking_2025_Preprocessed/val/Hospital_000/crops/Person_0002/Camera_18/Person_0002_Camera_18_f000780_r000.jpg,None,-1,NOISE,0.0,True,False,-0.0934701,0.06644437,-0.09347018,0.06644393,-0.091787696
732,Person_0002,Hospital_000__Person_0002,2,2,Camera_19,29,Hospital_000,Person,1,0.6311475409836066,540,8970,/pfs/data6/home/st/st_us-053000/st_st191959/DL-Lab/DataSet/MTMC_Tracking_2025_Preprocessed/val/Hospital_000/crops/Person_0002/Camera_19/Person_0002_Camera_19_f000540_r001.jpg,None,36,Hospital_000__Person_0002,1.0,False,False,-0.042742237,-0.08431611,-0.042742047,-0.08431704,-0.07496458
24,Person_0002,Hospital_000__Person_0002,2,2,Camera_21,31,Hospital_000,Person,1,0.6666666666666666,330,540,/pfs/data6/home/st/st_us-053000/st_st191959/DL-Lab/DataSet/MTMC_Tracking_2025_Preprocessed/val/Hospital_000/crops/Person_0002/Camera_21/Person_0002_Camera_21_f000330_r000.jpg,None,36,Hospital_000__Person_0002,1.0,False,False,0.026720824,-0.051917724,0.026720999,-0.051918067,-0.10980661
277,Person_0002,Hospital_000__Person_0002,2,2,Camera_22,32,Hospital_000,Person,1,0.5848375451263538,2640,8970,/pfs/data6/home/st/st_us-053000/st_st191959/DL-Lab/DataSet/MTMC_Tracking_2025_Preprocessed/val/Hospital_000/crops/Person_0002/Camera_22/Person_0002_Camera_22_f002640_r001.jpg,None,15,Hospital_000__Person_0002,1.0,False,False,-0.34941888,-0.10158806,-0.34941855,-0.101588525,-0.1573064
34,Person_0002,Hospital_000__Person_0002,2,2,Camera_23,33,Hospital_000,Person,1,0.5882352941176471,0,390,/pfs/data6/home/st/st_us-053000/st_st191959/DL-Lab/DataSet/MTMC_Tracking_2025_Preprocessed/val/Hospital_000/crops/Person_0002/Camera_23/Person_0002_Camera_23_f000000_r000.jpg,None,-1,NOISE,0.0,True,False,0.03608462,0.0034757522,0.036084864,0.003475047,-0.13173737
340,Person_0002,Hospital_000__Person_0002,2,2,Camera_24,34,Hospital_000,Person,1,0.5058823529411764,0,8970,/pfs/data6/home/st/st_us-053000/st_st191959/DL-Lab/DataSet/MTMC_Tracking_2025_Preprocessed/val/Hospital_000/crops/Person_0002/Camera_24/Person_0002_Camera_24_f000000_r000.jpg,None,15,Hospital_000__Person_0002,1.0,False,False,-0.28709838,-0.13780093,-0.28709805,-0.13780151,-0.14953692
143,Person_0002,Hospital_000__Person_0002,2,2,Camera_26,36,Hospital_000,Person,1,0.6573426573426573,3900,8850,/pfs/data6/home/st/st_us-053000/st_st191959/DL-Lab/DataSet/MTMC_Tracking_2025_Preprocessed/val/Hospital_000/crops/Person_0002/Camera_26/Person_0002_Camera_26_f003900_r000.jpg,None,-1,NOISE,0.0,True,False,-0.37217557,-0.14409122,-0.3721753,-0.14409117,-0.1034523
409,Person_0002,Hospital_000__Person_0002,2,2,Camera_27,37,Hospital_000,Person,1,0.6650366748166259,690,8970,/pfs/data6/home/st/st_us-053000/st_st191959/DL-Lab/DataSet/MTMC_Tracking_2025_Preprocessed/val/Hospital_000/crops/Person_0002/Camera_27/Person_0002_Camera_27_f000690_r000.jpg,None,36,Hospital_000__Person_0002,1.0,False,False,0.076888084,-0.020383798,0.076888,-0.020384949,-0.039161157
42,Person_0002,Hospital_000__Person_0002,2,2,Camera_28,38,Hospital_000,Person,1,0.6666666666666666,0,390,/pfs/data6/home/st/st_us-053000/st_st191959/DL-Lab/DataSet/MTMC_Tracking_2025_Preprocessed/val/Hospital_000/crops/Person_0002/Camera_28/Person_0002_Camera_28_f000000_r000.jpg,None,36,Hospital_000__Person_0002,1.0,False,False,0.01230556,-0.032716077,0.012305542,-0.032717418,-0.09076267
15,Person_0002,Hospital_000__Person_0002,2,2,Camera_29,39,Hospital_000,Person,1,0.6666666666666666,420,570,/pfs/data6/home/st/st_us-053000/st_st191959/DL-Lab/DataSet/MTMC_Tracking_2025_Preprocessed/val/Hospital_000/crops/Person_0002/Camera_29/Person_0002_Camera_29_f000420_r000.jpg,None,36,Hospital_000__Person_0002,1.0,False,False,-0.0012017041,-0.037517354,-0.0012017373,-0.037518024,-0.074273214
40,Person_0003,Hospital_000__Person_0003,3,3,Camera,0,Hospital_000,Person,1,0.5,930,2760,/pfs/data6/home/st/st_us-053000/st_st191959/DL-Lab/DataSet/MTMC_Tracking_2025_Preprocessed/val/Hospital_000/crops/Person_0003/Camera/Person_0003_Camera_f000930_r005.jpg,None,-1,NOISE,0.0,True,False,0.18576576,-0.16039641,0.18576576,-0.16039665,-0.006038367
300,Person_0003,Hospital_000__Person_0003,3,3,Camera_03,13,Hospital_000,Person,1,0.54,180,8790,/pfs/data6/home/st/st_us-053000/st_st191959/DL-Lab/DataSet/MTMC_Tracking_2025_Preprocessed/val/Hospital_000/crops/Person_0003/Camera_03/Person_0003_Camera_03_f000180_r013.jpg,None,96,Hospital_000__Person_0003,0.8,False,False,0.123280756,-0.15495603,0.12328072,-0.15495661,0.08444681
87,Person_0003,Hospital_000__Person_0003,3,3,Camera_04,14,Hospital_000,Person,1,0.39080459770114945,4200,8940,/pfs/data6/home/st/st_us-053000/st_st191959/DL-Lab/DataSet/MTMC_Tracking_2025_Preprocessed/val/Hospital_000/crops/Person_0003/Camera_04/Person_0003_Camera_04_f004200_r008.jpg,None,97,Hospital_000__Person_0024,0.6666666666666666,False,True,0.21693714,-0.13421674,0.21693712,-0.13421713,-0.06594884
134,Person_0003,Hospital_000__Person_0003,3,3,Camera_05,15,Hospital_000,Person,1,0.47761194029850745,0,8370,/pfs/data6/home/st/st_us-053000/st_st191959/DL-Lab/DataSet/MTMC_Tracking_2025_Preprocessed/val/Hospital_000/crops/Person_0003/Camera_05/Person_0003_Camera_05_f000000_r007.jpg,None,96,Hospital_000__Person_0003,0.8,False,False,0.07291948,-0.14467657,0.072919354,-0.14467709,0.045256764
266,Person_0003,Hospital_000__Person_0003,3,3,Camera_06,16,Hospital_000,Person,1,0.6541353383458647,150,3420,/pfs/data6/home/st/st_us-053000/st_st191959/DL-Lab/DataSet/MTMC_Tracking_2025_Preprocessed/val/Hospital_000/crops/Person_0003/Camera_06/Person_0003_Camera_06_f000150_r008.jpg,None,96,Hospital_000__Person_0003,0.8,False,False,0.13101573,-0.17212899,0.13101561,-0.1721296,0.08306653
287,Person_0003,Hospital_000__Person_0003,3,3,Camera_08,18,Hospital_000,Person,1,0.627177700348432,150,8970,/pfs/data6/home/st/st_us-053000/st_st191959/DL-Lab/DataSet/MTMC_Tracking_2025_Preprocessed/val/Hospital_000/crops/Person_0003/Camera_08/Person_0003_Camera_08_f000150_r008.jpg,None,96,Hospital_000__Person_0003,0.8,False,False,0.15225975,-0.11949609,0.15225984,-0.11949645,-0.023158383
198,Person_0003,Hospital_000__Person_0003,3,3,Camera_09,19,Hospital_000,Person,1,0.6666666666666666,0,3690,/pfs/data6/home/st/st_us-053000/st_st191959/DL-Lab/DataSet/MTMC_Tracking_2025_Preprocessed/val/Hospital_000/crops/Person_0003/Camera_09/Person_0003_Camera_09_f000000_r007.jpg,None,-1,NOISE,0.0,True,False,0.13359916,-0.1332319,0.13359885,-0.13323234,0.049811613
165,Person_0003,Hospital_000__Person_0003,3,3,Camera_18,28,Hospital_000,Person,1,0.6666666666666666,5100,8970,/pfs/data6/home/st/st_us-053000/st_st191959/DL-Lab/DataSet/MTMC_Tracking_2025_Preprocessed/val/Hospital_000/crops/Person_0003/Camera_18/Person_0003_Camera_18_f005100_r002.jpg,None,-1,NOISE,0.0,True,False,-0.015755136,-0.05140801,-0.015755333,-0.051407885,0.06454066
433,Person_0003,Hospital_000__Person_0003,3,3,Camera_19,29,Hospital_000,Person,1,0.628175519630485,3780,8970,/pfs/data6/home/st/st_us-053000/st_st191959/DL-Lab/DataSet/MTMC_Tracking_2025_Preprocessed/val/Hospital_000/crops/Person_0003/Camera_19/Person_0003_Camera_19_f003780_r008.jpg,None,-1,NOISE,0.0,True,False,0.17970814,-0.1476526,0.17970815,-0.14765273,-0.010687393
7,Person_0003,Hospital_000__Person_0003,3,3,Camera_20,30,Hospital_000,Person,1,0.5714285714285714,1080,2730,/pfs/data6/home/st/st_us-053000/st_st191959/DL-Lab/DataSet/MTMC_Tracking_2025_Preprocessed/val/Hospital_000/crops/Person_0003/Camera_20/Person_0003_Camera_20_f001080_r001.jpg,None,-1,NOISE,0.0,True,False,0.04169324,0.049250294,0.04169344,0.04924999,0.09374985
243,Person_0003,Hospital_000__Person_0003,3,3,Camera_22,32,Hospital_000,Person,1,0.4773662551440329,0,8730,/pfs/data6/home/st/st_us-053000/st_st191959/DL-Lab/DataSet/MTMC_Tracking_2025_Preprocessed/val/Hospital_000/crops/Person_0003/Camera_22/Person_0003_Camera_22_f000000_r006.jpg,None,96,Hospital_000__Person_0003,0.8,False,False,0.11101077,-0.18312871,0.111010835,-0.18312888,0.10314623
1,Person_0003,Hospital_000__Person_0003,3,3,Camera_23,33,Hospital_000,Person,0,0.0,2760,2760,/pfs/data6/home/st/st_us-053000/st_st191959/DL-Lab/DataSet/MTMC_Tracking_2025_Preprocessed/val/Hospital_000/crops/Person_0003/Camera_23/Person_0003_Camera_23_f002760_r002.jpg,None,-1,NOISE,0.0,True,False,-0.15156983,-0.17257583,-0.15156984,-0.1725761,0.113272995
286,Person_0003,Hospital_000__Person_0003,3,3,Camera_24,34,Hospital_000,Person,1,0.5314685314685315,0,8760,/pfs/data6/home/st/st_us-053000/st_st191959/DL-Lab/DataSet/MTMC_Tracking_2025_Preprocessed/val/Hospital_000/crops/Person_0003/Camera_24/Person_0003_Camera_24_f000000_r015.jpg,None,-1,NOISE,0.0,True,False,0.092173226,-0.13251641,0.09217318,-0.1325171,0.10617138
147,Person_0003,Hospital_000__Person_0003,3,3,Camera_26,36,Hospital_000,Person,1,0.6394557823129252,0,4800,/pfs/data6/home/st/st_us-053000/st_st191959/DL-Lab/DataSet/MTMC_Tracking_2025_Preprocessed/val/Hospital_000/crops/Person_0003/Camera_26/Person_0003_Camera_26_f000000_r005.jpg,None,96,Hospital_000__Person_0003,0.8,False,False,0.06100244,-0.21355349,0.061002508,-0.21355371,0.13223349
190,Person_0003,Hospital_000__Person_0003,3,3,Camera_27,37,Hospital_000,Person,1,0.6210526315789474,3420,8970,/pfs/data6/home/st/st_us-053000/st_st191959/DL-Lab/DataSet/MTMC_Tracking_2025_Preprocessed/val/Hospital_000/crops/Person_0003/Camera_27/Person_0003_Camera_27_f003420_r014.jpg,None,96,Hospital_000__Person_0003,0.8,False,False,0.1679369,-0.2145122,0.16793698,-0.21451262,0.027675003
169,Person_0003,Hospital_000__Person_0003,3,3,Camera_31,41,Hospital_000,Person,1,0.6627218934911243,990,2700,/pfs/data6/home/st/st_us-053000/st_st191959/DL-Lab/DataSet/MTMC_Tracking_2025_Preprocessed/val/Hospital_000/crops/Person_0003/Camera_31/Person_0003_Camera_31_f000990_r002.jpg,None,96,Hospital_000__Person_0003,0.8,False,False,0.09395777,-0.20968881,0.09395777,-0.20968919,0.12557486
46,Person_0004,Hospital_000__Person_0004,4,4,Camera,0,Hospital_000,Person,1,0.6521739130434783,540,8970,/pfs/data6/home/st/st_us-053000/st_st191959/DL-Lab/DataSet/MTMC_Tracking_2025_Preprocessed/val/Hospital_000/crops/Person_0004/Camera/Person_0004_Camera_f000540_r000.jpg,None,-1,NOISE,0.0,True,False,0.13000818,-0.10394945,0.13000831,-0.103950076,-0.16177279
235,Person_0004,Hospital_000__Person_0004,4,4,Camera_03,13,Hospital_000,Person,1,0.6638297872340425,180,8970,/pfs/data6/home/st/st_us-053000/st_st191959/DL-Lab/DataSet/MTMC_Tracking_2025_Preprocessed/val/Hospital_000/crops/Person_0004/Camera_03/Person_0004_Camera_03_f000180_r000.jpg,None,47,Hospital_000__Person_0004,1.0,False,False,-0.026402619,-0.16752404,-0.026402572,-0.1675257,0.09881015
10,Person_0004,Hospital_000__Person_0004,4,4,Camera_04,14,Hospital_000,Person,0,0.0,1530,8550,/pfs/data6/home/st/st_us-053000/st_st191959/DL-Lab/DataSet/MTMC_Tracking_2025_Preprocessed/val/Hospital_000/crops/Person_0004/Camera_04/Person_0004_Camera_04_f001530_r001.jpg,None,37,Hospital_000__Person_0004,0.3333333333333333,False,False,-0.042359594,-0.037239335,-0.042359494,-0.037238955,-0.066272974
581,Person_0004,Hospital_000__Person_0004,4,4,Camera_05,15,Hospital_000,Person,1,0.6609294320137694,0,8910,/pfs/data6/home/st/st_us-053000/st_st191959/DL-Lab/DataSet/MTMC_Tracking_2025_Preprocessed/val/Hospital_000/crops/Person_0004/Camera_05/Person_0004_Camera_05_f000000_r000.jpg,None,47,Hospital_000__Person_0004,1.0,False,False,0.0074031185,-0.12529911,0.007403217,-0.12530012,0.02187579
754,Person_0004,Hospital_000__Person_0004,4,4,Camera_06,16,Hospital_000,Person,1,0.6657824933687002,90,8970,/pfs/data6/home/st/st_us-053000/st_st191959/DL-Lab/DataSet/MTMC_Tracking_2025_Preprocessed/val/Hospital_000/crops/Person_0004/Camera_06/Person_0004_Camera_06_f000090_r000.jpg,None,47,Hospital_000__Person_0004,1.0,False,False,0.13256717,-0.07698457,0.13256711,-0.07698564,-0.0005785232
352,Person_0004,Hospital_000__Person_0004,4,4,Camera_08,18,Hospital_000,Person,1,0.5113636363636364,0,8880,/pfs/data6/home/st/st_us-053000/st_st191959/DL-Lab/DataSet/MTMC_Tracking_2025_Preprocessed/val/Hospital_000/crops/Person_0004/Camera_08/Person_0004_Camera_08_f000000_r000.jpg,None,3,Hospital_000__Person_0004,0.6666666666666666,False,False,-0.30276066,-0.017390227,-0.3027611,-0.017390626,-0.14180352
860,Person_0004,Hospital_000__Person_0004,4,4,Camera_09,19,Hospital_000,Person,1,0.6604651162790698,0,8970,/pfs/data6/home/st/st_us-053000/st_st191959/DL-Lab/DataSet/MTMC_Tracking_2025_Preprocessed/val/Hospital_000/crops/Person_0004/Camera_09/Person_0004_Camera_09_f000000_r000.jpg,None,47,Hospital_000__Person_0004,1.0,False,False,0.07084446,-0.09924598,0.07084445,-0.09924724,-0.013671455
251,Person_0004,Hospital_000__Person_0004,4,4,Camera_19,29,Hospital_000,Person,1,0.6454183266932271,150,7500,/pfs/data6/home/st/st_us-053000/st_st191959/DL-Lab/DataSet/MTMC_Tracking_2025_Preprocessed/val/Hospital_000/crops/Person_0004/Camera_19/Person_0004_Camera_19_f000150_r001.jpg,None,-1,NOISE,0.0,True,False,-0.11773127,-0.0936537,-0.11773142,-0.0936537,-0.15959159
11,Person_0004,Hospital_000__Person_0004,4,4,Camera_20,30,Hospital_000,Person,1,0.5454545454545454,570,8970,/pfs/data6/home/st/st_us-053000/st_st191959/DL-Lab/DataSet/MTMC_Tracking_2025_Preprocessed/val/Hospital_000/crops/Person_0004/Camera_20/Person_0004_Camera_20_f000570_r000.jpg,None,47,Hospital_000__Person_0004,1.0,False,False,0.016035045,-0.12513606,0.016035138,-0.12513703,-0.055003345
783,Person_0004,Hospital_000__Person_0004,4,4,Camera_22,32,Hospital_000,Person,1,0.6666666666666666,0,8970,/pfs/data6/home/st/st_us-053000/st_st191959/DL-Lab/DataSet/MTMC_Tracking_2025_Preprocessed/val/Hospital_000/crops/Person_0004/Camera_22/Person_0004_Camera_22_f000000_r000.jpg,None,47,Hospital_000__Person_0004,1.0,False,False,0.07078475,-0.14805515,0.070784844,-0.14805624,0.024791533
798,Person_0004,Hospital_000__Person_0004,4,4,Camera_24,34,Hospital_000,Person,1,0.6666666666666666,0,8970,/pfs/data6/home/st/st_us-053000/st_st191959/DL-Lab/DataSet/MTMC_Tracking_2025_Preprocessed/val/Hospital_000/crops/Person_0004/Camera_24/Person_0004_Camera_24_f000000_r001.jpg,None,47,Hospital_000__Person_0004,1.0,False,False,0.037537925,-0.13434829,0.037537944,-0.1343495,0.048327465
753,Person_0004,Hospital_000__Person_0004,4,4,Camera_26,36,Hospital_000,Person,1,0.6666666666666666,0,8970,/pfs/data6/home/st/st_us-053000/st_st191959/DL-Lab/DataSet/MTMC_Tracking_2025_Preprocessed/val/Hospital_000/crops/Person_0004/Camera_26/Person_0004_Camera_26_f000000_r000.jpg,None,47,Hospital_000__Person_0004,1.0,False,False,0.045536637,-0.1529556,0.04553662,-0.15295687,0.07027977
178,Person_0004,Hospital_000__Person_0004,4,4,Camera_27,37,Hospital_000,Person,1,0.0898876404494382,0,8880,/pfs/data6/home/st/st_us-053000/st_st191959/DL-Lab/DataSet/MTMC_Tracking_2025_Preprocessed/val/Hospital_000/crops/Person_0004/Camera_27/Person_0004_Camera_27_f000000_r001.jpg,None,3,Hospital_000__Person_0004,0.6666666666666666,False,False,-0.31933293,-0.051919773,-0.3193334,-0.05192033,-0.15565208
630,Person_0005,Hospital_000__Person_0005,5,5,Camera_02,12,Hospital_000,Person,1,0.6349206349206349,0,8970,/pfs/data6/home/st/st_us-053000/st_st191959/DL-Lab/DataSet/MTMC_Tracking_2025_Preprocessed/val/Hospital_000/crops/Person_0005/Camera_02/Person_0005_Camera_02_f000000_r001.jpg,None,83,Hospital_000__Person_0005,0.45454545454545453,False,False,0.10500273,-0.04392498,0.10500277,-0.043925945,0.01809451
2,Person_0005,Hospital_000__Person_0005,5,5,Camera_03,13,Hospital_000,Person,0,0.0,2160,5130,/pfs/data6/home/st/st_us-053000/st_st191959/DL-Lab/DataSet/MTMC_Tracking_2025_Preprocessed/val/Hospital_000/crops/Person_0005/Camera_03/Person_0005_Camera_03_f002160_r009.jpg,None,-1,NOISE,0.0,True,False,-0.21968755,-0.12971605,-0.2196873,-0.12971611,0.24218966
123,Person_0005,Hospital_000__Person_0005,5,5,Camera_10,20,Hospital_000,Person,1,0.6666666666666666,0,5100,/pfs/data6/home/st/st_us-053000/st_st191959/DL-Lab/DataSet/MTMC_Tracking_2025_Preprocessed/val/Hospital_000/crops/Person_0005/Camera_10/Person_0005_Camera_10_f000000_r004.jpg,None,83,Hospital_000__Person_0005,0.45454545454545453,False,False,0.12780301,-0.07715782,0.12780307,-0.0771585,-0.015926898
156,Person_0005,Hospital_000__Person_0005,5,5,Camera_12,22,Hospital_000,Person,1,0.6666666666666666,390,7440,/pfs/data6/home/st/st_us-053000/st_st191959/DL-Lab/DataSet/MTMC_Tracking_2025_Preprocessed/val/Hospital_000/crops/Person_0005/Camera_12/Person_0005_Camera_12_f000390_r000.jpg,None,83,Hospital_000__Person_0005,0.45454545454545453,False,False,0.07074434,-0.05424018,0.07074447,-0.054240704,0.05547352
554,Person_0005,Hospital_000__Person_0005,5,5,Camera_13,23,Hospital_000,Person,1,0.6064981949458483,0,7890,/pfs/data6/home/st/st_us-053000/st_st191959/DL-Lab/DataSet/MTMC_Tracking_2025_Preprocessed/val/Hospital_000/crops/Person_0005/Camera_13/Person_0005_Camera_13_f000000_r001.jpg,None,83,Hospital_000__Person_0005,0.45454545454545453,False,False,0.11609025,0.029378476,0.11609045,0.029377963,0.11999304
527,Person_0005,Hospital_000__Person_0005,5,5,Camera_17,27,Hospital_000,Person,1,0.5920303605313093,30,7860,/pfs/data6/home/st/st_us-053000/st_st191959/DL-Lab/DataSet/MTMC_Tracking_2025_Preprocessed/val/Hospital_000/crops/Person_0005/Camera_17/Person_0005_Camera_17_f000030_r001.jpg,None,83,Hospital_000__Person_0005,0.45454545454545453,False,False,0.12484538,0.041680258,0.12484551,0.04167976,0.07619981
30,Person_0005,Hospital_000__Person_0005,5,5,Camera_23,33,Hospital_000,Person,1,0.6666666666666666,930,5640,/pfs/data6/home/st/st_us-053000/st_st191959/DL-Lab/DataSet/MTMC_Tracking_2025_Preprocessed/val/Hospital_000/crops/Person_0005/Camera_23/Person_0005_Camera_23_f000930_r008.jpg,None,-1,NOISE,0.0,True,False,-0.40658158,-0.09262458,-0.4065818,-0.09262538,0.0422115
5,Person_0005,Hospital_000__Person_0005,5,5,Camera_24,34,Hospital_000,Person,0,0.0,60,4950,/pfs/data6/home/st/st_us-053000/st_st191959/DL-Lab/DataSet/MTMC_Tracking_2025_Preprocessed/val/Hospital_000/crops/Person_0005/Camera_24/Person_0005_Camera_24_f000060_r012.jpg,None,-1,NOISE,0.0,True,False,-0.22896868,-0.064946406,-0.22896823,-0.0649465,0.16729349
14,Person_0005,Hospital_000__Person_0005,5,5,Camera_28,38,Hospital_000,Person,0,0.0,60,5700,/pfs/data6/home/st/st_us-053000/st_st191959/DL-Lab/DataSet/MTMC_Tracking_2025_Preprocessed/val/Hospital_000/crops/Person_0005/Camera_28/Person_0005_Camera_28_f000060_r007.jpg,None,-1,NOISE,0.0,True,False,-0.092518084,-0.033819623,-0.09251761,-0.033819314,0.107643366
27,Person_0006,Hospital_000__Person_0006,6,6,Camera,0,Hospital_000,Person,1,0.6666666666666666,1110,1350,/pfs/data6/home/st/st_us-053000/st_st191959/DL-Lab/DataSet/MTMC_Tracking_2025_Preprocessed/val/Hospital_000/crops/Person_0006/Camera/Person_0006_Camera_f001110_r003.jpg,None,-1,NOISE,0.0,True,False,-0.37599316,0.011079719,-0.37599307,0.011079853,-0.032509495
23,Person_0006,Hospital_000__Person_0006,6,6,Camera_03,13,Hospital_000,Person,0,0.0,150,3930,/pfs/data6/home/st/st_us-053000/st_st191959/DL-Lab/DataSet/MTMC_Tracking_2025_Preprocessed/val/Hospital_000/crops/Person_0006/Camera_03/Person_0006_Camera_03_f000150_r003.jpg,None,43,Hospital_000__Person_0006,1.0,False,False,0.070296295,-0.037630707,0.07029644,-0.037631378,0.025819236
36,Person_0006,Hospital_000__Person_0006,6,6,Camera_04,14,Hospital_000,Person,1,0.6666666666666666,2130,2460,/pfs/data6/home/st/st_us-053000/st_st191959/DL-Lab/DataSet/MTMC_Tracking_2025_Preprocessed/val/Hospital_000/crops/Person_0006/Camera_04/Person_0006_Camera_04_f002130_r003.jpg,None,42,Hospital_000__Person_0006,1.0,False,False,-0.002123995,0.1026311,-0.0021239433,0.10263074,0.10092372
27,Person_0006,Hospital_000__Person_0006,6,6,Camera_07,17,Hospital_000,Person,1,0.6666666666666666,2190,2430,/pfs/data6/home/st/st_us-053000/st_st191959/DL-Lab/DataSet/MTMC_Tracking_2025_Preprocessed/val/Hospital_000/crops/Person_0006/Camera_07/Person_0006_Camera_07_f002190_r000.jpg,None,-1,NOISE,0.0,True,False,0.105733976,0.04920905,0.10573405,0.04920843,0.018586876
180,Person_0006,Hospital_000__Person_0006,6,6,Camera_10,20,Hospital_000,Person,1,0.6666666666666666,1890,7830,/pfs/data6/home/st/st_us-053000/st_st191959/DL-Lab/DataSet/MTMC_Tracking_2025_Preprocessed/val/Hospital_000/crops/Person_0006/Camera_10/Person_0006_Camera_10_f001890_r001.jpg,None,42,Hospital_000__Person_0006,1.0,False,False,-0.027735777,0.074447766,-0.027735932,0.07444652,0.16801824
569,Person_0006,Hospital_000__Person_0006,6,6,Camera_16,26,Hospital_000,Person,1,0.6608084358523726,210,8670,/pfs/data6/home/st/st_us-053000/st_st191959/DL-Lab/DataSet/MTMC_Tracking_2025_Preprocessed/val/Hospital_000/crops/Person_0006/Camera_16/Person_0006_Camera_16_f000210_r001.jpg,None,42,Hospital_000__Person_0006,1.0,False,False,0.03257122,0.12849008,0.03257117,0.12848969,0.1398166
629,Person_0006,Hospital_000__Person_0006,6,6,Camera_21,31,Hospital_000,Person,1,0.6613672496025437,1830,8970,/pfs/data6/home/st/st_us-053000/st_st191959/DL-Lab/DataSet/MTMC_Tracking_2025_Preprocessed/val/Hospital_000/crops/Person_0006/Camera_21/Person_0006_Camera_21_f001830_r001.jpg,None,42,Hospital_000__Person_0006,1.0,False,False,0.049195804,0.1281724,0.049195696,0.1281718,0.1313521
494,Person_0006,Hospital_000__Person_0006,6,6,Camera_23,33,Hospital_000,Person,1,0.6396761133603239,60,8970,/pfs/data6/home/st/st_us-053000/st_st191959/DL-Lab/DataSet/MTMC_Tracking_2025_Preprocessed/val/Hospital_000/crops/Person_0006/Camera_23/Person_0006_Camera_23_f000060_r002.jpg,None,42,Hospital_000__Person_0006,1.0,False,False,0.009213798,0.11528501,0.009213742,0.11528441,0.14457473
34,Person_0006,Hospital_000__Person_0006,6,6,Camera_24,34,Hospital_000,Person,0,0.0,150,3930,/pfs/data6/home/st/st_us-053000/st_st191959/DL-Lab/DataSet/MTMC_Tracking_2025_Preprocessed/val/Hospital_000/crops/Person_0006/Camera_24/Person_0006_Camera_24_f000150_r005.jpg,None,43,Hospital_000__Person_0006,1.0,False,False,0.0033764965,-0.03610765,0.0033768278,-0.03610837,0.097508036
484,Person_0006,Hospital_000__Person_0006,6,6,Camera_25,35,Hospital_000,Person,1,0.6322314049586777,240,8970,/pfs/data6/home/st/st_us-053000/st_st191959/DL-Lab/DataSet/MTMC_Tracking_2025_Preprocessed/val/Hospital_000/crops/Person_0006/Camera_25/Person_0006_Camera_25_f000240_r001.jpg,None,42,Hospital_000__Person_0006,1.0,False,False,-0.03250606,0.09816648,-0.03250615,0.09816607,0.19837323
183,Person_0006,Hospital_000__Person_0006,6,6,Camera_28,38,Hospital_000,Person,1,0.37158469945355194,0,7860,/pfs/data6/home/st/st_us-053000/st_st191959/DL-Lab/DataSet/MTMC_Tracking_2025_Preprocessed/val/Hospital_000/crops/Person_0006/Camera_28/Person_0006_Camera_28_f000000_r002.jpg,None,43,Hospital_000__Person_0006,1.0,False,False,0.025662588,0.017939394,0.025662787,0.017938387,0.07170668
168,Person_0006,Hospital_000__Person_0006,6,6,Camera_29,39,Hospital_000,Person,1,0.6666666666666666,1890,7830,/pfs/data6/home/st/st_us-053000/st_st191959/DL-Lab/DataSet/MTMC_Tracking_2025_Preprocessed/val/Hospital_000/crops/Person_0006/Camera_29/Person_0006_Camera_29_f001890_r001.jpg,None,42,Hospital_000__Person_0006,1.0,False,False,-0.05572591,0.09035925,-0.055725932,0.090358645,0.17884955
228,Person_0006,Hospital_000__Person_0006,6,6,Camera_30,40,Hospital_000,Person,1,0.6666666666666666,3210,8940,/pfs/data6/home/st/st_us-053000/st_st191959/DL-Lab/DataSet/MTMC_Tracking_2025_Preprocessed/val/Hospital_000/crops/Person_0006/Camera_30/Person_0006_Camera_30_f003210_r000.jpg,None,42,Hospital_000__Person_0006,1.0,False,False,-0.048615366,0.08195836,-0.04861539,0.08195786,0.19129512
77,Person_0007,Hospital_000__Person_0007,7,7,Camera,0,Hospital_000,Person,1,0.4675324675324675,390,8730,/pfs/data6/home/st/st_us-053000/st_st191959/DL-Lab/DataSet/MTMC_Tracking_2025_Preprocessed/val/Hospital_000/crops/Person_0007/Camera/Person_0007_Camera_f000390_r005.jpg,None,-1,NOISE,0.0,True,False,-0.022072263,0.15328029,-0.022072133,0.15328093,-0.096785456
88,Person_0007,Hospital_000__Person_0007,7,7,Camera_01,11,Hospital_000,Person,1,0.2727272727272727,5460,8550,/pfs/data6/home/st/st_us-053000/st_st191959/DL-Lab/DataSet/MTMC_Tracking_2025_Preprocessed/val/Hospital_000/crops/Person_0007/Camera_01/Person_0007_Camera_01_f005460_r001.jpg,None,-1,NOISE,0.0,True,False,0.049504865,0.0010897486,0.049504943,0.0010905002,-0.07266655
290,Person_0007,Hospital_000__Person_0007,7,7,Camera_03,13,Hospital_000,Person,1,0.6620689655172414,0,8970,/pfs/data6/home/st/st_us-053000/st_st191959/DL-Lab/DataSet/MTMC_Tracking_2025_Preprocessed/val/Hospital_000/crops/Person_0007/Camera_03/Person_0007_Camera_03_f000000_r007.jpg,None,32,Hospital_000__Person_0007,1.0,False,False,-0.09522234,0.050254896,-0.09522222,0.05025574,0.05414803
9,Person_0007,Hospital_000__Person_0007,7,7,Camera_04,14,Hospital_000,Person,0,0.0,90,4110,/pfs/data6/home/st/st_us-053000/st_st191959/DL-Lab/DataSet/MTMC_Tracking_2025_Preprocessed/val/Hospital_000/crops/Person_0007/Camera_04/Person_0007_Camera_04_f000090_r005.jpg,None,37,Hospital_000__Person_0004,0.3333333333333333,False,True,0.026096625,-0.032276,0.026096744,-0.032275513,-0.10409426
545,Person_0007,Hospital_000__Person_0007,7,7,Camera_05,15,Hospital_000,Person,1,0.6642201834862386,0,8970,/pfs/data6/home/st/st_us-053000/st_st191959/DL-Lab/DataSet/MTMC_Tracking_2025_Preprocessed/val/Hospital_000/crops/Person_0007/Camera_05/Person_0007_Camera_05_f000000_r006.jpg,None,32,Hospital_000__Person_0007,1.0,False,False,-0.048288316,0.069101445,-0.048288226,0.069102205,0.045659088
433,Person_0007,Hospital_000__Person_0007,7,7,Camera_06,16,Hospital_000,Person,1,0.6651270207852193,0,8970,/pfs/data6/home/st/st_us-053000/st_st191959/DL-Lab/DataSet/MTMC_Tracking_2025_Preprocessed/val/Hospital_000/crops/Person_0007/Camera_06/Person_0007_Camera_06_f000000_r005.jpg,None,32,Hospital_000__Person_0007,1.0,False,False,0.03306614,0.07238214,0.03306625,0.072383076,-0.026843356
172,Person_0007,Hospital_000__Person_0007,7,7,Camera_08,18,Hospital_000,Person,1,0.5116279069767442,90,8490,/pfs/data6/home/st/st_us-053000/st_st191959/DL-Lab/DataSet/MTMC_Tracking_2025_Preprocessed/val/Hospital_000/crops/Person_0007/Camera_08/Person_0007_Camera_08_f000090_r006.jpg,None,-1,NOISE,0.0,True,False,0.14685372,-0.00072273676,0.14685377,-0.0007226122,-0.17887416
610,Person_0007,Hospital_000__Person_0007,7,7,Camera_09,19,Hospital_000,Person,1,0.6655737704918033,0,8970,/pfs/data6/home/st/st_us-053000/st_st191959/DL-Lab/DataSet/MTMC_Tracking_2025_Preprocessed/val/Hospital_000/crops/Person_0007/Camera_09/Person_0007_Camera_09_f000000_r005.jpg,None,32,Hospital_000__Person_0007,1.0,False,False,0.052529003,0.0796343,0.05252902,0.07963511,-0.027229575
12,Person_0007,Hospital_000__Person_0007,7,7,Camera_19,29,Hospital_000,Person,1,0.6666666666666666,120,210,/pfs/data6/home/st/st_us-053000/st_st191959/DL-Lab/DataSet/MTMC_Tracking_2025_Preprocessed/val/Hospital_000/crops/Person_0007/Camera_19/Person_0007_Camera_19_f000120_r005.jpg,None,-1,NOISE,0.0,True,False,-0.31875446,-0.0159581,-0.31875464,-0.015958201,-0.074625574
51,Person_0007,Hospital_000__Person_0007,7,7,Camera_20,30,Hospital_000,Person,1,0.6274509803921569,4230,8940,/pfs/data6/home/st/st_us-053000/st_st191959/DL-Lab/DataSet/MTMC_Tracking_2025_Preprocessed/val/Hospital_000/crops/Person_0007/Camera_20/Person_0007_Camera_20_f004230_r002.jpg,None,32,Hospital_000__Person_0007,1.0,False,False,-0.048242602,0.06467052,-0.048242483,0.06467142,0.046614613
300,Person_0007,Hospital_000__Person_0007,7,7,Camera_22,32,Hospital_000,Person,1,0.6666666666666666,0,8970,/pfs/data6/home/st/st_us-053000/st_st191959/DL-Lab/DataSet/MTMC_Tracking_2025_Preprocessed/val/Hospital_000/crops/Person_0007/Camera_22/Person_0007_Camera_22_f000000_r004.jpg,None,32,Hospital_000__Person_0007,1.0,False,False,-0.07861827,0.017201455,-0.07861815,0.017201966,0.05019727
1,Person_0007,Hospital_000__Person_0007,7,7,Camera_23,33,Hospital_000,Person,0,0.0,4740,4740,/pfs/data6/home/st/st_us-053000/st_st191959/DL-Lab/DataSet/MTMC_Tracking_2025_Preprocessed/val/Hospital_000/crops/Person_0007/Camera_23/Person_0007_Camera_23_f004740_r007.jpg,None,-1,NOISE,0.0,True,False,-0.13092653,0.21353012,-0.13092647,0.21353039,-0.06713108
469,Person_0007,Hospital_000__Person_0007,7,7,Camera_24,34,Hospital_000,Person,1,0.6652452025586354,0,8970,/pfs/data6/home/st/st_us-053000/st_st191959/DL-Lab/DataSet/MTMC_Tracking_2025_Preprocessed/val/Hospital_000/crops/Person_0007/Camera_24/Person_0007_Camera_24_f000000_r012.jpg,None,32,Hospital_000__Person_0007,1.0,False,False,-0.11032905,0.058310624,-0.11032892,0.058311332,0.0391818
297,Person_0007,Hospital_000__Person_0007,7,7,Camera_26,36,Hospital_000,Person,1,0.6666666666666666,0,8970,/pfs/data6/home/st/st_us-053000/st_st191959/DL-Lab/DataSet/MTMC_Tracking_2025_Preprocessed/val/Hospital_000/crops/Person_0007/Camera_26/Person_0007_Camera_26_f000000_r003.jpg,None,32,Hospital_000__Person_0007,1.0,False,False,-0.030923223,0.012536659,-0.030922946,0.012537668,0.014914148
73,Person_0007,Hospital_000__Person_0007,7,7,Camera_27,37,Hospital_000,Person,1,0.1643835616438356,90,5880,/pfs/data6/home/st/st_us-053000/st_st191959/DL-Lab/DataSet/MTMC_Tracking_2025_Preprocessed/val/Hospital_000/crops/Person_0007/Camera_27/Person_0007_Camera_27_f000090_r007.jpg,None,-1,NOISE,0.0,True,False,0.05728618,0.046810236,0.05728633,0.04681114,-0.07142369
21,Person_0007,Hospital_000__Person_0007,7,7,Camera_31,41,Hospital_000,Person,1,0.6666666666666666,4470,4650,/pfs/data6/home/st/st_us-053000/st_st191959/DL-Lab/DataSet/MTMC_Tracking_2025_Preprocessed/val/Hospital_000/crops/Person_0007/Camera_31/Person_0007_Camera_31_f004470_r002.jpg,None,-1,NOISE,0.0,True,False,0.069084905,-0.05965607,0.06908501,-0.059655257,-0.09357864
240,Person_0008,Hospital_000__Person_0008,8,8,Camera,0,Hospital_000,Person,1,0.5,240,7800,/pfs/data6/home/st/st_us-053000/st_st191959/DL-Lab/DataSet/MTMC_Tracking_2025_Preprocessed/val/Hospital_000/crops/Person_0008/Camera/Person_0008_Camera_f000240_r003.jpg,None,13,Hospital_000__Person_0008,1.0,False,False,-0.22697069,0.11412792,-0.22697055,0.11412774,-0.15134175
479,Person_0008,Hospital_000__Person_0008,8,8,Camera_03,13,Hospital_000,Person,1,0.6346555323590815,30,8970,/pfs/data6/home/st/st_us-053000/st_st191959/DL-Lab/DataSet/MTMC_Tracking_2025_Preprocessed/val/Hospital_000/crops/Person_0008/Camera_03/Person_0008_Camera_03_f000030_r005.jpg,None,13,Hospital_000__Person_0008,1.0,False,False,-0.21520285,0.13841537,-0.2152029,0.13841538,-0.16210243
29,Person_0008,Hospital_000__Person_0008,8,8,Camera_04,14,Hospital_000,Person,1,0.06896551724137931,1740,2640,/pfs/data6/home/st/st_us-053000/st_st191959/DL-Lab/DataSet/MTMC_Tracking_2025_Preprocessed/val/Hospital_000/crops/Person_0008/Camera_04/Person_0008_Camera_04_f001740_r004.jpg,None,13,Hospital_000__Person_0008,1.0,False,False,-0.07090841,0.0023111405,-0.070908256,0.0023107966,-0.07864383
145,Person_0008,Hospital_000__Person_0008,8,8,Camera_05,15,Hospital_000,Person,1,0.6482758620689655,1740,8970,/pfs/data6/home/st/st_us-053000/st_st191959/DL-Lab/DataSet/MTMC_Tracking_2025_Preprocessed/val/Hospital_000/crops/Person_0008/Camera_05/Person_0008_Camera_05_f001740_r006.jpg,None,13,Hospital_000__Person_0008,1.0,False,False,-0.15028885,0.11701523,-0.15028888,0.1170151,-0.2083023
425,Person_0008,Hospital_000__Person_0008,8,8,Camera_06,16,Hospital_000,Person,1,0.6635294117647059,1590,8970,/pfs/data6/home/st/st_us-053000/st_st191959/DL-Lab/DataSet/MTMC_Tracking_2025_Preprocessed/val/Hospital_000/crops/Person_0008/Camera_06/Person_0008_Camera_06_f001590_r006.jpg,None,13,Hospital_000__Person_0008,1.0,False,False,-0.25589618,0.07037991,-0.25589618,0.07037982,-0.17137155
157,Person_0008,Hospital_000__Person_0008,8,8,Camera_08,18,Hospital_000,Person,1,0.5605095541401274,1830,8970,/pfs/data6/home/st/st_us-053000/st_st191959/DL-Lab/DataSet/MTMC_Tracking_2025_Preprocessed/val/Hospital_000/crops/Person_0008/Camera_08/Person_0008_Camera_08_f001830_r006.jpg,None,13,Hospital_000__Person_0008,1.0,False,False,-0.30838737,0.048565358,-0.30838722,0.04856508,-0.20038491
330,Person_0008,Hospital_000__Person_0008,8,8,Camera_09,19,Hospital_000,Person,1,0.6666666666666666,1650,8970,/pfs/data6/home/st/st_us-053000/st_st191959/DL-Lab/DataSet/MTMC_Tracking_2025_Preprocessed/val/Hospital_000/crops/Person_0008/Camera_09/Person_0008_Camera_09_f001650_r004.jpg,None,13,Hospital_000__Person_0008,1.0,False,False,-0.29956168,0.08501183,-0.2995619,0.08501165,-0.17774351
33,Person_0008,Hospital_000__Person_0008,8,8,Camera_18,28,Hospital_000,Person,1,0.6666666666666666,2160,2460,/pfs/data6/home/st/st_us-053000/st_st191959/DL-Lab/DataSet/MTMC_Tracking_2025_Preprocessed/val/Hospital_000/crops/Person_0008/Camera_18/Person_0008_Camera_18_f002160_r002.jpg,None,13,Hospital_000__Person_0008,1.0,False,False,-0.3410451,0.081140794,-0.34104523,0.08114079,-0.14143263
84,Person_0008,Hospital_000__Person_0008,8,8,Camera_19,29,Hospital_000,Person,1,0.6666666666666666,1740,2730,/pfs/data6/home/st/st_us-053000/st_st191959/DL-Lab/DataSet/MTMC_Tracking_2025_Preprocessed/val/Hospital_000/crops/Person_0008/Camera_19/Person_0008_Camera_19_f001740_r005.jpg,None,13,Hospital_000__Person_0008,1.0,False,False,-0.4030242,0.06051059,-0.4030245,0.06051058,-0.1587561
49,Person_0008,Hospital_000__Person_0008,8,8,Camera_20,30,Hospital_000,Person,1,0.5306122448979592,3600,5610,/pfs/data6/home/st/st_us-053000/st_st191959/DL-Lab/DataSet/MTMC_Tracking_2025_Preprocessed/val/Hospital_000/crops/Person_0008/Camera_20/Person_0008_Camera_20_f003600_r003.jpg,None,13,Hospital_000__Person_0008,1.0,False,False,-0.10800442,0.156118,-0.10800459,0.1561176,-0.1304984
269,Person_0008,Hospital_000__Person_0008,8,8,Camera_22,32,Hospital_000,Person,1,0.6617100371747212,1680,8970,/pfs/data6/home/st/st_us-053000/st_st191959/DL-Lab/DataSet/MTMC_Tracking_2025_Preprocessed/val/Hospital_000/crops/Person_0008/Camera_22/Person_0008_Camera_22_f001680_r005.jpg,None,13,Hospital_000__Person_0008,1.0,False,False,-0.1036473,0.13253894,-0.103647515,0.13253862,-0.19921495
53,Person_0008,Hospital_000__Person_0008,8,8,Camera_23,33,Hospital_000,Person,1,0.18867924528301888,0,7440,/pfs/data6/home/st/st_us-053000/st_st191959/DL-Lab/DataSet/MTMC_Tracking_2025_Preprocessed/val/Hospital_000/crops/Person_0008/Camera_23/Person_0008_Camera_23_f000000_r007.jpg,None,13,Hospital_000__Person_0008,1.0,False,False,-0.1465189,0.05679194,-0.14651869,0.05679153,-0.0989316
588,Person_0008,Hospital_000__Person_0008,8,8,Camera_24,34,Hospital_000,Person,1,0.6462585034013606,30,8970,/pfs/data6/home/st/st_us-053000/st_st191959/DL-Lab/DataSet/MTMC_Tracking_2025_Preprocessed/val/Hospital_000/crops/Person_0008/Camera_24/Person_0008_Camera_24_f000030_r011.jpg,None,13,Hospital_000__Person_0008,1.0,False,False,-0.22441885,0.136433,-0.2244189,0.13643299,-0.17834842
5,Person_0008,Hospital_000__Person_0008,8,8,Camera_25,35,Hospital_000,Person,0,0.0,120,930,/pfs/data6/home/st/st_us-053000/st_st191959/DL-Lab/DataSet/MTMC_Tracking_2025_Preprocessed/val/Hospital_000/crops/Person_0008/Camera_25/Person_0008_Camera_25_f000120_r001.jpg,None,-1,NOISE,0.0,True,False,-0.29273242,-0.051524922,-0.29273212,-0.051524453,-0.1842642
225,Person_0008,Hospital_000__Person_0008,8,8,Camera_26,36,Hospital_000,Person,1,0.6666666666666666,1710,8970,/pfs/data6/home/st/st_us-053000/st_st191959/DL-Lab/DataSet/MTMC_Tracking_2025_Preprocessed/val/Hospital_000/crops/Person_0008/Camera_26/Person_0008_Camera_26_f001710_r004.jpg,None,13,Hospital_000__Person_0008,1.0,False,False,-0.19549355,0.09546757,-0.19549365,0.0954672,-0.21399558
91,Person_0008,Hospital_000__Person_0008,8,8,Camera_27,37,Hospital_000,Person,1,0.5934065934065934,1830,8790,/pfs/data6/home/st/st_us-053000/st_st191959/DL-Lab/DataSet/MTMC_Tracking_2025_Preprocessed/val/Hospital_000/crops/Person_0008/Camera_27/Person_0008_Camera_27_f001830_r007.jpg,None,13,Hospital_000__Person_0008,1.0,False,False,-0.25926584,0.06724113,-0.25926575,0.067240804,-0.18985412
148,Person_0008,Hospital_000__Person_0008,8,8,Camera_28,38,Hospital_000,Person,1,0.6621621621621622,0,1470,/pfs/data6/home/st/st_us-053000/st_st191959/DL-Lab/DataSet/MTMC_Tracking_2025_Preprocessed/val/Hospital_000/crops/Person_0008/Camera_28/Person_0008_Camera_28_f000000_r006.jpg,None,13,Hospital_000__Person_0008,1.0,False,False,-0.34323156,0.06907245,-0.34323168,0.06907226,-0.16881804
237,Person_0008,Hospital_000__Person_0008,8,8,Camera_31,41,Hospital_000,Person,1,0.6666666666666666,3990,7020,/pfs/data6/home/st/st_us-053000/st_st191959/DL-Lab/DataSet/MTMC_Tracking_2025_Preprocessed/val/Hospital_000/crops/Person_0008/Camera_31/Person_0008_Camera_31_f003990_r004.jpg,None,-1,NOISE,0.0,True,False,-0.2158557,0.07978855,-0.2158555,0.079789236,-0.15854125
273,Person_0009,Hospital_000__Person_0009,9,9,Camera,0,Hospital_000,Person,1,0.6666666666666666,4980,8970,/pfs/data6/home/st/st_us-053000/st_st191959/DL-Lab/DataSet/MTMC_Tracking_2025_Preprocessed/val/Hospital_000/crops/Person_0009/Camera/Person_0009_Camera_f004980_r004.jpg,None,63,Hospital_000__Person_0009,1.0,False,False,0.17020631,0.24202195,0.1702058,0.24202298,-0.060436144
336,Person_0009,Hospital_000__Person_0009,9,9,Camera_03,13,Hospital_000,Person,1,0.5178571428571429,180,8970,/pfs/data6/home/st/st_us-053000/st_st191959/DL-Lab/DataSet/MTMC_Tracking_2025_Preprocessed/val/Hospital_000/crops/Person_0009/Camera_03/Person_0009_Camera_03_f000180_r007.jpg,None,63,Hospital_000__Person_0009,1.0,False,False,0.19974351,0.2021951,0.1997433,0.2021957,-0.066484906
83,Person_0009,Hospital_000__Person_0009,9,9,Camera_04,14,Hospital_000,Person,1,0.14457831325301204,180,7950,/pfs/data6/home/st/st_us-053000/st_st191959/DL-Lab/DataSet/MTMC_Tracking_2025_Preprocessed/val/Hospital_000/crops/Person_0009/Camera_04/Person_0009_Camera_04_f000180_r002.jpg,None,-1,NOISE,0.0,True,False,0.17734608,0.27217177,0.17734583,0.27217242,-0.033480655
278,Person_0009,Hospital_000__Person_0009,9,9,Camera_05,15,Hospital_000,Person,1,0.60431654676259,0,7950,/pfs/data6/home/st/st_us-053000/st_st191959/DL-Lab/DataSet/MTMC_Tracking_2025_Preprocessed/val/Hospital_000/crops/Person_0009/Camera_05/Person_0009_Camera_05_f000000_r004.jpg,None,-1,NOISE,0.0,True,False,-0.19194987,0.32216638,-0.19194993,0.32216725,0.13195217
91,Person_0009,Hospital_000__Person_0009,9,9,Camera_06,16,Hospital_000,Person,1,0.6593406593406593,4710,8970,/pfs/data6/home/st/st_us-053000/st_st191959/DL-Lab/DataSet/MTMC_Tracking_2025_Preprocessed/val/Hospital_000/crops/Person_0009/Camera_06/Person_0009_Camera_06_f004710_r008.jpg,None,63,Hospital_000__Person_0009,1.0,False,False,0.17232752,0.22790946,0.17232719,0.22790977,-0.015685722
498,Person_0009,Hospital_000__Person_0009,9,9,Camera_08,18,Hospital_000,Person,1,0.6506024096385542,0,7950,/pfs/data6/home/st/st_us-053000/st_st191959/DL-Lab/DataSet/MTMC_Tracking_2025_Preprocessed/val/Hospital_000/crops/Person_0009/Camera_08/Person_0009_Camera_08_f000000_r004.jpg,None,64,Hospital_000__Person_0009,1.0,False,False,0.06592461,0.3766197,0.0659241,0.37662014,0.047021307
72,Person_0009,Hospital_000__Person_0009,9,9,Camera_09,19,Hospital_000,Person,1,0.6666666666666666,4740,8010,/pfs/data6/home/st/st_us-053000/st_st191959/DL-Lab/DataSet/MTMC_Tracking_2025_Preprocessed/val/Hospital_000/crops/Person_0009/Camera_09/Person_0009_Camera_09_f004740_r008.jpg,None,64,Hospital_000__Person_0009,1.0,False,False,0.08841773,0.35771292,0.088417485,0.35771358,0.040681608
174,Person_0009,Hospital_000__Person_0009,9,9,Camera_18,28,Hospital_000,Person,1,0.6666666666666666,2670,7560,/pfs/data6/home/st/st_us-053000/st_st191959/DL-Lab/DataSet/MTMC_Tracking_2025_Preprocessed/val/Hospital_000/crops/Person_0009/Camera_18/Person_0009_Camera_18_f002670_r001.jpg,None,-1,NOISE,0.0,True,False,-0.00043402004,0.3560348,-0.00043457907,0.3560348,0.06431095
506,Person_0009,Hospital_000__Person_0009,9,9,Camera_19,29,Hospital_000,Person,1,0.6521739130434783,120,7920,/pfs/data6/home/st/st_us-053000/st_st191959/DL-Lab/DataSet/MTMC_Tracking_2025_Preprocessed/val/Hospital_000/crops/Person_0009/Camera_19/Person_0009_Camera_19_f000120_r002.jpg,None,-1,NOISE,0.0,True,False,0.06471821,0.363742,0.06471767,0.36374277,0.050466843
396,Person_0009,Hospital_000__Person_0009,9,9,Camera_22,32,Hospital_000,Person,1,0.6313131313131313,0,7980,/pfs/data6/home/st/st_us-053000/st_st191959/DL-Lab/DataSet/MTMC_Tracking_2025_Preprocessed/val/Hospital_000/crops/Person_0009/Camera_22/Person_0009_Camera_22_f000000_r003.jpg,None,-1,NOISE,0.0,True,False,-0.024489675,0.36788055,-0.024489995,0.36788136,0.13023601
47,Person_0009,Hospital_000__Person_0009,9,9,Camera_23,33,Hospital_000,Person,0,0.0,5130,8850,/pfs/data6/home/st/st_us-053000/st_st191959/DL-Lab/DataSet/MTMC_Tracking_2025_Preprocessed/val/Hospital_000/crops/Person_0009/Camera_23/Person_0009_Camera_23_f005130_r003.jpg,None,-1,NOISE,0.0,True,False,0.19623165,0.10828127,0.19623126,0.10828099,-0.12502289
600,Person_0009,Hospital_000__Person_0009,9,9,Camera_24,34,Hospital_000,Person,1,0.6,0,8970,/pfs/data6/home/st/st_us-053000/st_st191959/DL-Lab/DataSet/MTMC_Tracking_2025_Preprocessed/val/Hospital_000/crops/Person_0009/Camera_24/Person_0009_Camera_24_f000000_r008.jpg,None,64,Hospital_000__Person_0009,1.0,False,False,0.07825064,0.33726564,0.07825036,0.3372665,0.05324185
334,Person_0009,Hospital_000__Person_0009,9,9,Camera_26,36,Hospital_000,Person,1,0.6646706586826348,0,7980,/pfs/data6/home/st/st_us-053000/st_st191959/DL-Lab/DataSet/MTMC_Tracking_2025_Preprocessed/val/Hospital_000/crops/Person_0009/Camera_26/Person_0009_Camera_26_f000000_r002.jpg,None,-1,NOISE,0.0,True,False,-0.1326165,0.2078582,-0.13261662,0.20785941,0.15237106
226,Person_0009,Hospital_000__Person_0009,9,9,Camera_27,37,Hospital_000,Person,1,0.6017699115044248,150,7950,/pfs/data6/home/st/st_us-053000/st_st191959/DL-Lab/DataSet/MTMC_Tracking_2025_Preprocessed/val/Hospital_000/crops/Person_0009/Camera_27/Person_0009_Camera_27_f000150_r003.jpg,None,63,Hospital_000__Person_0009,1.0,False,False,0.18414623,0.27447167,0.18414584,0.2744724,-0.045698326
228,Person_0009,Hospital_000__Person_0009,9,9,Camera_28,38,Hospital_000,Person,1,0.6666666666666666,5100,8850,/pfs/data6/home/st/st_us-053000/st_st191959/DL-Lab/DataSet/MTMC_Tracking_2025_Preprocessed/val/Hospital_000/crops/Person_0009/Camera_28/Person_0009_Camera_28_f005100_r002.jpg,None,63,Hospital_000__Person_0009,1.0,False,False,0.16237596,0.2856749,0.16237555,0.28567597,-0.026887497
4,Person_0010,Hospital_000__Person_0010,10,10,Camera_03,13,Hospital_000,Person,0,0.0,2460,7890,/pfs/data6/home/st/st_us-053000/st_st191959/DL-Lab/DataSet/MTMC_Tracking_2025_Preprocessed/val/Hospital_000/crops/Person_0010/Camera_03/Person_0010_Camera_03_f002460_r003.jpg,None,20,Hospital_000__Person_0010,1.0,False,False,-0.07089245,0.034587383,-0.070891984,0.034587808,-0.08659901
100,Person_0010,Hospital_000__Person_0010,10,10,Camera_04,14,Hospital_000,Person,1,0.66,780,3210,/pfs/data6/home/st/st_us-053000/st_st191959/DL-Lab/DataSet/MTMC_Tracking_2025_Preprocessed/val/Hospital_000/crops/Person_0010/Camera_04/Person_0010_Camera_04_f000780_r002.jpg,None,-1,NOISE,0.0,True,False,0.14018805,-0.0056526023,0.14018813,-0.0056525776,-0.16588677
53,Person_0010,Hospital_000__Person_0010,10,10,Camera_07,17,Hospital_000,Person,1,0.37735849056603776,810,3240,/pfs/data6/home/st/st_us-053000/st_st191959/DL-Lab/DataSet/MTMC_Tracking_2025_Preprocessed/val/Hospital_000/crops/Person_0010/Camera_07/Person_0010_Camera_07_f000810_r000.jpg,None,40,Hospital_000__Person_0010,1.0,False,False,0.1954243,0.035344772,0.19542462,0.035345253,-0.12800692
283,Person_0010,Hospital_000__Person_0010,10,10,Camera_10,20,Hospital_000,Person,1,0.6643109540636042,0,3660,/pfs/data6/home/st/st_us-053000/st_st191959/DL-Lab/DataSet/MTMC_Tracking_2025_Preprocessed/val/Hospital_000/crops/Person_0010/Camera_10/Person_0010_Camera_10_f000000_r000.jpg,None,40,Hospital_000__Person_0010,1.0,False,False,0.1301347,0.0024921743,0.13013494,0.0024925913,-0.1387798
558,Person_0010,Hospital_000__Person_0010,10,10,Camera_16,26,Hospital_000,Person,1,0.6666666666666666,0,8970,/pfs/data6/home/st/st_us-053000/st_st191959/DL-Lab/DataSet/MTMC_Tracking_2025_Preprocessed/val/Hospital_000/crops/Person_0010/Camera_16/Person_0010_Camera_16_f000000_r000.jpg,None,40,Hospital_000__Person_0010,1.0,False,False,0.0037153654,0.08382871,0.0037156618,0.08382922,-0.0792268
5,Person_0010,Hospital_000__Person_0010,10,10,Camera_19,29,Hospital_000,Person,1,0.4,2790,3210,/pfs/data6/home/st/st_us-053000/st_st191959/DL-Lab/DataSet/MTMC_Tracking_2025_Preprocessed/val/Hospital_000/crops/Person_0010/Camera_19/Person_0010_Camera_19_f002790_r004.jpg,None,-1,NOISE,0.0,True,False,0.039401535,0.056677096,0.03940163,0.056676954,-0.0985854
610,Person_0010,Hospital_000__Person_0010,10,10,Camera_21,31,Hospital_000,Person,1,0.6655737704918033,0,8970,/pfs/data6/home/st/st_us-053000/st_st191959/DL-Lab/DataSet/MTMC_Tracking_2025_Preprocessed/val/Hospital_000/crops/Person_0010/Camera_21/Person_0010_Camera_21_f000000_r000.jpg,None,40,Hospital_000__Person_0010,1.0,False,False,0.030147532,0.113064066,0.030147733,0.11306459,-0.079814404
358,Person_0010,Hospital_000__Person_0010,10,10,Camera_23,33,Hospital_000,Person,1,0.6536312849162011,0,8970,/pfs/data6/home/st/st_us-053000/st_st191959/DL-Lab/DataSet/MTMC_Tracking_2025_Preprocessed/val/Hospital_000/crops/Person_0010/Camera_23/Person_0010_Camera_23_f000000_r001.jpg,None,40,Hospital_000__Person_0010,1.0,False,False,0.08479384,0.073094204,0.08479405,0.07309494,-0.095087945
8,Person_0010,Hospital_000__Person_0010,10,10,Camera_24,34,Hospital_000,Person,0,0.0,690,7890,/pfs/data6/home/st/st_us-053000/st_st191959/DL-Lab/DataSet/MTMC_Tracking_2025_Preprocessed/val/Hospital_000/crops/Person_0010/Camera_24/Person_0010_Camera_24_f000690_r005.jpg,None,20,Hospital_000__Person_0010,1.0,False,False,-0.10865416,0.022081738,-0.10865382,0.022081846,-0.09462911
372,Person_0010,Hospital_000__Person_0010,10,10,Camera_25,35,Hospital_000,Person,1,0.6666666666666666,1410,8850,/pfs/data6/home/st/st_us-053000/st_st191959/DL-Lab/DataSet/MTMC_Tracking_2025_Preprocessed/val/Hospital_000/crops/Person_0010/Camera_25/Person_0010_Camera_25_f001410_r000.jpg,None,-1,NOISE,0.0,True,False,0.019892229,0.050003666,0.01989272,0.050004072,-0.07461847
47,Person_0010,Hospital_000__Person_0010,10,10,Camera_28,38,Hospital_000,Person,1,0.1702127659574468,690,8310,/pfs/data6/home/st/st_us-053000/st_st191959/DL-Lab/DataSet/MTMC_Tracking_2025_Preprocessed/val/Hospital_000/crops/Person_0010/Camera_28/Person_0010_Camera_28_f000690_r001.jpg,None,20,Hospital_000__Person_0010,1.0,False,False,-0.1347789,0.11075385,-0.13477814,0.11075462,-0.112368934
327,Person_0010,Hospital_000__Person_0010,10,10,Camera_29,39,Hospital_000,Person,1,0.6666666666666666,0,3660,/pfs/data6/home/st/st_us-053000/st_st191959/DL-Lab/DataSet/MTMC_Tracking_2025_Preprocessed/val/Hospital_000/crops/Person_0010/Camera_29/Person_0010_Camera_29_f000000_r000.jpg,None,40,Hospital_000__Person_0010,1.0,False,False,-0.040860422,0.14677419,-0.040860172,0.14677478,-0.03915364
266,Person_0010,Hospital_000__Person_0010,10,10,Camera_30,40,Hospital_000,Person,1,0.6466165413533834,3780,8850,/pfs/data6/home/st/st_us-053000/st_st191959/DL-Lab/DataSet/MTMC_Tracking_2025_Preprocessed/val/Hospital_000/crops/Person_0010/Camera_30/Person_0010_Camera_30_f003780_r000.jpg,None,40,Hospital_000__Person_0010,1.0,False,False,-0.0045257485,0.11163058,-0.004525508,0.11163106,-0.06317768
48,Person_0011,Hospital_000__Person_0011,11,11,Camera_03,13,Hospital_000,Person,0,0.0,120,6840,/pfs/data6/home/st/st_us-053000/st_st191959/DL-Lab/DataSet/MTMC_Tracking_2025_Preprocessed/val/Hospital_000/crops/Person_0011/Camera_03/Person_0011_Camera_03_f000120_r011.jpg,None,70,Hospital_000__Person_0011,0.5,False,False,-0.015844105,-0.22819021,-0.015843967,-0.22819072,0.16554254
121,Person_0011,Hospital_000__Person_0011,11,11,Camera_04,14,Hospital_000,Person,1,0.6611570247933884,7350,8970,/pfs/data6/home/st/st_us-053000/st_st191959/DL-Lab/DataSet/MTMC_Tracking_2025_Preprocessed/val/Hospital_000/crops/Person_0011/Camera_04/Person_0011_Camera_04_f007350_r008.jpg,None,-1,NOISE,0.0,True,False,-0.08797059,-0.23295262,-0.08797046,-0.23295352,0.20196065
140,Person_0011,Hospital_000__Person_0011,11,11,Camera_07,17,Hospital_000,Person,1,0.6428571428571429,4140,8970,/pfs/data6/home/st/st_us-053000/st_st191959/DL-Lab/DataSet/MTMC_Tracking_2025_Preprocessed/val/Hospital_000/crops/Person_0011/Camera_07/Person_0011_Camera_07_f004140_r002.jpg,None,-1,NOISE,0.0,True,False,0.05075682,-0.2036985,0.050756864,-0.20369864,0.24562298
271,Person_0011,Hospital_000__Person_0011,11,11,Camera_10,20,Hospital_000,Person,1,0.6642066420664207,780,8820,/pfs/data6/home/st/st_us-053000/st_st191959/DL-Lab/DataSet/MTMC_Tracking_2025_Preprocessed/val/Hospital_000/crops/Person_0011/Camera_10/Person_0011_Camera_10_f000780_r001.jpg,None,-1,NOISE,0.0,True,False,-0.035927072,-0.1941106,-0.03592706,-0.19411096,0.2850065
456,Person_0011,Hospital_000__Person_0011,11,11,Camera_16,26,Hospital_000,Person,1,0.6666666666666666,0,8820,/pfs/data6/home/st/st_us-053000/st_st191959/DL-Lab/DataSet/MTMC_Tracking_2025_Preprocessed/val/Hospital_000/crops/Person_0011/Camera_16/Person_0011_Camera_16_f000000_r003.jpg,None,72,Hospital_000__Person_0011,0.8571428571428571,False,False,0.0060901158,-0.20827167,0.006090235,-0.20827237,0.22360513
35,Person_0011,Hospital_000__Person_0011,11,11,Camera_19,29,Hospital_000,Person,1,0.05714285714285714,4320,8910,/pfs/data6/home/st/st_us-053000/st_st191959/DL-Lab/DataSet/MTMC_Tracking_2025_Preprocessed/val/Hospital_000/crops/Person_0011/Camera_19/Person_0011_Camera_19_f004320_r007.jpg,None,-1,NOISE,0.0,True,False,0.041455287,-0.2535482,0.041455593,-0.25354812,0.11568027
687,Person_0011,Hospital_000__Person_0011,11,11,Camera_21,31,Hospital_000,Person,1,0.6637554585152838,690,8970,/pfs/data6/home/st/st_us-053000/st_st191959/DL-Lab/DataSet/MTMC_Tracking_2025_Preprocessed/val/Hospital_000/crops/Person_0011/Camera_21/Person_0011_Camera_21_f000690_r006.jpg,None,72,Hospital_000__Person_0011,0.8571428571428571,False,False,0.10196023,-0.20251453,0.1019603,-0.20251498,0.15923227
452,Person_0011,Hospital_000__Person_0011,11,11,Camera_23,33,Hospital_000,Person,1,0.6637168141592921,0,7260,/pfs/data6/home/st/st_us-053000/st_st191959/DL-Lab/DataSet/MTMC_Tracking_2025_Preprocessed/val/Hospital_000/crops/Person_0011/Camera_23/Person_0011_Camera_23_f000000_r010.jpg,None,72,Hospital_000__Person_0011,0.8571428571428571,False,False,0.0950224,-0.238102,0.09502248,-0.23810272,0.15612812
66,Person_0011,Hospital_000__Person_0011,11,11,Camera_24,34,Hospital_000,Person,1,0.030303030303030304,120,7050,/pfs/data6/home/st/st_us-053000/st_st191959/DL-Lab/DataSet/MTMC_Tracking_2025_Preprocessed/val/Hospital_000/crops/Person_0011/Camera_24/Person_0011_Camera_24_f000120_r016.jpg,None,70,Hospital_000__Person_0011,0.5,False,False,-0.0048478236,-0.21056303,-0.0048477068,-0.21056369,0.15924712
281,Person_0011,Hospital_000__Person_0011,11,11,Camera_25,35,Hospital_000,Person,1,0.6548042704626335,450,7050,/pfs/data6/home/st/st_us-053000/st_st191959/DL-Lab/DataSet/MTMC_Tracking_2025_Preprocessed/val/Hospital_000/crops/Person_0011/Camera_25/Person_0011_Camera_25_f000450_r002.jpg,None,72,Hospital_000__Person_0011,0.8571428571428571,False,False,0.12917627,-0.19987918,0.12917635,-0.19987956,0.15798713
214,Person_0011,Hospital_000__Person_0011,11,11,Camera_28,38,Hospital_000,Person,1,0.5233644859813084,0,7290,/pfs/data6/home/st/st_us-053000/st_st191959/DL-Lab/DataSet/MTMC_Tracking_2025_Preprocessed/val/Hospital_000/crops/Person_0011/Camera_28/Person_0011_Camera_28_f000000_r008.jpg,None,70,Hospital_000__Person_0011,0.5,False,False,0.07822566,-0.18267243,0.078225754,-0.18267313,0.088985816
325,Person_0011,Hospital_000__Person_0011,11,11,Camera_29,39,Hospital_000,Person,1,0.6646153846153846,780,8970,/pfs/data6/home/st/st_us-053000/st_st191959/DL-Lab/DataSet/MTMC_Tracking_2025_Preprocessed/val/Hospital_000/crops/Person_0011/Camera_29/Person_0011_Camera_29_f000780_r004.jpg,None,72,Hospital_000__Person_0011,0.8571428571428571,False,False,0.12390449,-0.2016697,0.123904616,-0.20166986,0.12213203
210,Person_0011,Hospital_000__Person_0011,11,11,Camera_30,40,Hospital_000,Person,1,0.6666666666666666,1200,3270,/pfs/data6/home/st/st_us-053000/st_st191959/DL-Lab/DataSet/MTMC_Tracking_2025_Preprocessed/val/Hospital_000/crops/Person_0011/Camera_30/Person_0011_Camera_30_f001200_r001.jpg,None,72,Hospital_000__Person_0011,0.8571428571428571,False,False,0.083509885,-0.17165792,0.08351009,-0.17165813,0.14912948
21,Person_0012,Hospital_000__Person_0012,12,12,Camera,0,Hospital_000,Person,0,0.0,810,2880,/pfs/data6/home/st/st_us-053000/st_st191959/DL-Lab/DataSet/MTMC_Tracking_2025_Preprocessed/val/Hospital_000/crops/Person_0012/Camera/Person_0012_Camera_f000810_r001.jpg,None,-1,NOISE,0.0,True,False,0.02630872,0.24312036,0.026308423,0.24311973,-0.12498431
584,Person_0012,Hospital_000__Person_0012,12,12,Camera_01,11,Hospital_000,Person,1,0.5513698630136986,1140,8970,/pfs/data6/home/st/st_us-053000/st_st191959/DL-Lab/DataSet/MTMC_Tracking_2025_Preprocessed/val/Hospital_000/crops/Person_0012/Camera_01/Person_0012_Camera_01_f001140_r002.jpg,None,-1,NOISE,0.0,True,False,0.013715224,0.10028496,0.013715149,0.10028351,-0.33008227
45,Person_0012,Hospital_000__Person_0012,12,12,Camera_03,13,Hospital_000,Person,1,0.6666666666666666,0,420,/pfs/data6/home/st/st_us-053000/st_st191959/DL-Lab/DataSet/MTMC_Tracking_2025_Preprocessed/val/Hospital_000/crops/Person_0012/Camera_03/Person_0012_Camera_03_f000000_r000.jpg,None,-1,NOISE,0.0,True,False,-0.34824,0.05680244,-0.34824002,0.056802597,-0.20583034
813,Person_0012,Hospital_000__Person_0012,12,12,Camera_05,15,Hospital_000,Person,1,0.6666666666666666,90,8970,/pfs/data6/home/st/st_us-053000/st_st191959/DL-Lab/DataSet/MTMC_Tracking_2025_Preprocessed/val/Hospital_000/crops/Person_0012/Camera_05/Person_0012_Camera_05_f000090_r003.jpg,None,-1,NOISE,0.0,True,False,0.071466744,-0.0044409228,0.07146611,-0.0044416045,-0.3171929
9,Person_0012,Hospital_000__Person_0012,12,12,Camera_06,16,Hospital_000,Person,1,0.6666666666666666,0,60,/pfs/data6/home/st/st_us-053000/st_st191959/DL-Lab/DataSet/MTMC_Tracking_2025_Preprocessed/val/Hospital_000/crops/Person_0012/Camera_06/Person_0012_Camera_06_f000000_r001.jpg,None,-1,NOISE,0.0,True,False,-0.05832836,0.26007923,-0.05832871,0.260079,-0.13370195
9,Person_0012,Hospital_000__Person_0012,12,12,Camera_08,18,Hospital_000,Person,1,0.2222222222222222,480,2760,/pfs/data6/home/st/st_us-053000/st_st191959/DL-Lab/DataSet/MTMC_Tracking_2025_Preprocessed/val/Hospital_000/crops/Person_0012/Camera_08/Person_0012_Camera_08_f000480_r001.jpg,None,-1,NOISE,0.0,True,False,0.13126883,0.10063585,0.1312688,0.10063615,-0.097133584
72,Person_0012,Hospital_000__Person_0012,12,12,Camera_09,19,Hospital_000,Person,1,0.6666666666666666,0,690,/pfs/data6/home/st/st_us-053000/st_st191959/DL-Lab/DataSet/MTMC_Tracking_2025_Preprocessed/val/Hospital_000/crops/Person_0012/Camera_09/Person_0012_Camera_09_f000000_r001.jpg,None,-1,NOISE,0.0,True,False,0.0177243,0.24891926,0.017723659,0.24891855,-0.2095441
27,Person_0012,Hospital_000__Person_0012,12,12,Camera_14,24,Hospital_000,Person,1,0.6666666666666666,1170,1410,/pfs/data6/home/st/st_us-053000/st_st191959/DL-Lab/DataSet/MTMC_Tracking_2025_Preprocessed/val/Hospital_000/crops/Person_0012/Camera_14/Person_0012_Camera_14_f001170_r001.jpg,None,-1,NOISE,0.0,True,False,-0.14935106,0.17129219,-0.14935158,0.17129141,-0.21945097
27,Person_0012,Hospital_000__Person_0012,12,12,Camera_20,30,Hospital_000,Person,1,0.6666666666666666,450,690,/pfs/data6/home/st/st_us-053000/st_st191959/DL-Lab/DataSet/MTMC_Tracking_2025_Preprocessed/val/Hospital_000/crops/Person_0012/Camera_20/Person_0012_Camera_20_f000450_r000.jpg,None,-1,NOISE,0.0,True,False,0.089242026,0.21995844,0.089241564,0.21995759,-0.22301981
46,Person_0012,Hospital_000__Person_0012,12,12,Camera_22,32,Hospital_000,Person,1,0.6521739130434783,0,450,/pfs/data6/home/st/st_us-053000/st_st191959/DL-Lab/DataSet/MTMC_Tracking_2025_Preprocessed/val/Hospital_000/crops/Person_0012/Camera_22/Person_0012_Camera_22_f000000_r001.jpg,None,-1,NOISE,0.0,True,False,-0.34529662,0.03501676,-0.3452968,0.03501676,-0.21062116
48,Person_0012,Hospital_000__Person_0012,12,12,Camera_24,34,Hospital_000,Person,1,0.6666666666666666,0,450,/pfs/data6/home/st/st_us-053000/st_st191959/DL-Lab/DataSet/MTMC_Tracking_2025_Preprocessed/val/Hospital_000/crops/Person_0012/Camera_24/Person_0012_Camera_24_f000000_r002.jpg,None,-1,NOISE,0.0,True,False,-0.19763619,0.07612286,-0.19763677,0.07612175,-0.26444063
9,Person_0012,Hospital_000__Person_0012,12,12,Camera_26,36,Hospital_000,Person,1,0.6666666666666666,30,90,/pfs/data6/home/st/st_us-053000/st_st191959/DL-Lab/DataSet/MTMC_Tracking_2025_Preprocessed/val/Hospital_000/crops/Person_0012/Camera_26/Person_0012_Camera_26_f000030_r001.jpg,None,-1,NOISE,0.0,True,False,-0.16809344,0.055575896,-0.16809392,0.055575263,-0.3157783
4,Person_0012,Hospital_000__Person_0012,12,12,Camera_27,37,Hospital_000,Person,0,0.0,480,3240,/pfs/data6/home/st/st_us-053000/st_st191959/DL-Lab/DataSet/MTMC_Tracking_2025_Preprocessed/val/Hospital_000/crops/Person_0012/Camera_27/Person_0012_Camera_27_f000480_r000.jpg,None,-1,NOISE,0.0,True,False,0.041305702,0.35010564,0.041305374,0.3501059,-0.072875656
380,Person_0013,Hospital_000__Person_0013,13,13,Camera,0,Hospital_000,Person,1,0.5894736842105263,0,8820,/pfs/data6/home/st/st_us-053000/st_st191959/DL-Lab/DataSet/MTMC_Tracking_2025_Preprocessed/val/Hospital_000/crops/Person_0013/Camera/Person_0013_Camera_f000000_r001.jpg,None,58,Hospital_000__Person_0013,1.0,False,False,0.0465846,0.2967046,0.046584357,0.29670462,-0.09604863
663,Person_0013,Hospital_000__Person_0013,13,13,Camera_03,13,Hospital_000,Person,1,0.6666666666666666,0,8760,/pfs/data6/home/st/st_us-053000/st_st191959/DL-Lab/DataSet/MTMC_Tracking_2025_Preprocessed/val/Hospital_000/crops/Person_0013/Camera_03/Person_0013_Camera_03_f000000_r003.jpg,None,58,Hospital_000__Person_0013,1.0,False,False,-0.05830289,0.29266337,-0.058303393,0.29266346,-0.1400121
6,Person_0013,Hospital_000__Person_0013,13,13,Camera_04,14,Hospital_000,Person,0,0.0,3300,8010,/pfs/data6/home/st/st_us-053000/st_st191959/DL-Lab/DataSet/MTMC_Tracking_2025_Preprocessed/val/Hospital_000/crops/Person_0013/Camera_04/Person_0013_Camera_04_f003300_r004.jpg,None,-1,NOISE,0.0,True,False,-0.09859897,-0.11196378,-0.0985988,-0.111963645,0.040404156
129,Person_0013,Hospital_000__Person_0013,13,13,Camera_05,15,Hospital_000,Person,1,0.6356589147286822,2370,8160,/pfs/data6/home/st/st_us-053000/st_st191959/DL-Lab/DataSet/MTMC_Tracking_2025_Preprocessed/val/Hospital_000/crops/Person_0013/Camera_05/Person_0013_Camera_05_f002370_r006.jpg,None,58,Hospital_000__Person_0013,1.0,False,False,0.018129129,0.20652172,0.018128745,0.20652151,-0.20508823
713,Person_0013,Hospital_000__Person_0013,13,13,Camera_06,16,Hospital_000,Person,1,0.664796633941094,0,8970,/pfs/data6/home/st/st_us-053000/st_st191959/DL-Lab/DataSet/MTMC_Tracking_2025_Preprocessed/val/Hospital_000/crops/Person_0013/Camera_06/Person_0013_Camera_06_f000000_r003.jpg,None,58,Hospital_000__Person_0013,1.0,False,False,-0.009782417,0.2539019,-0.009782839,0.25390202,-0.13880779
47,Person_0013,Hospital_000__Person_0013,13,13,Camera_08,18,Hospital_000,Person,1,0.2978723404255319,2430,8130,/pfs/data6/home/st/st_us-053000/st_st191959/DL-Lab/DataSet/MTMC_Tracking_2025_Preprocessed/val/Hospital_000/crops/Person_0013/Camera_08/Person_0013_Camera_08_f002430_r001.jpg,None,-1,NOISE,0.0,True,False,-0.04980848,0.22363703,-0.04980858,0.22363734,-0.17868602
520,Person_0013,Hospital_000__Person_0013,13,13,Camera_09,19,Hospital_000,Person,1,0.6653846153846154,0,8790,/pfs/data6/home/st/st_us-053000/st_st191959/DL-Lab/DataSet/MTMC_Tracking_2025_Preprocessed/val/Hospital_000/crops/Person_0013/Camera_09/Person_0013_Camera_09_f000000_r003.jpg,None,58,Hospital_000__Person_0013,1.0,False,False,-0.064063855,0.26888052,-0.06406427,0.26888043,-0.14248864
37,Person_0013,Hospital_000__Person_0013,13,13,Camera_20,30,Hospital_000,Person,1,0.43243243243243246,420,8280,/pfs/data6/home/st/st_us-053000/st_st191959/DL-Lab/DataSet/MTMC_Tracking_2025_Preprocessed/val/Hospital_000/crops/Person_0013/Camera_20/Person_0013_Camera_20_f000420_r002.jpg,None,62,Hospital_000__Person_0035,0.6666666666666666,False,True,0.10570074,0.20320937,0.105700545,0.20320931,-0.19720651
288,Person_0013,Hospital_000__Person_0013,13,13,Camera_22,32,Hospital_000,Person,1,0.6666666666666666,750,8220,/pfs/data6/home/st/st_us-053000/st_st191959/DL-Lab/DataSet/MTMC_Tracking_2025_Preprocessed/val/Hospital_000/crops/Person_0013/Camera_22/Person_0013_Camera_22_f000750_r003.jpg,None,58,Hospital_000__Person_0013,1.0,False,False,0.0048218053,0.29410726,0.0048215077,0.29410756,-0.13689832
6,Person_0013,Hospital_000__Person_0013,13,13,Camera_23,33,Hospital_000,Person,0,0.0,3660,8250,/pfs/data6/home/st/st_us-053000/st_st191959/DL-Lab/DataSet/MTMC_Tracking_2025_Preprocessed/val/Hospital_000/crops/Person_0013/Camera_23/Person_0013_Camera_23_f003660_r004.jpg,None,-1,NOISE,0.0,True,False,-0.11312521,0.20944749,-0.11312529,0.20944726,-0.090702295
726,Person_0013,Hospital_000__Person_0013,13,13,Camera_24,34,Hospital_000,Person,1,0.6666666666666666,0,8760,/pfs/data6/home/st/st_us-053000/st_st191959/DL-Lab/DataSet/MTMC_Tracking_2025_Preprocessed/val/Hospital_000/crops/Person_0013/Camera_24/Person_0013_Camera_24_f000000_r007.jpg,None,58,Hospital_000__Person_0013,1.0,False,False,-0.04725721,0.29713276,-0.047257718,0.29713312,-0.12672049
4,Person_0013,Hospital_000__Person_0013,13,13,Camera_25,35,Hospital_000,Person,0,0.0,4560,6600,/pfs/data6/home/st/st_us-053000/st_st191959/DL-Lab/DataSet/MTMC_Tracking_2025_Preprocessed/val/Hospital_000/crops/Person_0013/Camera_25/Person_0013_Camera_25_f004560_r002.jpg,None,-1,NOISE,0.0,True,False,-0.31876624,0.1448212,-0.31876624,0.14482188,-0.17877063
243,Person_0013,Hospital_000__Person_0013,13,13,Camera_26,36,Hospital_000,Person,1,0.6666666666666666,2370,8190,/pfs/data6/home/st/st_us-053000/st_st191959/DL-Lab/DataSet/MTMC_Tracking_2025_Preprocessed/val/Hospital_000/crops/Person_0013/Camera_26/Person_0013_Camera_26_f002370_r002.jpg,None,58,Hospital_000__Person_0013,1.0,False,False,-0.045730896,0.2405031,-0.045731373,0.24050315,-0.18181373
26,Person_0013,Hospital_000__Person_0013,13,13,Camera_27,37,Hospital_000,Person,0,0.0,2370,8160,/pfs/data6/home/st/st_us-053000/st_st191959/DL-Lab/DataSet/MTMC_Tracking_2025_Preprocessed/val/Hospital_000/crops/Person_0013/Camera_27/Person_0013_Camera_27_f002370_r003.jpg,None,-1,NOISE,0.0,True,False,0.17271173,0.09376833,0.17271163,0.09376852,-0.23017377
48,Person_0013,Hospital_000__Person_0013,13,13,Camera_28,38,Hospital_000,Person,1,0.6666666666666666,4950,5400,/pfs/data6/home/st/st_us-053000/st_st191959/DL-Lab/DataSet/MTMC_Tracking_2025_Preprocessed/val/Hospital_000/crops/Person_0013/Camera_28/Person_0013_Camera_28_f004950_r002.jpg,None,-1,NOISE,0.0,True,False,-0.35776967,0.08187057,-0.35776997,0.08187043,-0.17218259
183,Person_0013,Hospital_000__Person_0013,13,13,Camera_31,41,Hospital_000,Person,1,0.6666666666666666,150,8970,/pfs/data6/home/st/st_us-053000/st_st191959/DL-Lab/DataSet/MTMC_Tracking_2025_Preprocessed/val/Hospital_000/crops/Person_0013/Camera_31/Person_0013_Camera_31_f000150_r001.jpg,None,58,Hospital_000__Person_0013,1.0,False,False,-0.078018,0.23554958,-0.0780184,0.23554957,-0.13699998
2,Person_0014,Hospital_000__Person_0014,14,14,Camera_03,13,Hospital_000,Person,0,0.0,810,7650,/pfs/data6/home/st/st_us-053000/st_st191959/DL-Lab/DataSet/MTMC_Tracking_2025_Preprocessed/val/Hospital_000/crops/Person_0014/Camera_03/Person_0014_Camera_03_f000810_r005.jpg,None,-1,NOISE,0.0,True,False,-0.10202962,-0.09113928,-0.10202938,-0.09113969,0.01517063
201,Person_0014,Hospital_000__Person_0014,14,14,Camera_04,14,Hospital_000,Person,1,0.6666666666666666,510,4800,/pfs/data6/home/st/st_us-053000/st_st191959/DL-Lab/DataSet/MTMC_Tracking_2025_Preprocessed/val/Hospital_000/crops/Person_0014/Camera_04/Person_0014_Camera_04_f000510_r002.jpg,None,65,Hospital_000__Person_0014,1.0,False,False,0.050871335,0.014695271,0.050871383,0.0146951,0.073356144
198,Person_0014,Hospital_000__Person_0014,14,14,Camera_07,17,Hospital_000,Person,1,0.6363636363636364,2550,5850,/pfs/data6/home/st/st_us-053000/st_st191959/DL-Lab/DataSet/MTMC_Tracking_2025_Preprocessed/val/Hospital_000/crops/Person_0014/Camera_07/Person_0014_Camera_07_f002550_r000.jpg,None,65,Hospital_000__Person_0014,1.0,False,False,0.17507513,0.015074522,0.17507538,0.015074842,-0.08492084
525,Person_0014,Hospital_000__Person_0014,14,14,Camera_10,20,Hospital_000,Person,1,0.6628571428571428,450,8970,/pfs/data6/home/st/st_us-053000/st_st191959/DL-Lab/DataSet/MTMC_Tracking_2025_Preprocessed/val/Hospital_000/crops/Person_0014/Camera_10/Person_0014_Camera_10_f000450_r001.jpg,None,65,Hospital_000__Person_0014,1.0,False,False,0.02850158,0.012661987,0.028501673,0.01266159,0.054085385
507,Person_0014,Hospital_000__Person_0014,14,14,Camera_16,26,Hospital_000,Person,1,0.6666666666666666,180,8970,/pfs/data6/home/st/st_us-053000/st_st191959/DL-Lab/DataSet/MTMC_Tracking_2025_Preprocessed/val/Hospital_000/crops/Person_0014/Camera_16/Person_0014_Camera_16_f000180_r001.jpg,None,65,Hospital_000__Person_0014,1.0,False,False,-0.024612628,0.1101984,-0.02461257,0.110198535,0.08906085
9,Person_0014,Hospital_000__Person_0014,14,14,Camera_19,29,Hospital_000,Person,0,0.0,2580,4230,/pfs/data6/home/st/st_us-053000/st_st191959/DL-Lab/DataSet/MTMC_Tracking_2025_Preprocessed/val/Hospital_000/crops/Person_0014/Camera_19/Person_0014_Camera_19_f002580_r004.jpg,None,27,Hospital_000__Person_0014,0.6666666666666666,False,False,-0.025188994,-0.026447227,-0.025188707,-0.026447533,-0.033035263
710,Person_0014,Hospital_000__Person_0014,14,14,Camera_21,31,Hospital_000,Person,1,0.6309859154929578,0,8970,/pfs/data6/home/st/st_us-053000/st_st191959/DL-Lab/DataSet/MTMC_Tracking_2025_Preprocessed/val/Hospital_000/crops/Person_0014/Camera_21/Person_0014_Camera_21_f000000_r001.jpg,None,65,Hospital_000__Person_0014,1.0,False,False,0.08796359,-0.0021716189,0.087963745,-0.002171865,0.025533507
321,Person_0014,Hospital_000__Person_0014,14,14,Camera_23,33,Hospital_000,Person,1,0.6666666666666666,0,8850,/pfs/data6/home/st/st_us-053000/st_st191959/DL-Lab/DataSet/MTMC_Tracking_2025_Preprocessed/val/Hospital_000/crops/Person_0014/Camera_23/Person_0014_Camera_23_f000000_r003.jpg,None,65,Hospital_000__Person_0014,1.0,False,False,0.13076495,0.09310404,0.13076499,0.09310423,0.03978817
6,Person_0014,Hospital_000__Person_0014,14,14,Camera_24,34,Hospital_000,Person,0,0.0,780,7650,/pfs/data6/home/st/st_us-053000/st_st191959/DL-Lab/DataSet/MTMC_Tracking_2025_Preprocessed/val/Hospital_000/crops/Person_0014/Camera_24/Person_0014_Camera_24_f000780_r005.jpg,None,-1,NOISE,0.0,True,False,-0.17564115,-0.08815163,-0.17564103,-0.08815177,0.015434523
199,Person_0014,Hospital_000__Person_0014,14,14,Camera_25,35,Hospital_000,Person,1,0.6331658291457286,0,8820,/pfs/data6/home/st/st_us-053000/st_st191959/DL-Lab/DataSet/MTMC_Tracking_2025_Preprocessed/val/Hospital_000/crops/Person_0014/Camera_25/Person_0014_Camera_25_f000000_r000.jpg,None,65,Hospital_000__Person_0014,1.0,False,False,0.15770443,0.03024239,0.15770443,0.030242411,0.009751885
89,Person_0014,Hospital_000__Person_0014,14,14,Camera_28,38,Hospital_000,Person,1,0.15730337078651685,150,8880,/pfs/data6/home/st/st_us-053000/st_st191959/DL-Lab/DataSet/MTMC_Tracking_2025_Preprocessed/val/Hospital_000/crops/Person_0014/Camera_28/Person_0014_Camera_28_f000150_r003.jpg,None,27,Hospital_000__Person_0014,0.6666666666666666,False,False,0.030673655,-0.04000499,0.030673647,-0.04000593,-0.07317004
595,Person_0014,Hospital_000__Person_0014,14,14,Camera_29,39,Hospital_000,Person,1,0.6655462184873949,450,8970,/pfs/data6/home/st/st_us-053000/st_st191959/DL-Lab/DataSet/MTMC_Tracking_2025_Preprocessed/val/Hospital_000/crops/Person_0014/Camera_29/Person_0014_Camera_29_f000450_r001.jpg,None,65,Hospital_000__Person_0014,1.0,False,False,0.05306215,0.14322034,0.053062193,0.1432208,0.05199906
121,Person_0015,Hospital_000__Person_0015,15,15,Camera,0,Hospital_000,Person,1,0.6446280991735537,0,8580,/pfs/data6/home/st/st_us-053000/st_st191959/DL-Lab/DataSet/MTMC_Tracking_2025_Preprocessed/val/Hospital_000/crops/Person_0015/Camera/Person_0015_Camera_f000000_r002.jpg,None,66,Hospital_000__Person_0015,1.0,False,False,0.030033061,-0.14784698,0.030033082,-0.1478473,0.023095362
242,Person_0015,Hospital_000__Person_0015,15,15,Camera_03,13,Hospital_000,Person,1,0.5785123966942148,0,8580,/pfs/data6/home/st/st_us-053000/st_st191959/DL-Lab/DataSet/MTMC_Tracking_2025_Preprocessed/val/Hospital_000/crops/Person_0015/Camera_03/Person_0015_Camera_03_f000000_r004.jpg,None,66,Hospital_000__Person_0015,1.0,False,False,-0.09740686,-0.11464634,-0.097406656,-0.11464641,0.12041908
175,Person_0015,Hospital_000__Person_0015,15,15,Camera_04,14,Hospital_000,Person,1,0.37714285714285717,1890,7920,/pfs/data6/home/st/st_us-053000/st_st191959/DL-Lab/DataSet/MTMC_Tracking_2025_Preprocessed/val/Hospital_000/crops/Person_0015/Camera_04/Person_0015_Camera_04_f001890_r005.jpg,None,66,Hospital_000__Person_0015,1.0,False,False,0.17056133,-0.087085105,0.17056158,-0.08708501,-0.053285033
137,Person_0015,Hospital_000__Person_0015,15,15,Camera_05,15,Hospital_000,Person,1,0.5693430656934306,3240,8160,/pfs/data6/home/st/st_us-053000/st_st191959/DL-Lab/DataSet/MTMC_Tracking_2025_Preprocessed/val/Hospital_000/crops/Person_0015/Camera_05/Person_0015_Camera_05_f003240_r007.jpg,None,-1,NOISE,0.0,True,False,-0.3720981,-0.046198357,-0.3720985,-0.04619831,0.06917371
103,Person_0015,Hospital_000__Person_0015,15,15,Camera_06,16,Hospital_000,Person,1,0.6601941747572816,7950,8970,/pfs/data6/home/st/st_us-053000/st_st191959/DL-Lab/DataSet/MTMC_Tracking_2025_Preprocessed/val/Hospital_000/crops/Person_0015/Camera_06/Person_0015_Camera_06_f007950_r007.jpg,None,66,Hospital_000__Person_0015,1.0,False,False,-0.025105553,-0.18455286,-0.025105463,-0.18455306,0.088930845
30,Person_0015,Hospital_000__Person_0015,15,15,Camera_07,17,Hospital_000,Person,1,0.6666666666666666,1950,2220,/pfs/data6/home/st/st_us-053000/st_st191959/DL-Lab/DataSet/MTMC_Tracking_2025_Preprocessed/val/Hospital_000/crops/Person_0015/Camera_07/Person_0015_Camera_07_f001950_r000.jpg,None,66,Hospital_000__Person_0015,1.0,False,False,-0.048102796,-0.12012134,-0.04810278,-0.120121375,0.050421
464,Person_0015,Hospital_000__Person_0015,15,15,Camera_08,18,Hospital_000,Person,1,0.6637931034482759,2220,8130,/pfs/data6/home/st/st_us-053000/st_st191959/DL-Lab/DataSet/MTMC_Tracking_2025_Preprocessed/val/Hospital_000/crops/Person_0015/Camera_08/Person_0015_Camera_08_f002220_r003.jpg,None,66,Hospital_000__Person_0015,1.0,False,False,-0.02574482,-0.13079396,-0.02574481,-0.13079453,0.08052399
70,Person_0015,Hospital_000__Person_0015,15,15,Camera_09,19,Hospital_000,Person,1,0.6571428571428571,7890,8580,/pfs/data6/home/st/st_us-053000/st_st191959/DL-Lab/DataSet/MTMC_Tracking_2025_Preprocessed/val/Hospital_000/crops/Person_0015/Camera_09/Person_0015_Camera_09_f007890_r009.jpg,None,66,Hospital_000__Person_0015,1.0,False,False,-0.006099641,-0.034359045,-0.0060996413,-0.034358945,0.0448957
6,Person_0015,Hospital_000__Person_0015,15,15,Camera_10,20,Hospital_000,Person,1,0.6666666666666666,1830,1860,/pfs/data6/home/st/st_us-053000/st_st191959/DL-Lab/DataSet/MTMC_Tracking_2025_Preprocessed/val/Hospital_000/crops/Person_0015/Camera_10/Person_0015_Camera_10_f001830_r002.jpg,None,-1,NOISE,0.0,True,False,-0.22124597,-0.035015363,-0.22124633,-0.03501528,-0.07603196
15,Person_0015,Hospital_000__Person_0015,15,15,Camera_16,26,Hospital_000,Person,1,0.6666666666666666,1770,1890,/pfs/data6/home/st/st_us-053000/st_st191959/DL-Lab/DataSet/MTMC_Tracking_2025_Preprocessed/val/Hospital_000/crops/Person_0015/Camera_16/Person_0015_Camera_16_f001770_r003.jpg,None,66,Hospital_000__Person_0015,1.0,False,False,-0.050105147,-0.117716186,-0.050105155,-0.11771672,0.0943187
222,Person_0015,Hospital_000__Person_0015,15,15,Camera_18,28,Hospital_000,Person,1,0.6486486486486487,2190,7290,/pfs/data6/home/st/st_us-053000/st_st191959/DL-Lab/DataSet/MTMC_Tracking_2025_Preprocessed/val/Hospital_000/crops/Person_0015/Camera_18/Person_0015_Camera_18_f002190_r001.jpg,None,66,Hospital_000__Person_0015,1.0,False,False,-0.12126284,-0.1065288,-0.12126297,-0.106529325,0.14442438
573,Person_0015,Hospital_000__Person_0015,15,15,Camera_19,29,Hospital_000,Person,1,0.6561954624781849,1950,8160,/pfs/data6/home/st/st_us-053000/st_st191959/DL-Lab/DataSet/MTMC_Tracking_2025_Preprocessed/val/Hospital_000/crops/Person_0015/Camera_19/Person_0015_Camera_19_f001950_r005.jpg,None,66,Hospital_000__Person_0015,1.0,False,False,-0.08868023,-0.10868308,-0.0886802,-0.108683445,0.09573171
3,Person_0015,Hospital_000__Person_0015,15,15,Camera_20,30,Hospital_000,Person,1,0.6666666666666666,8430,8430,/pfs/data6/home/st/st_us-053000/st_st191959/DL-Lab/DataSet/MTMC_Tracking_2025_Preprocessed/val/Hospital_000/crops/Person_0015/Camera_20/Person_0015_Camera_20_f008430_r001.jpg,None,-1,NOISE,0.0,True,False,-0.07446121,-0.06511206,-0.074460514,-0.065112725,0.06873572
24,Person_0015,Hospital_000__Person_0015,15,15,Camera_21,31,Hospital_000,Person,1,0.6666666666666666,1740,1950,/pfs/data6/home/st/st_us-053000/st_st191959/DL-Lab/DataSet/MTMC_Tracking_2025_Preprocessed/val/Hospital_000/crops/Person_0015/Camera_21/Person_0015_Camera_21_f001740_r003.jpg,None,66,Hospital_000__Person_0015,1.0,False,False,0.04800336,-0.07271848,0.048003584,-0.07271857,0.016024819
206,Person_0015,Hospital_000__Person_0015,15,15,Camera_22,32,Hospital_000,Person,1,0.5728155339805825,2670,8220,/pfs/data6/home/st/st_us-053000/st_st191959/DL-Lab/DataSet/MTMC_Tracking_2025_Preprocessed/val/Hospital_000/crops/Person_0015/Camera_22/Person_0015_Camera_22_f002670_r008.jpg,None,-1,NOISE,0.0,True,False,-0.25614202,-0.10591542,-0.25614202,-0.10591568,0.1714034
82,Person_0015,Hospital_000__Person_0015,15,15,Camera_23,33,Hospital_000,Person,1,0.4146341463414634,210,8400,/pfs/data6/home/st/st_us-053000/st_st191959/DL-Lab/DataSet/MTMC_Tracking_2025_Preprocessed/val/Hospital_000/crops/Person_0015/Camera_23/Person_0015_Camera_23_f000210_r006.jpg,None,-1,NOISE,0.0,True,False,0.1381304,-0.022297645,0.13813071,-0.022297574,-0.020706968
297,Person_0015,Hospital_000__Person_0015,15,15,Camera_24,34,Hospital_000,Person,1,0.4781144781144781,0,8460,/pfs/data6/home/st/st_us-053000/st_st191959/DL-Lab/DataSet/MTMC_Tracking_2025_Preprocessed/val/Hospital_000/crops/Person_0015/Camera_24/Person_0015_Camera_24_f000000_r009.jpg,None,66,Hospital_000__Person_0015,1.0,False,False,-0.15017837,-0.09816363,-0.15017834,-0.098163754,0.12426856
2,Person_0015,Hospital_000__Person_0015,15,15,Camera_25,35,Hospital_000,Person,0,0.0,390,960,/pfs/data6/home/st/st_us-053000/st_st191959/DL-Lab/DataSet/MTMC_Tracking_2025_Preprocessed/val/Hospital_000/crops/Person_0015/Camera_25/Person_0015_Camera_25_f000390_r001.jpg,None,-1,NOISE,0.0,True,False,-0.038006175,-0.11294566,-0.038006183,-0.11294541,-0.13352014
156,Person_0015,Hospital_000__Person_0015,15,15,Camera_26,36,Hospital_000,Person,1,0.6666666666666666,3240,8160,/pfs/data6/home/st/st_us-053000/st_st191959/DL-Lab/DataSet/MTMC_Tracking_2025_Preprocessed/val/Hospital_000/crops/Person_0015/Camera_26/Person_0015_Camera_26_f003240_r005.jpg,None,-1,NOISE,0.0,True,False,-0.29846504,-0.052369386,-0.29846525,-0.052369002,0.10403469
340,Person_0015,Hospital_000__Person_0015,15,15,Camera_27,37,Hospital_000,Person,1,0.6588235294117647,2100,7980,/pfs/data6/home/st/st_us-053000/st_st191959/DL-Lab/DataSet/MTMC_Tracking_2025_Preprocessed/val/Hospital_000/crops/Person_0015/Camera_27/Person_0015_Camera_27_f002100_r004.jpg,None,66,Hospital_000__Person_0015,1.0,False,False,-0.0093393205,-0.15346849,-0.009339377,-0.15346894,0.041780617
184,Person_0015,Hospital_000__Person_0015,15,15,Camera_28,38,Hospital_000,Person,1,0.6630434782608695,0,1830,/pfs/data6/home/st/st_us-053000/st_st191959/DL-Lab/DataSet/MTMC_Tracking_2025_Preprocessed/val/Hospital_000/crops/Person_0015/Camera_28/Person_0015_Camera_28_f000000_r005.jpg,None,66,Hospital_000__Person_0015,1.0,False,False,0.1001436,-0.07378911,0.10014374,-0.07378933,-0.029627293
12,Person_0015,Hospital_000__Person_0015,15,15,Camera_29,39,Hospital_000,Person,1,0.6666666666666666,1830,1920,/pfs/data6/home/st/st_us-053000/st_st191959/DL-Lab/DataSet/MTMC_Tracking_2025_Preprocessed/val/Hospital_000/crops/Person_0015/Camera_29/Person_0015_Camera_29_f001830_r002.jpg,None,66,Hospital_000__Person_0015,1.0,False,False,0.02586135,-0.08041188,0.025861476,-0.08041209,0.070734665
51,Person_0015,Hospital_000__Person_0015,15,15,Camera_31,41,Hospital_000,Person,1,0.6666666666666666,8460,8970,/pfs/data6/home/st/st_us-053000/st_st191959/DL-Lab/DataSet/MTMC_Tracking_2025_Preprocessed/val/Hospital_000/crops/Person_0015/Camera_31/Person_0015_Camera_31_f008460_r001.jpg,None,66,Hospital_000__Person_0015,1.0,False,False,-0.016290117,-0.16519071,-0.016290022,-0.16519082,0.06421068
4,Person_0016,Hospital_000__Person_0016,16,16,Camera_03,13,Hospital_000,Person,0,0.0,1320,4860,/pfs/data6/home/st/st_us-053000/st_st191959/DL-Lab/DataSet/MTMC_Tracking_2025_Preprocessed/val/Hospital_000/crops/Person_0016/Camera_03/Person_0016_Camera_03_f001320_r009.jpg,None,70,Hospital_000__Person_0011,0.5,False,True,-0.06672584,-0.21132149,-0.066725425,-0.2113219,0.06606502
82,Person_0016,Hospital_000__Person_0016,16,16,Camera_04,14,Hospital_000,Person,1,0.6585365853658537,2970,4200,/pfs/data6/home/st/st_us-053000/st_st191959/DL-Lab/DataSet/MTMC_Tracking_2025_Preprocessed/val/Hospital_000/crops/Person_0016/Camera_04/Person_0016_Camera_04_f002970_r012.jpg,None,73,Hospital_000__Person_0016,1.0,False,False,-0.0629095,-0.15802746,-0.06290937,-0.1580288,0.17941765
96,Person_0016,Hospital_000__Person_0016,16,16,Camera_07,17,Hospital_000,Person,1,0.6666666666666666,1560,4140,/pfs/data6/home/st/st_us-053000/st_st191959/DL-Lab/DataSet/MTMC_Tracking_2025_Preprocessed/val/Hospital_000/crops/Person_0016/Camera_07/Person_0016_Camera_07_f001560_r000.jpg,None,73,Hospital_000__Person_0016,1.0,False,False,0.013738968,-0.18417229,0.013739087,-0.18417352,0.076528266
200,Person_0016,Hospital_000__Person_0016,16,16,Camera_10,20,Hospital_000,Person,1,0.65,1350,4350,/pfs/data6/home/st/st_us-053000/st_st191959/DL-Lab/DataSet/MTMC_Tracking_2025_Preprocessed/val/Hospital_000/crops/Person_0016/Camera_10/Person_0016_Camera_10_f001350_r003.jpg,None,73,Hospital_000__Person_0016,1.0,False,False,-0.0951687,-0.17046162,-0.09516869,-0.17046306,0.14948998
243,Person_0016,Hospital_000__Person_0016,16,16,Camera_16,26,Hospital_000,Person,1,0.6666666666666666,0,4860,/pfs/data6/home/st/st_us-053000/st_st191959/DL-Lab/DataSet/MTMC_Tracking_2025_Preprocessed/val/Hospital_000/crops/Person_0016/Camera_16/Person_0016_Camera_16_f000000_r004.jpg,None,73,Hospital_000__Person_0016,1.0,False,False,-0.065801404,-0.19134012,-0.065801375,-0.19134125,0.17260109
17,Person_0016,Hospital_000__Person_0016,16,16,Camera_19,29,Hospital_000,Person,0,0.0,3120,4140,/pfs/data6/home/st/st_us-053000/st_st191959/DL-Lab/DataSet/MTMC_Tracking_2025_Preprocessed/val/Hospital_000/crops/Person_0016/Camera_19/Person_0016_Camera_19_f003120_r009.jpg,None,-1,NOISE,0.0,True,False,0.068241544,-0.18835084,0.06824177,-0.18835177,-0.041890223
733,Person_0016,Hospital_000__Person_0016,16,16,Camera_21,31,Hospital_000,Person,1,0.6630286493860846,0,8970,/pfs/data6/home/st/st_us-053000/st_st191959/DL-Lab/DataSet/MTMC_Tracking_2025_Preprocessed/val/Hospital_000/crops/Person_0016/Camera_21/Person_0016_Camera_21_f000000_r006.jpg,None,73,Hospital_000__Person_0016,1.0,False,False,-0.022561396,-0.18074279,-0.022561217,-0.1807439,0.09575465
477,Person_0016,Hospital_000__Person_0016,16,16,Camera_23,33,Hospital_000,Person,1,0.6666666666666666,330,8970,/pfs/data6/home/st/st_us-053000/st_st191959/DL-Lab/DataSet/MTMC_Tracking_2025_Preprocessed/val/Hospital_000/crops/Person_0016/Camera_23/Person_0016_Camera_23_f000330_r010.jpg,None,-1,NOISE,0.0,True,False,0.039487757,-0.10660678,0.03948822,-0.10660757,0.07242318
8,Person_0016,Hospital_000__Person_0016,16,16,Camera_24,34,Hospital_000,Person,0,0.0,1320,6330,/pfs/data6/home/st/st_us-053000/st_st191959/DL-Lab/DataSet/MTMC_Tracking_2025_Preprocessed/val/Hospital_000/crops/Person_0016/Camera_24/Person_0016_Camera_24_f001320_r015.jpg,None,70,Hospital_000__Person_0011,0.5,False,True,-0.08757095,-0.11977275,-0.08757059,-0.11977337,0.039342973
444,Person_0016,Hospital_000__Person_0016,16,16,Camera_25,35,Hospital_000,Person,1,0.6666666666666666,0,8970,/pfs/data6/home/st/st_us-053000/st_st191959/DL-Lab/DataSet/MTMC_Tracking_2025_Preprocessed/val/Hospital_000/crops/Person_0016/Camera_25/Person_0016_Camera_25_f000000_r002.jpg,None,-1,NOISE,0.0,True,False,-0.11365201,-0.19219686,-0.11365185,-0.19219804,0.14951114
55,Person_0016,Hospital_000__Person_0016,16,16,Camera_28,38,Hospital_000,Person,1,0.2909090909090909,1320,6330,/pfs/data6/home/st/st_us-053000/st_st191959/DL-Lab/DataSet/MTMC_Tracking_2025_Preprocessed/val/Hospital_000/crops/Person_0016/Camera_28/Person_0016_Camera_28_f001320_r005.jpg,None,-1,NOISE,0.0,True,False,0.08965599,-0.17231625,0.08965605,-0.1723172,-0.047225215
244,Person_0016,Hospital_000__Person_0016,16,16,Camera_29,39,Hospital_000,Person,1,0.6639344262295082,1350,4350,/pfs/data6/home/st/st_us-053000/st_st191959/DL-Lab/DataSet/MTMC_Tracking_2025_Preprocessed/val/Hospital_000/crops/Person_0016/Camera_29/Person_0016_Camera_29_f001350_r003.jpg,None,72,Hospital_000__Person_0011,0.8571428571428571,False,True,0.033763837,-0.14668503,0.033764083,-0.14668527,0.12514462
258,Person_0016,Hospital_000__Person_0016,16,16,Camera_30,40,Hospital_000,Person,1,0.6666666666666666,0,6240,/pfs/data6/home/st/st_us-053000/st_st191959/DL-Lab/DataSet/MTMC_Tracking_2025_Preprocessed/val/Hospital_000/crops/Person_0016/Camera_30/Person_0016_Camera_30_f000000_r001.jpg,None,73,Hospital_000__Person_0016,1.0,False,False,0.06709017,-0.166373,0.06709039,-0.16637336,0.09301405
26,Person_0017,Hospital_000__Person_0017,17,17,Camera_03,13,Hospital_000,Person,1,0.07692307692307693,360,8610,/pfs/data6/home/st/st_us-053000/st_st191959/DL-Lab/DataSet/MTMC_Tracking_2025_Preprocessed/val/Hospital_000/crops/Person_0017/Camera_03/Person_0017_Camera_03_f000360_r013.jpg,None,19,Hospital_000__Person_0017,0.5,False,False,-0.16450645,-0.0443647,-0.16450611,-0.044364873,-0.2361949
105,Person_0017,Hospital_000__Person_0017,17,17,Camera_04,14,Hospital_000,Person,1,0.6666666666666666,7050,8070,/pfs/data6/home/st/st_us-053000/st_st191959/DL-Lab/DataSet/MTMC_Tracking_2025_Preprocessed/val/Hospital_000/crops/Person_0017/Camera_04/Person_0017_Camera_04_f007050_r007.jpg,None,19,Hospital_000__Person_0017,0.5,False,False,-0.23615062,-0.005556696,-0.23615044,-0.005556605,-0.21019268
72,Person_0017,Hospital_000__Person_0017,17,17,Camera_10,20,Hospital_000,Person,1,0.6666666666666666,2280,8430,/pfs/data6/home/st/st_us-053000/st_st191959/DL-Lab/DataSet/MTMC_Tracking_2025_Preprocessed/val/Hospital_000/crops/Person_0017/Camera_10/Person_0017_Camera_10_f002280_r003.jpg,None,19,Hospital_000__Person_0017,0.5,False,False,-0.25036007,-0.06752432,-0.25035974,-0.06752424,-0.21428256
504,Person_0017,Hospital_000__Person_0017,17,17,Camera_16,26,Hospital_000,Person,1,0.6626984126984127,330,8970,/pfs/data6/home/st/st_us-053000/st_st191959/DL-Lab/DataSet/MTMC_Tracking_2025_Preprocessed/val/Hospital_000/crops/Person_0017/Camera_16/Person_0017_Camera_16_f000330_r006.jpg,None,19,Hospital_000__Person_0017,0.5,False,False,-0.16896692,-0.031638913,-0.16896686,-0.031639017,-0.22691837
900,Person_0017,Hospital_000__Person_0017,17,17,Camera_21,31,Hospital_000,Person,1,0.6666666666666666,0,8970,/pfs/data6/home/st/st_us-053000/st_st191959/DL-Lab/DataSet/MTMC_Tracking_2025_Preprocessed/val/Hospital_000/crops/Person_0017/Camera_21/Person_0017_Camera_21_f000000_r005.jpg,None,19,Hospital_000__Person_0017,0.5,False,False,-0.16433692,-0.0075337715,-0.16433686,-0.007534188,-0.21410182
619,Person_0017,Hospital_000__Person_0017,17,17,Camera_23,33,Hospital_000,Person,1,0.6655896607431341,210,8970,/pfs/data6/home/st/st_us-053000/st_st191959/DL-Lab/DataSet/MTMC_Tracking_2025_Preprocessed/val/Hospital_000/crops/Person_0017/Camera_23/Person_0017_Camera_23_f000210_r008.jpg,None,19,Hospital_000__Person_0017,0.5,False,False,-0.12441323,-0.0029952908,-0.1244131,-0.0029954687,-0.20280007
39,Person_0017,Hospital_000__Person_0017,17,17,Camera_24,34,Hospital_000,Person,1,0.10256410256410256,360,8610,/pfs/data6/home/st/st_us-053000/st_st191959/DL-Lab/DataSet/MTMC_Tracking_2025_Preprocessed/val/Hospital_000/crops/Person_0017/Camera_24/Person_0017_Camera_24_f000360_r014.jpg,None,19,Hospital_000__Person_0017,0.5,False,False,-0.15906501,-0.09501953,-0.15906483,-0.09501992,-0.24058343
549,Person_0017,Hospital_000__Person_0017,17,17,Camera_25,35,Hospital_000,Person,1,0.6666666666666666,0,8940,/pfs/data6/home/st/st_us-053000/st_st191959/DL-Lab/DataSet/MTMC_Tracking_2025_Preprocessed/val/Hospital_000/crops/Person_0017/Camera_25/Person_0017_Camera_25_f000000_r001.jpg,None,19,Hospital_000__Person_0017,0.5,False,False,-0.13563055,-0.03969744,-0.13563038,-0.039697524,-0.21633966
128,Person_0017,Hospital_000__Person_0017,17,17,Camera_28,38,Hospital_000,Person,1,0.453125,360,8610,/pfs/data6/home/st/st_us-053000/st_st191959/DL-Lab/DataSet/MTMC_Tracking_2025_Preprocessed/val/Hospital_000/crops/Person_0017/Camera_28/Person_0017_Camera_28_f000360_r006.jpg,None,19,Hospital_000__Person_0017,0.5,False,False,-0.11387971,-0.06619229,-0.11387957,-0.06619258,-0.2776721
174,Person_0017,Hospital_000__Person_0017,17,17,Camera_29,39,Hospital_000,Person,1,0.6666666666666666,2280,8130,/pfs/data6/home/st/st_us-053000/st_st191959/DL-Lab/DataSet/MTMC_Tracking_2025_Preprocessed/val/Hospital_000/crops/Person_0017/Camera_29/Person_0017_Camera_29_f002280_r002.jpg,None,19,Hospital_000__Person_0017,0.5,False,False,-0.17946048,0.010857767,-0.1794604,0.01085791,-0.25745264
321,Person_0017,Hospital_000__Person_0017,17,17,Camera_30,40,Hospital_000,Person,1,0.6666666666666666,0,8970,/pfs/data6/home/st/st_us-053000/st_st191959/DL-Lab/DataSet/MTMC_Tracking_2025_Preprocessed/val/Hospital_000/crops/Person_0017/Camera_30/Person_0017_Camera_30_f000000_r000.jpg,None,19,Hospital_000__Person_0017,0.5,False,False,-0.18583877,-0.038944248,-0.18583857,-0.038944345,-0.15398803
129,Person_0018,Hospital_000__Person_0018,18,18,Camera,0,Hospital_000,Person,1,0.5736434108527132,3630,8940,/pfs/data6/home/st/st_us-053000/st_st191959/DL-Lab/DataSet/MTMC_Tracking_2025_Preprocessed/val/Hospital_000/crops/Person_0018/Camera/Person_0018_Camera_f003630_r004.jpg,None,54,Hospital_000__Person_0018,1.0,False,False,0.04217917,0.32278866,0.042179096,0.32278973,-0.037939917
14,Person_0018,Hospital_000__Person_0018,18,18,Camera_01,11,Hospital_000,Person,1,0.2857142857142857,180,450,/pfs/data6/home/st/st_us-053000/st_st191959/DL-Lab/DataSet/MTMC_Tracking_2025_Preprocessed/val/Hospital_000/crops/Person_0018/Camera_01/Person_0018_Camera_01_f000180_r005.jpg,None,-1,NOISE,0.0,True,False,0.02200727,0.117946275,0.022007423,0.11794606,-0.13148053
240,Person_0018,Hospital_000__Person_0018,18,18,Camera_03,13,Hospital_000,Person,1,0.6666666666666666,1410,8940,/pfs/data6/home/st/st_us-053000/st_st191959/DL-Lab/DataSet/MTMC_Tracking_2025_Preprocessed/val/Hospital_000/crops/Person_0018/Camera_03/Person_0018_Camera_03_f001410_r010.jpg,None,54,Hospital_000__Person_0018,1.0,False,False,-0.034482718,0.3385571,-0.034482855,0.33855864,0.052248485
4,Person_0018,Hospital_000__Person_0018,18,18,Camera_04,14,Hospital_000,Person,0,0.0,1320,2820,/pfs/data6/home/st/st_us-053000/st_st191959/DL-Lab/DataSet/MTMC_Tracking_2025_Preprocessed/val/Hospital_000/crops/Person_0018/Camera_04/Person_0018_Camera_04_f001320_r006.jpg,None,-1,NOISE,0.0,True,False,0.050683174,0.2760527,0.05068308,0.27605328,-0.0020725727
202,Person_0018,Hospital_000__Person_0018,18,18,Camera_05,15,Hospital_000,Person,1,0.6633663366336634,240,3510,/pfs/data6/home/st/st_us-053000/st_st191959/DL-Lab/DataSet/MTMC_Tracking_2025_Preprocessed/val/Hospital_000/crops/Person_0018/Camera_05/Person_0018_Camera_05_f000240_r009.jpg,None,54,Hospital_000__Person_0018,1.0,False,False,-0.014056757,0.3036985,-0.014056776,0.30369997,0.07152585
620,Person_0018,Hospital_000__Person_0018,18,18,Camera_06,16,Hospital_000,Person,1,0.6580645161290323,900,8970,/pfs/data6/home/st/st_us-053000/st_st191959/DL-Lab/DataSet/MTMC_Tracking_2025_Preprocessed/val/Hospital_000/crops/Person_0018/Camera_06/Person_0018_Camera_06_f000900_r008.jpg,None,54,Hospital_000__Person_0018,1.0,False,False,-0.015242238,0.34606612,-0.0152423335,0.34606773,0.05936199
114,Person_0018,Hospital_000__Person_0018,18,18,Camera_08,18,Hospital_000,Person,1,0.40350877192982454,240,3300,/pfs/data6/home/st/st_us-053000/st_st191959/DL-Lab/DataSet/MTMC_Tracking_2025_Preprocessed/val/Hospital_000/crops/Person_0018/Camera_08/Person_0018_Camera_08_f000240_r007.jpg,None,-1,NOISE,0.0,True,False,0.11991798,0.24388438,0.11991817,0.24388543,-0.06399327
390,Person_0018,Hospital_000__Person_0018,18,18,Camera_09,19,Hospital_000,Person,1,0.6666666666666666,480,8910,/pfs/data6/home/st/st_us-053000/st_st191959/DL-Lab/DataSet/MTMC_Tracking_2025_Preprocessed/val/Hospital_000/crops/Person_0018/Camera_09/Person_0018_Camera_09_f000480_r009.jpg,None,54,Hospital_000__Person_0018,1.0,False,False,-0.026804306,0.34109822,-0.02680437,0.34109995,0.06313397
24,Person_0018,Hospital_000__Person_0018,18,18,Camera_19,29,Hospital_000,Person,1,0.6666666666666666,1410,2100,/pfs/data6/home/st/st_us-053000/st_st191959/DL-Lab/DataSet/MTMC_Tracking_2025_Preprocessed/val/Hospital_000/crops/Person_0018/Camera_19/Person_0018_Camera_19_f001410_r007.jpg,None,0,Hospital_000__Person_0018,0.3333333333333333,False,False,-0.26120412,0.050000127,-0.26120424,0.050000735,-0.09907404
62,Person_0018,Hospital_000__Person_0018,18,18,Camera_20,30,Hospital_000,Person,1,0.5483870967741935,0,8910,/pfs/data6/home/st/st_us-053000/st_st191959/DL-Lab/DataSet/MTMC_Tracking_2025_Preprocessed/val/Hospital_000/crops/Person_0018/Camera_20/Person_0018_Camera_20_f000000_r000.jpg,None,54,Hospital_000__Person_0018,1.0,False,False,0.07482919,0.31578323,0.074829146,0.31578457,0.016130855
300,Person_0018,Hospital_000__Person_0018,18,18,Camera_22,32,Hospital_000,Person,1,0.6666666666666666,720,4470,/pfs/data6/home/st/st_us-053000/st_st191959/DL-Lab/DataSet/MTMC_Tracking_2025_Preprocessed/val/Hospital_000/crops/Person_0018/Camera_22/Person_0018_Camera_22_f000720_r007.jpg,None,54,Hospital_000__Person_0018,1.0,False,False,-0.030616239,0.30929443,-0.030616265,0.30929583,0.050599772
13,Person_0018,Hospital_000__Person_0018,18,18,Camera_23,33,Hospital_000,Person,0,0.0,3750,8760,/pfs/data6/home/st/st_us-053000/st_st191959/DL-Lab/DataSet/MTMC_Tracking_2025_Preprocessed/val/Hospital_000/crops/Person_0018/Camera_23/Person_0018_Camera_23_f003750_r008.jpg,None,-1,NOISE,0.0,True,False,-0.050430946,0.2879747,-0.050430555,0.2879756,0.029435515
360,Person_0018,Hospital_000__Person_0018,18,18,Camera_24,34,Hospital_000,Person,1,0.65,720,8910,/pfs/data6/home/st/st_us-053000/st_st191959/DL-Lab/DataSet/MTMC_Tracking_2025_Preprocessed/val/Hospital_000/crops/Person_0018/Camera_24/Person_0018_Camera_24_f000720_r017.jpg,None,54,Hospital_000__Person_0018,1.0,False,False,-0.028626649,0.3467541,-0.028626652,0.3467557,0.069886096
6,Person_0018,Hospital_000__Person_0018,18,18,Camera_25,35,Hospital_000,Person,0,0.0,4590,5520,/pfs/data6/home/st/st_us-053000/st_st191959/DL-Lab/DataSet/MTMC_Tracking_2025_Preprocessed/val/Hospital_000/crops/Person_0018/Camera_25/Person_0018_Camera_25_f004590_r004.jpg,None,2,Hospital_000__Person_0018,0.25,False,False,-0.22331327,0.15598261,-0.22331247,0.15598397,-0.054829784
270,Person_0018,Hospital_000__Person_0018,18,18,Camera_26,36,Hospital_000,Person,1,0.6666666666666666,870,3540,/pfs/data6/home/st/st_us-053000/st_st191959/DL-Lab/DataSet/MTMC_Tracking_2025_Preprocessed/val/Hospital_000/crops/Person_0018/Camera_26/Person_0018_Camera_26_f000870_r007.jpg,None,54,Hospital_000__Person_0018,1.0,False,False,0.046687394,0.30453375,0.046687346,0.30453467,0.013787279
57,Person_0018,Hospital_000__Person_0018,18,18,Camera_27,37,Hospital_000,Person,1,0.10526315789473684,690,3510,/pfs/data6/home/st/st_us-053000/st_st191959/DL-Lab/DataSet/MTMC_Tracking_2025_Preprocessed/val/Hospital_000/crops/Person_0018/Camera_27/Person_0018_Camera_27_f000690_r004.jpg,None,-1,NOISE,0.0,True,False,0.008217297,0.3576481,0.008217301,0.3576495,0.111549646
429,Person_0018,Hospital_000__Person_0018,18,18,Camera_31,41,Hospital_000,Person,1,0.6666666666666666,3780,8970,/pfs/data6/home/st/st_us-053000/st_st191959/DL-Lab/DataSet/MTMC_Tracking_2025_Preprocessed/val/Hospital_000/crops/Person_0018/Camera_31/Person_0018_Camera_31_f003780_r004.jpg,None,54,Hospital_000__Person_0018,1.0,False,False,-0.063409865,0.36231437,-0.06341006,0.36231565,0.077004164
116,Person_0019,Hospital_000__Person_0019,19,19,Camera,0,Hospital_000,Person,1,0.3448275862068966,3180,8970,/pfs/data6/home/st/st_us-053000/st_st191959/DL-Lab/DataSet/MTMC_Tracking_2025_Preprocessed/val/Hospital_000/crops/Person_0019/Camera/Person_0019_Camera_f003180_r004.jpg,None,-1,NOISE,0.0,True,False,0.21614538,-0.15519913,0.21614538,-0.15519913,-0.07515577
324,Person_0019,Hospital_000__Person_0019,19,19,Camera_03,13,Hospital_000,Person,1,0.6666666666666666,480,8970,/pfs/data6/home/st/st_us-053000/st_st191959/DL-Lab/DataSet/MTMC_Tracking_2025_Preprocessed/val/Hospital_000/crops/Person_0019/Camera_03/Person_0019_Camera_03_f000480_r011.jpg,None,69,Hospital_000__Person_0019,1.0,False,False,0.13091725,-0.19447467,0.13091692,-0.19447523,0.019296862
7,Person_0019,Hospital_000__Person_0019,19,19,Camera_04,14,Hospital_000,Person,0,0.0,1590,2790,/pfs/data6/home/st/st_us-053000/st_st191959/DL-Lab/DataSet/MTMC_Tracking_2025_Preprocessed/val/Hospital_000/crops/Person_0019/Camera_04/Person_0019_Camera_04_f001590_r004.jpg,None,-1,NOISE,0.0,True,False,-0.14346884,-0.11252444,-0.14346883,-0.11252425,-0.030569173
152,Person_0019,Hospital_000__Person_0019,19,19,Camera_05,15,Hospital_000,Person,1,0.6578947368421053,150,3120,/pfs/data6/home/st/st_us-053000/st_st191959/DL-Lab/DataSet/MTMC_Tracking_2025_Preprocessed/val/Hospital_000/crops/Person_0019/Camera_05/Person_0019_Camera_05_f000150_r008.jpg,None,69,Hospital_000__Person_0019,1.0,False,False,0.03662039,-0.21151768,0.03662023,-0.21151774,0.084775545
609,Person_0019,Hospital_000__Person_0019,19,19,Camera_06,16,Hospital_000,Person,1,0.6535303776683087,120,8970,/pfs/data6/home/st/st_us-053000/st_st191959/DL-Lab/DataSet/MTMC_Tracking_2025_Preprocessed/val/Hospital_000/crops/Person_0019/Camera_06/Person_0019_Camera_06_f000120_r005.jpg,None,69,Hospital_000__Person_0019,1.0,False,False,0.122122064,-0.21528363,0.12212199,-0.21528363,0.003768022
86,Person_0019,Hospital_000__Person_0019,19,19,Camera_08,18,Hospital_000,Person,1,0.3488372093023256,90,3030,/pfs/data6/home/st/st_us-053000/st_st191959/DL-Lab/DataSet/MTMC_Tracking_2025_Preprocessed/val/Hospital_000/crops/Person_0019/Camera_08/Person_0019_Camera_08_f000090_r005.jpg,None,78,Hospital_000__Person_0019,0.25,False,False,0.16870885,-0.19366173,0.16870895,-0.19366187,-0.13860898
552,Person_0019,Hospital_000__Person_0019,19,19,Camera_09,19,Hospital_000,Person,1,0.6666666666666666,0,8970,/pfs/data6/home/st/st_us-053000/st_st191959/DL-Lab/DataSet/MTMC_Tracking_2025_Preprocessed/val/Hospital_000/crops/Person_0019/Camera_09/Person_0019_Camera_09_f000000_r004.jpg,None,69,Hospital_000__Person_0019,1.0,False,False,0.1431406,-0.2226446,0.14314032,-0.22264472,-0.015453838
21,Person_0019,Hospital_000__Person_0019,19,19,Camera_19,29,Hospital_000,Person,1,0.6666666666666666,1560,1740,/pfs/data6/home/st/st_us-053000/st_st191959/DL-Lab/DataSet/MTMC_Tracking_2025_Preprocessed/val/Hospital_000/crops/Person_0019/Camera_19/Person_0019_Camera_19_f001560_r004.jpg,None,-1,NOISE,0.0,True,False,-0.1121227,0.010277935,-0.11212309,0.010277734,-0.18242514
36,Person_0019,Hospital_000__Person_0019,19,19,Camera_20,30,Hospital_000,Person,1,0.6666666666666666,2820,7740,/pfs/data6/home/st/st_us-053000/st_st191959/DL-Lab/DataSet/MTMC_Tracking_2025_Preprocessed/val/Hospital_000/crops/Person_0019/Camera_20/Person_0019_Camera_20_f002820_r002.jpg,None,-1,NOISE,0.0,True,False,0.21816982,-0.1701964,0.21816973,-0.17019641,-0.20914723
303,Person_0019,Hospital_000__Person_0019,19,19,Camera_22,32,Hospital_000,Person,1,0.6666666666666666,150,3150,/pfs/data6/home/st/st_us-053000/st_st191959/DL-Lab/DataSet/MTMC_Tracking_2025_Preprocessed/val/Hospital_000/crops/Person_0019/Camera_22/Person_0019_Camera_22_f000150_r004.jpg,None,69,Hospital_000__Person_0019,1.0,False,False,0.11444659,-0.21871497,0.11444627,-0.21871524,0.046506003
4,Person_0019,Hospital_000__Person_0019,19,19,Camera_23,33,Hospital_000,Person,0,0.0,3180,7410,/pfs/data6/home/st/st_us-053000/st_st191959/DL-Lab/DataSet/MTMC_Tracking_2025_Preprocessed/val/Hospital_000/crops/Person_0019/Camera_23/Person_0019_Camera_23_f003180_r006.jpg,None,-1,NOISE,0.0,True,False,-0.12726112,-0.07468034,-0.12726055,-0.07468033,-0.019034628
474,Person_0019,Hospital_000__Person_0019,19,19,Camera_24,34,Hospital_000,Person,1,0.6666666666666666,150,8970,/pfs/data6/home/st/st_us-053000/st_st191959/DL-Lab/DataSet/MTMC_Tracking_2025_Preprocessed/val/Hospital_000/crops/Person_0019/Camera_24/Person_0019_Camera_24_f000150_r012.jpg,None,69,Hospital_000__Person_0019,1.0,False,False,0.12391803,-0.20531492,0.123917766,-0.20531528,0.027971428
1,Person_0019,Hospital_000__Person_0019,19,19,Camera_25,35,Hospital_000,Person,0,0.0,5160,5160,/pfs/data6/home/st/st_us-053000/st_st191959/DL-Lab/DataSet/MTMC_Tracking_2025_Preprocessed/val/Hospital_000/crops/Person_0019/Camera_25/Person_0019_Camera_25_f005160_r003.jpg,None,2,Hospital_000__Person_0018,0.25,False,True,-0.28481182,0.10625212,-0.28481147,0.10625306,-0.033237446
237,Person_0019,Hospital_000__Person_0019,19,19,Camera_26,36,Hospital_000,Person,1,0.6666666666666666,90,2760,/pfs/data6/home/st/st_us-053000/st_st191959/DL-Lab/DataSet/MTMC_Tracking_2025_Preprocessed/val/Hospital_000/crops/Person_0019/Camera_26/Person_0019_Camera_26_f000090_r004.jpg,None,69,Hospital_000__Person_0019,1.0,False,False,0.1107334,-0.20188151,0.11073313,-0.20188184,0.056565396
39,Person_0019,Hospital_000__Person_0019,19,19,Camera_27,37,Hospital_000,Person,1,0.05128205128205128,90,2760,/pfs/data6/home/st/st_us-053000/st_st191959/DL-Lab/DataSet/MTMC_Tracking_2025_Preprocessed/val/Hospital_000/crops/Person_0019/Camera_27/Person_0019_Camera_27_f000090_r005.jpg,None,-1,NOISE,0.0,True,False,-0.24513385,-0.19021781,-0.24513368,-0.19021794,0.06725043
405,Person_0019,Hospital_000__Person_0019,19,19,Camera_31,41,Hospital_000,Person,1,0.6666666666666666,3390,8970,/pfs/data6/home/st/st_us-053000/st_st191959/DL-Lab/DataSet/MTMC_Tracking_2025_Preprocessed/val/Hospital_000/crops/Person_0019/Camera_31/Person_0019_Camera_31_f003390_r001.jpg,None,69,Hospital_000__Person_0019,1.0,False,False,0.0429328,-0.22875829,0.042932607,-0.22875853,0.051081114
89,Person_0020,Hospital_000__Person_0020,20,20,Camera,0,Hospital_000,Person,1,0.4943820224719101,4530,7500,/pfs/data6/home/st/st_us-053000/st_st191959/DL-Lab/DataSet/MTMC_Tracking_2025_Preprocessed/val/Hospital_000/crops/Person_0020/Camera/Person_0020_Camera_f004530_r004.jpg,None,45,Hospital_000__Person_0020,0.9333333333333333,False,False,0.117876746,0.25885406,0.11787659,0.25885433,0.07140232
35,Person_0020,Hospital_000__Person_0020,20,20,Camera_01,11,Hospital_000,Person,1,0.22857142857142856,7830,8970,/pfs/data6/home/st/st_us-053000/st_st191959/DL-Lab/DataSet/MTMC_Tracking_2025_Preprocessed/val/Hospital_000/crops/Person_0020/Camera_01/Person_0020_Camera_01_f007830_r004.jpg,None,45,Hospital_000__Person_0020,0.9333333333333333,False,False,0.10981514,0.23792325,0.10981481,0.23792358,0.06720498
249,Person_0020,Hospital_000__Person_0020,20,20,Camera_03,13,Hospital_000,Person,1,0.6666666666666666,210,7530,/pfs/data6/home/st/st_us-053000/st_st191959/DL-Lab/DataSet/MTMC_Tracking_2025_Preprocessed/val/Hospital_000/crops/Person_0020/Camera_03/Person_0020_Camera_03_f000210_r011.jpg,None,45,Hospital_000__Person_0020,0.9333333333333333,False,False,0.02000411,0.25445136,0.020003652,0.25445208,0.2230152
20,Person_0020,Hospital_000__Person_0020,20,20,Camera_04,14,Hospital_000,Person,0,0.0,180,2700,/pfs/data6/home/st/st_us-053000/st_st191959/DL-Lab/DataSet/MTMC_Tracking_2025_Preprocessed/val/Hospital_000/crops/Person_0020/Camera_04/Person_0020_Camera_04_f000180_r008.jpg,None,-1,NOISE,0.0,True,False,0.067830764,0.29528344,0.06783071,0.29528415,0.018997336
402,Person_0020,Hospital_000__Person_0020,20,20,Camera_05,15,Hospital_000,Person,1,0.6666666666666666,120,8670,/pfs/data6/home/st/st_us-053000/st_st191959/DL-Lab/DataSet/MTMC_Tracking_2025_Preprocessed/val/Hospital_000/crops/Person_0020/Camera_05/Person_0020_Camera_05_f000120_r009.jpg,None,45,Hospital_000__Person_0020,0.9333333333333333,False,False,0.052488606,0.24178323,0.052488066,0.24178363,0.19615918
486,Person_0020,Hospital_000__Person_0020,20,20,Camera_06,16,Hospital_000,Person,1,0.6666666666666666,0,7470,/pfs/data6/home/st/st_us-053000/st_st191959/DL-Lab/DataSet/MTMC_Tracking_2025_Preprocessed/val/Hospital_000/crops/Person_0020/Camera_06/Person_0020_Camera_06_f000000_r006.jpg,None,45,Hospital_000__Person_0020,0.9333333333333333,False,False,0.04393525,0.27295277,0.043934822,0.27295336,0.21269926
273,Person_0020,Hospital_000__Person_0020,20,20,Camera_08,18,Hospital_000,Person,1,0.5641025641025641,0,8430,/pfs/data6/home/st/st_us-053000/st_st191959/DL-Lab/DataSet/MTMC_Tracking_2025_Preprocessed/val/Hospital_000/crops/Person_0020/Camera_08/Person_0020_Camera_08_f000000_r006.jpg,None,45,Hospital_000__Person_0020,0.9333333333333333,False,False,-0.016559415,0.33677602,-0.016559696,0.33677658,0.19785343
552,Person_0020,Hospital_000__Person_0020,20,20,Camera_09,19,Hospital_000,Person,1,0.6594202898550725,0,8370,/pfs/data6/home/st/st_us-053000/st_st191959/DL-Lab/DataSet/MTMC_Tracking_2025_Preprocessed/val/Hospital_000/crops/Person_0020/Camera_09/Person_0020_Camera_09_f000000_r006.jpg,None,45,Hospital_000__Person_0020,0.9333333333333333,False,False,0.03367909,0.28866184,0.033678584,0.2886623,0.2026681
102,Person_0020,Hospital_000__Person_0020,20,20,Camera_19,29,Hospital_000,Person,1,0.6666666666666666,1290,2700,/pfs/data6/home/st/st_us-053000/st_st191959/DL-Lab/DataSet/MTMC_Tracking_2025_Preprocessed/val/Hospital_000/crops/Person_0020/Camera_19/Person_0020_Camera_19_f001290_r006.jpg,None,45,Hospital_000__Person_0020,0.9333333333333333,False,False,-0.12872793,0.2651045,-0.12872837,0.26510495,0.29123148
45,Person_0020,Hospital_000__Person_0020,20,20,Camera_20,30,Hospital_000,Person,1,0.6666666666666666,4530,8970,/pfs/data6/home/st/st_us-053000/st_st191959/DL-Lab/DataSet/MTMC_Tracking_2025_Preprocessed/val/Hospital_000/crops/Person_0020/Camera_20/Person_0020_Camera_20_f004530_r001.jpg,None,45,Hospital_000__Person_0020,0.9333333333333333,False,False,0.18426259,0.21308546,0.18426228,0.21308601,0.077971615
450,Person_0020,Hospital_000__Person_0020,20,20,Camera_22,32,Hospital_000,Person,1,0.6666666666666666,0,7710,/pfs/data6/home/st/st_us-053000/st_st191959/DL-Lab/DataSet/MTMC_Tracking_2025_Preprocessed/val/Hospital_000/crops/Person_0020/Camera_22/Person_0020_Camera_22_f000000_r005.jpg,None,45,Hospital_000__Person_0020,0.9333333333333333,False,False,0.08249374,0.23130299,0.08249319,0.2313033,0.18215762
1,Person_0020,Hospital_000__Person_0020,20,20,Camera_23,33,Hospital_000,Person,0,0.0,4830,4830,/pfs/data6/home/st/st_us-053000/st_st191959/DL-Lab/DataSet/MTMC_Tracking_2025_Preprocessed/val/Hospital_000/crops/Person_0020/Camera_23/Person_0020_Camera_23_f004830_r008.jpg,None,-1,NOISE,0.0,True,False,-0.16653885,0.17686978,-0.16653903,0.17686914,0.02183391
525,Person_0020,Hospital_000__Person_0020,20,20,Camera_24,34,Hospital_000,Person,1,0.6666666666666666,120,7710,/pfs/data6/home/st/st_us-053000/st_st191959/DL-Lab/DataSet/MTMC_Tracking_2025_Preprocessed/val/Hospital_000/crops/Person_0020/Camera_24/Person_0020_Camera_24_f000120_r015.jpg,None,45,Hospital_000__Person_0020,0.9333333333333333,False,False,0.025615262,0.25933382,0.025614757,0.25933436,0.21674852
405,Person_0020,Hospital_000__Person_0020,20,20,Camera_26,36,Hospital_000,Person,1,0.6666666666666666,0,4860,/pfs/data6/home/st/st_us-053000/st_st191959/DL-Lab/DataSet/MTMC_Tracking_2025_Preprocessed/val/Hospital_000/crops/Person_0020/Camera_26/Person_0020_Camera_26_f000000_r004.jpg,None,45,Hospital_000__Person_0020,0.9333333333333333,False,False,0.02639804,0.31722426,0.026397426,0.3172245,0.19862233
126,Person_0020,Hospital_000__Person_0020,20,20,Camera_27,37,Hospital_000,Person,1,0.3968253968253968,120,8340,/pfs/data6/home/st/st_us-053000/st_st191959/DL-Lab/DataSet/MTMC_Tracking_2025_Preprocessed/val/Hospital_000/crops/Person_0020/Camera_27/Person_0020_Camera_27_f000120_r006.jpg,None,45,Hospital_000__Person_0020,0.9333333333333333,False,False,-0.0097056655,0.3583195,-0.009705888,0.35831967,0.17621702
129,Person_0020,Hospital_000__Person_0020,20,20,Camera_31,41,Hospital_000,Person,1,0.6666666666666666,4650,6930,/pfs/data6/home/st/st_us-053000/st_st191959/DL-Lab/DataSet/MTMC_Tracking_2025_Preprocessed/val/Hospital_000/crops/Person_0020/Camera_31/Person_0020_Camera_31_f004650_r003.jpg,None,45,Hospital_000__Person_0020,0.9333333333333333,False,False,-0.04030301,0.29117376,-0.04030357,0.29117393,0.23395704
151,Person_0021,Hospital_000__Person_0021,21,21,Camera,0,Hospital_000,Person,1,0.46357615894039733,2340,8700,/pfs/data6/home/st/st_us-053000/st_st191959/DL-Lab/DataSet/MTMC_Tracking_2025_Preprocessed/val/Hospital_000/crops/Person_0021/Camera/Person_0021_Camera_f002340_r002.jpg,None,67,Hospital_000__Person_0021,1.0,False,False,0.13458341,0.27497596,0.1345835,0.27497566,-0.013607112
543,Person_0021,Hospital_000__Person_0021,21,21,Camera_03,13,Hospital_000,Person,1,0.6593001841620626,120,8910,/pfs/data6/home/st/st_us-053000/st_st191959/DL-Lab/DataSet/MTMC_Tracking_2025_Preprocessed/val/Hospital_000/crops/Person_0021/Camera_03/Person_0021_Camera_03_f000120_r005.jpg,None,67,Hospital_000__Person_0021,1.0,False,False,0.031423584,0.2568029,0.031423505,0.25680265,0.058278706
1,Person_0021,Hospital_000__Person_0021,21,21,Camera_04,14,Hospital_000,Person,0,0.0,7680,7680,/pfs/data6/home/st/st_us-053000/st_st191959/DL-Lab/DataSet/MTMC_Tracking_2025_Preprocessed/val/Hospital_000/crops/Person_0021/Camera_04/Person_0021_Camera_04_f007680_r003.jpg,None,-1,NOISE,0.0,True,False,-0.040487666,0.27894953,-0.040487938,0.27895015,0.09345289
379,Person_0021,Hospital_000__Person_0021,21,21,Camera_05,15,Hospital_000,Person,1,0.6543535620052771,30,8970,/pfs/data6/home/st/st_us-053000/st_st191959/DL-Lab/DataSet/MTMC_Tracking_2025_Preprocessed/val/Hospital_000/crops/Person_0021/Camera_05/Person_0021_Camera_05_f000030_r004.jpg,None,67,Hospital_000__Person_0021,1.0,False,False,0.06369476,0.24243444,0.06369462,0.24243407,0.047250442
806,Person_0021,Hospital_000__Person_0021,21,21,Camera_06,16,Hospital_000,Person,1,0.6650124069478908,0,8970,/pfs/data6/home/st/st_us-053000/st_st191959/DL-Lab/DataSet/MTMC_Tracking_2025_Preprocessed/val/Hospital_000/crops/Person_0021/Camera_06/Person_0021_Camera_06_f000000_r002.jpg,None,67,Hospital_000__Person_0021,1.0,False,False,0.06054277,0.29749006,0.060542606,0.2974903,0.07405322
239,Person_0021,Hospital_000__Person_0021,21,21,Camera_08,18,Hospital_000,Person,1,0.5188284518828452,90,8940,/pfs/data6/home/st/st_us-053000/st_st191959/DL-Lab/DataSet/MTMC_Tracking_2025_Preprocessed/val/Hospital_000/crops/Person_0021/Camera_08/Person_0021_Camera_08_f000090_r002.jpg,None,-1,NOISE,0.0,True,False,0.18562971,0.078156784,0.18562996,0.078156784,-0.12874866
796,Person_0021,Hospital_000__Person_0021,21,21,Camera_09,19,Hospital_000,Person,1,0.6658291457286433,0,8970,/pfs/data6/home/st/st_us-053000/st_st191959/DL-Lab/DataSet/MTMC_Tracking_2025_Preprocessed/val/Hospital_000/crops/Person_0021/Camera_09/Person_0021_Camera_09_f000000_r002.jpg,None,67,Hospital_000__Person_0021,1.0,False,False,0.102571465,0.24678028,0.102571435,0.24678048,0.04226209
86,Person_0021,Hospital_000__Person_0021,21,21,Camera_20,30,Hospital_000,Person,1,0.4883720930232558,2340,8670,/pfs/data6/home/st/st_us-053000/st_st191959/DL-Lab/DataSet/MTMC_Tracking_2025_Preprocessed/val/Hospital_000/crops/Person_0021/Camera_20/Person_0021_Camera_20_f002340_r003.jpg,None,67,Hospital_000__Person_0021,1.0,False,False,0.117199875,0.21140055,0.11720001,0.21140021,-0.025088578
550,Person_0021,Hospital_000__Person_0021,21,21,Camera_22,32,Hospital_000,Person,1,0.6654545454545454,0,8940,/pfs/data6/home/st/st_us-053000/st_st191959/DL-Lab/DataSet/MTMC_Tracking_2025_Preprocessed/val/Hospital_000/crops/Person_0021/Camera_22/Person_0021_Camera_22_f000000_r002.jpg,None,67,Hospital_000__Person_0021,1.0,False,False,0.039675225,0.21787529,0.039675165,0.217875,0.0678137
3,Person_0021,Hospital_000__Person_0021,21,21,Camera_23,33,Hospital_000,Person,0,0.0,4140,6960,/pfs/data6/home/st/st_us-053000/st_st191959/DL-Lab/DataSet/MTMC_Tracking_2025_Preprocessed/val/Hospital_000/crops/Person_0021/Camera_23/Person_0021_Camera_23_f004140_r005.jpg,None,-1,NOISE,0.0,True,False,-0.07892405,0.16860811,-0.07892378,0.16860779,0.0055125034
789,Person_0021,Hospital_000__Person_0021,21,21,Camera_24,34,Hospital_000,Person,1,0.6666666666666666,30,8970,/pfs/data6/home/st/st_us-053000/st_st191959/DL-Lab/DataSet/MTMC_Tracking_2025_Preprocessed/val/Hospital_000/crops/Person_0021/Camera_24/Person_0021_Camera_24_f000030_r007.jpg,None,67,Hospital_000__Person_0021,1.0,False,False,0.022454457,0.25562668,0.022454286,0.25562656,0.092638455
547,Person_0021,Hospital_000__Person_0021,21,21,Camera_26,36,Hospital_000,Person,1,0.6654478976234004,0,8970,/pfs/data6/home/st/st_us-053000/st_st191959/DL-Lab/DataSet/MTMC_Tracking_2025_Preprocessed/val/Hospital_000/crops/Person_0021/Camera_26/Person_0021_Camera_26_f000000_r001.jpg,None,67,Hospital_000__Person_0021,1.0,False,False,-0.002599619,0.22238351,-0.002599706,0.22238316,0.11002195
84,Person_0021,Hospital_000__Person_0021,21,21,Camera_27,37,Hospital_000,Person,1,0.07142857142857142,30,8910,/pfs/data6/home/st/st_us-053000/st_st191959/DL-Lab/DataSet/MTMC_Tracking_2025_Preprocessed/val/Hospital_000/crops/Person_0021/Camera_27/Person_0021_Camera_27_f000030_r004.jpg,None,-1,NOISE,0.0,True,False,0.07807666,0.33014777,0.078076676,0.33014786,0.054413866
117,Person_0021,Hospital_000__Person_0021,21,21,Camera_31,41,Hospital_000,Person,1,0.6666666666666666,3270,8610,/pfs/data6/home/st/st_us-053000/st_st191959/DL-Lab/DataSet/MTMC_Tracking_2025_Preprocessed/val/Hospital_000/crops/Person_0021/Camera_31/Person_0021_Camera_31_f003270_r001.jpg,None,-1,NOISE,0.0,True,False,-0.07468845,0.13086429,-0.07468834,0.13086495,0.09958623
57,Person_0022,Hospital_000__Person_0022,22,22,Camera,0,Hospital_000,Person,1,0.5964912280701754,270,8220,/pfs/data6/home/st/st_us-053000/st_st191959/DL-Lab/DataSet/MTMC_Tracking_2025_Preprocessed/val/Hospital_000/crops/Person_0022/Camera/Person_0022_Camera_f000270_r000.jpg,None,14,Hospital_000__Person_0022,0.5263157894736842,False,False,-0.12935328,0.19813827,-0.12935385,0.19813836,0.11829046
144,Person_0022,Hospital_000__Person_0022,22,22,Camera_01,11,Hospital_000,Person,1,0.3472222222222222,2370,8910,/pfs/data6/home/st/st_us-053000/st_st191959/DL-Lab/DataSet/MTMC_Tracking_2025_Preprocessed/val/Hospital_000/crops/Person_0022/Camera_01/Person_0022_Camera_01_f002370_r002.jpg,None,14,Hospital_000__Person_0022,0.5263157894736842,False,False,-0.11561622,0.1842632,-0.11561686,0.18426245,-0.019281132
129,Person_0022,Hospital_000__Person_0022,22,22,Camera_03,13,Hospital_000,Person,1,0.6666666666666666,240,1770,/pfs/data6/home/st/st_us-053000/st_st191959/DL-Lab/DataSet/MTMC_Tracking_2025_Preprocessed/val/Hospital_000/crops/Person_0022/Camera_03/Person_0022_Camera_03_f000240_r001.jpg,None,14,Hospital_000__Person_0022,0.5263157894736842,False,False,-0.2060279,0.16201356,-0.20602864,0.16201347,0.14957328
546,Person_0022,Hospital_000__Person_0022,22,22,Camera_05,15,Hospital_000,Person,1,0.6666666666666666,1170,8820,/pfs/data6/home/st/st_us-053000/st_st191959/DL-Lab/DataSet/MTMC_Tracking_2025_Preprocessed/val/Hospital_000/crops/Person_0022/Camera_05/Person_0022_Camera_05_f001170_r000.jpg,None,14,Hospital_000__Person_0022,0.5263157894736842,False,False,-0.16956234,0.14532876,-0.16956308,0.14532861,0.13866667
145,Person_0022,Hospital_000__Person_0022,22,22,Camera_06,16,Hospital_000,Person,1,0.6620689655172414,0,1740,/pfs/data6/home/st/st_us-053000/st_st191959/DL-Lab/DataSet/MTMC_Tracking_2025_Preprocessed/val/Hospital_000/crops/Person_0022/Camera_06/Person_0022_Camera_06_f000000_r000.jpg,None,14,Hospital_000__Person_0022,0.5263157894736842,False,False,-0.13243927,0.16992828,-0.13244008,0.16992785,0.055586986
31,Person_0022,Hospital_000__Person_0022,22,22,Camera_08,18,Hospital_000,Person,1,0.1935483870967742,1380,8610,/pfs/data6/home/st/st_us-053000/st_st191959/DL-Lab/DataSet/MTMC_Tracking_2025_Preprocessed/val/Hospital_000/crops/Person_0022/Camera_08/Person_0022_Camera_08_f001380_r002.jpg,None,-1,NOISE,0.0,True,False,0.056066506,0.009416281,0.05606639,0.009416169,-0.1614766
354,Person_0022,Hospital_000__Person_0022,22,22,Camera_09,19,Hospital_000,Person,1,0.632768361581921,240,8970,/pfs/data6/home/st/st_us-053000/st_st191959/DL-Lab/DataSet/MTMC_Tracking_2025_Preprocessed/val/Hospital_000/crops/Person_0022/Camera_09/Person_0022_Camera_09_f000240_r002.jpg,None,14,Hospital_000__Person_0022,0.5263157894736842,False,False,-0.18066557,0.16007401,-0.18066639,0.16007346,0.06775586
109,Person_0022,Hospital_000__Person_0022,22,22,Camera_20,30,Hospital_000,Person,1,0.6605504587155964,720,8850,/pfs/data6/home/st/st_us-053000/st_st191959/DL-Lab/DataSet/MTMC_Tracking_2025_Preprocessed/val/Hospital_000/crops/Person_0022/Camera_20/Person_0022_Camera_20_f000720_r002.jpg,None,14,Hospital_000__Person_0022,0.5263157894736842,False,False,-0.16620995,0.11627827,-0.16621064,0.11627797,0.09079523
105,Person_0022,Hospital_000__Person_0022,22,22,Camera_22,32,Hospital_000,Person,1,0.6666666666666666,840,3570,/pfs/data6/home/st/st_us-053000/st_st191959/DL-Lab/DataSet/MTMC_Tracking_2025_Preprocessed/val/Hospital_000/crops/Person_0022/Camera_22/Person_0022_Camera_22_f000840_r003.jpg,None,14,Hospital_000__Person_0022,0.5263157894736842,False,False,-0.28319013,0.14944549,-0.28319082,0.14944547,0.20165546
153,Person_0022,Hospital_000__Person_0022,22,22,Camera_24,34,Hospital_000,Person,1,0.6666666666666666,240,3570,/pfs/data6/home/st/st_us-053000/st_st191959/DL-Lab/DataSet/MTMC_Tracking_2025_Preprocessed/val/Hospital_000/crops/Person_0022/Camera_24/Person_0022_Camera_24_f000240_r002.jpg,None,14,Hospital_000__Person_0022,0.5263157894736842,False,False,-0.21919979,0.12409415,-0.2192005,0.12409373,0.120475434
91,Person_0022,Hospital_000__Person_0022,22,22,Camera_26,36,Hospital_000,Person,1,0.6593406593406593,870,1770,/pfs/data6/home/st/st_us-053000/st_st191959/DL-Lab/DataSet/MTMC_Tracking_2025_Preprocessed/val/Hospital_000/crops/Person_0022/Camera_26/Person_0022_Camera_26_f000870_r001.jpg,None,14,Hospital_000__Person_0022,0.5263157894736842,False,False,-0.31101295,0.1616991,-0.3110136,0.16169915,0.20309149
6,Person_0022,Hospital_000__Person_0022,22,22,Camera_27,37,Hospital_000,Person,0,0.0,1200,3060,/pfs/data6/home/st/st_us-053000/st_st191959/DL-Lab/DataSet/MTMC_Tracking_2025_Preprocessed/val/Hospital_000/crops/Person_0022/Camera_27/Person_0022_Camera_27_f001200_r002.jpg,None,-1,NOISE,0.0,True,False,0.013348,0.010463748,0.013347987,0.010464193,-0.083571084
75,Person_0022,Hospital_000__Person_0022,22,22,Camera_31,41,Hospital_000,Person,1,0.6666666666666666,0,720,/pfs/data6/home/st/st_us-053000/st_st191959/DL-Lab/DataSet/MTMC_Tracking_2025_Preprocessed/val/Hospital_000/crops/Person_0022/Camera_31/Person_0022_Camera_31_f000000_r000.jpg,None,-1,NOISE,0.0,True,False,-0.33470905,0.056704093,-0.33470967,0.056704022,0.24277365
106,Person_0023,Hospital_000__Person_0023,23,23,Camera,0,Hospital_000,Person,1,0.4339622641509434,30,7680,/pfs/data6/home/st/st_us-053000/st_st191959/DL-Lab/DataSet/MTMC_Tracking_2025_Preprocessed/val/Hospital_000/crops/Person_0023/Camera/Person_0023_Camera_f000030_r004.jpg,None,-1,NOISE,0.0,True,False,0.25494248,-0.12935507,0.2549423,-0.12935512,-0.08551933
42,Person_0023,Hospital_000__Person_0023,23,23,Camera_01,11,Hospital_000,Person,1,0.42857142857142855,60,810,/pfs/data6/home/st/st_us-053000/st_st191959/DL-Lab/DataSet/MTMC_Tracking_2025_Preprocessed/val/Hospital_000/crops/Person_0023/Camera_01/Person_0023_Camera_01_f000060_r003.jpg,None,-1,NOISE,0.0,True,False,0.10016017,-0.04437484,0.1001601,-0.04437618,-0.2606646
418,Person_0023,Hospital_000__Person_0023,23,23,Camera_03,13,Hospital_000,Person,1,0.6650717703349283,1080,8430,/pfs/data6/home/st/st_us-053000/st_st191959/DL-Lab/DataSet/MTMC_Tracking_2025_Preprocessed/val/Hospital_000/crops/Person_0023/Camera_03/Person_0023_Camera_03_f001080_r012.jpg,None,33,Hospital_000__Person_0023,1.0,False,False,0.12638466,-0.07470811,0.12638421,-0.0747087,0.03069756
2,Person_0023,Hospital_000__Person_0023,23,23,Camera_04,14,Hospital_000,Person,0,0.0,3930,8430,/pfs/data6/home/st/st_us-053000/st_st191959/DL-Lab/DataSet/MTMC_Tracking_2025_Preprocessed/val/Hospital_000/crops/Person_0023/Camera_04/Person_0023_Camera_04_f003930_r004.jpg,None,-1,NOISE,0.0,True,False,0.057225328,-0.06806115,0.057225503,-0.06806091,-0.19319141
376,Person_0023,Hospital_000__Person_0023,23,23,Camera_05,15,Hospital_000,Person,1,0.648936170212766,0,8970,/pfs/data6/home/st/st_us-053000/st_st191959/DL-Lab/DataSet/MTMC_Tracking_2025_Preprocessed/val/Hospital_000/crops/Person_0023/Camera_05/Person_0023_Camera_05_f000000_r005.jpg,None,33,Hospital_000__Person_0023,1.0,False,False,0.13992973,-0.07273769,0.13992944,-0.07273838,0.0077128806
520,Person_0023,Hospital_000__Person_0023,23,23,Camera_06,16,Hospital_000,Person,1,0.6576923076923077,1320,8970,/pfs/data6/home/st/st_us-053000/st_st191959/DL-Lab/DataSet/MTMC_Tracking_2025_Preprocessed/val/Hospital_000/crops/Person_0023/Camera_06/Person_0023_Camera_06_f001320_r005.jpg,None,33,Hospital_000__Person_0023,1.0,False,False,0.14726248,-0.08302875,0.14726219,-0.08302927,0.008688146
101,Person_0023,Hospital_000__Person_0023,23,23,Camera_08,18,Hospital_000,Person,1,0.31683168316831684,210,8970,/pfs/data6/home/st/st_us-053000/st_st191959/DL-Lab/DataSet/MTMC_Tracking_2025_Preprocessed/val/Hospital_000/crops/Person_0023/Camera_08/Person_0023_Camera_08_f000210_r003.jpg,None,-1,NOISE,0.0,True,False,0.1934173,-0.112610705,0.1934173,-0.112610936,-0.21940424
638,Person_0023,Hospital_000__Person_0023,23,23,Camera_09,19,Hospital_000,Person,1,0.658307210031348,1050,8970,/pfs/data6/home/st/st_us-053000/st_st191959/DL-Lab/DataSet/MTMC_Tracking_2025_Preprocessed/val/Hospital_000/crops/Person_0023/Camera_09/Person_0023_Camera_09_f001050_r006.jpg,None,33,Hospital_000__Person_0023,1.0,False,False,0.16398326,-0.07286202,0.16398293,-0.07286267,-0.003369526
18,Person_0023,Hospital_000__Person_0023,23,23,Camera_19,29,Hospital_000,Person,1,0.6666666666666666,3960,7350,/pfs/data6/home/st/st_us-053000/st_st191959/DL-Lab/DataSet/MTMC_Tracking_2025_Preprocessed/val/Hospital_000/crops/Person_0023/Camera_19/Person_0023_Camera_19_f003960_r005.jpg,None,-1,NOISE,0.0,True,False,-0.12588453,-0.08594502,-0.12588483,-0.08594497,-0.0061786384
27,Person_0023,Hospital_000__Person_0023,23,23,Camera_20,30,Hospital_000,Person,1,0.2962962962962963,2010,8250,/pfs/data6/home/st/st_us-053000/st_st191959/DL-Lab/DataSet/MTMC_Tracking_2025_Preprocessed/val/Hospital_000/crops/Person_0023/Camera_20/Person_0023_Camera_20_f002010_r000.jpg,None,-1,NOISE,0.0,True,False,0.23199472,-0.036876056,0.23199458,-0.036876258,-0.09989212
456,Person_0023,Hospital_000__Person_0023,23,23,Camera_22,32,Hospital_000,Person,1,0.6578947368421053,1050,8970,/pfs/data6/home/st/st_us-053000/st_st191959/DL-Lab/DataSet/MTMC_Tracking_2025_Preprocessed/val/Hospital_000/crops/Person_0023/Camera_22/Person_0023_Camera_22_f001050_r005.jpg,None,33,Hospital_000__Person_0023,1.0,False,False,0.11739032,-0.0894569,0.11738986,-0.08945765,0.01485511
1,Person_0023,Hospital_000__Person_0023,23,23,Camera_23,33,Hospital_000,Person,0,0.0,7470,7470,/pfs/data6/home/st/st_us-053000/st_st191959/DL-Lab/DataSet/MTMC_Tracking_2025_Preprocessed/val/Hospital_000/crops/Person_0023/Camera_23/Person_0023_Camera_23_f007470_r006.jpg,None,-1,NOISE,0.0,True,False,-0.03574464,0.18615273,-0.0357443,0.18615295,-0.017282115
555,Person_0023,Hospital_000__Person_0023,23,23,Camera_24,34,Hospital_000,Person,1,0.6666666666666666,1050,8970,/pfs/data6/home/st/st_us-053000/st_st191959/DL-Lab/DataSet/MTMC_Tracking_2025_Preprocessed/val/Hospital_000/crops/Person_0023/Camera_24/Person_0023_Camera_24_f001050_r015.jpg,None,33,Hospital_000__Person_0023,1.0,False,False,0.1248534,-0.07907851,0.124852985,-0.07907924,0.007222067
8,Person_0023,Hospital_000__Person_0023,23,23,Camera_25,35,Hospital_000,Person,0,0.0,2010,2220,/pfs/data6/home/st/st_us-053000/st_st191959/DL-Lab/DataSet/MTMC_Tracking_2025_Preprocessed/val/Hospital_000/crops/Person_0023/Camera_25/Person_0023_Camera_25_f002010_r002.jpg,None,-1,NOISE,0.0,True,False,-0.34347016,-0.078992136,-0.34346992,-0.078991085,-0.02451402
429,Person_0023,Hospital_000__Person_0023,23,23,Camera_26,36,Hospital_000,Person,1,0.6666666666666666,2910,8970,/pfs/data6/home/st/st_us-053000/st_st191959/DL-Lab/DataSet/MTMC_Tracking_2025_Preprocessed/val/Hospital_000/crops/Person_0023/Camera_26/Person_0023_Camera_26_f002910_r008.jpg,None,33,Hospital_000__Person_0023,1.0,False,False,0.16053653,-0.11031068,0.16053638,-0.110311374,-0.035153456
55,Person_0023,Hospital_000__Person_0023,23,23,Camera_27,37,Hospital_000,Person,1,0.07272727272727272,840,8550,/pfs/data6/home/st/st_us-053000/st_st191959/DL-Lab/DataSet/MTMC_Tracking_2025_Preprocessed/val/Hospital_000/crops/Person_0023/Camera_27/Person_0023_Camera_27_f000840_r003.jpg,None,-1,NOISE,0.0,True,False,0.18834464,-0.14680621,0.18834464,-0.14680602,-0.086171836
108,Person_0023,Hospital_000__Person_0023,23,23,Camera_31,41,Hospital_000,Person,1,0.6666666666666666,1530,2610,/pfs/data6/home/st/st_us-053000/st_st191959/DL-Lab/DataSet/MTMC_Tracking_2025_Preprocessed/val/Hospital_000/crops/Person_0023/Camera_31/Person_0023_Camera_31_f001530_r001.jpg,None,33,Hospital_000__Person_0023,1.0,False,False,0.17898771,-0.11353828,0.17898746,-0.11353879,-0.044625092
248,Person_0024,Hospital_000__Person_0024,24,24,Camera_03,13,Hospital_000,Person,1,0.5,390,8970,/pfs/data6/home/st/st_us-053000/st_st191959/DL-Lab/DataSet/MTMC_Tracking_2025_Preprocessed/val/Hospital_000/crops/Person_0024/Camera_03/Person_0024_Camera_03_f000390_r016.jpg,None,21,Hospital_000__Person_0024,1.0,False,False,-0.32137668,-0.11589972,-0.32137626,-0.11589976,0.09065082
121,Person_0024,Hospital_000__Person_0024,24,24,Camera_04,14,Hospital_000,Person,1,0.21487603305785125,1020,8970,/pfs/data6/home/st/st_us-053000/st_st191959/DL-Lab/DataSet/MTMC_Tracking_2025_Preprocessed/val/Hospital_000/crops/Person_0024/Camera_04/Person_0024_Camera_04_f001020_r006.jpg,None,97,Hospital_000__Person_0024,0.6666666666666666,False,False,0.2164258,-0.14072263,0.21642591,-0.14072289,-0.08741736
108,Person_0024,Hospital_000__Person_0024,24,24,Camera_05,15,Hospital_000,Person,1,0.2222222222222222,510,8730,/pfs/data6/home/st/st_us-053000/st_st191959/DL-Lab/DataSet/MTMC_Tracking_2025_Preprocessed/val/Hospital_000/crops/Person_0024/Camera_05/Person_0024_Camera_05_f000510_r010.jpg,None,21,Hospital_000__Person_0024,1.0,False,False,-0.33234796,-0.21993154,-0.33234772,-0.21993136,0.10054446
678,Person_0024,Hospital_000__Person_0024,24,24,Camera_08,18,Hospital_000,Person,1,0.6607669616519174,0,8970,/pfs/data6/home/st/st_us-053000/st_st191959/DL-Lab/DataSet/MTMC_Tracking_2025_Preprocessed/val/Hospital_000/crops/Person_0024/Camera_08/Person_0024_Camera_08_f000000_r007.jpg,None,96,Hospital_000__Person_0003,0.8,False,True,0.120060794,-0.14147735,0.12006075,-0.1414777,0.048205245
317,Person_0024,Hospital_000__Person_0024,24,24,Camera_18,28,Hospital_000,Person,1,0.6624605678233438,0,8640,/pfs/data6/home/st/st_us-053000/st_st191959/DL-Lab/DataSet/MTMC_Tracking_2025_Preprocessed/val/Hospital_000/crops/Person_0024/Camera_18/Person_0024_Camera_18_f000000_r001.jpg,None,-1,NOISE,0.0,True,False,-0.0154648805,-0.030510116,-0.015464938,-0.03051012,0.07200297
714,Person_0024,Hospital_000__Person_0024,24,24,Camera_19,29,Hospital_000,Person,1,0.6246498599439776,0,8970,/pfs/data6/home/st/st_us-053000/st_st191959/DL-Lab/DataSet/MTMC_Tracking_2025_Preprocessed/val/Hospital_000/crops/Person_0024/Camera_19/Person_0024_Camera_19_f000000_r004.jpg,None,96,Hospital_000__Person_0003,0.8,False,True,0.033148985,-0.19749057,0.03314917,-0.19749086,0.1401755
359,Person_0024,Hospital_000__Person_0024,24,24,Camera_22,32,Hospital_000,Person,1,0.5793871866295265,510,8730,/pfs/data6/home/st/st_us-053000/st_st191959/DL-Lab/DataSet/MTMC_Tracking_2025_Preprocessed/val/Hospital_000/crops/Person_0024/Camera_22/Person_0024_Camera_22_f000510_r006.jpg,None,21,Hospital_000__Person_0024,1.0,False,False,-0.19992803,-0.20759451,-0.19992761,-0.20759471,0.116330035
276,Person_0024,Hospital_000__Person_0024,24,24,Camera_24,34,Hospital_000,Person,1,0.41304347826086957,510,8820,/pfs/data6/home/st/st_us-053000/st_st191959/DL-Lab/DataSet/MTMC_Tracking_2025_Preprocessed/val/Hospital_000/crops/Person_0024/Camera_24/Person_0024_Camera_24_f000510_r019.jpg,None,-1,NOISE,0.0,True,False,-0.13224882,-0.18887667,-0.1322485,-0.1888769,0.11219957
238,Person_0024,Hospital_000__Person_0024,24,24,Camera_26,36,Hospital_000,Person,1,0.6134453781512605,510,8730,/pfs/data6/home/st/st_us-053000/st_st191959/DL-Lab/DataSet/MTMC_Tracking_2025_Preprocessed/val/Hospital_000/crops/Person_0024/Camera_26/Person_0024_Camera_26_f000510_r005.jpg,None,21,Hospital_000__Person_0024,1.0,False,False,-0.2531876,-0.18745834,-0.25318727,-0.18745838,0.17516248
457,Person_0024,Hospital_000__Person_0024,24,24,Camera_27,37,Hospital_000,Person,1,0.6345733041575492,0,8970,/pfs/data6/home/st/st_us-053000/st_st191959/DL-Lab/DataSet/MTMC_Tracking_2025_Preprocessed/val/Hospital_000/crops/Person_0024/Camera_27/Person_0024_Camera_27_f000000_r007.jpg,None,97,Hospital_000__Person_0024,0.6666666666666666,False,False,0.20682806,-0.18076679,0.20682791,-0.18076707,-0.029878167
41,Person_0025,Hospital_000__Person_0025,25,25,Camera,0,Hospital_000,Person,1,0.4878048780487805,6240,7620,/pfs/data6/home/st/st_us-053000/st_st191959/DL-Lab/DataSet/MTMC_Tracking_2025_Preprocessed/val/Hospital_000/crops/Person_0025/Camera/Person_0025_Camera_f006240_r000.jpg,None,68,Hospital_000__Person_0025,0.9166666666666666,False,False,0.07580947,0.13696672,0.07580962,0.1369666,-0.0943843
296,Person_0025,Hospital_000__Person_0025,25,25,Camera_03,13,Hospital_000,Person,1,0.6216216216216216,90,8940,/pfs/data6/home/st/st_us-053000/st_st191959/DL-Lab/DataSet/MTMC_Tracking_2025_Preprocessed/val/Hospital_000/crops/Person_0025/Camera_03/Person_0025_Camera_03_f000090_r000.jpg,None,68,Hospital_000__Person_0025,0.9166666666666666,False,False,0.04880978,0.101808496,0.04880967,0.10180803,-0.12431989
61,Person_0025,Hospital_000__Person_0025,25,25,Camera_04,14,Hospital_000,Person,1,0.06557377049180328,30,8670,/pfs/data6/home/st/st_us-053000/st_st191959/DL-Lab/DataSet/MTMC_Tracking_2025_Preprocessed/val/Hospital_000/crops/Person_0025/Camera_04/Person_0025_Camera_04_f000030_r002.jpg,None,-1,NOISE,0.0,True,False,0.15898062,0.043377332,0.15898106,0.043377277,-0.14506204
266,Person_0025,Hospital_000__Person_0025,25,25,Camera_05,15,Hospital_000,Person,1,0.5639097744360902,240,8970,/pfs/data6/home/st/st_us-053000/st_st191959/DL-Lab/DataSet/MTMC_Tracking_2025_Preprocessed/val/Hospital_000/crops/Person_0025/Camera_05/Person_0025_Camera_05_f000240_r001.jpg,None,68,Hospital_000__Person_0025,0.9166666666666666,False,False,0.03162449,0.0604918,0.031624526,0.06049129,-0.11027921
456,Person_0025,Hospital_000__Person_0025,25,25,Camera_06,16,Hospital_000,Person,1,0.6535087719298246,3480,8940,/pfs/data6/home/st/st_us-053000/st_st191959/DL-Lab/DataSet/MTMC_Tracking_2025_Preprocessed/val/Hospital_000/crops/Person_0025/Camera_06/Person_0025_Camera_06_f003480_r003.jpg,None,68,Hospital_000__Person_0025,0.9166666666666666,False,False,0.051679302,0.08175194,0.051679187,0.081751026,-0.10892239
358,Person_0025,Hospital_000__Person_0025,25,25,Camera_08,18,Hospital_000,Person,1,0.5921787709497207,0,8970,/pfs/data6/home/st/st_us-053000/st_st191959/DL-Lab/DataSet/MTMC_Tracking_2025_Preprocessed/val/Hospital_000/crops/Person_0025/Camera_08/Person_0025_Camera_08_f000000_r001.jpg,None,68,Hospital_000__Person_0025,0.9166666666666666,False,False,-0.0031911375,0.15962178,-0.0031911694,0.15962142,-0.06401083
483,Person_0025,Hospital_000__Person_0025,25,25,Camera_09,19,Hospital_000,Person,1,0.6583850931677019,3480,8970,/pfs/data6/home/st/st_us-053000/st_st191959/DL-Lab/DataSet/MTMC_Tracking_2025_Preprocessed/val/Hospital_000/crops/Person_0025/Camera_09/Person_0025_Camera_09_f003480_r003.jpg,None,68,Hospital_000__Person_0025,0.9166666666666666,False,False,-0.027999112,0.119912036,-0.02799922,0.119911596,-0.061811116
207,Person_0025,Hospital_000__Person_0025,25,25,Camera_18,28,Hospital_000,Person,1,0.6666666666666666,0,2700,/pfs/data6/home/st/st_us-053000/st_st191959/DL-Lab/DataSet/MTMC_Tracking_2025_Preprocessed/val/Hospital_000/crops/Person_0025/Camera_18/Person_0025_Camera_18_f000000_r000.jpg,None,-1,NOISE,0.0,True,False,-0.32270604,0.07513476,-0.32270592,0.07513517,-0.037529685
323,Person_0025,Hospital_000__Person_0025,25,25,Camera_19,29,Hospital_000,Person,1,0.6563467492260062,0,3630,/pfs/data6/home/st/st_us-053000/st_st191959/DL-Lab/DataSet/MTMC_Tracking_2025_Preprocessed/val/Hospital_000/crops/Person_0025/Camera_19/Person_0025_Camera_19_f000000_r001.jpg,None,-1,NOISE,0.0,True,False,-0.0787341,0.11832795,-0.07873392,0.118328504,-0.03114663
18,Person_0025,Hospital_000__Person_0025,25,25,Camera_20,30,Hospital_000,Person,1,0.3333333333333333,6000,7080,/pfs/data6/home/st/st_us-053000/st_st191959/DL-Lab/DataSet/MTMC_Tracking_2025_Preprocessed/val/Hospital_000/crops/Person_0025/Camera_20/Person_0025_Camera_20_f006000_r000.jpg,None,68,Hospital_000__Person_0025,0.9166666666666666,False,False,0.10123767,0.034967836,0.101237796,0.034967404,-0.22796792
494,Person_0025,Hospital_000__Person_0025,25,25,Camera_22,32,Hospital_000,Person,1,0.6518218623481782,150,8970,/pfs/data6/home/st/st_us-053000/st_st191959/DL-Lab/DataSet/MTMC_Tracking_2025_Preprocessed/val/Hospital_000/crops/Person_0025/Camera_22/Person_0025_Camera_22_f000150_r001.jpg,None,68,Hospital_000__Person_0025,0.9166666666666666,False,False,0.067023754,0.08599717,0.06702362,0.085996725,-0.12876767
2,Person_0025,Hospital_000__Person_0025,25,25,Camera_23,33,Hospital_000,Person,0,0.0,6630,7440,/pfs/data6/home/st/st_us-053000/st_st191959/DL-Lab/DataSet/MTMC_Tracking_2025_Preprocessed/val/Hospital_000/crops/Person_0025/Camera_23/Person_0025_Camera_23_f006630_r000.jpg,None,-1,NOISE,0.0,True,False,-0.0040348107,0.11078249,-0.0040346566,0.1107825,-0.032106888
547,Person_0025,Hospital_000__Person_0025,25,25,Camera_24,34,Hospital_000,Person,1,0.6325411334552102,90,8970,/pfs/data6/home/st/st_us-053000/st_st191959/DL-Lab/DataSet/MTMC_Tracking_2025_Preprocessed/val/Hospital_000/crops/Person_0025/Camera_24/Person_0025_Camera_24_f000090_r002.jpg,None,68,Hospital_000__Person_0025,0.9166666666666666,False,False,0.08831765,0.092877604,0.088317595,0.092876896,-0.10837666
433,Person_0025,Hospital_000__Person_0025,25,25,Camera_26,36,Hospital_000,Person,1,0.6651270207852193,210,8970,/pfs/data6/home/st/st_us-053000/st_st191959/DL-Lab/DataSet/MTMC_Tracking_2025_Preprocessed/val/Hospital_000/crops/Person_0025/Camera_26/Person_0025_Camera_26_f000210_r001.jpg,None,68,Hospital_000__Person_0025,0.9166666666666666,False,False,0.07201481,0.0975591,0.072014496,0.09755859,-0.08888248
295,Person_0025,Hospital_000__Person_0025,25,25,Camera_27,37,Hospital_000,Person,1,0.5288135593220339,0,8790,/pfs/data6/home/st/st_us-053000/st_st191959/DL-Lab/DataSet/MTMC_Tracking_2025_Preprocessed/val/Hospital_000/crops/Person_0025/Camera_27/Person_0025_Camera_27_f000000_r002.jpg,None,68,Hospital_000__Person_0025,0.9166666666666666,False,False,-0.13113363,0.12817687,-0.13113375,0.12817636,-0.018115422
45,Person_0025,Hospital_000__Person_0025,25,25,Camera_31,41,Hospital_000,Person,1,0.6666666666666666,6330,7410,/pfs/data6/home/st/st_us-053000/st_st191959/DL-Lab/DataSet/MTMC_Tracking_2025_Preprocessed/val/Hospital_000/crops/Person_0025/Camera_31/Person_0025_Camera_31_f006330_r000.jpg,None,-1,NOISE,0.0,True,False,0.116648726,-0.05712443,0.11664891,-0.05712486,-0.2730307
40,Person_0026,Hospital_000__Person_0026,26,26,Camera,0,Hospital_000,Person,1,0.25,3780,8220,/pfs/data6/home/st/st_us-053000/st_st191959/DL-Lab/DataSet/MTMC_Tracking_2025_Preprocessed/val/Hospital_000/crops/Person_0026/Camera/Person_0026_Camera_f003780_r001.jpg,None,34,Hospital_000__Person_0026,1.0,False,False,-0.0072810194,0.21521384,-0.007281006,0.21521416,-0.118816115
142,Person_0026,Hospital_000__Person_0026,26,26,Camera_01,11,Hospital_000,Person,1,0.14084507042253522,240,7620,/pfs/data6/home/st/st_us-053000/st_st191959/DL-Lab/DataSet/MTMC_Tracking_2025_Preprocessed/val/Hospital_000/crops/Person_0026/Camera_01/Person_0026_Camera_01_f000240_r001.jpg,None,34,Hospital_000__Person_0026,1.0,False,False,0.0077446084,0.10728225,0.007744526,0.107282005,-0.22577512
78,Person_0026,Hospital_000__Person_0026,26,26,Camera_03,13,Hospital_000,Person,1,0.6666666666666666,6810,8970,/pfs/data6/home/st/st_us-053000/st_st191959/DL-Lab/DataSet/MTMC_Tracking_2025_Preprocessed/val/Hospital_000/crops/Person_0026/Camera_03/Person_0026_Camera_03_f006810_r002.jpg,None,-1,NOISE,0.0,True,False,-0.3777084,0.11683803,-0.3777085,0.1168381,-0.060580924
1,Person_0026,Hospital_000__Person_0026,26,26,Camera_04,14,Hospital_000,Person,0,0.0,8940,8940,/pfs/data6/home/st/st_us-053000/st_st191959/DL-Lab/DataSet/MTMC_Tracking_2025_Preprocessed/val/Hospital_000/crops/Person_0026/Camera_04/Person_0026_Camera_04_f008940_r001.jpg,None,-1,NOISE,0.0,True,False,-0.11941806,-0.0028087078,-0.11941775,-0.0028085783,-0.30928135
666,Person_0026,Hospital_000__Person_0026,26,26,Camera_05,15,Hospital_000,Person,1,0.6666666666666666,0,8970,/pfs/data6/home/st/st_us-053000/st_st191959/DL-Lab/DataSet/MTMC_Tracking_2025_Preprocessed/val/Hospital_000/crops/Person_0026/Camera_05/Person_0026_Camera_05_f000000_r002.jpg,None,34,Hospital_000__Person_0026,1.0,False,False,-0.077553086,0.17432827,-0.077553384,0.1743288,-0.12953675
32,Person_0026,Hospital_000__Person_0026,26,26,Camera_06,16,Hospital_000,Person,1,0.5,7980,8850,/pfs/data6/home/st/st_us-053000/st_st191959/DL-Lab/DataSet/MTMC_Tracking_2025_Preprocessed/val/Hospital_000/crops/Person_0026/Camera_06/Person_0026_Camera_06_f007980_r002.jpg,None,34,Hospital_000__Person_0026,1.0,False,False,0.074667096,0.035849754,0.07466718,0.035850067,-0.18955828
38,Person_0026,Hospital_000__Person_0026,26,26,Camera_08,18,Hospital_000,Person,1,0.15789473684210525,510,8940,/pfs/data6/home/st/st_us-053000/st_st191959/DL-Lab/DataSet/MTMC_Tracking_2025_Preprocessed/val/Hospital_000/crops/Person_0026/Camera_08/Person_0026_Camera_08_f000510_r000.jpg,None,78,Hospital_000__Person_0019,0.25,False,True,0.14868905,-0.056141634,0.14868928,-0.056141444,-0.22561897
205,Person_0026,Hospital_000__Person_0026,26,26,Camera_09,19,Hospital_000,Person,1,0.6146341463414634,210,8970,/pfs/data6/home/st/st_us-053000/st_st191959/DL-Lab/DataSet/MTMC_Tracking_2025_Preprocessed/val/Hospital_000/crops/Person_0026/Camera_09/Person_0026_Camera_09_f000210_r001.jpg,None,34,Hospital_000__Person_0026,1.0,False,False,-0.0507132,0.17245618,-0.050713435,0.1724567,-0.120211795
120,Person_0026,Hospital_000__Person_0026,26,26,Camera_20,30,Hospital_000,Person,1,0.6666666666666666,240,8460,/pfs/data6/home/st/st_us-053000/st_st191959/DL-Lab/DataSet/MTMC_Tracking_2025_Preprocessed/val/Hospital_000/crops/Person_0026/Camera_20/Person_0026_Camera_20_f000240_r001.jpg,None,34,Hospital_000__Person_0026,1.0,False,False,0.029787146,0.13835053,0.029786972,0.13835102,-0.16417103
138,Person_0026,Hospital_000__Person_0026,26,26,Camera_22,32,Hospital_000,Person,1,0.6666666666666666,6450,8970,/pfs/data6/home/st/st_us-053000/st_st191959/DL-Lab/DataSet/MTMC_Tracking_2025_Preprocessed/val/Hospital_000/crops/Person_0026/Camera_22/Person_0026_Camera_22_f006450_r001.jpg,None,34,Hospital_000__Person_0026,1.0,False,False,-0.07082415,0.1637863,-0.07082439,0.16378675,-0.15821894
160,Person_0026,Hospital_000__Person_0026,26,26,Camera_24,34,Hospital_000,Person,1,0.6625,6450,8970,/pfs/data6/home/st/st_us-053000/st_st191959/DL-Lab/DataSet/MTMC_Tracking_2025_Preprocessed/val/Hospital_000/crops/Person_0026/Camera_24/Person_0026_Camera_24_f006450_r001.jpg,None,34,Hospital_000__Person_0026,1.0,False,False,-0.20728666,0.17102554,-0.20728688,0.1710261,-0.0936382
54,Person_0026,Hospital_000__Person_0026,26,26,Camera_26,36,Hospital_000,Person,1,0.6666666666666666,8220,8970,/pfs/data6/home/st/st_us-053000/st_st191959/DL-Lab/DataSet/MTMC_Tracking_2025_Preprocessed/val/Hospital_000/crops/Person_0026/Camera_26/Person_0026_Camera_26_f008220_r001.jpg,None,34,Hospital_000__Person_0026,1.0,False,False,0.04261357,0.14773929,0.04261328,0.14773963,-0.16277789
17,Person_0026,Hospital_000__Person_0026,26,26,Camera_27,37,Hospital_000,Person,0,0.0,780,8940,/pfs/data6/home/st/st_us-053000/st_st191959/DL-Lab/DataSet/MTMC_Tracking_2025_Preprocessed/val/Hospital_000/crops/Person_0026/Camera_27/Person_0026_Camera_27_f000780_r001.jpg,None,-1,NOISE,0.0,True,False,0.054212805,-0.03118003,0.054213144,-0.031179752,-0.17677952
74,Person_0027,Hospital_000__Person_0027,27,27,Camera,0,Hospital_000,Person,1,0.3783783783783784,5610,8880,/pfs/data6/home/st/st_us-053000/st_st191959/DL-Lab/DataSet/MTMC_Tracking_2025_Preprocessed/val/Hospital_000/crops/Person_0027/Camera/Person_0027_Camera_f005610_r001.jpg,None,-1,NOISE,0.0,True,False,0.20072463,0.07541775,0.20072475,0.0754175,-0.092425756
125,Person_0027,Hospital_000__Person_0027,27,27,Camera_01,11,Hospital_000,Person,1,0.144,0,7020,/pfs/data6/home/st/st_us-053000/st_st191959/DL-Lab/DataSet/MTMC_Tracking_2025_Preprocessed/val/Hospital_000/crops/Person_0027/Camera_01/Person_0027_Camera_01_f000000_r001.jpg,None,-1,NOISE,0.0,True,False,0.18790446,0.18976718,0.18790445,0.18976681,-0.10505382
90,Person_0027,Hospital_000__Person_0027,27,27,Camera_03,13,Hospital_000,Person,1,0.6666666666666666,8100,8970,/pfs/data6/home/st/st_us-053000/st_st191959/DL-Lab/DataSet/MTMC_Tracking_2025_Preprocessed/val/Hospital_000/crops/Person_0027/Camera_03/Person_0027_Camera_03_f008100_r007.jpg,None,46,Hospital_000__Person_0027,1.0,False,False,0.07050189,0.17018482,0.07050182,0.1701842,-0.058687847
684,Person_0027,Hospital_000__Person_0027,27,27,Camera_05,15,Hospital_000,Person,1,0.6666666666666666,0,8970,/pfs/data6/home/st/st_us-053000/st_st191959/DL-Lab/DataSet/MTMC_Tracking_2025_Preprocessed/val/Hospital_000/crops/Person_0027/Camera_05/Person_0027_Camera_05_f000000_r003.jpg,None,46,Hospital_000__Person_0027,1.0,False,False,0.09443507,0.3000335,0.0944348,0.30003342,0.0037982673
87,Person_0027,Hospital_000__Person_0027,27,27,Camera_06,16,Hospital_000,Person,1,0.6666666666666666,8130,8970,/pfs/data6/home/st/st_us-053000/st_st191959/DL-Lab/DataSet/MTMC_Tracking_2025_Preprocessed/val/Hospital_000/crops/Person_0027/Camera_06/Person_0027_Camera_06_f008130_r005.jpg,None,46,Hospital_000__Person_0027,1.0,False,False,0.0729185,0.30890104,0.07291832,0.30890104,0.003249545
25,Person_0027,Hospital_000__Person_0027,27,27,Camera_08,18,Hospital_000,Person,1,0.08,600,8040,/pfs/data6/home/st/st_us-053000/st_st191959/DL-Lab/DataSet/MTMC_Tracking_2025_Preprocessed/val/Hospital_000/crops/Person_0027/Camera_08/Person_0027_Camera_08_f000600_r002.jpg,None,-1,NOISE,0.0,True,False,0.18350896,-0.10617257,0.18350919,-0.10617272,-0.20519651
359,Person_0027,Hospital_000__Person_0027,27,27,Camera_09,19,Hospital_000,Person,1,0.6573816155988857,780,8970,/pfs/data6/home/st/st_us-053000/st_st191959/DL-Lab/DataSet/MTMC_Tracking_2025_Preprocessed/val/Hospital_000/crops/Person_0027/Camera_09/Person_0027_Camera_09_f000780_r004.jpg,None,46,Hospital_000__Person_0027,1.0,False,False,0.05847881,0.31459472,0.058478672,0.31459475,0.013521984
190,Person_0027,Hospital_000__Person_0027,27,27,Camera_20,30,Hospital_000,Person,1,0.6421052631578947,240,8850,/pfs/data6/home/st/st_us-053000/st_st191959/DL-Lab/DataSet/MTMC_Tracking_2025_Preprocessed/val/Hospital_000/crops/Person_0027/Camera_20/Person_0027_Camera_20_f000240_r002.jpg,None,46,Hospital_000__Person_0027,1.0,False,False,0.13575128,0.20498782,0.13575117,0.20498744,-0.057514302
120,Person_0027,Hospital_000__Person_0027,27,27,Camera_22,32,Hospital_000,Person,1,0.6666666666666666,4920,8970,/pfs/data6/home/st/st_us-053000/st_st191959/DL-Lab/DataSet/MTMC_Tracking_2025_Preprocessed/val/Hospital_000/crops/Person_0027/Camera_22/Person_0027_Camera_22_f004920_r005.jpg,None,46,Hospital_000__Person_0027,1.0,False,False,-0.12173408,0.19268298,-0.121734,0.19268252,0.01407384
1,Person_0027,Hospital_000__Person_0027,27,27,Camera_23,33,Hospital_000,Person,0,0.0,8880,8880,/pfs/data6/home/st/st_us-053000/st_st191959/DL-Lab/DataSet/MTMC_Tracking_2025_Preprocessed/val/Hospital_000/crops/Person_0027/Camera_23/Person_0027_Camera_23_f008880_r001.jpg,None,-1,NOISE,0.0,True,False,0.0055311075,0.18636568,0.005530927,0.18636493,-0.07680545
162,Person_0027,Hospital_000__Person_0027,27,27,Camera_24,34,Hospital_000,Person,1,0.6666666666666666,4920,8970,/pfs/data6/home/st/st_us-053000/st_st191959/DL-Lab/DataSet/MTMC_Tracking_2025_Preprocessed/val/Hospital_000/crops/Person_0027/Camera_24/Person_0027_Camera_24_f004920_r009.jpg,None,46,Hospital_000__Person_0027,1.0,False,False,0.0323072,0.22389285,0.03230728,0.22389229,-0.003413882
45,Person_0027,Hospital_000__Person_0027,27,27,Camera_26,36,Hospital_000,Person,1,0.6666666666666666,8130,8970,/pfs/data6/home/st/st_us-053000/st_st191959/DL-Lab/DataSet/MTMC_Tracking_2025_Preprocessed/val/Hospital_000/crops/Person_0027/Camera_26/Person_0027_Camera_26_f008130_r004.jpg,None,46,Hospital_000__Person_0027,1.0,False,False,-0.103131756,0.21400924,-0.10313176,0.21400891,0.030791566
3,Person_0027,Hospital_000__Person_0027,27,27,Camera_27,37,Hospital_000,Person,0,0.0,4320,8040,/pfs/data6/home/st/st_us-053000/st_st191959/DL-Lab/DataSet/MTMC_Tracking_2025_Preprocessed/val/Hospital_000/crops/Person_0027/Camera_27/Person_0027_Camera_27_f004320_r004.jpg,None,45,Hospital_000__Person_0020,0.9333333333333333,False,True,0.04402244,0.31958142,0.044022366,0.3195817,0.04171331
24,Person_0027,Hospital_000__Person_0027,27,27,Camera_31,41,Hospital_000,Person,1,0.6666666666666666,8610,8820,/pfs/data6/home/st/st_us-053000/st_st191959/DL-Lab/DataSet/MTMC_Tracking_2025_Preprocessed/val/Hospital_000/crops/Person_0027/Camera_31/Person_0027_Camera_31_f008610_r001.jpg,None,-1,NOISE,0.0,True,False,0.13561969,-0.06663458,0.13561973,-0.06663499,-0.16661891
59,Person_0028,Hospital_000__Person_0028,28,28,Camera,0,Hospital_000,Person,1,0.4406779661016949,990,5820,/pfs/data6/home/st/st_us-053000/st_st191959/DL-Lab/DataSet/MTMC_Tracking_2025_Preprocessed/val/Hospital_000/crops/Person_0028/Camera/Person_0028_Camera_f000990_r000.jpg,None,-1,NOISE,0.0,True,False,0.097576834,0.24734569,0.09757686,0.24734534,0.018799933
69,Person_0028,Hospital_000__Person_0028,28,28,Camera_01,11,Hospital_000,Person,1,0.3188405797101449,120,8970,/pfs/data6/home/st/st_us-053000/st_st191959/DL-Lab/DataSet/MTMC_Tracking_2025_Preprocessed/val/Hospital_000/crops/Person_0028/Camera_01/Person_0028_Camera_01_f000120_r000.jpg,None,-1,NOISE,0.0,True,False,0.060332127,0.1603194,0.06033226,0.16031891,-0.004375206
260,Person_0028,Hospital_000__Person_0028,28,28,Camera_03,13,Hospital_000,Person,1,0.6538461538461539,690,5910,/pfs/data6/home/st/st_us-053000/st_st191959/DL-Lab/DataSet/MTMC_Tracking_2025_Preprocessed/val/Hospital_000/crops/Person_0028/Camera_03/Person_0028_Camera_03_f000690_r002.jpg,None,51,Hospital_000__Person_0028,1.0,False,False,0.00801954,0.18886039,0.00801969,0.18886034,0.21540545
20,Person_0028,Hospital_000__Person_0028,28,28,Camera_04,14,Hospital_000,Person,0,0.0,1500,8610,/pfs/data6/home/st/st_us-053000/st_st191959/DL-Lab/DataSet/MTMC_Tracking_2025_Preprocessed/val/Hospital_000/crops/Person_0028/Camera_04/Person_0028_Camera_04_f001500_r001.jpg,None,44,Hospital_000__Person_0028,0.6666666666666666,False,False,0.0893401,0.14848691,0.08934034,0.14848728,-0.022099875
538,Person_0028,Hospital_000__Person_0028,28,28,Camera_05,15,Hospital_000,Person,1,0.6617100371747212,0,8970,/pfs/data6/home/st/st_us-053000/st_st191959/DL-Lab/DataSet/MTMC_Tracking_2025_Preprocessed/val/Hospital_000/crops/Person_0028/Camera_05/Person_0028_Camera_05_f000000_r001.jpg,None,51,Hospital_000__Person_0028,1.0,False,False,0.061999176,0.24156265,0.0619992,0.24156263,0.15197876
397,Person_0028,Hospital_000__Person_0028,28,28,Camera_06,16,Hospital_000,Person,1,0.6649874055415617,930,6420,/pfs/data6/home/st/st_us-053000/st_st191959/DL-Lab/DataSet/MTMC_Tracking_2025_Preprocessed/val/Hospital_000/crops/Person_0028/Camera_06/Person_0028_Camera_06_f000930_r001.jpg,None,51,Hospital_000__Person_0028,1.0,False,False,0.026845936,0.20832488,0.026846047,0.20832512,0.21603762
205,Person_0028,Hospital_000__Person_0028,28,28,Camera_08,18,Hospital_000,Person,1,0.37073170731707317,540,8670,/pfs/data6/home/st/st_us-053000/st_st191959/DL-Lab/DataSet/MTMC_Tracking_2025_Preprocessed/val/Hospital_000/crops/Person_0028/Camera_08/Person_0028_Camera_08_f000540_r000.jpg,None,44,Hospital_000__Person_0028,0.6666666666666666,False,False,0.14825371,0.14798845,0.14825395,0.14798883,-0.06803761
667,Person_0028,Hospital_000__Person_0028,28,28,Camera_09,19,Hospital_000,Person,1,0.6656671664167916,150,7200,/pfs/data6/home/st/st_us-053000/st_st191959/DL-Lab/DataSet/MTMC_Tracking_2025_Preprocessed/val/Hospital_000/crops/Person_0028/Camera_09/Person_0028_Camera_09_f000150_r001.jpg,None,51,Hospital_000__Person_0028,1.0,False,False,0.07225245,0.2437469,0.072252505,0.24374688,0.14879481
112,Person_0028,Hospital_000__Person_0028,28,28,Camera_20,30,Hospital_000,Person,1,0.5535714285714286,180,8040,/pfs/data6/home/st/st_us-053000/st_st191959/DL-Lab/DataSet/MTMC_Tracking_2025_Preprocessed/val/Hospital_000/crops/Person_0028/Camera_20/Person_0028_Camera_20_f000180_r000.jpg,None,-1,NOISE,0.0,True,False,0.16233182,0.23343226,0.16233188,0.2334325,0.05377622
507,Person_0028,Hospital_000__Person_0028,28,28,Camera_22,32,Hospital_000,Person,1,0.6666666666666666,630,7230,/pfs/data6/home/st/st_us-053000/st_st191959/DL-Lab/DataSet/MTMC_Tracking_2025_Preprocessed/val/Hospital_000/crops/Person_0028/Camera_22/Person_0028_Camera_22_f000630_r001.jpg,None,51,Hospital_000__Person_0028,1.0,False,False,0.046121947,0.21595074,0.04612201,0.21595071,0.18521978
2,Person_0028,Hospital_000__Person_0028,28,28,Camera_23,33,Hospital_000,Person,0,0.0,4140,5700,/pfs/data6/home/st/st_us-053000/st_st191959/DL-Lab/DataSet/MTMC_Tracking_2025_Preprocessed/val/Hospital_000/crops/Person_0028/Camera_23/Person_0028_Camera_23_f004140_r000.jpg,None,-1,NOISE,0.0,True,False,-0.12651479,0.14131914,-0.12651497,0.14131826,0.04501225
548,Person_0028,Hospital_000__Person_0028,28,28,Camera_24,34,Hospital_000,Person,1,0.6642335766423357,630,7410,/pfs/data6/home/st/st_us-053000/st_st191959/DL-Lab/DataSet/MTMC_Tracking_2025_Preprocessed/val/Hospital_000/crops/Person_0028/Camera_24/Person_0028_Camera_24_f000630_r002.jpg,None,51,Hospital_000__Person_0028,1.0,False,False,0.04552695,0.19550745,0.04552703,0.19550753,0.19001995
495,Person_0028,Hospital_000__Person_0028,28,28,Camera_26,36,Hospital_000,Person,1,0.6666666666666666,900,7170,/pfs/data6/home/st/st_us-053000/st_st191959/DL-Lab/DataSet/MTMC_Tracking_2025_Preprocessed/val/Hospital_000/crops/Person_0028/Camera_26/Person_0028_Camera_26_f000900_r001.jpg,None,-1,NOISE,0.0,True,False,0.027268052,0.22280994,0.027268143,0.22280967,0.19158198
87,Person_0028,Hospital_000__Person_0028,28,28,Camera_27,37,Hospital_000,Person,1,0.09195402298850575,570,8610,/pfs/data6/home/st/st_us-053000/st_st191959/DL-Lab/DataSet/MTMC_Tracking_2025_Preprocessed/val/Hospital_000/crops/Person_0028/Camera_27/Person_0028_Camera_27_f000570_r000.jpg,None,-1,NOISE,0.0,True,False,0.12391846,0.2625611,0.12391871,0.26256114,0.04517983
565,Person_0029,Hospital_000__Person_0029,29,29,Camera_02,12,Hospital_000,Person,1,0.6584070796460177,0,5760,/pfs/data6/home/st/st_us-053000/st_st191959/DL-Lab/DataSet/MTMC_Tracking_2025_Preprocessed/val/Hospital_000/crops/Person_0029/Camera_02/Person_0029_Camera_02_f000000_r000.jpg,None,-1,NOISE,0.0,True,False,-0.106879175,0.19165023,-0.1068792,0.1916496,-0.050981168
3,Person_0029,Hospital_000__Person_0029,29,29,Camera_03,13,Hospital_000,Person,0,0.0,5760,6900,/pfs/data6/home/st/st_us-053000/st_st191959/DL-Lab/DataSet/MTMC_Tracking_2025_Preprocessed/val/Hospital_000/crops/Person_0029/Camera_03/Person_0029_Camera_03_f005760_r004.jpg,None,-1,NOISE,0.0,True,False,-0.07664582,-0.14192258,-0.07664559,-0.14192311,0.055594996
33,Person_0029,Hospital_000__Person_0029,29,29,Camera_10,20,Hospital_000,Person,1,0.6666666666666666,5730,6840,/pfs/data6/home/st/st_us-053000/st_st191959/DL-Lab/DataSet/MTMC_Tracking_2025_Preprocessed/val/Hospital_000/crops/Person_0029/Camera_10/Person_0029_Camera_10_f005730_r000.jpg,None,-1,NOISE,0.0,True,False,-0.07471992,0.15547328,-0.07472003,0.15547268,-0.009781796
66,Person_0029,Hospital_000__Person_0029,29,29,Camera_12,22,Hospital_000,Person,1,0.6666666666666666,450,1380,/pfs/data6/home/st/st_us-053000/st_st191959/DL-Lab/DataSet/MTMC_Tracking_2025_Preprocessed/val/Hospital_000/crops/Person_0029/Camera_12/Person_0029_Camera_12_f000450_r000.jpg,None,-1,NOISE,0.0,True,False,-0.26984036,-0.03280517,-0.2698404,-0.032805383,-0.025349384
339,Person_0029,Hospital_000__Person_0029,29,29,Camera_13,23,Hospital_000,Person,1,0.44837758112094395,0,5730,/pfs/data6/home/st/st_us-053000/st_st191959/DL-Lab/DataSet/MTMC_Tracking_2025_Preprocessed/val/Hospital_000/crops/Person_0029/Camera_13/Person_0029_Camera_13_f000000_r000.jpg,None,84,Hospital_000__Person_0029,1.0,False,False,0.18102805,0.0644271,0.18102819,0.06442713,-0.08753348
105,Person_0029,Hospital_000__Person_0029,29,29,Camera_16,26,Hospital_000,Person,1,0.6666666666666666,6600,7620,/pfs/data6/home/st/st_us-053000/st_st191959/DL-Lab/DataSet/MTMC_Tracking_2025_Preprocessed/val/Hospital_000/crops/Person_0029/Camera_16/Person_0029_Camera_16_f006600_r001.jpg,None,84,Hospital_000__Person_0029,1.0,False,False,0.16191062,0.023524677,0.1619106,0.023524202,-0.090024196
338,Person_0029,Hospital_000__Person_0029,29,29,Camera_17,27,Hospital_000,Person,1,0.44970414201183434,0,5730,/pfs/data6/home/st/st_us-053000/st_st191959/DL-Lab/DataSet/MTMC_Tracking_2025_Preprocessed/val/Hospital_000/crops/Person_0029/Camera_17/Person_0029_Camera_17_f000000_r000.jpg,None,84,Hospital_000__Person_0029,1.0,False,False,0.1741158,0.08920405,0.17411585,0.08920379,-0.072686516
228,Person_0029,Hospital_000__Person_0029,29,29,Camera_21,31,Hospital_000,Person,1,0.6666666666666666,6300,8550,/pfs/data6/home/st/st_us-053000/st_st191959/DL-Lab/DataSet/MTMC_Tracking_2025_Preprocessed/val/Hospital_000/crops/Person_0029/Camera_21/Person_0029_Camera_21_f006300_r001.jpg,None,84,Hospital_000__Person_0029,1.0,False,False,0.099814765,0.039724387,0.099814706,0.039723717,0.008544777
142,Person_0029,Hospital_000__Person_0029,29,29,Camera_23,33,Hospital_000,Person,1,0.6619718309859155,6180,8460,/pfs/data6/home/st/st_us-053000/st_st191959/DL-Lab/DataSet/MTMC_Tracking_2025_Preprocessed/val/Hospital_000/crops/Person_0029/Camera_23/Person_0029_Camera_23_f006180_r001.jpg,None,84,Hospital_000__Person_0029,1.0,False,False,0.14078192,0.059682455,0.14078175,0.059682045,-0.033734307
4,Person_0029,Hospital_000__Person_0029,29,29,Camera_24,34,Hospital_000,Person,0,0.0,6270,6900,/pfs/data6/home/st/st_us-053000/st_st191959/DL-Lab/DataSet/MTMC_Tracking_2025_Preprocessed/val/Hospital_000/crops/Person_0029/Camera_24/Person_0029_Camera_24_f006270_r006.jpg,None,70,Hospital_000__Person_0011,0.5,False,True,-0.028359585,-0.025062429,-0.02835913,-0.02506299,-0.04941643
168,Person_0029,Hospital_000__Person_0029,29,29,Camera_25,35,Hospital_000,Person,1,0.6666666666666666,6240,8520,/pfs/data6/home/st/st_us-053000/st_st191959/DL-Lab/DataSet/MTMC_Tracking_2025_Preprocessed/val/Hospital_000/crops/Person_0029/Camera_25/Person_0029_Camera_25_f006240_r001.jpg,None,84,Hospital_000__Person_0029,1.0,False,False,0.153865,0.046872564,0.1538649,0.046871994,-0.031844605
29,Person_0029,Hospital_000__Person_0029,29,29,Camera_28,38,Hospital_000,Person,1,0.06896551724137931,1620,6870,/pfs/data6/home/st/st_us-053000/st_st191959/DL-Lab/DataSet/MTMC_Tracking_2025_Preprocessed/val/Hospital_000/crops/Person_0029/Camera_28/Person_0029_Camera_28_f001620_r001.jpg,None,-1,NOISE,0.0,True,False,0.08384874,-0.029103769,0.083849005,-0.029104574,-0.11058642
27,Person_0029,Hospital_000__Person_0029,29,29,Camera_29,39,Hospital_000,Person,1,0.6666666666666666,6600,6840,/pfs/data6/home/st/st_us-053000/st_st191959/DL-Lab/DataSet/MTMC_Tracking_2025_Preprocessed/val/Hospital_000/crops/Person_0029/Camera_29/Person_0029_Camera_29_f006600_r001.jpg,None,-1,NOISE,0.0,True,False,0.074749716,0.0760702,0.07474976,0.07606996,-0.005507406
138,Person_0029,Hospital_000__Person_0029,29,29,Camera_30,40,Hospital_000,Person,1,0.6666666666666666,7230,8970,/pfs/data6/home/st/st_us-053000/st_st191959/DL-Lab/DataSet/MTMC_Tracking_2025_Preprocessed/val/Hospital_000/crops/Person_0029/Camera_30/Person_0029_Camera_30_f007230_r002.jpg,None,84,Hospital_000__Person_0029,1.0,False,False,0.12802358,0.07483459,0.12802334,0.074834034,0.0056134947
325,Person_0030,Hospital_000__Person_0030,30,30,Camera_03,13,Hospital_000,Person,1,0.5969230769230769,480,8970,/pfs/data6/home/st/st_us-053000/st_st191959/DL-Lab/DataSet/MTMC_Tracking_2025_Preprocessed/val/Hospital_000/crops/Person_0030/Camera_03/Person_0030_Camera_03_f000480_r000.jpg,None,9,Hospital_000__Person_0030,1.0,False,False,-0.36259612,-0.16799827,-0.362596,-0.16799824,0.07852007
348,Person_0030,Hospital_000__Person_0030,30,30,Camera_04,14,Hospital_000,Person,1,0.5632183908045977,0,8640,/pfs/data6/home/st/st_us-053000/st_st191959/DL-Lab/DataSet/MTMC_Tracking_2025_Preprocessed/val/Hospital_000/crops/Person_0030/Camera_04/Person_0030_Camera_04_f000000_r000.jpg,None,-1,NOISE,0.0,True,False,0.106466405,-0.19101657,0.10646636,-0.1910172,-0.034627695
14,Person_0030,Hospital_000__Person_0030,30,30,Camera_05,15,Hospital_000,Person,1,0.5714285714285714,2490,2640,/pfs/data6/home/st/st_us-053000/st_st191959/DL-Lab/DataSet/MTMC_Tracking_2025_Preprocessed/val/Hospital_000/crops/Person_0030/Camera_05/Person_0030_Camera_05_f002490_r000.jpg,None,-1,NOISE,0.0,True,False,-0.36167726,-0.054390877,-0.36167744,-0.054390717,0.06538792
33,Person_0030,Hospital_000__Person_0030,30,30,Camera_07,17,Hospital_000,Person,1,0.6666666666666666,0,1830,/pfs/data6/home/st/st_us-053000/st_st191959/DL-Lab/DataSet/MTMC_Tracking_2025_Preprocessed/val/Hospital_000/crops/Person_0030/Camera_07/Person_0030_Camera_07_f000000_r000.jpg,None,-1,NOISE,0.0,True,False,-0.3393408,-0.15811712,-0.33934098,-0.15811743,0.10683672
492,Person_0030,Hospital_000__Person_0030,30,30,Camera_08,18,Hospital_000,Person,1,0.6666666666666666,120,8670,/pfs/data6/home/st/st_us-053000/st_st191959/DL-Lab/DataSet/MTMC_Tracking_2025_Preprocessed/val/Hospital_000/crops/Person_0030/Camera_08/Person_0030_Camera_08_f000120_r000.jpg,None,31,Hospital_000__Person_0030,1.0,False,False,-0.08056418,-0.19657359,-0.080564305,-0.19657479,0.13916317
571,Person_0030,Hospital_000__Person_0030,30,30,Camera_18,28,Hospital_000,Person,1,0.6514886164623468,120,8970,/pfs/data6/home/st/st_us-053000/st_st191959/DL-Lab/DataSet/MTMC_Tracking_2025_Preprocessed/val/Hospital_000/crops/Person_0030/Camera_18/Person_0030_Camera_18_f000120_r000.jpg,None,31,Hospital_000__Person_0030,1.0,False,False,-0.056131776,-0.14544477,-0.05613193,-0.14544566,0.119451225
838,Person_0030,Hospital_000__Person_0030,30,30,Camera_19,29,Hospital_000,Person,1,0.6563245823389021,0,8970,/pfs/data6/home/st/st_us-053000/st_st191959/DL-Lab/DataSet/MTMC_Tracking_2025_Preprocessed/val/Hospital_000/crops/Person_0030/Camera_19/Person_0030_Camera_19_f000000_r000.jpg,None,31,Hospital_000__Person_0030,1.0,False,False,-0.121753834,-0.2000068,-0.12175374,-0.20000742,0.067043446
238,Person_0030,Hospital_000__Person_0030,30,30,Camera_22,32,Hospital_000,Person,1,0.5126050420168067,540,8970,/pfs/data6/home/st/st_us-053000/st_st191959/DL-Lab/DataSet/MTMC_Tracking_2025_Preprocessed/val/Hospital_000/crops/Person_0030/Camera_22/Person_0030_Camera_22_f000540_r000.jpg,None,9,Hospital_000__Person_0030,1.0,False,False,-0.40914494,-0.19184202,-0.4091449,-0.19184199,0.07845206
174,Person_0030,Hospital_000__Person_0030,30,30,Camera_24,34,Hospital_000,Person,1,0.26436781609195403,480,8970,/pfs/data6/home/st/st_us-053000/st_st191959/DL-Lab/DataSet/MTMC_Tracking_2025_Preprocessed/val/Hospital_000/crops/Person_0030/Camera_24/Person_0030_Camera_24_f000480_r000.jpg,None,9,Hospital_000__Person_0030,1.0,False,False,-0.3659671,-0.18019809,-0.365967,-0.18019788,0.098526135
12,Person_0030,Hospital_000__Person_0030,30,30,Camera_26,36,Hospital_000,Person,1,0.6666666666666666,2550,2640,/pfs/data6/home/st/st_us-053000/st_st191959/DL-Lab/DataSet/MTMC_Tracking_2025_Preprocessed/val/Hospital_000/crops/Person_0030/Camera_26/Person_0030_Camera_26_f002550_r000.jpg,None,-1,NOISE,0.0,True,False,-0.36201826,-0.15470913,-0.36201835,-0.15470941,0.076704636
471,Person_0030,Hospital_000__Person_0030,30,30,Camera_27,37,Hospital_000,Person,1,0.6666666666666666,0,8640,/pfs/data6/home/st/st_us-053000/st_st191959/DL-Lab/DataSet/MTMC_Tracking_2025_Preprocessed/val/Hospital_000/crops/Person_0030/Camera_27/Person_0030_Camera_27_f000000_r000.jpg,None,31,Hospital_000__Person_0030,1.0,False,False,-0.082976095,-0.22528839,-0.08297626,-0.22528929,0.14024365
4,Person_0031,Hospital_000__Person_0031,31,31,Camera_03,13,Hospital_000,Person,0,0.0,3000,7500,/pfs/data6/home/st/st_us-053000/st_st191959/DL-Lab/DataSet/MTMC_Tracking_2025_Preprocessed/val/Hospital_000/crops/Person_0031/Camera_03/Person_0031_Camera_03_f003000_r008.jpg,None,-1,NOISE,0.0,True,False,-0.17316218,-0.15753606,-0.17316225,-0.15753722,0.17264572
181,Person_0031,Hospital_000__Person_0031,31,31,Camera_04,14,Hospital_000,Person,1,0.6629834254143646,0,4200,/pfs/data6/home/st/st_us-053000/st_st191959/DL-Lab/DataSet/MTMC_Tracking_2025_Preprocessed/val/Hospital_000/crops/Person_0031/Camera_04/Person_0031_Camera_04_f000000_r005.jpg,None,28,Hospital_000__Person_0031,1.0,False,False,-0.15292962,0.019886708,-0.15292974,0.019885851,0.18307649
123,Person_0031,Hospital_000__Person_0031,31,31,Camera_07,17,Hospital_000,Person,1,0.5691056910569106,0,4170,/pfs/data6/home/st/st_us-053000/st_st191959/DL-Lab/DataSet/MTMC_Tracking_2025_Preprocessed/val/Hospital_000/crops/Person_0031/Camera_07/Person_0031_Camera_07_f000000_r001.jpg,None,28,Hospital_000__Person_0031,1.0,False,False,0.06582324,0.09752646,0.065823264,0.097526304,0.12914957
390,Person_0031,Hospital_000__Person_0031,31,31,Camera_10,20,Hospital_000,Person,1,0.6666666666666666,0,5160,/pfs/data6/home/st/st_us-053000/st_st191959/DL-Lab/DataSet/MTMC_Tracking_2025_Preprocessed/val/Hospital_000/crops/Person_0031/Camera_10/Person_0031_Camera_10_f000000_r003.jpg,None,28,Hospital_000__Person_0031,1.0,False,False,-0.09076474,0.026936604,-0.0907649,0.026935712,0.21135667
587,Person_0031,Hospital_000__Person_0031,31,31,Camera_16,26,Hospital_000,Person,1,0.6643952299829642,210,8970,/pfs/data6/home/st/st_us-053000/st_st191959/DL-Lab/DataSet/MTMC_Tracking_2025_Preprocessed/val/Hospital_000/crops/Person_0031/Camera_16/Person_0031_Camera_16_f000210_r004.jpg,None,28,Hospital_000__Person_0031,1.0,False,False,-0.054448713,0.069351256,-0.054448824,0.06935083,0.17803803
3,Person_0031,Hospital_000__Person_0031,31,31,Camera_19,29,Hospital_000,Person,0,0.0,480,1770,/pfs/data6/home/st/st_us-053000/st_st191959/DL-Lab/DataSet/MTMC_Tracking_2025_Preprocessed/val/Hospital_000/crops/Person_0031/Camera_19/Person_0031_Camera_19_f000480_r003.jpg,None,-1,NOISE,0.0,True,False,-0.13887663,-0.21454488,-0.13887653,-0.21454626,0.09344908
789,Person_0031,Hospital_000__Person_0031,31,31,Camera_21,31,Hospital_000,Person,1,0.6514575411913816,0,8970,/pfs/data6/home/st/st_us-053000/st_st191959/DL-Lab/DataSet/MTMC_Tracking_2025_Preprocessed/val/Hospital_000/crops/Person_0031/Camera_21/Person_0031_Camera_21_f000000_r004.jpg,None,28,Hospital_000__Person_0031,1.0,False,False,-0.044083,0.024211692,-0.044083074,0.024211297,0.20595132
378,Person_0031,Hospital_000__Person_0031,31,31,Camera_23,33,Hospital_000,Person,1,0.6507936507936508,3000,8970,/pfs/data6/home/st/st_us-053000/st_st191959/DL-Lab/DataSet/MTMC_Tracking_2025_Preprocessed/val/Hospital_000/crops/Person_0031/Camera_23/Person_0031_Camera_23_f003000_r003.jpg,None,28,Hospital_000__Person_0031,1.0,False,False,-0.051540468,0.046065744,-0.05154056,0.046065163,0.15428206
8,Person_0031,Hospital_000__Person_0031,31,31,Camera_24,34,Hospital_000,Person,0,0.0,3000,7710,/pfs/data6/home/st/st_us-053000/st_st191959/DL-Lab/DataSet/MTMC_Tracking_2025_Preprocessed/val/Hospital_000/crops/Person_0031/Camera_24/Person_0031_Camera_24_f003000_r014.jpg,None,-1,NOISE,0.0,True,False,-0.122279525,-0.10031924,-0.12227908,-0.100319974,0.10110286
272,Person_0031,Hospital_000__Person_0031,31,31,Camera_25,35,Hospital_000,Person,1,0.6617647058823529,3060,8970,/pfs/data6/home/st/st_us-053000/st_st191959/DL-Lab/DataSet/MTMC_Tracking_2025_Preprocessed/val/Hospital_000/crops/Person_0031/Camera_25/Person_0031_Camera_25_f003060_r000.jpg,None,28,Hospital_000__Person_0031,1.0,False,False,-0.06379285,0.048435125,-0.06379283,0.048434976,0.15068719
74,Person_0031,Hospital_000__Person_0031,31,31,Camera_28,38,Hospital_000,Person,1,0.16216216216216217,1440,8970,/pfs/data6/home/st/st_us-053000/st_st191959/DL-Lab/DataSet/MTMC_Tracking_2025_Preprocessed/val/Hospital_000/crops/Person_0031/Camera_28/Person_0031_Camera_28_f001440_r006.jpg,None,-1,NOISE,0.0,True,False,0.10845142,-0.0694481,0.10845156,-0.06944887,0.008616752
400,Person_0031,Hospital_000__Person_0031,31,31,Camera_29,39,Hospital_000,Person,1,0.665,180,5160,/pfs/data6/home/st/st_us-053000/st_st191959/DL-Lab/DataSet/MTMC_Tracking_2025_Preprocessed/val/Hospital_000/crops/Person_0031/Camera_29/Person_0031_Camera_29_f000180_r003.jpg,None,28,Hospital_000__Person_0031,1.0,False,False,-0.103256054,0.013485183,-0.103256136,0.013484574,0.19019777
226,Person_0031,Hospital_000__Person_0031,31,31,Camera_30,40,Hospital_000,Person,1,0.6637168141592921,3120,8730,/pfs/data6/home/st/st_us-053000/st_st191959/DL-Lab/DataSet/MTMC_Tracking_2025_Preprocessed/val/Hospital_000/crops/Person_0031/Camera_30/Person_0031_Camera_30_f003120_r000.jpg,None,28,Hospital_000__Person_0031,1.0,False,False,-0.09752345,0.0012488497,-0.097523674,0.0012484501,0.28246298
99,Person_0032,Hospital_000__Person_0032,32,32,Camera_03,13,Hospital_000,Person,1,0.46464646464646464,720,4200,/pfs/data6/home/st/st_us-053000/st_st191959/DL-Lab/DataSet/MTMC_Tracking_2025_Preprocessed/val/Hospital_000/crops/Person_0032/Camera_03/Person_0032_Camera_03_f000720_r013.jpg,None,-1,NOISE,0.0,True,False,-0.23383057,-0.14742897,-0.23383027,-0.14742877,0.2569824
109,Person_0032,Hospital_000__Person_0032,32,32,Camera_04,14,Hospital_000,Person,1,0.3119266055045872,0,4560,/pfs/data6/home/st/st_us-053000/st_st191959/DL-Lab/DataSet/MTMC_Tracking_2025_Preprocessed/val/Hospital_000/crops/Person_0032/Camera_04/Person_0032_Camera_04_f000000_r006.jpg,None,29,Hospital_000__Person_0032,1.0,False,False,0.0038544259,-0.13500881,0.0038545444,-0.13500898,0.1472028
112,Person_0032,Hospital_000__Person_0032,32,32,Camera_05,15,Hospital_000,Person,1,0.03571428571428571,780,8970,/pfs/data6/home/st/st_us-053000/st_st191959/DL-Lab/DataSet/MTMC_Tracking_2025_Preprocessed/val/Hospital_000/crops/Person_0032/Camera_05/Person_0032_Camera_05_f000780_r010.jpg,None,-1,NOISE,0.0,True,False,0.1707509,-0.14461797,0.17075083,-0.14461787,-0.029271392
21,Person_0032,Hospital_000__Person_0032,32,32,Camera_07,17,Hospital_000,Person,1,0.6666666666666666,0,180,/pfs/data6/home/st/st_us-053000/st_st191959/DL-Lab/DataSet/MTMC_Tracking_2025_Preprocessed/val/Hospital_000/crops/Person_0032/Camera_07/Person_0032_Camera_07_f000000_r002.jpg,None,29,Hospital_000__Person_0032,1.0,False,False,-0.103788346,0.0073916116,-0.1037883,0.007392021,0.18836433
330,Person_0032,Hospital_000__Person_0032,32,32,Camera_08,18,Hospital_000,Person,1,0.6181818181818182,210,5550,/pfs/data6/home/st/st_us-053000/st_st191959/DL-Lab/DataSet/MTMC_Tracking_2025_Preprocessed/val/Hospital_000/crops/Person_0032/Camera_08/Person_0032_Camera_08_f000210_r004.jpg,None,29,Hospital_000__Person_0032,1.0,False,False,-0.097848006,-0.026852766,-0.09784805,-0.026852947,0.190072
333,Person_0032,Hospital_000__Person_0032,32,32,Camera_09,19,Hospital_000,Person,1,0.6606606606606606,5490,8970,/pfs/data6/home/st/st_us-053000/st_st191959/DL-Lab/DataSet/MTMC_Tracking_2025_Preprocessed/val/Hospital_000/crops/Person_0032/Camera_09/Person_0032_Camera_09_f005490_r011.jpg,None,-1,NOISE,0.0,True,False,-0.11117061,-0.10703452,-0.111169994,-0.10703319,0.19818997
166,Person_0032,Hospital_000__Person_0032,32,32,Camera_18,28,Hospital_000,Person,1,0.6626506024096386,210,3120,/pfs/data6/home/st/st_us-053000/st_st191959/DL-Lab/DataSet/MTMC_Tracking_2025_Preprocessed/val/Hospital_000/crops/Person_0032/Camera_18/Person_0032_Camera_18_f000210_r001.jpg,None,-1,NOISE,0.0,True,False,-0.2131592,0.043405008,-0.21315932,0.04340553,0.25664535
440,Person_0032,Hospital_000__Person_0032,32,32,Camera_19,29,Hospital_000,Person,1,0.6454545454545455,90,5400,/pfs/data6/home/st/st_us-053000/st_st191959/DL-Lab/DataSet/MTMC_Tracking_2025_Preprocessed/val/Hospital_000/crops/Person_0032/Camera_19/Person_0032_Camera_19_f000090_r003.jpg,None,29,Hospital_000__Person_0032,1.0,False,False,-0.08132884,-0.019827927,-0.0813288,-0.019827876,0.221704
476,Person_0032,Hospital_000__Person_0032,32,32,Camera_22,32,Hospital_000,Person,1,0.5966386554621849,780,8970,/pfs/data6/home/st/st_us-053000/st_st191959/DL-Lab/DataSet/MTMC_Tracking_2025_Preprocessed/val/Hospital_000/crops/Person_0032/Camera_22/Person_0032_Camera_22_f000780_r007.jpg,None,-1,NOISE,0.0,True,False,-0.0609253,-0.09491245,-0.060925305,-0.0949126,0.29413906
460,Person_0032,Hospital_000__Person_0032,32,32,Camera_24,34,Hospital_000,Person,1,0.5869565217391305,780,8970,/pfs/data6/home/st/st_us-053000/st_st191959/DL-Lab/DataSet/MTMC_Tracking_2025_Preprocessed/val/Hospital_000/crops/Person_0032/Camera_24/Person_0032_Camera_24_f000780_r015.jpg,None,29,Hospital_000__Person_0032,1.0,False,False,-0.031490438,-0.024198325,-0.03149045,-0.024198199,0.28403425
353,Person_0032,Hospital_000__Person_0032,32,32,Camera_26,36,Hospital_000,Person,1,0.6628895184135978,3300,8940,/pfs/data6/home/st/st_us-053000/st_st191959/DL-Lab/DataSet/MTMC_Tracking_2025_Preprocessed/val/Hospital_000/crops/Person_0032/Camera_26/Person_0032_Camera_26_f003300_r009.jpg,None,-1,NOISE,0.0,True,False,0.09852726,-0.11209036,0.09852708,-0.112090826,0.08284685
241,Person_0032,Hospital_000__Person_0032,32,32,Camera_27,37,Hospital_000,Person,1,0.6473029045643154,0,4560,/pfs/data6/home/st/st_us-053000/st_st191959/DL-Lab/DataSet/MTMC_Tracking_2025_Preprocessed/val/Hospital_000/crops/Person_0032/Camera_27/Person_0032_Camera_27_f000000_r005.jpg,None,29,Hospital_000__Person_0032,1.0,False,False,-0.06591007,-0.0809934,-0.06591019,-0.08099367,0.20736237
185,Person_0033,Hospital_000__Person_0033,33,33,Camera,0,Hospital_000,Person,1,0.518918918918919,120,5520,/pfs/data6/home/st/st_us-053000/st_st191959/DL-Lab/DataSet/MTMC_Tracking_2025_Preprocessed/val/Hospital_000/crops/Person_0033/Camera/Person_0033_Camera_f000120_r001.jpg,None,94,Hospital_000__Person_0033,1.0,False,False,0.20742916,-0.01207978,0.20742922,-0.012079793,0.084731385
56,Person_0033,Hospital_000__Person_0033,33,33,Camera_01,11,Hospital_000,Person,1,0.6428571428571429,60,630,/pfs/data6/home/st/st_us-053000/st_st191959/DL-Lab/DataSet/MTMC_Tracking_2025_Preprocessed/val/Hospital_000/crops/Person_0033/Camera_01/Person_0033_Camera_01_f000060_r001.jpg,None,94,Hospital_000__Person_0033,1.0,False,False,0.11742461,-0.029274013,0.117424615,-0.029274466,0.1083884
435,Person_0033,Hospital_000__Person_0033,33,33,Camera_03,13,Hospital_000,Person,1,0.6666666666666666,1770,8640,/pfs/data6/home/st/st_us-053000/st_st191959/DL-Lab/DataSet/MTMC_Tracking_2025_Preprocessed/val/Hospital_000/crops/Person_0033/Camera_03/Person_0033_Camera_03_f001770_r002.jpg,None,94,Hospital_000__Person_0033,1.0,False,False,0.14025027,0.054905348,0.14025013,0.054905247,0.16344254
6,Person_0033,Hospital_000__Person_0033,33,33,Camera_04,14,Hospital_000,Person,0,0.0,2910,8760,/pfs/data6/home/st/st_us-053000/st_st191959/DL-Lab/DataSet/MTMC_Tracking_2025_Preprocessed/val/Hospital_000/crops/Person_0033/Camera_04/Person_0033_Camera_04_f002910_r003.jpg,None,37,Hospital_000__Person_0004,0.3333333333333333,False,True,0.08160703,-0.07687832,0.08160726,-0.07687779,-0.047038417
367,Person_0033,Hospital_000__Person_0033,33,33,Camera_05,15,Hospital_000,Person,1,0.6539509536784741,30,8970,/pfs/data6/home/st/st_us-053000/st_st191959/DL-Lab/DataSet/MTMC_Tracking_2025_Preprocessed/val/Hospital_000/crops/Person_0033/Camera_05/Person_0033_Camera_05_f000030_r003.jpg,None,94,Hospital_000__Person_0033,1.0,False,False,0.13436243,-0.009551061,0.13436234,-0.009551394,0.15935506
584,Person_0033,Hospital_000__Person_0033,33,33,Camera_06,16,Hospital_000,Person,1,0.6643835616438356,1800,8970,/pfs/data6/home/st/st_us-053000/st_st191959/DL-Lab/DataSet/MTMC_Tracking_2025_Preprocessed/val/Hospital_000/crops/Person_0033/Camera_06/Person_0033_Camera_06_f001800_r002.jpg,None,94,Hospital_000__Person_0033,1.0,False,False,0.15911207,0.014098896,0.15911196,0.014098608,0.14074315
97,Person_0033,Hospital_000__Person_0033,33,33,Camera_08,18,Hospital_000,Person,1,0.3711340206185567,30,8850,/pfs/data6/home/st/st_us-053000/st_st191959/DL-Lab/DataSet/MTMC_Tracking_2025_Preprocessed/val/Hospital_000/crops/Person_0033/Camera_08/Person_0033_Camera_08_f000030_r002.jpg,None,78,Hospital_000__Person_0019,0.25,False,True,0.18294996,-0.06384832,0.1829501,-0.063848235,-0.14086007
567,Person_0033,Hospital_000__Person_0033,33,33,Camera_09,19,Hospital_000,Person,1,0.6666666666666666,1800,8970,/pfs/data6/home/st/st_us-053000/st_st191959/DL-Lab/DataSet/MTMC_Tracking_2025_Preprocessed/val/Hospital_000/crops/Person_0033/Camera_09/Person_0033_Camera_09_f001800_r003.jpg,None,94,Hospital_000__Person_0033,1.0,False,False,0.17967962,0.0077945287,0.17967956,0.0077944743,0.12900421
30,Person_0033,Hospital_000__Person_0033,33,33,Camera_14,24,Hospital_000,Person,1,0.6666666666666666,300,570,/pfs/data6/home/st/st_us-053000/st_st191959/DL-Lab/DataSet/MTMC_Tracking_2025_Preprocessed/val/Hospital_000/crops/Person_0033/Camera_14/Person_0033_Camera_14_f000300_r000.jpg,None,-1,NOISE,0.0,True,False,0.03922097,0.016377604,0.039220836,0.016377099,0.2487461
6,Person_0033,Hospital_000__Person_0033,33,33,Camera_19,29,Hospital_000,Person,1,0.6666666666666666,5730,5760,/pfs/data6/home/st/st_us-053000/st_st191959/DL-Lab/DataSet/MTMC_Tracking_2025_Preprocessed/val/Hospital_000/crops/Person_0033/Camera_19/Person_0033_Camera_19_f005730_r002.jpg,None,-1,NOISE,0.0,True,False,-0.33159107,0.0059918864,-0.33159086,0.00599231,-0.09664794
11,Person_0033,Hospital_000__Person_0033,33,33,Camera_20,30,Hospital_000,Person,1,0.5454545454545454,2700,4710,/pfs/data6/home/st/st_us-053000/st_st191959/DL-Lab/DataSet/MTMC_Tracking_2025_Preprocessed/val/Hospital_000/crops/Person_0033/Camera_20/Person_0033_Camera_20_f002700_r000.jpg,None,-1,NOISE,0.0,True,False,0.032748163,-0.046375416,0.03274845,-0.04637612,0.040992443
441,Person_0033,Hospital_000__Person_0033,33,33,Camera_22,32,Hospital_000,Person,1,0.6666666666666666,2490,8970,/pfs/data6/home/st/st_us-053000/st_st191959/DL-Lab/DataSet/MTMC_Tracking_2025_Preprocessed/val/Hospital_000/crops/Person_0033/Camera_22/Person_0033_Camera_22_f002490_r003.jpg,None,94,Hospital_000__Person_0033,1.0,False,False,0.15114106,-0.0063995966,0.15114097,-0.0063999286,0.14536661
13,Person_0033,Hospital_000__Person_0033,33,33,Camera_23,33,Hospital_000,Person,0,0.0,3180,5520,/pfs/data6/home/st/st_us-053000/st_st191959/DL-Lab/DataSet/MTMC_Tracking_2025_Preprocessed/val/Hospital_000/crops/Person_0033/Camera_23/Person_0033_Camera_23_f003180_r001.jpg,None,-1,NOISE,0.0,True,False,0.040658213,-0.052983094,0.040658534,-0.052983236,-0.0027981247
606,Person_0033,Hospital_000__Person_0033,33,33,Camera_24,34,Hospital_000,Person,1,0.6567656765676567,1740,8970,/pfs/data6/home/st/st_us-053000/st_st191959/DL-Lab/DataSet/MTMC_Tracking_2025_Preprocessed/val/Hospital_000/crops/Person_0033/Camera_24/Person_0033_Camera_24_f001740_r003.jpg,None,94,Hospital_000__Person_0033,1.0,False,False,0.18296048,0.039217908,0.18296045,0.039217833,0.12026447
9,Person_0033,Hospital_000__Person_0033,33,33,Camera_25,35,Hospital_000,Person,0,0.0,1890,4830,/pfs/data6/home/st/st_us-053000/st_st191959/DL-Lab/DataSet/MTMC_Tracking_2025_Preprocessed/val/Hospital_000/crops/Person_0033/Camera_25/Person_0033_Camera_25_f001890_r000.jpg,None,2,Hospital_000__Person_0018,0.25,False,True,-0.29486963,-0.021606792,-0.29486915,-0.021606136,0.02462936
311,Person_0033,Hospital_000__Person_0033,33,33,Camera_26,36,Hospital_000,Person,1,0.6559485530546624,2700,8970,/pfs/data6/home/st/st_us-053000/st_st191959/DL-Lab/DataSet/MTMC_Tracking_2025_Preprocessed/val/Hospital_000/crops/Person_0033/Camera_26/Person_0033_Camera_26_f002700_r002.jpg,None,-1,NOISE,0.0,True,False,0.18571888,-0.077677,0.18571888,-0.07767693,0.0736028
45,Person_0033,Hospital_000__Person_0033,33,33,Camera_27,37,Hospital_000,Person,1,0.13333333333333333,2760,8970,/pfs/data6/home/st/st_us-053000/st_st191959/DL-Lab/DataSet/MTMC_Tracking_2025_Preprocessed/val/Hospital_000/crops/Person_0033/Camera_27/Person_0033_Camera_27_f002760_r003.jpg,None,-1,NOISE,0.0,True,False,0.18327712,-0.010892536,0.18327725,-0.010892179,-0.049485646
18,Person_0033,Hospital_000__Person_0033,33,33,Camera_28,38,Hospital_000,Person,1,0.6666666666666666,3270,3420,/pfs/data6/home/st/st_us-053000/st_st191959/DL-Lab/DataSet/MTMC_Tracking_2025_Preprocessed/val/Hospital_000/crops/Person_0033/Camera_28/Person_0033_Camera_28_f003270_r000.jpg,None,-1,NOISE,0.0,True,False,-0.293392,0.07586115,-0.2933918,0.075861484,-0.028992817
69,Person_0033,Hospital_000__Person_0033,33,33,Camera_31,41,Hospital_000,Person,1,0.6666666666666666,3870,5010,/pfs/data6/home/st/st_us-053000/st_st191959/DL-Lab/DataSet/MTMC_Tracking_2025_Preprocessed/val/Hospital_000/crops/Person_0033/Camera_31/Person_0033_Camera_31_f003870_r001.jpg,None,-1,NOISE,0.0,True,False,-0.0068623815,0.12568519,-0.006862612,0.12568478,0.14162238
171,Person_0034,Hospital_000__Person_0034,34,34,Camera_02,12,Hospital_000,Person,1,0.6666666666666666,4470,6150,/pfs/data6/home/st/st_us-053000/st_st191959/DL-Lab/DataSet/MTMC_Tracking_2025_Preprocessed/val/Hospital_000/crops/Person_0034/Camera_02/Person_0034_Camera_02_f004470_r001.jpg,None,82,Hospital_000__Person_0034,1.0,False,False,0.06296261,-0.07295972,0.062962525,-0.07296068,-0.011432578
6,Person_0034,Hospital_000__Person_0034,34,34,Camera_03,13,Hospital_000,Person,0,0.0,1620,8820,/pfs/data6/home/st/st_us-053000/st_st191959/DL-Lab/DataSet/MTMC_Tracking_2025_Preprocessed/val/Hospital_000/crops/Person_0034/Camera_03/Person_0034_Camera_03_f001620_r010.jpg,None,-1,NOISE,0.0,True,False,-0.06876657,-0.14258803,-0.0687665,-0.14258894,0.022149108
42,Person_0034,Hospital_000__Person_0034,34,34,Camera_04,14,Hospital_000,Person,1,0.6666666666666666,2040,2730,/pfs/data6/home/st/st_us-053000/st_st191959/DL-Lab/DataSet/MTMC_Tracking_2025_Preprocessed/val/Hospital_000/crops/Person_0034/Camera_04/Person_0034_Camera_04_f002040_r007.jpg,None,-1,NOISE,0.0,True,False,0.17118393,-0.12417527,0.17118381,-0.124175034,-0.21799754
70,Person_0034,Hospital_000__Person_0034,34,34,Camera_07,17,Hospital_000,Person,1,0.5428571428571428,2040,7260,/pfs/data6/home/st/st_us-053000/st_st191959/DL-Lab/DataSet/MTMC_Tracking_2025_Preprocessed/val/Hospital_000/crops/Person_0034/Camera_07/Person_0034_Camera_07_f002040_r001.jpg,None,83,Hospital_000__Person_0005,0.45454545454545453,False,True,0.10112412,0.01759936,0.101124115,0.017598808,-0.036385447
374,Person_0034,Hospital_000__Person_0034,34,34,Camera_10,20,Hospital_000,Person,1,0.6363636363636364,0,8820,/pfs/data6/home/st/st_us-053000/st_st191959/DL-Lab/DataSet/MTMC_Tracking_2025_Preprocessed/val/Hospital_000/crops/Person_0034/Camera_10/Person_0034_Camera_10_f000000_r002.jpg,None,82,Hospital_000__Person_0034,1.0,False,False,0.046541203,-0.028653469,0.046541058,-0.028654372,0.06595687
137,Person_0034,Hospital_000__Person_0034,34,34,Camera_13,23,Hospital_000,Person,1,0.5985401459854015,4500,6120,/pfs/data6/home/st/st_us-053000/st_st191959/DL-Lab/DataSet/MTMC_Tracking_2025_Preprocessed/val/Hospital_000/crops/Person_0034/Camera_13/Person_0034_Camera_13_f004500_r001.jpg,None,83,Hospital_000__Person_0005,0.45454545454545453,False,True,0.101007335,0.04395399,0.10100732,0.04395324,0.0037737791
387,Person_0034,Hospital_000__Person_0034,34,34,Camera_16,26,Hospital_000,Person,1,0.6666666666666666,0,8610,/pfs/data6/home/st/st_us-053000/st_st191959/DL-Lab/DataSet/MTMC_Tracking_2025_Preprocessed/val/Hospital_000/crops/Person_0034/Camera_16/Person_0034_Camera_16_f000000_r002.jpg,None,82,Hospital_000__Person_0034,1.0,False,False,0.14267448,-0.11723301,0.1426745,-0.11723366,-0.024444561
133,Person_0034,Hospital_000__Person_0034,34,34,Camera_17,27,Hospital_000,Person,1,0.5864661654135338,4500,6120,/pfs/data6/home/st/st_us-053000/st_st191959/DL-Lab/DataSet/MTMC_Tracking_2025_Preprocessed/val/Hospital_000/crops/Person_0034/Camera_17/Person_0034_Camera_17_f004500_r001.jpg,None,83,Hospital_000__Person_0005,0.45454545454545453,False,True,0.10551359,0.024372304,0.10551362,0.024371572,-0.0068323794
3,Person_0034,Hospital_000__Person_0034,34,34,Camera_19,29,Hospital_000,Person,0,0.0,2310,2760,/pfs/data6/home/st/st_us-053000/st_st191959/DL-Lab/DataSet/MTMC_Tracking_2025_Preprocessed/val/Hospital_000/crops/Person_0034/Camera_19/Person_0034_Camera_19_f002310_r008.jpg,None,-1,NOISE,0.0,True,False,0.026411992,-0.019265715,0.026412185,-0.019265935,-0.020348
578,Person_0034,Hospital_000__Person_0034,34,34,Camera_21,31,Hospital_000,Person,1,0.6643598615916955,0,8970,/pfs/data6/home/st/st_us-053000/st_st191959/DL-Lab/DataSet/MTMC_Tracking_2025_Preprocessed/val/Hospital_000/crops/Person_0034/Camera_21/Person_0034_Camera_21_f000000_r003.jpg,None,82,Hospital_000__Person_0034,1.0,False,False,0.12867944,-0.020794895,0.12867945,-0.020795412,0.004307738
390,Person_0034,Hospital_000__Person_0034,34,34,Camera_23,33,Hospital_000,Person,1,0.6666666666666666,480,8970,/pfs/data6/home/st/st_us-053000/st_st191959/DL-Lab/DataSet/MTMC_Tracking_2025_Preprocessed/val/Hospital_000/crops/Person_0034/Camera_23/Person_0034_Camera_23_f000480_r006.jpg,None,82,Hospital_000__Person_0034,1.0,False,False,0.053353127,-0.07746284,0.053353067,-0.0774638,0.06442643
16,Person_0034,Hospital_000__Person_0034,34,34,Camera_24,34,Hospital_000,Person,0,0.0,1080,8820,/pfs/data6/home/st/st_us-053000/st_st191959/DL-Lab/DataSet/MTMC_Tracking_2025_Preprocessed/val/Hospital_000/crops/Person_0034/Camera_24/Person_0034_Camera_24_f001080_r012.jpg,None,83,Hospital_000__Person_0005,0.45454545454545453,False,True,-0.0077466457,-0.056211144,-0.007746584,-0.05621198,-0.007919132
225,Person_0034,Hospital_000__Person_0034,34,34,Camera_25,35,Hospital_000,Person,1,0.6488888888888888,510,8970,/pfs/data6/home/st/st_us-053000/st_st191959/DL-Lab/DataSet/MTMC_Tracking_2025_Preprocessed/val/Hospital_000/crops/Person_0034/Camera_25/Person_0034_Camera_25_f000510_r003.jpg,None,82,Hospital_000__Person_0034,1.0,False,False,0.14278628,-0.05062342,0.14278619,-0.05062402,0.010026732
124,Person_0034,Hospital_000__Person_0034,34,34,Camera_28,38,Hospital_000,Person,1,0.12903225806451613,450,8820,/pfs/data6/home/st/st_us-053000/st_st191959/DL-Lab/DataSet/MTMC_Tracking_2025_Preprocessed/val/Hospital_000/crops/Person_0034/Camera_28/Person_0034_Camera_28_f000450_r006.jpg,None,83,Hospital_000__Person_0005,0.45454545454545453,False,True,0.08973935,-0.093546994,0.089739315,-0.09354812,-0.06499846
253,Person_0034,Hospital_000__Person_0034,34,34,Camera_29,39,Hospital_000,Person,1,0.6640316205533597,0,8820,/pfs/data6/home/st/st_us-053000/st_st191959/DL-Lab/DataSet/MTMC_Tracking_2025_Preprocessed/val/Hospital_000/crops/Person_0034/Camera_29/Person_0034_Camera_29_f000000_r001.jpg,None,-1,NOISE,0.0,True,False,-0.06794638,0.012313241,-0.067946404,0.012312332,0.11855582
96,Person_0034,Hospital_000__Person_0034,34,34,Camera_30,40,Hospital_000,Person,1,0.6666666666666666,3240,8970,/pfs/data6/home/st/st_us-053000/st_st191959/DL-Lab/DataSet/MTMC_Tracking_2025_Preprocessed/val/Hospital_000/crops/Person_0034/Camera_30/Person_0034_Camera_30_f003240_r001.jpg,None,-1,NOISE,0.0,True,False,0.02831775,-0.06338989,0.028317712,-0.06339018,0.1017283
135,Person_0035,Hospital_000__Person_0035,35,35,Camera,0,Hospital_000,Person,1,0.6370370370370371,480,8010,/pfs/data6/home/st/st_us-053000/st_st191959/DL-Lab/DataSet/MTMC_Tracking_2025_Preprocessed/val/Hospital_000/crops/Person_0035/Camera/Person_0035_Camera_f000480_r002.jpg,None,62,Hospital_000__Person_0035,0.6666666666666666,False,False,0.11427211,0.24697645,0.1142719,0.24697646,-0.16283593
358,Person_0035,Hospital_000__Person_0035,35,35,Camera_03,13,Hospital_000,Person,1,0.664804469273743,540,8970,/pfs/data6/home/st/st_us-053000/st_st191959/DL-Lab/DataSet/MTMC_Tracking_2025_Preprocessed/val/Hospital_000/crops/Person_0035/Camera_03/Person_0035_Camera_03_f000540_r007.jpg,None,57,Hospital_000__Person_0035,1.0,False,False,0.036948375,0.3226879,0.036947943,0.32268858,-0.13667074
4,Person_0035,Hospital_000__Person_0035,35,35,Camera_04,14,Hospital_000,Person,0,0.0,6660,8520,/pfs/data6/home/st/st_us-053000/st_st191959/DL-Lab/DataSet/MTMC_Tracking_2025_Preprocessed/val/Hospital_000/crops/Person_0035/Camera_04/Person_0035_Camera_04_f006660_r002.jpg,None,-1,NOISE,0.0,True,False,0.078952454,0.18690512,0.07895247,0.18690568,-0.12017048
412,Person_0035,Hospital_000__Person_0035,35,35,Camera_05,15,Hospital_000,Person,1,0.6504854368932039,2340,8850,/pfs/data6/home/st/st_us-053000/st_st191959/DL-Lab/DataSet/MTMC_Tracking_2025_Preprocessed/val/Hospital_000/crops/Person_0035/Camera_05/Person_0035_Camera_05_f002340_r006.jpg,None,57,Hospital_000__Person_0035,1.0,False,False,0.08116031,0.28409532,0.08115976,0.28409576,-0.13488086
663,Person_0035,Hospital_000__Person_0035,35,35,Camera_06,16,Hospital_000,Person,1,0.6636500754147813,210,8970,/pfs/data6/home/st/st_us-053000/st_st191959/DL-Lab/DataSet/MTMC_Tracking_2025_Preprocessed/val/Hospital_000/crops/Person_0035/Camera_06/Person_0035_Camera_06_f000210_r003.jpg,None,57,Hospital_000__Person_0035,1.0,False,False,0.09554579,0.23426968,0.09554551,0.23426992,-0.17343374
160,Person_0035,Hospital_000__Person_0035,35,35,Camera_08,18,Hospital_000,Person,1,0.3125,2340,8820,/pfs/data6/home/st/st_us-053000/st_st191959/DL-Lab/DataSet/MTMC_Tracking_2025_Preprocessed/val/Hospital_000/crops/Person_0035/Camera_08/Person_0035_Camera_08_f002340_r001.jpg,None,-1,NOISE,0.0,True,False,-0.11248862,0.27313077,-0.112488575,0.27313137,-0.0056638084
753,Person_0035,Hospital_000__Person_0035,35,35,Camera_09,19,Hospital_000,Person,1,0.6640106241699867,510,8970,/pfs/data6/home/st/st_us-053000/st_st191959/DL-Lab/DataSet/MTMC_Tracking_2025_Preprocessed/val/Hospital_000/crops/Person_0035/Camera_09/Person_0035_Camera_09_f000510_r005.jpg,None,57,Hospital_000__Person_0035,1.0,False,False,0.04253055,0.36404175,0.042530123,0.36404255,-0.107043214
9,Person_0035,Hospital_000__Person_0035,35,35,Camera_19,29,Hospital_000,Person,1,0.6666666666666666,2340,7530,/pfs/data6/home/st/st_us-053000/st_st191959/DL-Lab/DataSet/MTMC_Tracking_2025_Preprocessed/val/Hospital_000/crops/Person_0035/Camera_19/Person_0035_Camera_19_f002340_r005.jpg,None,0,Hospital_000__Person_0018,0.3333333333333333,False,True,-0.25809544,0.044696946,-0.2580954,0.044697806,-0.089680105
142,Person_0035,Hospital_000__Person_0035,35,35,Camera_20,30,Hospital_000,Person,1,0.5352112676056338,570,7980,/pfs/data6/home/st/st_us-053000/st_st191959/DL-Lab/DataSet/MTMC_Tracking_2025_Preprocessed/val/Hospital_000/crops/Person_0035/Camera_20/Person_0035_Camera_20_f000570_r002.jpg,None,62,Hospital_000__Person_0035,0.6666666666666666,False,False,0.16900665,0.18696171,0.16900651,0.186962,-0.17196463
542,Person_0035,Hospital_000__Person_0035,35,35,Camera_22,32,Hospital_000,Person,1,0.6605166051660517,1920,8880,/pfs/data6/home/st/st_us-053000/st_st191959/DL-Lab/DataSet/MTMC_Tracking_2025_Preprocessed/val/Hospital_000/crops/Person_0035/Camera_22/Person_0035_Camera_22_f001920_r002.jpg,None,57,Hospital_000__Person_0035,1.0,False,False,0.08471183,0.29556707,0.084711425,0.29556805,-0.15902975
3,Person_0035,Hospital_000__Person_0035,35,35,Camera_23,33,Hospital_000,Person,0,0.0,1830,8010,/pfs/data6/home/st/st_us-053000/st_st191959/DL-Lab/DataSet/MTMC_Tracking_2025_Preprocessed/val/Hospital_000/crops/Person_0035/Camera_23/Person_0035_Camera_23_f001830_r005.jpg,None,-1,NOISE,0.0,True,False,-0.22811116,0.24194351,-0.22811133,0.24194285,-0.0924748
662,Person_0035,Hospital_000__Person_0035,35,35,Camera_24,34,Hospital_000,Person,1,0.6616314199395771,540,8970,/pfs/data6/home/st/st_us-053000/st_st191959/DL-Lab/DataSet/MTMC_Tracking_2025_Preprocessed/val/Hospital_000/crops/Person_0035/Camera_24/Person_0035_Camera_24_f000540_r010.jpg,None,57,Hospital_000__Person_0035,1.0,False,False,0.0511429,0.31127894,0.05114248,0.31127945,-0.14120962
1,Person_0035,Hospital_000__Person_0035,35,35,Camera_25,35,Hospital_000,Person,0,0.0,1020,1020,/pfs/data6/home/st/st_us-053000/st_st191959/DL-Lab/DataSet/MTMC_Tracking_2025_Preprocessed/val/Hospital_000/crops/Person_0035/Camera_25/Person_0035_Camera_25_f001020_r000.jpg,None,-1,NOISE,0.0,True,False,-0.29074517,0.11746709,-0.29074454,0.117468335,-0.019134471
486,Person_0035,Hospital_000__Person_0035,35,35,Camera_26,36,Hospital_000,Person,1,0.6666666666666666,2310,8880,/pfs/data6/home/st/st_us-053000/st_st191959/DL-Lab/DataSet/MTMC_Tracking_2025_Preprocessed/val/Hospital_000/crops/Person_0035/Camera_26/Person_0035_Camera_26_f002310_r001.jpg,None,57,Hospital_000__Person_0035,1.0,False,False,0.07050029,0.33420628,0.070499875,0.3342072,-0.12021165
85,Person_0035,Hospital_000__Person_0035,35,35,Camera_27,37,Hospital_000,Person,1,0.023529411764705882,2430,8820,/pfs/data6/home/st/st_us-053000/st_st191959/DL-Lab/DataSet/MTMC_Tracking_2025_Preprocessed/val/Hospital_000/crops/Person_0035/Camera_27/Person_0035_Camera_27_f002430_r003.jpg,None,-1,NOISE,0.0,True,False,0.011291606,0.3431512,0.011291405,0.3431518,-0.044032
147,Person_0035,Hospital_000__Person_0035,35,35,Camera_31,41,Hospital_000,Person,1,0.6666666666666666,0,7980,/pfs/data6/home/st/st_us-053000/st_st191959/DL-Lab/DataSet/MTMC_Tracking_2025_Preprocessed/val/Hospital_000/crops/Person_0035/Camera_31/Person_0035_Camera_31_f000000_r001.jpg,None,57,Hospital_000__Person_0035,1.0,False,False,-0.024623556,0.33283502,-0.024623975,0.3328353,-0.11711902
347,Person_0036,Hospital_000__Person_0036,36,36,Camera_02,12,Hospital_000,Person,1,0.6167146974063401,60,4020,/pfs/data6/home/st/st_us-053000/st_st191959/DL-Lab/DataSet/MTMC_Tracking_2025_Preprocessed/val/Hospital_000/crops/Person_0036/Camera_02/Person_0036_Camera_02_f000060_r000.jpg,None,11,Hospital_000__Person_0036,1.0,False,False,-0.0152559355,0.0704625,-0.015255807,0.070461854,-0.03381042
6,Person_0036,Hospital_000__Person_0036,36,36,Camera_03,13,Hospital_000,Person,0,0.0,3750,8430,/pfs/data6/home/st/st_us-053000/st_st191959/DL-Lab/DataSet/MTMC_Tracking_2025_Preprocessed/val/Hospital_000/crops/Person_0036/Camera_03/Person_0036_Camera_03_f003750_r003.jpg,None,11,Hospital_000__Person_0036,1.0,False,False,-0.10582707,0.019472267,-0.10582689,0.019471455,0.0018167221
12,Person_0036,Hospital_000__Person_0036,36,36,Camera_07,17,Hospital_000,Person,1,0.6666666666666666,8880,8970,/pfs/data6/home/st/st_us-053000/st_st191959/DL-Lab/DataSet/MTMC_Tracking_2025_Preprocessed/val/Hospital_000/crops/Person_0036/Camera_07/Person_0036_Camera_07_f008880_r000.jpg,None,11,Hospital_000__Person_0036,1.0,False,False,0.08539716,0.05998425,0.085397445,0.059983753,-0.04505784
178,Person_0036,Hospital_000__Person_0036,36,36,Camera_10,20,Hospital_000,Person,1,0.6629213483146067,1050,8970,/pfs/data6/home/st/st_us-053000/st_st191959/DL-Lab/DataSet/MTMC_Tracking_2025_Preprocessed/val/Hospital_000/crops/Person_0036/Camera_10/Person_0036_Camera_10_f001050_r000.jpg,None,11,Hospital_000__Person_0036,1.0,False,False,0.026511546,0.0048639197,0.026511567,0.0048630955,-0.045637324
105,Person_0036,Hospital_000__Person_0036,36,36,Camera_12,22,Hospital_000,Person,1,0.6666666666666666,0,3480,/pfs/data6/home/st/st_us-053000/st_st191959/DL-Lab/DataSet/MTMC_Tracking_2025_Preprocessed/val/Hospital_000/crops/Person_0036/Camera_12/Person_0036_Camera_12_f000000_r000.jpg,None,-1,NOISE,0.0,True,False,-0.36748704,-0.020880982,-0.36748683,-0.020881705,0.026490623
358,Person_0036,Hospital_000__Person_0036,36,36,Camera_13,23,Hospital_000,Person,1,0.664804469273743,60,4020,/pfs/data6/home/st/st_us-053000/st_st191959/DL-Lab/DataSet/MTMC_Tracking_2025_Preprocessed/val/Hospital_000/crops/Person_0036/Camera_13/Person_0036_Camera_13_f000060_r000.jpg,None,11,Hospital_000__Person_0036,1.0,False,False,0.043315385,0.049114004,0.043315385,0.049113464,-0.0424674
222,Person_0036,Hospital_000__Person_0036,36,36,Camera_16,26,Hospital_000,Person,1,0.6396396396396397,5910,8940,/pfs/data6/home/st/st_us-053000/st_st191959/DL-Lab/DataSet/MTMC_Tracking_2025_Preprocessed/val/Hospital_000/crops/Person_0036/Camera_16/Person_0036_Camera_16_f005910_r000.jpg,None,11,Hospital_000__Person_0036,1.0,False,False,-0.010451963,0.021615887,-0.010452003,0.021615218,-0.01531313
360,Person_0036,Hospital_000__Person_0036,36,36,Camera_17,27,Hospital_000,Person,1,0.6611111111111111,60,4020,/pfs/data6/home/st/st_us-053000/st_st191959/DL-Lab/DataSet/MTMC_Tracking_2025_Preprocessed/val/Hospital_000/crops/Person_0036/Camera_17/Person_0036_Camera_17_f000060_r000.jpg,None,11,Hospital_000__Person_0036,1.0,False,False,0.039183922,0.07724838,0.039183993,0.07724778,-0.035549678
339,Person_0036,Hospital_000__Person_0036,36,36,Camera_21,31,Hospital_000,Person,1,0.6371681415929203,4620,8940,/pfs/data6/home/st/st_us-053000/st_st191959/DL-Lab/DataSet/MTMC_Tracking_2025_Preprocessed/val/Hospital_000/crops/Person_0036/Camera_21/Person_0036_Camera_21_f004620_r000.jpg,None,11,Hospital_000__Person_0036,1.0,False,False,0.05103309,0.047391098,0.051033016,0.04739029,-0.039944407
237,Person_0036,Hospital_000__Person_0036,36,36,Camera_23,33,Hospital_000,Person,1,0.6666666666666666,4080,8430,/pfs/data6/home/st/st_us-053000/st_st191959/DL-Lab/DataSet/MTMC_Tracking_2025_Preprocessed/val/Hospital_000/crops/Person_0036/Camera_23/Person_0036_Camera_23_f004080_r003.jpg,None,11,Hospital_000__Person_0036,1.0,False,False,-0.024167145,0.06218234,-0.024167188,0.062181756,-0.011117212
6,Person_0036,Hospital_000__Person_0036,36,36,Camera_24,34,Hospital_000,Person,0,0.0,3750,8430,/pfs/data6/home/st/st_us-053000/st_st191959/DL-Lab/DataSet/MTMC_Tracking_2025_Preprocessed/val/Hospital_000/crops/Person_0036/Camera_24/Person_0036_Camera_24_f003750_r006.jpg,None,11,Hospital_000__Person_0036,1.0,False,False,-0.0946843,0.019914757,-0.094684005,0.019914068,-0.0328894
262,Person_0036,Hospital_000__Person_0036,36,36,Camera_25,35,Hospital_000,Person,1,0.6641221374045801,4170,8400,/pfs/data6/home/st/st_us-053000/st_st191959/DL-Lab/DataSet/MTMC_Tracking_2025_Preprocessed/val/Hospital_000/crops/Person_0036/Camera_25/Person_0036_Camera_25_f004170_r001.jpg,None,11,Hospital_000__Person_0036,1.0,False,False,0.008109243,0.016028594,0.008109294,0.016027924,-0.035102583
51,Person_0036,Hospital_000__Person_0036,36,36,Camera_28,38,Hospital_000,Person,1,0.27450980392156865,450,8490,/pfs/data6/home/st/st_us-053000/st_st191959/DL-Lab/DataSet/MTMC_Tracking_2025_Preprocessed/val/Hospital_000/crops/Person_0036/Camera_28/Person_0036_Camera_28_f000450_r000.jpg,None,11,Hospital_000__Person_0036,1.0,False,False,0.039874554,0.05861552,0.039874576,0.058614526,-0.1236948
150,Person_0036,Hospital_000__Person_0036,36,36,Camera_29,39,Hospital_000,Person,1,0.6666666666666666,5160,8940,/pfs/data6/home/st/st_us-053000/st_st191959/DL-Lab/DataSet/MTMC_Tracking_2025_Preprocessed/val/Hospital_000/crops/Person_0036/Camera_29/Person_0036_Camera_29_f005160_r000.jpg,None,11,Hospital_000__Person_0036,1.0,False,False,-0.0075871027,0.09458924,-0.007587171,0.094588615,-0.0006096483
139,Person_0036,Hospital_000__Person_0036,36,36,Camera_30,40,Hospital_000,Person,1,0.6618705035971223,4620,8250,/pfs/data6/home/st/st_us-053000/st_st191959/DL-Lab/DataSet/MTMC_Tracking_2025_Preprocessed/val/Hospital_000/crops/Person_0036/Camera_30/Person_0036_Camera_30_f004620_r000.jpg,None,11,Hospital_000__Person_0036,1.0,False,False,0.0950923,-0.005853734,0.09509225,-0.005854472,-0.07775194
296,Person_0037,Hospital_000__Person_0037,37,37,Camera_01,11,Hospital_000,Person,1,0.6554054054054054,0,7680,/pfs/data6/home/st/st_us-053000/st_st191959/DL-Lab/DataSet/MTMC_Tracking_2025_Preprocessed/val/Hospital_000/crops/Person_0037/Camera_01/Person_0037_Camera_01_f000000_r002.jpg,None,12,Hospital_000__Person_0037,0.4444444444444444,False,False,-0.15468971,-0.12222461,-0.15468967,-0.12222591,-0.111130655
357,Person_0037,Hospital_000__Person_0037,37,37,Camera_11,21,Hospital_000,Person,1,0.6666666666666666,0,8970,/pfs/data6/home/st/st_us-053000/st_st191959/DL-Lab/DataSet/MTMC_Tracking_2025_Preprocessed/val/Hospital_000/crops/Person_0037/Camera_11/Person_0037_Camera_11_f000000_r001.jpg,None,12,Hospital_000__Person_0037,0.4444444444444444,False,False,-0.2781874,-0.1378909,-0.27818742,-0.1378918,-0.19261415
379,Person_0037,Hospital_000__Person_0037,37,37,Camera_14,24,Hospital_000,Person,1,0.6437994722955145,0,8880,/pfs/data6/home/st/st_us-053000/st_st191959/DL-Lab/DataSet/MTMC_Tracking_2025_Preprocessed/val/Hospital_000/crops/Person_0037/Camera_14/Person_0037_Camera_14_f000000_r001.jpg,None,12,Hospital_000__Person_0037,0.4444444444444444,False,False,-0.15601164,-0.15664157,-0.15601173,-0.15664272,-0.15124747
395,Person_0037,Hospital_000__Person_0037,37,37,Camera_15,25,Hospital_000,Person,1,0.6632911392405063,1260,8790,/pfs/data6/home/st/st_us-053000/st_st191959/DL-Lab/DataSet/MTMC_Tracking_2025_Preprocessed/val/Hospital_000/crops/Person_0037/Camera_15/Person_0037_Camera_15_f001260_r000.jpg,None,12,Hospital_000__Person_0037,0.4444444444444444,False,False,-0.2310138,-0.12893125,-0.23101391,-0.12893243,-0.14882554
130,Person_0038,Hospital_000__Person_0038,38,38,Camera,0,Hospital_000,Person,1,0.5384615384615384,2940,8040,/pfs/data6/home/st/st_us-053000/st_st191959/DL-Lab/DataSet/MTMC_Tracking_2025_Preprocessed/val/Hospital_000/crops/Person_0038/Camera/Person_0038_Camera_f002940_r000.jpg,None,-1,NOISE,0.0,True,False,0.10893448,0.17924058,0.10893481,0.17924045,0.02039991
224,Person_0038,Hospital_000__Person_0038,38,38,Camera_01,11,Hospital_000,Person,1,0.6160714285714286,0,6900,/pfs/data6/home/st/st_us-053000/st_st191959/DL-Lab/DataSet/MTMC_Tracking_2025_Preprocessed/val/Hospital_000/crops/Person_0038/Camera_01/Person_0038_Camera_01_f000000_r000.jpg,None,52,Hospital_000__Person_0038,1.0,False,False,0.11570682,0.2383412,0.11570703,0.23834136,0.09333557
267,Person_0038,Hospital_000__Person_0038,38,38,Camera_03,13,Hospital_000,Person,1,0.6666666666666666,2880,8370,/pfs/data6/home/st/st_us-053000/st_st191959/DL-Lab/DataSet/MTMC_Tracking_2025_Preprocessed/val/Hospital_000/crops/Person_0038/Camera_03/Person_0038_Camera_03_f002880_r002.jpg,None,52,Hospital_000__Person_0038,1.0,False,False,0.08292551,0.24292634,0.08292568,0.24292639,0.14071321
4,Person_0038,Hospital_000__Person_0038,38,38,Camera_04,14,Hospital_000,Person,0,0.0,4380,8820,/pfs/data6/home/st/st_us-053000/st_st191959/DL-Lab/DataSet/MTMC_Tracking_2025_Preprocessed/val/Hospital_000/crops/Person_0038/Camera_04/Person_0038_Camera_04_f004380_r002.jpg,None,-1,NOISE,0.0,True,False,0.0076741558,0.16247667,0.007674515,0.16247696,0.03012702
384,Person_0038,Hospital_000__Person_0038,38,38,Camera_05,15,Hospital_000,Person,1,0.6666666666666666,2250,8730,/pfs/data6/home/st/st_us-053000/st_st191959/DL-Lab/DataSet/MTMC_Tracking_2025_Preprocessed/val/Hospital_000/crops/Person_0038/Camera_05/Person_0038_Camera_05_f002250_r001.jpg,None,52,Hospital_000__Person_0038,1.0,False,False,0.09127107,0.24076904,0.09127121,0.24076946,0.12131078
277,Person_0038,Hospital_000__Person_0038,38,38,Camera_06,16,Hospital_000,Person,1,0.6642599277978339,2940,8970,/pfs/data6/home/st/st_us-053000/st_st191959/DL-Lab/DataSet/MTMC_Tracking_2025_Preprocessed/val/Hospital_000/crops/Person_0038/Camera_06/Person_0038_Camera_06_f002940_r001.jpg,None,-1,NOISE,0.0,True,False,0.08695347,0.2925351,0.08695368,0.29253533,0.09341483
60,Person_0038,Hospital_000__Person_0038,38,38,Camera_08,18,Hospital_000,Person,1,0.26666666666666666,4380,8970,/pfs/data6/home/st/st_us-053000/st_st191959/DL-Lab/DataSet/MTMC_Tracking_2025_Preprocessed/val/Hospital_000/crops/Person_0038/Camera_08/Person_0038_Camera_08_f004380_r002.jpg,None,44,Hospital_000__Person_0028,0.6666666666666666,False,True,0.16164863,0.11834604,0.16164894,0.11834636,-0.06950572
366,Person_0038,Hospital_000__Person_0038,38,38,Camera_09,19,Hospital_000,Person,1,0.6666666666666666,2880,8970,/pfs/data6/home/st/st_us-053000/st_st191959/DL-Lab/DataSet/MTMC_Tracking_2025_Preprocessed/val/Hospital_000/crops/Person_0038/Camera_09/Person_0038_Camera_09_f002880_r002.jpg,None,-1,NOISE,0.0,True,False,0.04901811,0.19104119,0.04901824,0.19104101,0.13526365
129,Person_0038,Hospital_000__Person_0038,38,38,Camera_11,21,Hospital_000,Person,1,0.6666666666666666,0,1530,/pfs/data6/home/st/st_us-053000/st_st191959/DL-Lab/DataSet/MTMC_Tracking_2025_Preprocessed/val/Hospital_000/crops/Person_0038/Camera_11/Person_0038_Camera_11_f000000_r000.jpg,None,52,Hospital_000__Person_0038,1.0,False,False,0.078587234,0.21825992,0.07858757,0.21826018,0.13453855
202,Person_0038,Hospital_000__Person_0038,38,38,Camera_14,24,Hospital_000,Person,1,0.6633663366336634,0,2250,/pfs/data6/home/st/st_us-053000/st_st191959/DL-Lab/DataSet/MTMC_Tracking_2025_Preprocessed/val/Hospital_000/crops/Person_0038/Camera_14/Person_0038_Camera_14_f000000_r000.jpg,None,-1,NOISE,0.0,True,False,0.15181172,0.15242124,0.15181197,0.15242134,0.0264807
36,Person_0038,Hospital_000__Person_0038,38,38,Camera_15,25,Hospital_000,Person,1,0.6666666666666666,240,570,/pfs/data6/home/st/st_us-053000/st_st191959/DL-Lab/DataSet/MTMC_Tracking_2025_Preprocessed/val/Hospital_000/crops/Person_0038/Camera_15/Person_0038_Camera_15_f000240_r000.jpg,None,-1,NOISE,0.0,True,False,-0.10127083,0.13000806,-0.10127055,0.13000847,0.24015205
112,Person_0038,Hospital_000__Person_0038,38,38,Camera_20,30,Hospital_000,Person,1,0.5178571428571429,3510,8220,/pfs/data6/home/st/st_us-053000/st_st191959/DL-Lab/DataSet/MTMC_Tracking_2025_Preprocessed/val/Hospital_000/crops/Person_0038/Camera_20/Person_0038_Camera_20_f003510_r000.jpg,None,-1,NOISE,0.0,True,False,0.10885523,0.15919897,0.10885543,0.15919894,0.07943157
196,Person_0038,Hospital_000__Person_0038,38,38,Camera_22,32,Hospital_000,Person,1,0.6632653061224489,2880,8970,/pfs/data6/home/st/st_us-053000/st_st191959/DL-Lab/DataSet/MTMC_Tracking_2025_Preprocessed/val/Hospital_000/crops/Person_0038/Camera_22/Person_0038_Camera_22_f002880_r003.jpg,None,52,Hospital_000__Person_0038,1.0,False,False,0.097481996,0.2554984,0.09748226,0.2554987,0.11058453
3,Person_0038,Hospital_000__Person_0038,38,38,Camera_23,33,Hospital_000,Person,0,0.0,4110,7920,/pfs/data6/home/st/st_us-053000/st_st191959/DL-Lab/DataSet/MTMC_Tracking_2025_Preprocessed/val/Hospital_000/crops/Person_0038/Camera_23/Person_0038_Camera_23_f004110_r001.jpg,None,-1,NOISE,0.0,True,False,-0.06018636,0.23416542,-0.06018602,0.23416512,0.056710325
365,Person_0038,Hospital_000__Person_0038,38,38,Camera_24,34,Hospital_000,Person,1,0.6465753424657534,2670,8760,/pfs/data6/home/st/st_us-053000/st_st191959/DL-Lab/DataSet/MTMC_Tracking_2025_Preprocessed/val/Hospital_000/crops/Person_0038/Camera_24/Person_0038_Camera_24_f002670_r003.jpg,None,52,Hospital_000__Person_0038,1.0,False,False,0.08299331,0.21363536,0.082993574,0.21363555,0.14515714
17,Person_0038,Hospital_000__Person_0038,38,38,Camera_25,35,Hospital_000,Person,0,0.0,3510,4020,/pfs/data6/home/st/st_us-053000/st_st191959/DL-Lab/DataSet/MTMC_Tracking_2025_Preprocessed/val/Hospital_000/crops/Person_0038/Camera_25/Person_0038_Camera_25_f003510_r000.jpg,None,2,Hospital_000__Person_0018,0.25,False,True,-0.2879629,0.15832691,-0.28796208,0.15832761,0.07346161
96,Person_0038,Hospital_000__Person_0038,38,38,Camera_26,36,Hospital_000,Person,1,0.6458333333333334,4290,8970,/pfs/data6/home/st/st_us-053000/st_st191959/DL-Lab/DataSet/MTMC_Tracking_2025_Preprocessed/val/Hospital_000/crops/Person_0038/Camera_26/Person_0038_Camera_26_f004290_r002.jpg,None,-1,NOISE,0.0,True,False,0.08703003,0.2511715,0.087030225,0.25117168,0.116168536
33,Person_0038,Hospital_000__Person_0038,38,38,Camera_27,37,Hospital_000,Person,1,0.12121212121212122,4350,8970,/pfs/data6/home/st/st_us-053000/st_st191959/DL-Lab/DataSet/MTMC_Tracking_2025_Preprocessed/val/Hospital_000/crops/Person_0038/Camera_27/Person_0038_Camera_27_f004350_r003.jpg,None,-1,NOISE,0.0,True,False,0.0059581315,0.2614933,0.005958624,0.26149336,0.057474837
132,Person_0038,Hospital_000__Person_0038,38,38,Camera_31,41,Hospital_000,Person,1,0.6666666666666666,3240,7950,/pfs/data6/home/st/st_us-053000/st_st191959/DL-Lab/DataSet/MTMC_Tracking_2025_Preprocessed/val/Hospital_000/crops/Person_0038/Camera_31/Person_0038_Camera_31_f003240_r000.jpg,None,-1,NOISE,0.0,True,False,-0.2073262,0.20205007,-0.20732586,0.20204985,0.15091804
59,Person_0039,Hospital_000__Person_0039,39,39,Camera,0,Hospital_000,Person,1,0.5423728813559322,4140,6120,/pfs/data6/home/st/st_us-053000/st_st191959/DL-Lab/DataSet/MTMC_Tracking_2025_Preprocessed/val/Hospital_000/crops/Person_0039/Camera/Person_0039_Camera_f004140_r006.jpg,None,-1,NOISE,0.0,True,False,0.13904345,-0.15456991,0.13904397,-0.15456991,-0.104731
410,Person_0039,Hospital_000__Person_0039,39,39,Camera_01,11,Hospital_000,Person,1,0.6536585365853659,180,4410,/pfs/data6/home/st/st_us-053000/st_st191959/DL-Lab/DataSet/MTMC_Tracking_2025_Preprocessed/val/Hospital_000/crops/Person_0039/Camera_01/Person_0039_Camera_01_f000180_r007.jpg,None,98,Hospital_000__Person_0039,1.0,False,False,0.12650043,-0.21073462,0.12650082,-0.21073483,0.007818541
285,Person_0039,Hospital_000__Person_0039,39,39,Camera_03,13,Hospital_000,Person,1,0.6666666666666666,4680,8970,/pfs/data6/home/st/st_us-053000/st_st191959/DL-Lab/DataSet/MTMC_Tracking_2025_Preprocessed/val/Hospital_000/crops/Person_0039/Camera_03/Person_0039_Camera_03_f004680_r014.jpg,None,99,Hospital_000__Person_0039,1.0,False,False,0.15388729,-0.12756455,0.15388724,-0.12756497,-0.06161004
190,Person_0039,Hospital_000__Person_0039,39,39,Camera_05,15,Hospital_000,Person,1,0.6526315789473685,4110,7440,/pfs/data6/home/st/st_us-053000/st_st191959/DL-Lab/DataSet/MTMC_Tracking_2025_Preprocessed/val/Hospital_000/crops/Person_0039/Camera_05/Person_0039_Camera_05_f004110_r007.jpg,None,98,Hospital_000__Person_0039,1.0,False,False,0.11681135,-0.19479713,0.11681156,-0.19479744,0.024078703
299,Person_0039,Hospital_000__Person_0039,39,39,Camera_06,16,Hospital_000,Person,1,0.6488294314381271,5250,8970,/pfs/data6/home/st/st_us-053000/st_st191959/DL-Lab/DataSet/MTMC_Tracking_2025_Preprocessed/val/Hospital_000/crops/Person_0039/Camera_06/Person_0039_Camera_06_f005250_r008.jpg,None,-1,NOISE,0.0,True,False,0.16475101,-0.16684373,0.1647515,-0.16684425,-0.02544478
30,Person_0039,Hospital_000__Person_0039,39,39,Camera_08,18,Hospital_000,Person,1,0.4,4470,7560,/pfs/data6/home/st/st_us-053000/st_st191959/DL-Lab/DataSet/MTMC_Tracking_2025_Preprocessed/val/Hospital_000/crops/Person_0039/Camera_08/Person_0039_Camera_08_f004470_r008.jpg,None,78,Hospital_000__Person_0019,0.25,False,True,0.20574991,-0.11185115,0.20575018,-0.11185138,-0.19461435
400,Person_0039,Hospital_000__Person_0039,39,39,Camera_09,19,Hospital_000,Person,1,0.665,4500,8970,/pfs/data6/home/st/st_us-053000/st_st191959/DL-Lab/DataSet/MTMC_Tracking_2025_Preprocessed/val/Hospital_000/crops/Person_0039/Camera_09/Person_0039_Camera_09_f004500_r011.jpg,None,98,Hospital_000__Person_0039,1.0,False,False,0.117751114,-0.14583783,0.11775138,-0.14583793,0.016178872
315,Person_0039,Hospital_000__Person_0039,39,39,Camera_11,21,Hospital_000,Person,1,0.6666666666666666,0,3120,/pfs/data6/home/st/st_us-053000/st_st191959/DL-Lab/DataSet/MTMC_Tracking_2025_Preprocessed/val/Hospital_000/crops/Person_0039/Camera_11/Person_0039_Camera_11_f000000_r002.jpg,None,-1,NOISE,0.0,True,False,0.09224405,-0.21208194,0.09224454,-0.2120824,0.0541052
403,Person_0039,Hospital_000__Person_0039,39,39,Camera_14,24,Hospital_000,Person,1,0.6600496277915633,0,4080,/pfs/data6/home/st/st_us-053000/st_st191959/DL-Lab/DataSet/MTMC_Tracking_2025_Preprocessed/val/Hospital_000/crops/Person_0039/Camera_14/Person_0039_Camera_14_f000000_r002.jpg,None,98,Hospital_000__Person_0039,1.0,False,False,0.16524322,-0.21424502,0.16524363,-0.21424516,-0.022734163
4,Person_0039,Hospital_000__Person_0039,39,39,Camera_19,29,Hospital_000,Person,1,0.5,7470,7500,/pfs/data6/home/st/st_us-053000/st_st191959/DL-Lab/DataSet/MTMC_Tracking_2025_Preprocessed/val/Hospital_000/crops/Person_0039/Camera_19/Person_0039_Camera_19_f007470_r005.jpg,None,-1,NOISE,0.0,True,False,-0.007930328,-0.10591746,-0.007930489,-0.10591792,-0.07699612
34,Person_0039,Hospital_000__Person_0039,39,39,Camera_20,30,Hospital_000,Person,1,0.35294117647058826,4530,6840,/pfs/data6/home/st/st_us-053000/st_st191959/DL-Lab/DataSet/MTMC_Tracking_2025_Preprocessed/val/Hospital_000/crops/Person_0039/Camera_20/Person_0039_Camera_20_f004530_r002.jpg,None,-1,NOISE,0.0,True,False,0.22002998,-0.12779172,0.22003014,-0.12779193,-0.22854698
303,Person_0039,Hospital_000__Person_0039,39,39,Camera_22,32,Hospital_000,Person,1,0.6666666666666666,4650,8970,/pfs/data6/home/st/st_us-053000/st_st191959/DL-Lab/DataSet/MTMC_Tracking_2025_Preprocessed/val/Hospital_000/crops/Person_0039/Camera_22/Person_0039_Camera_22_f004650_r009.jpg,None,99,Hospital_000__Person_0039,1.0,False,False,0.1569132,-0.16937298,0.15691346,-0.16937335,-0.08145601
377,Person_0039,Hospital_000__Person_0039,39,39,Camera_24,34,Hospital_000,Person,1,0.6631299734748011,4650,8970,/pfs/data6/home/st/st_us-053000/st_st191959/DL-Lab/DataSet/MTMC_Tracking_2025_Preprocessed/val/Hospital_000/crops/Person_0039/Camera_24/Person_0039_Camera_24_f004650_r019.jpg,None,99,Hospital_000__Person_0039,1.0,False,False,0.19942379,-0.16391155,0.19942388,-0.16391204,-0.12882684
261,Person_0039,Hospital_000__Person_0039,39,39,Camera_26,36,Hospital_000,Person,1,0.6666666666666666,5220,8910,/pfs/data6/home/st/st_us-053000/st_st191959/DL-Lab/DataSet/MTMC_Tracking_2025_Preprocessed/val/Hospital_000/crops/Person_0039/Camera_26/Person_0039_Camera_26_f005220_r006.jpg,None,-1,NOISE,0.0,True,False,0.18746269,-0.19700548,0.1874627,-0.19700564,-0.09573824
16,Person_0039,Hospital_000__Person_0039,39,39,Camera_27,37,Hospital_000,Person,1,0.125,4470,7500,/pfs/data6/home/st/st_us-053000/st_st191959/DL-Lab/DataSet/MTMC_Tracking_2025_Preprocessed/val/Hospital_000/crops/Person_0039/Camera_27/Person_0039_Camera_27_f004470_r009.jpg,None,-1,NOISE,0.0,True,False,-0.04892875,-0.12563051,-0.04892848,-0.1256303,-0.09251002
36,Person_0039,Hospital_000__Person_0039,39,39,Camera_31,41,Hospital_000,Person,1,0.6666666666666666,5430,5790,/pfs/data6/home/st/st_us-053000/st_st191959/DL-Lab/DataSet/MTMC_Tracking_2025_Preprocessed/val/Hospital_000/crops/Person_0039/Camera_31/Person_0039_Camera_31_f005430_r003.jpg,None,-1,NOISE,0.0,True,False,0.19704837,-0.22291823,0.19704856,-0.22291823,-0.18665771
484,Person_0000,Lab_000__Person_0000,40,40,Camera_0000,1,Lab_000,Person,1,0.5991735537190083,0,6000,/pfs/data6/home/st/st_us-053000/st_st191959/DL-Lab/DataSet/MTMC_Tracking_2025_Preprocessed/val/Lab_000/crops/Person_0000/Camera_0000/Person_0000_Camera_0000_f000000_r000.jpg,None,-1,NOISE,0.0,True,False,-0.03927776,-0.026526066,-0.039278243,-0.02652589,0.1026465
603,Person_0000,Lab_000__Person_0000,40,40,Camera_0001,2,Lab_000,Person,1,0.6666666666666666,0,6000,/pfs/data6/home/st/st_us-053000/st_st191959/DL-Lab/DataSet/MTMC_Tracking_2025_Preprocessed/val/Lab_000/crops/Person_0000/Camera_0001/Person_0000_Camera_0001_f000000_r000.jpg,None,-1,NOISE,0.0,True,False,-0.24009536,-0.06539293,-0.24009576,-0.06539302,0.24133031
180,Person_0000,Lab_000__Person_0000,40,40,Camera_0002,3,Lab_000,Person,1,0.6666666666666666,1080,5880,/pfs/data6/home/st/st_us-053000/st_st191959/DL-Lab/DataSet/MTMC_Tracking_2025_Preprocessed/val/Lab_000/crops/Person_0000/Camera_0002/Person_0000_Camera_0002_f001080_r000.jpg,None,-1,NOISE,0.0,True,False,-0.16800644,-0.01804264,-0.168007,-0.018042648,0.20169103
692,Person_0000,Lab_000__Person_0000,40,40,Camera_0003,4,Lab_000,Person,1,0.615606936416185,0,8970,/pfs/data6/home/st/st_us-053000/st_st191959/DL-Lab/DataSet/MTMC_Tracking_2025_Preprocessed/val/Lab_000/crops/Person_0000/Camera_0003/Person_0000_Camera_0003_f000000_r000.jpg,None,-1,NOISE,0.0,True,False,-0.1522492,-0.15212767,-0.15224981,-0.15212762,0.1793589
322,Person_0000,Lab_000__Person_0000,40,40,Camera_0004,5,Lab_000,Person,1,0.6645962732919255,990,5970,/pfs/data6/home/st/st_us-053000/st_st191959/DL-Lab/DataSet/MTMC_Tracking_2025_Preprocessed/val/Lab_000/crops/Person_0000/Camera_0004/Person_0000_Camera_0004_f000990_r000.jpg,None,-1,NOISE,0.0,True,False,-0.2562232,-0.07341958,-0.2562237,-0.07341973,0.22384731
297,Person_0000,Lab_000__Person_0000,40,40,Camera_0005,6,Lab_000,Person,1,0.5454545454545454,0,8910,/pfs/data6/home/st/st_us-053000/st_st191959/DL-Lab/DataSet/MTMC_Tracking_2025_Preprocessed/val/Lab_000/crops/Person_0000/Camera_0005/Person_0000_Camera_0005_f000000_r000.jpg,None,-1,NOISE,0.0,True,False,-0.12730102,-0.045840684,-0.12730153,-0.04584137,0.26663223
648,Person_0000,Lab_000__Person_0000,40,40,Camera_0006,7,Lab_000,Person,1,0.6635802469135802,0,8970,/pfs/data6/home/st/st_us-053000/st_st191959/DL-Lab/DataSet/MTMC_Tracking_2025_Preprocessed/val/Lab_000/crops/Person_0000/Camera_0006/Person_0000_Camera_0006_f000000_r000.jpg,None,-1,NOISE,0.0,True,False,-0.23827584,-0.21804246,-0.23827581,-0.21804163,0.27475068
167,Person_0000,Lab_000__Person_0000,40,40,Camera_0007,8,Lab_000,Person,1,0.6586826347305389,2370,4770,/pfs/data6/home/st/st_us-053000/st_st191959/DL-Lab/DataSet/MTMC_Tracking_2025_Preprocessed/val/Lab_000/crops/Person_0000/Camera_0007/Person_0000_Camera_0007_f002370_r000.jpg,None,-1,NOISE,0.0,True,False,-0.41627273,-0.07090142,-0.41627324,-0.0709008,0.19587584
616,Person_0000,Lab_000__Person_0000,40,40,Camera_0008,9,Lab_000,Person,1,0.6655844155844156,0,8970,/pfs/data6/home/st/st_us-053000/st_st191959/DL-Lab/DataSet/MTMC_Tracking_2025_Preprocessed/val/Lab_000/crops/Person_0000/Camera_0008/Person_0000_Camera_0008_f000000_r000.jpg,None,-1,NOISE,0.0,True,False,-0.16295718,-0.18760476,-0.16295767,-0.18760484,0.22024968
588,Person_0000,Lab_000__Person_0000,40,40,Camera_0009,10,Lab_000,Person,1,0.6666666666666666,0,8970,/pfs/data6/home/st/st_us-053000/st_st191959/DL-Lab/DataSet/MTMC_Tracking_2025_Preprocessed/val/Lab_000/crops/Person_0000/Camera_0009/Person_0000_Camera_0009_f000000_r000.jpg,None,-1,NOISE,0.0,True,False,-0.12253103,-0.13706782,-0.122531585,-0.13706821,0.2474915
594,Person_0001,Lab_000__Person_0001,41,41,Camera_0000,1,Lab_000,Person,1,0.6666666666666666,0,8970,/pfs/data6/home/st/st_us-053000/st_st191959/DL-Lab/DataSet/MTMC_Tracking_2025_Preprocessed/val/Lab_000/crops/Person_0001/Camera_0000/Person_0001_Camera_0000_f000000_r002.jpg,None,-1,NOISE,0.0,True,False,-0.015834756,-0.063689105,-0.015835198,-0.06369002,-0.02255093
900,Person_0001,Lab_000__Person_0001,41,41,Camera_0001,2,Lab_000,Person,1,0.6666666666666666,0,8970,/pfs/data6/home/st/st_us-053000/st_st191959/DL-Lab/DataSet/MTMC_Tracking_2025_Preprocessed/val/Lab_000/crops/Person_0001/Camera_0001/Person_0001_Camera_0001_f000000_r002.jpg,None,-1,NOISE,0.0,True,False,-0.31822056,-0.15195931,-0.31822065,-0.1519602,-0.078997575
60,Person_0001,Lab_000__Person_0001,41,41,Camera_0002,3,Lab_000,Person,1,0.6666666666666666,0,3750,/pfs/data6/home/st/st_us-053000/st_st191959/DL-Lab/DataSet/MTMC_Tracking_2025_Preprocessed/val/Lab_000/crops/Person_0001/Camera_0002/Person_0001_Camera_0002_f000000_r001.jpg,None,12,Hospital_000__Person_0037,0.4444444444444444,False,True,-0.31895924,-0.15189399,-0.31895944,-0.15189482,-0.119712956
483,Person_0001,Lab_000__Person_0001,41,41,Camera_0003,4,Lab_000,Person,1,0.42650103519668736,180,8970,/pfs/data6/home/st/st_us-053000/st_st191959/DL-Lab/DataSet/MTMC_Tracking_2025_Preprocessed/val/Lab_000/crops/Person_0001/Camera_0003/Person_0001_Camera_0003_f000180_r001.jpg,None,-1,NOISE,0.0,True,False,-0.24247386,-0.09624137,-0.24247399,-0.096241735,-0.023774382
66,Person_0001,Lab_000__Person_0001,41,41,Camera_0004,5,Lab_000,Person,1,0.6666666666666666,0,3750,/pfs/data6/home/st/st_us-053000/st_st191959/DL-Lab/DataSet/MTMC_Tracking_2025_Preprocessed/val/Lab_000/crops/Person_0001/Camera_0004/Person_0001_Camera_0004_f000000_r001.jpg,None,12,Hospital_000__Person_0037,0.4444444444444444,False,True,-0.18732579,-0.12835534,-0.18732585,-0.1283561,-0.12272841
300,Person_0001,Lab_000__Person_0001,41,41,Camera_0005,6,Lab_000,Person,1,0.6666666666666666,210,3180,/pfs/data6/home/st/st_us-053000/st_st191959/DL-Lab/DataSet/MTMC_Tracking_2025_Preprocessed/val/Lab_000/crops/Person_0001/Camera_0005/Person_0001_Camera_0005_f000210_r001.jpg,None,-1,NOISE,0.0,True,False,-0.3525546,-0.15950797,-0.35255468,-0.15950821,-0.06600055
855,Person_0001,Lab_000__Person_0001,41,41,Camera_0006,7,Lab_000,Person,1,0.6666666666666666,0,8970,/pfs/data6/home/st/st_us-053000/st_st191959/DL-Lab/DataSet/MTMC_Tracking_2025_Preprocessed/val/Lab_000/crops/Person_0001/Camera_0006/Person_0001_Camera_0006_f000000_r001.jpg,None,-1,NOISE,0.0,True,False,-0.4008933,-0.21309195,-0.40089324,-0.21309288,-0.041640505
567,Person_0001,Lab_000__Person_0001,41,41,Camera_0007,8,Lab_000,Person,1,0.6666666666666666,0,8970,/pfs/data6/home/st/st_us-053000/st_st191959/DL-Lab/DataSet/MTMC_Tracking_2025_Preprocessed/val/Lab_000/crops/Person_0001/Camera_0007/Person_0001_Camera_0007_f000000_r001.jpg,None,-1,NOISE,0.0,True,False,-0.33878654,-0.17605181,-0.3387862,-0.17605093,0.1310514
327,Person_0001,Lab_000__Person_0001,41,41,Camera_0008,9,Lab_000,Person,1,0.6666666666666666,0,3240,/pfs/data6/home/st/st_us-053000/st_st191959/DL-Lab/DataSet/MTMC_Tracking_2025_Preprocessed/val/Lab_000/crops/Person_0001/Camera_0008/Person_0001_Camera_0008_f000000_r001.jpg,None,-1,NOISE,0.0,True,False,-0.19609155,-0.11517821,-0.19609225,-0.11517919,-0.082341485
312,Person_0001,Lab_000__Person_0001,41,41,Camera_0009,10,Lab_000,Person,1,0.6666666666666666,180,3270,/pfs/data6/home/st/st_us-053000/st_st191959/DL-Lab/DataSet/MTMC_Tracking_2025_Preprocessed/val/Lab_000/crops/Person_0001/Camera_0009/Person_0001_Camera_0009_f000180_r001.jpg,None,12,Hospital_000__Person_0037,0.4444444444444444,False,True,-0.29947537,-0.2086702,-0.29947555,-0.2086715,-0.072006054
883,Person_0002,Lab_000__Person_0002,42,42,Camera_0000,1,Lab_000,Person,1,0.665911664779162,0,8970,/pfs/data6/home/st/st_us-053000/st_st191959/DL-Lab/DataSet/MTMC_Tracking_2025_Preprocessed/val/Lab_000/crops/Person_0002/Camera_0000/Person_0002_Camera_0000_f000000_r001.jpg,None,-1,NOISE,0.0,True,False,-0.048506208,0.2805184,-0.048507005,0.28051797,-0.013829749
900,Person_0002,Lab_000__Person_0002,42,42,Camera_0001,2,Lab_000,Person,1,0.6666666666666666,0,8970,/pfs/data6/home/st/st_us-053000/st_st191959/DL-Lab/DataSet/MTMC_Tracking_2025_Preprocessed/val/Lab_000/crops/Person_0002/Camera_0001/Person_0002_Camera_0001_f000000_r001.jpg,None,7,Lab_000__Person_0002,1.0,False,False,-0.2135325,0.19376838,-0.21353312,0.19376796,0.012311942
396,Person_0002,Lab_000__Person_0002,42,42,Camera_0002,3,Lab_000,Person,1,0.6666666666666666,0,8970,/pfs/data6/home/st/st_us-053000/st_st191959/DL-Lab/DataSet/MTMC_Tracking_2025_Preprocessed/val/Lab_000/crops/Person_0002/Camera_0002/Person_0002_Camera_0002_f000000_r000.jpg,None,-1,NOISE,0.0,True,False,-0.18999153,0.21999462,-0.18999209,0.21999459,0.060120076
468,Person_0002,Lab_000__Person_0002,42,42,Camera_0003,4,Lab_000,Person,1,0.6495726495726496,540,5460,/pfs/data6/home/st/st_us-053000/st_st191959/DL-Lab/DataSet/MTMC_Tracking_2025_Preprocessed/val/Lab_000/crops/Person_0002/Camera_0003/Person_0002_Camera_0003_f000540_r001.jpg,None,-1,NOISE,0.0,True,False,-0.30048436,0.10562295,-0.30048507,0.10562254,-0.18165411
846,Person_0002,Lab_000__Person_0002,42,42,Camera_0004,5,Lab_000,Person,1,0.6666666666666666,0,8970,/pfs/data6/home/st/st_us-053000/st_st191959/DL-Lab/DataSet/MTMC_Tracking_2025_Preprocessed/val/Lab_000/crops/Person_0002/Camera_0004/Person_0002_Camera_0004_f000000_r000.jpg,None,-1,NOISE,0.0,True,False,-0.23366605,0.19079125,-0.23366663,0.19079089,-0.001934375
9,Person_0002,Lab_000__Person_0002,42,42,Camera_0005,6,Lab_000,Person,1,0.6666666666666666,990,1050,/pfs/data6/home/st/st_us-053000/st_st191959/DL-Lab/DataSet/MTMC_Tracking_2025_Preprocessed/val/Lab_000/crops/Person_0002/Camera_0005/Person_0002_Camera_0005_f000990_r001.jpg,None,-1,NOISE,0.0,True,False,-0.2489117,0.12337489,-0.24891208,0.123375066,0.013216036
507,Person_0002,Lab_000__Person_0002,42,42,Camera_0006,7,Lab_000,Person,1,0.6666666666666666,510,5550,/pfs/data6/home/st/st_us-053000/st_st191959/DL-Lab/DataSet/MTMC_Tracking_2025_Preprocessed/val/Lab_000/crops/Person_0002/Camera_0006/Person_0002_Camera_0006_f000510_r001.jpg,None,7,Lab_000__Person_0002,1.0,False,False,-0.17039709,0.12278483,-0.17039777,0.12278377,0.024607887
103,Person_0002,Lab_000__Person_0002,42,42,Camera_0007,8,Lab_000,Person,1,0.6601941747572816,0,5580,/pfs/data6/home/st/st_us-053000/st_st191959/DL-Lab/DataSet/MTMC_Tracking_2025_Preprocessed/val/Lab_000/crops/Person_0002/Camera_0007/Person_0002_Camera_0007_f000000_r000.jpg,None,-1,NOISE,0.0,True,False,-0.1773738,0.23248494,-0.17737441,0.23248494,0.063117795
462,Person_0002,Lab_000__Person_0002,42,42,Camera_0008,9,Lab_000,Person,1,0.6666666666666666,930,5520,/pfs/data6/home/st/st_us-053000/st_st191959/DL-Lab/DataSet/MTMC_Tracking_2025_Preprocessed/val/Lab_000/crops/Person_0002/Camera_0008/Person_0002_Camera_0008_f000930_r001.jpg,None,7,Lab_000__Person_0002,1.0,False,False,-0.17959914,0.15788658,-0.17959976,0.1578858,0.02469933
477,Person_0002,Lab_000__Person_0002,42,42,Camera_0009,10,Lab_000,Person,1,0.6540880503144654,540,5460,/pfs/data6/home/st/st_us-053000/st_st191959/DL-Lab/DataSet/MTMC_Tracking_2025_Preprocessed/val/Lab_000/crops/Person_0002/Camera_0009/Person_0002_Camera_0009_f000540_r001.jpg,None,-1,NOISE,0.0,True,False,-0.29929015,0.19201124,-0.29929075,0.19201107,-0.15760939
900,Forklift_0182,Warehouse_015__Forklift_0182,43,43,Camera,0,Warehouse_015,Forklift,1,0.6666666666666666,0,8970,/pfs/data6/home/st/st_us-053000/st_st191959/DL-Lab/DataSet/MTMC_Tracking_2025_Preprocessed/val/Warehouse_015/crops/Forklift_0182/Camera/Forklift_0182_Camera_f000000_r000.jpg,None,-1,NOISE,0.0,True,False,-0.24807328,-0.039254982,-0.2480732,-0.03925586,-0.095945664
900,Forklift_0182,Warehouse_015__Forklift_0182,43,43,Camera_01,11,Warehouse_015,Forklift,1,0.6666666666666666,0,8970,/pfs/data6/home/st/st_us-053000/st_st191959/DL-Lab/DataSet/MTMC_Tracking_2025_Preprocessed/val/Warehouse_015/crops/Forklift_0182/Camera_01/Forklift_0182_Camera_01_f000000_r000.jpg,None,-1,NOISE,0.0,True,False,-0.3454853,-0.1274918,-0.3454853,-0.12749313,-0.14895336
900,Forklift_0182,Warehouse_015__Forklift_0182,43,43,Camera_03,13,Warehouse_015,Forklift,1,0.6666666666666666,0,8970,/pfs/data6/home/st/st_us-053000/st_st191959/DL-Lab/DataSet/MTMC_Tracking_2025_Preprocessed/val/Warehouse_015/crops/Forklift_0182/Camera_03/Forklift_0182_Camera_03_f000000_r000.jpg,None,4,Warehouse_015__Forklift_0183,0.8333333333333334,False,True,-0.3980088,-0.03617498,-0.39800897,-0.03617614,-0.074193604
900,Forklift_0182,Warehouse_015__Forklift_0182,43,43,Camera_08,18,Warehouse_015,Forklift,1,0.6666666666666666,0,8970,/pfs/data6/home/st/st_us-053000/st_st191959/DL-Lab/DataSet/MTMC_Tracking_2025_Preprocessed/val/Warehouse_015/crops/Forklift_0182/Camera_08/Forklift_0182_Camera_08_f000000_r000.jpg,None,-1,NOISE,0.0,True,False,-0.339324,-0.026524585,-0.33932415,-0.026526049,-0.11342465
900,Forklift_0182,Warehouse_015__Forklift_0182,43,43,Camera_10,20,Warehouse_015,Forklift,1,0.6666666666666666,0,8970,/pfs/data6/home/st/st_us-053000/st_st191959/DL-Lab/DataSet/MTMC_Tracking_2025_Preprocessed/val/Warehouse_015/crops/Forklift_0182/Camera_10/Forklift_0182_Camera_10_f000000_r000.jpg,None,-1,NOISE,0.0,True,False,-0.37459657,-0.01734175,-0.37459624,-0.017342696,-0.035524216
900,Forklift_0182,Warehouse_015__Forklift_0182,43,43,Camera_12,22,Warehouse_015,Forklift,1,0.6666666666666666,0,8970,/pfs/data6/home/st/st_us-053000/st_st191959/DL-Lab/DataSet/MTMC_Tracking_2025_Preprocessed/val/Warehouse_015/crops/Forklift_0182/Camera_12/Forklift_0182_Camera_12_f000000_r000.jpg,None,-1,NOISE,0.0,True,False,-0.011517767,-0.14700596,-0.011517617,-0.14700656,-0.12670007
900,Forklift_0183,Warehouse_015__Forklift_0183,44,44,Camera_01,11,Warehouse_015,Forklift,1,0.6666666666666666,0,8970,/pfs/data6/home/st/st_us-053000/st_st191959/DL-Lab/DataSet/MTMC_Tracking_2025_Preprocessed/val/Warehouse_015/crops/Forklift_0183/Camera_01/Forklift_0183_Camera_01_f000000_r001.jpg,None,4,Warehouse_015__Forklift_0183,0.8333333333333334,False,False,-0.31355324,-0.08169045,-0.31355366,-0.0816917,-0.09868039
900,Forklift_0183,Warehouse_015__Forklift_0183,44,44,Camera_03,13,Warehouse_015,Forklift,1,0.6666666666666666,0,8970,/pfs/data6/home/st/st_us-053000/st_st191959/DL-Lab/DataSet/MTMC_Tracking_2025_Preprocessed/val/Warehouse_015/crops/Forklift_0183/Camera_03/Forklift_0183_Camera_03_f000000_r001.jpg,None,4,Warehouse_015__Forklift_0183,0.8333333333333334,False,False,-0.37539202,-0.04135377,-0.37539196,-0.041355077,-0.075200744
900,Forklift_0183,Warehouse_015__Forklift_0183,44,44,Camera_05,15,Warehouse_015,Forklift,1,0.6666666666666666,0,8970,/pfs/data6/home/st/st_us-053000/st_st191959/DL-Lab/DataSet/MTMC_Tracking_2025_Preprocessed/val/Warehouse_015/crops/Forklift_0183/Camera_05/Forklift_0183_Camera_05_f000000_r000.jpg,None,4,Warehouse_015__Forklift_0183,0.8333333333333334,False,False,-0.39133945,0.017257897,-0.39133963,0.017256359,-0.13276972
900,Forklift_0183,Warehouse_015__Forklift_0183,44,44,Camera_07,17,Warehouse_015,Forklift,1,0.6666666666666666,0,8970,/pfs/data6/home/st/st_us-053000/st_st191959/DL-Lab/DataSet/MTMC_Tracking_2025_Preprocessed/val/Warehouse_015/crops/Forklift_0183/Camera_07/Forklift_0183_Camera_07_f000000_r000.jpg,None,4,Warehouse_015__Forklift_0183,0.8333333333333334,False,False,-0.3998577,-0.08351294,-0.39985734,-0.08351425,-0.040185217
900,Forklift_0183,Warehouse_015__Forklift_0183,44,44,Camera_10,20,Warehouse_015,Forklift,1,0.6666666666666666,0,8970,/pfs/data6/home/st/st_us-053000/st_st191959/DL-Lab/DataSet/MTMC_Tracking_2025_Preprocessed/val/Warehouse_015/crops/Forklift_0183/Camera_10/Forklift_0183_Camera_10_f000000_r001.jpg,None,4,Warehouse_015__Forklift_0183,0.8333333333333334,False,False,-0.30362678,-0.07116014,-0.30362684,-0.07116165,-0.056324646
900,Forklift_0183,Warehouse_015__Forklift_0183,44,44,Camera_12,22,Warehouse_015,Forklift,1,0.6666666666666666,0,8970,/pfs/data6/home/st/st_us-053000/st_st191959/DL-Lab/DataSet/MTMC_Tracking_2025_Preprocessed/val/Warehouse_015/crops/Forklift_0183/Camera_12/Forklift_0183_Camera_12_f000000_r001.jpg,None,-1,NOISE,0.0,True,False,-0.21219702,-0.05074866,-0.21219715,-0.050750166,-0.041994385
195,NovaCarter_0229,Warehouse_015__NovaCarter_0229,45,45,Camera,0,Warehouse_015,NovaCarter,1,0.6666666666666666,1200,3930,/pfs/data6/home/st/st_us-053000/st_st191959/DL-Lab/DataSet/MTMC_Tracking_2025_Preprocessed/val/Warehouse_015/crops/NovaCarter_0229/Camera/NovaCarter_0229_Camera_f001200_r001.jpg,None,1,Warehouse_015__NovaCarter_0229,1.0,False,False,-0.27195406,0.09736218,-0.27195358,0.09736246,0.09462309
204,NovaCarter_0229,Warehouse_015__NovaCarter_0229,45,45,Camera_01,11,Warehouse_015,NovaCarter,1,0.6274509803921569,0,8970,/pfs/data6/home/st/st_us-053000/st_st191959/DL-Lab/DataSet/MTMC_Tracking_2025_Preprocessed/val/Warehouse_015/crops/NovaCarter_0229/Camera_01/NovaCarter_0229_Camera_01_f000000_r002.jpg,None,1,Warehouse_015__NovaCarter_0229,1.0,False,False,-0.2610383,0.08919025,-0.2610378,0.089190364,0.10158631
106,NovaCarter_0229,Warehouse_015__NovaCarter_0229,45,45,Camera_02,12,Warehouse_015,NovaCarter,1,0.660377358490566,120,8520,/pfs/data6/home/st/st_us-053000/st_st191959/DL-Lab/DataSet/MTMC_Tracking_2025_Preprocessed/val/Warehouse_015/crops/NovaCarter_0229/Camera_02/NovaCarter_0229_Camera_02_f000120_r000.jpg,None,1,Warehouse_015__NovaCarter_0229,1.0,False,False,-0.23241644,0.15767772,-0.23241599,0.15767843,0.14022313
156,NovaCarter_0229,Warehouse_015__NovaCarter_0229,45,45,Camera_03,13,Warehouse_015,NovaCarter,1,0.6153846153846154,660,4500,/pfs/data6/home/st/st_us-053000/st_st191959/DL-Lab/DataSet/MTMC_Tracking_2025_Preprocessed/val/Warehouse_015/crops/NovaCarter_0229/Camera_03/NovaCarter_0229_Camera_03_f000660_r002.jpg,None,1,Warehouse_015__NovaCarter_0229,1.0,False,False,-0.2878227,0.12533571,-0.2878221,0.12533642,0.06742724
173,NovaCarter_0229,Warehouse_015__NovaCarter_0229,45,45,Camera_04,14,Warehouse_015,NovaCarter,1,0.6589595375722543,1770,4080,/pfs/data6/home/st/st_us-053000/st_st191959/DL-Lab/DataSet/MTMC_Tracking_2025_Preprocessed/val/Warehouse_015/crops/NovaCarter_0229/Camera_04/NovaCarter_0229_Camera_04_f001770_r000.jpg,None,1,Warehouse_015__NovaCarter_0229,1.0,False,False,-0.2853183,0.09417587,-0.285318,0.09417621,0.088400565
26,NovaCarter_0229,Warehouse_015__NovaCarter_0229,45,45,Camera_05,15,Warehouse_015,NovaCarter,1,0.6153846153846154,8670,8970,/pfs/data6/home/st/st_us-053000/st_st191959/DL-Lab/DataSet/MTMC_Tracking_2025_Preprocessed/val/Warehouse_015/crops/NovaCarter_0229/Camera_05/NovaCarter_0229_Camera_05_f008670_r001.jpg,None,-1,NOISE,0.0,True,False,-0.042978205,0.02411976,-0.042977847,0.024119614,-0.046578296
307,NovaCarter_0229,Warehouse_015__NovaCarter_0229,45,45,Camera_08,18,Warehouse_015,NovaCarter,1,0.6254071661237784,0,6810,/pfs/data6/home/st/st_us-053000/st_st191959/DL-Lab/DataSet/MTMC_Tracking_2025_Preprocessed/val/Warehouse_015/crops/NovaCarter_0229/Camera_08/NovaCarter_0229_Camera_08_f000000_r001.jpg,None,1,Warehouse_015__NovaCarter_0229,1.0,False,False,-0.29098082,0.05781879,-0.29098043,0.057819385,0.12428263
302,NovaCarter_0229,Warehouse_015__NovaCarter_0229,45,45,Camera_10,20,Warehouse_015,NovaCarter,1,0.5562913907284768,90,8970,/pfs/data6/home/st/st_us-053000/st_st191959/DL-Lab/DataSet/MTMC_Tracking_2025_Preprocessed/val/Warehouse_015/crops/NovaCarter_0229/Camera_10/NovaCarter_0229_Camera_10_f000090_r002.jpg,None,1,Warehouse_015__NovaCarter_0229,1.0,False,False,-0.27569017,0.07232786,-0.2756895,0.072328396,0.10032104
48,NovaCarter_0229,Warehouse_015__NovaCarter_0229,45,45,Camera_11,21,Warehouse_015,NovaCarter,1,0.6666666666666666,8520,8970,/pfs/data6/home/st/st_us-053000/st_st191959/DL-Lab/DataSet/MTMC_Tracking_2025_Preprocessed/val/Warehouse_015/crops/NovaCarter_0229/Camera_11/NovaCarter_0229_Camera_11_f008520_r000.jpg,None,1,Warehouse_015__NovaCarter_0229,1.0,False,False,-0.3020408,0.021770097,-0.30204046,0.02177082,0.13354515
284,NovaCarter_0229,Warehouse_015__NovaCarter_0229,45,45,Camera_12,22,Warehouse_015,NovaCarter,1,0.5070422535211268,0,8940,/pfs/data6/home/st/st_us-053000/st_st191959/DL-Lab/DataSet/MTMC_Tracking_2025_Preprocessed/val/Warehouse_015/crops/NovaCarter_0229/Camera_12/NovaCarter_0229_Camera_12_f000000_r002.jpg,None,1,Warehouse_015__NovaCarter_0229,1.0,False,False,-0.27774528,0.068821386,-0.27774495,0.06882182,0.085827045
131,Person_0000,Warehouse_015__Person_0000,46,46,Camera,0,Warehouse_015,Person,1,0.6412213740458015,0,6180,/pfs/data6/home/st/st_us-053000/st_st191959/DL-Lab/DataSet/MTMC_Tracking_2025_Preprocessed/val/Warehouse_015/crops/Person_0000/Camera/Person_0000_Camera_f000000_r011.jpg,None,-1,NOISE,0.0,True,False,-0.10228773,-0.08380123,-0.10228782,-0.083801545,0.15084304
642,Person_0000,Warehouse_015__Person_0000,46,46,Camera_01,11,Warehouse_015,Person,1,0.573208722741433,0,8970,/pfs/data6/home/st/st_us-053000/st_st191959/DL-Lab/DataSet/MTMC_Tracking_2025_Preprocessed/val/Warehouse_015/crops/Person_0000/Camera_01/Person_0000_Camera_01_f000000_r022.jpg,None,41,Warehouse_015__Person_0000,1.0,False,False,0.065184034,-0.06323267,0.0651841,-0.06323298,0.1318052
24,Person_0000,Warehouse_015__Person_0000,46,46,Camera_02,12,Warehouse_015,Person,1,0.6666666666666666,7200,7440,/pfs/data6/home/st/st_us-053000/st_st191959/DL-Lab/DataSet/MTMC_Tracking_2025_Preprocessed/val/Warehouse_015/crops/Person_0000/Camera_02/Person_0000_Camera_02_f007200_r005.jpg,None,-1,NOISE,0.0,True,False,-0.081619576,-0.030099794,-0.08161978,-0.030100847,-0.19160318
368,Person_0000,Warehouse_015__Person_0000,46,46,Camera_03,13,Warehouse_015,Person,1,0.5543478260869565,0,6480,/pfs/data6/home/st/st_us-053000/st_st191959/DL-Lab/DataSet/MTMC_Tracking_2025_Preprocessed/val/Warehouse_015/crops/Person_0000/Camera_03/Person_0000_Camera_03_f000000_r016.jpg,None,41,Warehouse_015__Person_0000,1.0,False,False,0.12795132,-0.06155874,0.12795153,-0.061558656,0.06277394
574,Person_0000,Warehouse_015__Person_0000,46,46,Camera_05,15,Warehouse_015,Person,1,0.6515679442508711,120,8970,/pfs/data6/home/st/st_us-053000/st_st191959/DL-Lab/DataSet/MTMC_Tracking_2025_Preprocessed/val/Warehouse_015/crops/Person_0000/Camera_05/Person_0000_Camera_05_f000120_r012.jpg,None,41,Warehouse_015__Person_0000,1.0,False,False,0.09140013,-0.07098609,0.09140013,-0.07098674,0.049107056
266,Person_0000,Warehouse_015__Person_0000,46,46,Camera_06,16,Warehouse_015,Person,1,0.6616541353383458,2310,8970,/pfs/data6/home/st/st_us-053000/st_st191959/DL-Lab/DataSet/MTMC_Tracking_2025_Preprocessed/val/Warehouse_015/crops/Person_0000/Camera_06/Person_0000_Camera_06_f002310_r007.jpg,None,-1,NOISE,0.0,True,False,0.012176296,-0.008262569,0.012175991,-0.008263058,0.11810349
309,Person_0000,Warehouse_015__Person_0000,46,46,Camera_07,17,Warehouse_015,Person,1,0.6601941747572816,0,6240,/pfs/data6/home/st/st_us-053000/st_st191959/DL-Lab/DataSet/MTMC_Tracking_2025_Preprocessed/val/Warehouse_015/crops/Person_0000/Camera_07/Person_0000_Camera_07_f000000_r007.jpg,None,41,Warehouse_015__Person_0000,1.0,False,False,0.07816769,-0.031987086,0.078167796,-0.031987444,0.087320596
114,Person_0000,Warehouse_015__Person_0000,46,46,Camera_09,19,Warehouse_015,Person,1,0.6666666666666666,0,1500,/pfs/data6/home/st/st_us-053000/st_st191959/DL-Lab/DataSet/MTMC_Tracking_2025_Preprocessed/val/Warehouse_015/crops/Person_0000/Camera_09/Person_0000_Camera_09_f000000_r004.jpg,None,-1,NOISE,0.0,True,False,-0.043921318,-0.04431035,-0.043921273,-0.04431073,0.18527819
697,Person_0000,Warehouse_015__Person_0000,46,46,Camera_10,20,Warehouse_015,Person,1,0.648493543758967,0,8970,/pfs/data6/home/st/st_us-053000/st_st191959/DL-Lab/DataSet/MTMC_Tracking_2025_Preprocessed/val/Warehouse_015/crops/Person_0000/Camera_10/Person_0000_Camera_10_f000000_r028.jpg,None,-1,NOISE,0.0,True,False,0.079137184,0.033311434,0.079137094,0.033310704,0.05079112
297,Person_0000,Warehouse_015__Person_0000,46,46,Camera_11,21,Warehouse_015,Person,1,0.6599326599326599,1860,8940,/pfs/data6/home/st/st_us-053000/st_st191959/DL-Lab/DataSet/MTMC_Tracking_2025_Preprocessed/val/Warehouse_015/crops/Person_0000/Camera_11/Person_0000_Camera_11_f001860_r007.jpg,None,-1,NOISE,0.0,True,False,0.04555573,0.02257323,0.0455558,0.022572473,-0.015837621
473,Person_0000,Warehouse_015__Person_0000,46,46,Camera_12,22,Warehouse_015,Person,1,0.642706131078224,0,7680,/pfs/data6/home/st/st_us-053000/st_st191959/DL-Lab/DataSet/MTMC_Tracking_2025_Preprocessed/val/Warehouse_015/crops/Person_0000/Camera_12/Person_0000_Camera_12_f000000_r024.jpg,None,41,Warehouse_015__Person_0000,1.0,False,False,0.040522788,-0.020080226,0.040522847,-0.020080632,0.113223374
504,Person_0001,Warehouse_015__Person_0001,47,47,Camera,0,Warehouse_015,Person,1,0.6587301587301587,450,8970,/pfs/data6/home/st/st_us-053000/st_st191959/DL-Lab/DataSet/MTMC_Tracking_2025_Preprocessed/val/Warehouse_015/crops/Person_0001/Camera/Person_0001_Camera_f000450_r010.jpg,None,114,Warehouse_015__Person_0167,0.5555555555555556,False,True,0.114467435,-0.04224167,0.114467464,-0.042241078,0.044598147
218,Person_0001,Warehouse_015__Person_0001,47,47,Camera_01,11,Warehouse_015,Person,1,0.5963302752293578,0,8850,/pfs/data6/home/st/st_us-053000/st_st191959/DL-Lab/DataSet/MTMC_Tracking_2025_Preprocessed/val/Warehouse_015/crops/Person_0001/Camera_01/Person_0001_Camera_01_f000000_r021.jpg,None,114,Warehouse_015__Person_0167,0.5555555555555556,False,True,0.1468169,-0.06371565,0.14681701,-0.06371493,-0.0021723243
436,Person_0001,Warehouse_015__Person_0001,47,47,Camera_03,13,Warehouse_015,Person,1,0.6330275229357798,0,8970,/pfs/data6/home/st/st_us-053000/st_st191959/DL-Lab/DataSet/MTMC_Tracking_2025_Preprocessed/val/Warehouse_015/crops/Person_0001/Camera_03/Person_0001_Camera_03_f000000_r015.jpg,None,-1,NOISE,0.0,True,False,-0.019340927,0.07900724,-0.0193411,0.07900814,0.14586456
470,Person_0001,Warehouse_015__Person_0001,47,47,Camera_04,14,Warehouse_015,Person,1,0.6638297872340425,480,8970,/pfs/data6/home/st/st_us-053000/st_st191959/DL-Lab/DataSet/MTMC_Tracking_2025_Preprocessed/val/Warehouse_015/crops/Person_0001/Camera_04/Person_0001_Camera_04_f000480_r005.jpg,None,-1,NOISE,0.0,True,False,0.15408446,-0.05928525,0.1540844,-0.059284385,-0.062792
90,Person_0001,Warehouse_015__Person_0001,47,47,Camera_07,17,Warehouse_015,Person,1,0.6666666666666666,0,1050,/pfs/data6/home/st/st_us-053000/st_st191959/DL-Lab/DataSet/MTMC_Tracking_2025_Preprocessed/val/Warehouse_015/crops/Person_0001/Camera_07/Person_0001_Camera_07_f000000_r006.jpg,None,-1,NOISE,0.0,True,False,0.013358014,-0.03585673,0.013357873,-0.035856236,0.08916635
657,Person_0001,Warehouse_015__Person_0001,47,47,Camera_08,18,Warehouse_015,Person,1,0.6636225266362252,1110,8970,/pfs/data6/home/st/st_us-053000/st_st191959/DL-Lab/DataSet/MTMC_Tracking_2025_Preprocessed/val/Warehouse_015/crops/Person_0001/Camera_08/Person_0001_Camera_08_f001110_r011.jpg,None,-1,NOISE,0.0,True,False,0.13356355,-0.049918465,0.13356341,-0.04991768,-0.06264185
51,Person_0001,Warehouse_015__Person_0001,47,47,Camera_09,19,Warehouse_015,Person,1,0.6666666666666666,0,480,/pfs/data6/home/st/st_us-053000/st_st191959/DL-Lab/DataSet/MTMC_Tracking_2025_Preprocessed/val/Warehouse_015/crops/Person_0001/Camera_09/Person_0001_Camera_09_f000000_r003.jpg,None,-1,NOISE,0.0,True,False,0.064873196,-0.13282235,0.064873196,-0.13282175,-0.032708853
438,Person_0001,Warehouse_015__Person_0001,47,47,Camera_10,20,Warehouse_015,Person,1,0.4155251141552511,240,8760,/pfs/data6/home/st/st_us-053000/st_st191959/DL-Lab/DataSet/MTMC_Tracking_2025_Preprocessed/val/Warehouse_015/crops/Person_0001/Camera_10/Person_0001_Camera_10_f000240_r029.jpg,None,114,Warehouse_015__Person_0167,0.5555555555555556,False,True,0.15919682,-0.12502998,0.1591971,-0.12502919,-0.05795264
423,Person_0001,Warehouse_015__Person_0001,47,47,Camera_12,22,Warehouse_015,Person,1,0.6524822695035462,510,8970,/pfs/data6/home/st/st_us-053000/st_st191959/DL-Lab/DataSet/MTMC_Tracking_2025_Preprocessed/val/Warehouse_015/crops/Person_0001/Camera_12/Person_0001_Camera_12_f000510_r027.jpg,None,114,Warehouse_015__Person_0167,0.5555555555555556,False,True,0.121271975,-0.0826471,0.12127194,-0.0826466,0.020048125
222,Person_0002,Warehouse_015__Person_0002,48,48,Camera,0,Warehouse_015,Person,1,0.6666666666666666,60,2610,/pfs/data6/home/st/st_us-053000/st_st191959/DL-Lab/DataSet/MTMC_Tracking_2025_Preprocessed/val/Warehouse_015/crops/Person_0002/Camera/Person_0002_Camera_f000060_r006.jpg,None,-1,NOISE,0.0,True,False,-0.1246045,-0.114447944,-0.12460479,-0.11444811,0.25335097
558,Person_0002,Warehouse_015__Person_0002,48,48,Camera_01,11,Warehouse_015,Person,1,0.6164874551971327,30,8730,/pfs/data6/home/st/st_us-053000/st_st191959/DL-Lab/DataSet/MTMC_Tracking_2025_Preprocessed/val/Warehouse_015/crops/Person_0002/Camera_01/Person_0002_Camera_01_f000030_r008.jpg,None,-1,NOISE,0.0,True,False,0.03606767,0.05112792,0.03606745,0.051128313,0.22807299
120,Person_0002,Warehouse_015__Person_0002,48,48,Camera_02,12,Warehouse_015,Person,1,0.6666666666666666,4680,8970,/pfs/data6/home/st/st_us-053000/st_st191959/DL-Lab/DataSet/MTMC_Tracking_2025_Preprocessed/val/Warehouse_015/crops/Person_0002/Camera_02/Person_0002_Camera_02_f004680_r000.jpg,None,-1,NOISE,0.0,True,False,-0.027954215,-0.06920747,-0.027954446,-0.06920736,0.23432036
363,Person_0002,Warehouse_015__Person_0002,48,48,Camera_03,13,Warehouse_015,Person,1,0.5840220385674931,0,5580,/pfs/data6/home/st/st_us-053000/st_st191959/DL-Lab/DataSet/MTMC_Tracking_2025_Preprocessed/val/Warehouse_015/crops/Person_0002/Camera_03/Person_0002_Camera_03_f000000_r005.jpg,None,-1,NOISE,0.0,True,False,0.030144347,-0.05210545,0.030144373,-0.05210501,0.15663104
18,Person_0002,Warehouse_015__Person_0002,48,48,Camera_04,14,Warehouse_015,Person,1,0.6666666666666666,1800,2160,/pfs/data6/home/st/st_us-053000/st_st191959/DL-Lab/DataSet/MTMC_Tracking_2025_Preprocessed/val/Warehouse_015/crops/Person_0002/Camera_04/Person_0002_Camera_04_f001800_r002.jpg,None,-1,NOISE,0.0,True,False,-0.2048274,-0.032077063,-0.20482783,-0.03207691,0.10624326
336,Person_0002,Warehouse_015__Person_0002,48,48,Camera_05,15,Warehouse_015,Person,1,0.6666666666666666,360,8340,/pfs/data6/home/st/st_us-053000/st_st191959/DL-Lab/DataSet/MTMC_Tracking_2025_Preprocessed/val/Warehouse_015/crops/Person_0002/Camera_05/Person_0002_Camera_05_f000360_r003.jpg,None,-1,NOISE,0.0,True,False,-0.039125502,0.08510779,-0.039125793,0.08510836,0.2417799
57,Person_0002,Warehouse_015__Person_0002,48,48,Camera_06,16,Warehouse_015,Person,1,0.6666666666666666,6960,7530,/pfs/data6/home/st/st_us-053000/st_st191959/DL-Lab/DataSet/MTMC_Tracking_2025_Preprocessed/val/Warehouse_015/crops/Person_0002/Camera_06/Person_0002_Camera_06_f006960_r001.jpg,None,-1,NOISE,0.0,True,False,0.07086793,0.003501744,0.07086797,0.0035022553,0.18403347
192,Person_0002,Warehouse_015__Person_0002,48,48,Camera_07,17,Warehouse_015,Person,1,0.6666666666666666,0,2400,/pfs/data6/home/st/st_us-053000/st_st191959/DL-Lab/DataSet/MTMC_Tracking_2025_Preprocessed/val/Warehouse_015/crops/Person_0002/Camera_07/Person_0002_Camera_07_f000000_r001.jpg,None,-1,NOISE,0.0,True,False,0.099073544,0.059568685,0.09907331,0.05956911,0.16080849
182,Person_0002,Warehouse_015__Person_0002,48,48,Camera_08,18,Warehouse_015,Person,1,0.5934065934065934,3780,8970,/pfs/data6/home/st/st_us-053000/st_st191959/DL-Lab/DataSet/MTMC_Tracking_2025_Preprocessed/val/Warehouse_015/crops/Person_0002/Camera_08/Person_0002_Camera_08_f003780_r006.jpg,None,-1,NOISE,0.0,True,False,0.05442417,-0.04057238,0.05442376,-0.04057299,-0.11053164
99,Person_0002,Warehouse_015__Person_0002,48,48,Camera_09,19,Warehouse_015,Person,1,0.6666666666666666,0,1830,/pfs/data6/home/st/st_us-053000/st_st191959/DL-Lab/DataSet/MTMC_Tracking_2025_Preprocessed/val/Warehouse_015/crops/Person_0002/Camera_09/Person_0002_Camera_09_f000000_r000.jpg,None,-1,NOISE,0.0,True,False,0.11245083,-0.17088425,0.11245096,-0.17088376,0.06278635
742,Person_0002,Warehouse_015__Person_0002,48,48,Camera_10,20,Warehouse_015,Person,1,0.6388140161725068,0,8370,/pfs/data6/home/st/st_us-053000/st_st191959/DL-Lab/DataSet/MTMC_Tracking_2025_Preprocessed/val/Warehouse_015/crops/Person_0002/Camera_10/Person_0002_Camera_10_f000000_r009.jpg,None,-1,NOISE,0.0,True,False,0.10962457,-0.06766113,0.10962471,-0.067660525,0.11086461
98,Person_0002,Warehouse_015__Person_0002,48,48,Camera_11,21,Warehouse_015,Person,1,0.5918367346938775,6360,8040,/pfs/data6/home/st/st_us-053000/st_st191959/DL-Lab/DataSet/MTMC_Tracking_2025_Preprocessed/val/Warehouse_015/crops/Person_0002/Camera_11/Person_0002_Camera_11_f006360_r001.jpg,None,-1,NOISE,0.0,True,False,0.19117509,-0.103910126,0.19117528,-0.10390989,-0.0597597
571,Person_0002,Warehouse_015__Person_0002,48,48,Camera_12,22,Warehouse_015,Person,1,0.6164623467600701,30,8970,/pfs/data6/home/st/st_us-053000/st_st191959/DL-Lab/DataSet/MTMC_Tracking_2025_Preprocessed/val/Warehouse_015/crops/Person_0002/Camera_12/Person_0002_Camera_12_f000030_r010.jpg,None,-1,NOISE,0.0,True,False,0.12089368,-0.14679576,0.12089377,-0.14679533,0.10185862
183,Person_0003,Warehouse_015__Person_0003,49,49,Camera,0,Warehouse_015,Person,1,0.6666666666666666,180,2940,/pfs/data6/home/st/st_us-053000/st_st191959/DL-Lab/DataSet/MTMC_Tracking_2025_Preprocessed/val/Warehouse_015/crops/Person_0003/Camera/Person_0003_Camera_f000180_r009.jpg,None,-1,NOISE,0.0,True,False,0.076731585,-0.23794246,0.07673174,-0.23794195,0.0536366
671,Person_0003,Warehouse_015__Person_0003,49,49,Camera_01,11,Warehouse_015,Person,1,0.5991058122205664,0,8970,/pfs/data6/home/st/st_us-053000/st_st191959/DL-Lab/DataSet/MTMC_Tracking_2025_Preprocessed/val/Warehouse_015/crops/Person_0003/Camera_01/Person_0003_Camera_01_f000000_r016.jpg,None,108,Warehouse_015__Person_0003,1.0,False,False,0.13628773,-0.24564205,0.1362877,-0.24564135,0.033194907
165,Person_0003,Warehouse_015__Person_0003,49,49,Camera_02,12,Warehouse_015,Person,1,0.6666666666666666,4410,6120,/pfs/data6/home/st/st_us-053000/st_st191959/DL-Lab/DataSet/MTMC_Tracking_2025_Preprocessed/val/Warehouse_015/crops/Person_0003/Camera_02/Person_0003_Camera_02_f004410_r002.jpg,None,-1,NOISE,0.0,True,False,0.12687068,-0.26233336,0.12687066,-0.26233298,0.059105396
341,Person_0003,Warehouse_015__Person_0003,49,49,Camera_03,13,Warehouse_015,Person,1,0.6099706744868035,0,3990,/pfs/data6/home/st/st_us-053000/st_st191959/DL-Lab/DataSet/MTMC_Tracking_2025_Preprocessed/val/Warehouse_015/crops/Person_0003/Camera_03/Person_0003_Camera_03_f000000_r011.jpg,None,-1,NOISE,0.0,True,False,0.20119888,-0.19422162,0.20119911,-0.19422084,-0.117146686
24,Person_0003,Warehouse_015__Person_0003,49,49,Camera_04,14,Warehouse_015,Person,1,0.6666666666666666,1620,1830,/pfs/data6/home/st/st_us-053000/st_st191959/DL-Lab/DataSet/MTMC_Tracking_2025_Preprocessed/val/Warehouse_015/crops/Person_0003/Camera_04/Person_0003_Camera_04_f001620_r005.jpg,None,-1,NOISE,0.0,True,False,-0.28525674,-0.2174966,-0.28525683,-0.21749617,0.077825055
400,Person_0003,Warehouse_015__Person_0003,49,49,Camera_05,15,Warehouse_015,Person,1,0.665,3660,8970,/pfs/data6/home/st/st_us-053000/st_st191959/DL-Lab/DataSet/MTMC_Tracking_2025_Preprocessed/val/Warehouse_015/crops/Person_0003/Camera_05/Person_0003_Camera_05_f003660_r010.jpg,None,-1,NOISE,0.0,True,False,0.112160526,-0.26273954,0.112160794,-0.26273853,0.03867891
225,Person_0003,Warehouse_015__Person_0003,49,49,Camera_07,17,Warehouse_015,Person,1,0.6666666666666666,150,2850,/pfs/data6/home/st/st_us-053000/st_st191959/DL-Lab/DataSet/MTMC_Tracking_2025_Preprocessed/val/Warehouse_015/crops/Person_0003/Camera_07/Person_0003_Camera_07_f000150_r005.jpg,None,-1,NOISE,0.0,True,False,0.08044335,-0.27287525,0.08044347,-0.27287483,-0.043193307
29,Person_0003,Warehouse_015__Person_0003,49,49,Camera_08,18,Warehouse_015,Person,1,0.6206896551724138,5340,6030,/pfs/data6/home/st/st_us-053000/st_st191959/DL-Lab/DataSet/MTMC_Tracking_2025_Preprocessed/val/Warehouse_015/crops/Person_0003/Camera_08/Person_0003_Camera_08_f005340_r013.jpg,None,-1,NOISE,0.0,True,False,-0.03652342,-0.06476653,-0.03652332,-0.06476618,0.0059025907
162,Person_0003,Warehouse_015__Person_0003,49,49,Camera_09,19,Warehouse_015,Person,1,0.6666666666666666,0,1590,/pfs/data6/home/st/st_us-053000/st_st191959/DL-Lab/DataSet/MTMC_Tracking_2025_Preprocessed/val/Warehouse_015/crops/Person_0003/Camera_09/Person_0003_Camera_09_f000000_r002.jpg,None,-1,NOISE,0.0,True,False,0.13080359,-0.2709385,0.13080373,-0.27093813,-0.03437629
660,Person_0003,Warehouse_015__Person_0003,49,49,Camera_10,20,Warehouse_015,Person,1,0.6393939393939394,0,8970,/pfs/data6/home/st/st_us-053000/st_st191959/DL-Lab/DataSet/MTMC_Tracking_2025_Preprocessed/val/Warehouse_015/crops/Person_0003/Camera_10/Person_0003_Camera_10_f000000_r020.jpg,None,108,Warehouse_015__Person_0003,1.0,False,False,0.16067448,-0.23851627,0.16067447,-0.23851596,-0.036452353
183,Person_0003,Warehouse_015__Person_0003,49,49,Camera_11,21,Warehouse_015,Person,1,0.6666666666666666,6540,8970,/pfs/data6/home/st/st_us-053000/st_st191959/DL-Lab/DataSet/MTMC_Tracking_2025_Preprocessed/val/Warehouse_015/crops/Person_0003/Camera_11/Person_0003_Camera_11_f006540_r002.jpg,None,-1,NOISE,0.0,True,False,0.22988231,-0.19097358,0.22988231,-0.19097325,-0.19589265
557,Person_0003,Warehouse_015__Person_0003,49,49,Camera_12,22,Warehouse_015,Person,1,0.5637342908438061,180,8970,/pfs/data6/home/st/st_us-053000/st_st191959/DL-Lab/DataSet/MTMC_Tracking_2025_Preprocessed/val/Warehouse_015/crops/Person_0003/Camera_12/Person_0003_Camera_12_f000180_r018.jpg,None,108,Warehouse_015__Person_0003,1.0,False,False,0.2218611,-0.2447698,0.22186135,-0.24476933,-0.07904196
483,Person_0004,Warehouse_015__Person_0004,50,50,Camera,0,Warehouse_015,Person,1,0.6666666666666666,0,4830,/pfs/data6/home/st/st_us-053000/st_st191959/DL-Lab/DataSet/MTMC_Tracking_2025_Preprocessed/val/Warehouse_015/crops/Person_0004/Camera/Person_0004_Camera_f000000_r015.jpg,None,113,Warehouse_015__Person_0004,0.5625,False,False,0.24195254,0.18782482,0.24195224,0.18782523,0.0033350652
484,Person_0004,Warehouse_015__Person_0004,50,50,Camera_01,11,Warehouse_015,Person,1,0.6157024793388429,0,8970,/pfs/data6/home/st/st_us-053000/st_st191959/DL-Lab/DataSet/MTMC_Tracking_2025_Preprocessed/val/Warehouse_015/crops/Person_0004/Camera_01/Person_0004_Camera_01_f000000_r027.jpg,None,113,Warehouse_015__Person_0004,0.5625,False,False,0.23474975,0.14048588,0.23474982,0.14048648,0.034619793
237,Person_0004,Warehouse_015__Person_0004,50,50,Camera_02,12,Warehouse_015,Person,1,0.6666666666666666,6030,8940,/pfs/data6/home/st/st_us-053000/st_st191959/DL-Lab/DataSet/MTMC_Tracking_2025_Preprocessed/val/Warehouse_015/crops/Person_0004/Camera_02/Person_0004_Camera_02_f006030_r006.jpg,None,113,Warehouse_015__Person_0004,0.5625,False,False,0.22753015,0.18972072,0.22752991,0.18972144,0.047968514
376,Person_0004,Warehouse_015__Person_0004,50,50,Camera_03,13,Warehouse_015,Person,1,0.6648936170212766,0,5520,/pfs/data6/home/st/st_us-053000/st_st191959/DL-Lab/DataSet/MTMC_Tracking_2025_Preprocessed/val/Warehouse_015/crops/Person_0004/Camera_03/Person_0004_Camera_03_f000000_r019.jpg,None,113,Warehouse_015__Person_0004,0.5625,False,False,0.26795423,0.09233304,0.26795426,0.092333764,-0.009968157
339,Person_0004,Warehouse_015__Person_0004,50,50,Camera_04,14,Warehouse_015,Person,1,0.6666666666666666,240,3930,/pfs/data6/home/st/st_us-053000/st_st191959/DL-Lab/DataSet/MTMC_Tracking_2025_Preprocessed/val/Warehouse_015/crops/Person_0004/Camera_04/Person_0004_Camera_04_f000240_r008.jpg,None,113,Warehouse_015__Person_0004,0.5625,False,False,0.2078181,0.2760752,0.20781769,0.27607605,0.06874622
224,Person_0004,Warehouse_015__Person_0004,50,50,Camera_05,15,Warehouse_015,Person,1,0.6517857142857143,4860,8970,/pfs/data6/home/st/st_us-053000/st_st191959/DL-Lab/DataSet/MTMC_Tracking_2025_Preprocessed/val/Warehouse_015/crops/Person_0004/Camera_05/Person_0004_Camera_05_f004860_r012.jpg,None,-1,NOISE,0.0,True,False,0.1373722,0.16409864,0.13737194,0.16409895,0.07114798
227,Person_0004,Warehouse_015__Person_0004,50,50,Camera_07,17,Warehouse_015,Person,1,0.6607929515418502,300,5160,/pfs/data6/home/st/st_us-053000/st_st191959/DL-Lab/DataSet/MTMC_Tracking_2025_Preprocessed/val/Warehouse_015/crops/Person_0004/Camera_07/Person_0004_Camera_07_f000300_r007.jpg,None,113,Warehouse_015__Person_0004,0.5625,False,False,0.19683875,0.11326099,0.19683865,0.113261476,0.057413463
298,Person_0004,Warehouse_015__Person_0004,50,50,Camera_08,18,Warehouse_015,Person,1,0.5973154362416108,720,8490,/pfs/data6/home/st/st_us-053000/st_st191959/DL-Lab/DataSet/MTMC_Tracking_2025_Preprocessed/val/Warehouse_015/crops/Person_0004/Camera_08/Person_0004_Camera_08_f000720_r013.jpg,None,113,Warehouse_015__Person_0004,0.5625,False,False,0.25625047,0.15555301,0.25625026,0.15555377,-0.03758156
60,Person_0004,Warehouse_015__Person_0004,50,50,Camera_09,19,Warehouse_015,Person,1,0.6666666666666666,0,4260,/pfs/data6/home/st/st_us-053000/st_st191959/DL-Lab/DataSet/MTMC_Tracking_2025_Preprocessed/val/Warehouse_015/crops/Person_0004/Camera_09/Person_0004_Camera_09_f000000_r005.jpg,None,-1,NOISE,0.0,True,False,0.12746307,0.22367321,0.12746261,0.22367351,0.07377588
449,Person_0004,Warehouse_015__Person_0004,50,50,Camera_10,20,Warehouse_015,Person,1,0.534521158129176,0,8970,/pfs/data6/home/st/st_us-053000/st_st191959/DL-Lab/DataSet/MTMC_Tracking_2025_Preprocessed/val/Warehouse_015/crops/Person_0004/Camera_10/Person_0004_Camera_10_f000000_r034.jpg,None,113,Warehouse_015__Person_0004,0.5625,False,False,0.22596495,0.18415295,0.22596489,0.18415388,0.053705774
455,Person_0004,Warehouse_015__Person_0004,50,50,Camera_12,22,Warehouse_015,Person,1,0.5802197802197803,330,8970,/pfs/data6/home/st/st_us-053000/st_st191959/DL-Lab/DataSet/MTMC_Tracking_2025_Preprocessed/val/Warehouse_015/crops/Person_0004/Camera_12/Person_0004_Camera_12_f000330_r028.jpg,None,113,Warehouse_015__Person_0004,0.5625,False,False,0.27134004,0.15896405,0.27134,0.15896468,0.020140951
238,Person_0005,Warehouse_015__Person_0005,51,51,Camera,0,Warehouse_015,Person,1,0.6638655462184874,120,4650,/pfs/data6/home/st/st_us-053000/st_st191959/DL-Lab/DataSet/MTMC_Tracking_2025_Preprocessed/val/Warehouse_015/crops/Person_0005/Camera/Person_0005_Camera_f000120_r016.jpg,None,16,Warehouse_015__Person_0005,1.0,False,False,-0.03048236,0.09584613,-0.030482516,0.09584613,0.13243511
649,Person_0005,Warehouse_015__Person_0005,51,51,Camera_01,11,Warehouse_015,Person,1,0.5639445300462249,0,8970,/pfs/data6/home/st/st_us-053000/st_st191959/DL-Lab/DataSet/MTMC_Tracking_2025_Preprocessed/val/Warehouse_015/crops/Person_0005/Camera_01/Person_0005_Camera_01_f000000_r028.jpg,None,16,Warehouse_015__Person_0005,1.0,False,False,0.058283348,0.09245024,0.058283433,0.092450194,0.044542804
755,Person_0005,Warehouse_015__Person_0005,51,51,Camera_03,13,Warehouse_015,Person,1,0.633112582781457,0,8970,/pfs/data6/home/st/st_us-053000/st_st191959/DL-Lab/DataSet/MTMC_Tracking_2025_Preprocessed/val/Warehouse_015/crops/Person_0005/Camera_03/Person_0005_Camera_03_f000000_r020.jpg,None,16,Warehouse_015__Person_0005,1.0,False,False,0.048216093,0.08325958,0.048216224,0.083259776,0.07722241
33,Person_0005,Warehouse_015__Person_0005,51,51,Camera_04,14,Warehouse_015,Person,1,0.6666666666666666,2640,3030,/pfs/data6/home/st/st_us-053000/st_st191959/DL-Lab/DataSet/MTMC_Tracking_2025_Preprocessed/val/Warehouse_015/crops/Person_0005/Camera_04/Person_0005_Camera_04_f002640_r009.jpg,None,16,Warehouse_015__Person_0005,1.0,False,False,0.013494043,0.011619177,0.013494005,0.011619217,0.09435021
321,Person_0005,Warehouse_015__Person_0005,51,51,Camera_05,15,Warehouse_015,Person,1,0.6355140186915887,330,7200,/pfs/data6/home/st/st_us-053000/st_st191959/DL-Lab/DataSet/MTMC_Tracking_2025_Preprocessed/val/Warehouse_015/crops/Person_0005/Camera_05/Person_0005_Camera_05_f000330_r017.jpg,None,16,Warehouse_015__Person_0005,1.0,False,False,0.036304608,0.08477762,0.036304716,0.08477753,0.0580063
24,Person_0005,Warehouse_015__Person_0005,51,51,Camera_06,16,Warehouse_015,Person,1,0.6666666666666666,6240,6450,/pfs/data6/home/st/st_us-053000/st_st191959/DL-Lab/DataSet/MTMC_Tracking_2025_Preprocessed/val/Warehouse_015/crops/Person_0005/Camera_06/Person_0005_Camera_06_f006240_r001.jpg,None,-1,NOISE,0.0,True,False,-0.37621868,0.04357128,-0.37621874,0.04357223,-0.13060296
435,Person_0005,Warehouse_015__Person_0005,51,51,Camera_07,17,Warehouse_015,Person,1,0.6666666666666666,0,5040,/pfs/data6/home/st/st_us-053000/st_st191959/DL-Lab/DataSet/MTMC_Tracking_2025_Preprocessed/val/Warehouse_015/crops/Person_0005/Camera_07/Person_0005_Camera_07_f000000_r009.jpg,None,16,Warehouse_015__Person_0005,1.0,False,False,-0.035355948,0.055664673,-0.03535605,0.055664405,0.12702805
18,Person_0005,Warehouse_015__Person_0005,51,51,Camera_08,18,Warehouse_015,Person,1,0.6666666666666666,8010,8220,/pfs/data6/home/st/st_us-053000/st_st191959/DL-Lab/DataSet/MTMC_Tracking_2025_Preprocessed/val/Warehouse_015/crops/Person_0005/Camera_08/Person_0005_Camera_08_f008010_r013.jpg,None,-1,NOISE,0.0,True,False,-0.13513874,0.14176364,-0.13513929,0.14176306,-0.012764717
186,Person_0005,Warehouse_015__Person_0005,51,51,Camera_09,19,Warehouse_015,Person,1,0.6666666666666666,0,4620,/pfs/data6/home/st/st_us-053000/st_st191959/DL-Lab/DataSet/MTMC_Tracking_2025_Preprocessed/val/Warehouse_015/crops/Person_0005/Camera_09/Person_0005_Camera_09_f000000_r006.jpg,None,16,Warehouse_015__Person_0005,1.0,False,False,-0.051845193,0.044915672,-0.05184531,0.04491558,0.17466764
620,Person_0005,Warehouse_015__Person_0005,51,51,Camera_10,20,Warehouse_015,Person,1,0.6193548387096774,60,8970,/pfs/data6/home/st/st_us-053000/st_st191959/DL-Lab/DataSet/MTMC_Tracking_2025_Preprocessed/val/Warehouse_015/crops/Person_0005/Camera_10/Person_0005_Camera_10_f000060_r034.jpg,None,16,Warehouse_015__Person_0005,1.0,False,False,0.09685372,0.09801319,0.096853726,0.09801326,0.047831997
640,Person_0005,Warehouse_015__Person_0005,51,51,Camera_12,22,Warehouse_015,Person,1,0.665625,120,8970,/pfs/data6/home/st/st_us-053000/st_st191959/DL-Lab/DataSet/MTMC_Tracking_2025_Preprocessed/val/Warehouse_015/crops/Person_0005/Camera_12/Person_0005_Camera_12_f000120_r028.jpg,None,16,Warehouse_015__Person_0005,1.0,False,False,-0.032175474,0.09732273,-0.032175537,0.097322814,0.10312409
96,Person_0006,Warehouse_015__Person_0006,52,52,Camera,0,Warehouse_015,Person,1,0.6666666666666666,0,6450,/pfs/data6/home/st/st_us-053000/st_st191959/DL-Lab/DataSet/MTMC_Tracking_2025_Preprocessed/val/Warehouse_015/crops/Person_0006/Camera/Person_0006_Camera_f000000_r008.jpg,None,77,Warehouse_015__Person_0006,0.6153846153846154,False,False,0.0063638384,0.23989595,0.0063633095,0.23989516,-0.23165488
686,Person_0006,Warehouse_015__Person_0006,52,52,Camera_01,11,Warehouse_015,Person,1,0.6588921282798834,0,8970,/pfs/data6/home/st/st_us-053000/st_st191959/DL-Lab/DataSet/MTMC_Tracking_2025_Preprocessed/val/Warehouse_015/crops/Person_0006/Camera_01/Person_0006_Camera_01_f000000_r011.jpg,None,77,Warehouse_015__Person_0006,0.6153846153846154,False,False,0.10169745,0.09420914,0.10169721,0.09420842,-0.2597043
38,Person_0006,Warehouse_015__Person_0006,52,52,Camera_02,12,Warehouse_015,Person,1,0.631578947368421,7050,7470,/pfs/data6/home/st/st_us-053000/st_st191959/DL-Lab/DataSet/MTMC_Tracking_2025_Preprocessed/val/Warehouse_015/crops/Person_0006/Camera_02/Person_0006_Camera_02_f007050_r002.jpg,None,-1,NOISE,0.0,True,False,0.15099825,-0.18403699,0.15099815,-0.18403679,-0.29945725
435,Person_0006,Warehouse_015__Person_0006,52,52,Camera_03,13,Warehouse_015,Person,1,0.6666666666666666,0,8970,/pfs/data6/home/st/st_us-053000/st_st191959/DL-Lab/DataSet/MTMC_Tracking_2025_Preprocessed/val/Warehouse_015/crops/Person_0006/Camera_03/Person_0006_Camera_03_f000000_r009.jpg,None,77,Warehouse_015__Person_0006,0.6153846153846154,False,False,0.06570494,0.05627576,0.06570498,0.05627536,-0.2055589
711,Person_0006,Warehouse_015__Person_0006,52,52,Camera_05,15,Warehouse_015,Person,1,0.6666666666666666,600,8970,/pfs/data6/home/st/st_us-053000/st_st191959/DL-Lab/DataSet/MTMC_Tracking_2025_Preprocessed/val/Warehouse_015/crops/Person_0006/Camera_05/Person_0006_Camera_05_f000600_r007.jpg,None,77,Warehouse_015__Person_0006,0.6153846153846154,False,False,0.10820714,0.09406801,0.108206995,0.09406739,-0.21346168
387,Person_0006,Warehouse_015__Person_0006,52,52,Camera_06,16,Warehouse_015,Person,1,0.6666666666666666,2310,6930,/pfs/data6/home/st/st_us-053000/st_st191959/DL-Lab/DataSet/MTMC_Tracking_2025_Preprocessed/val/Warehouse_015/crops/Person_0006/Camera_06/Person_0006_Camera_06_f002310_r003.jpg,None,77,Warehouse_015__Person_0006,0.6153846153846154,False,False,0.027350938,0.1604124,0.02735071,0.16041154,-0.22611119
174,Person_0006,Warehouse_015__Person_0006,52,52,Camera_07,17,Warehouse_015,Person,1,0.6666666666666666,0,6480,/pfs/data6/home/st/st_us-053000/st_st191959/DL-Lab/DataSet/MTMC_Tracking_2025_Preprocessed/val/Warehouse_015/crops/Person_0006/Camera_07/Person_0006_Camera_07_f000000_r003.jpg,None,77,Warehouse_015__Person_0006,0.6153846153846154,False,False,-0.00029139293,0.12611249,-0.00029156628,0.12611198,-0.1799176
6,Person_0006,Warehouse_015__Person_0006,52,52,Camera_09,19,Warehouse_015,Person,1,0.6666666666666666,0,30,/pfs/data6/home/st/st_us-053000/st_st191959/DL-Lab/DataSet/MTMC_Tracking_2025_Preprocessed/val/Warehouse_015/crops/Person_0006/Camera_09/Person_0006_Camera_09_f000000_r001.jpg,None,-1,NOISE,0.0,True,False,-0.26964414,0.08452266,-0.26964438,0.084522374,-0.14471215
864,Person_0006,Warehouse_015__Person_0006,52,52,Camera_10,20,Warehouse_015,Person,1,0.6620370370370371,0,8970,/pfs/data6/home/st/st_us-053000/st_st191959/DL-Lab/DataSet/MTMC_Tracking_2025_Preprocessed/val/Warehouse_015/crops/Person_0006/Camera_10/Person_0006_Camera_10_f000000_r015.jpg,None,77,Warehouse_015__Person_0006,0.6153846153846154,False,False,0.014837594,0.203818,0.014837123,0.20381731,-0.2203783
327,Person_0006,Warehouse_015__Person_0006,52,52,Camera_11,21,Warehouse_015,Person,1,0.6666666666666666,2340,7050,/pfs/data6/home/st/st_us-053000/st_st191959/DL-Lab/DataSet/MTMC_Tracking_2025_Preprocessed/val/Warehouse_015/crops/Person_0006/Camera_11/Person_0006_Camera_11_f002340_r004.jpg,None,61,Warehouse_015__Person_0232,0.8,False,True,0.14061873,0.1981918,0.14061841,0.1981914,-0.23895787
588,Person_0006,Warehouse_015__Person_0006,52,52,Camera_12,22,Warehouse_015,Person,1,0.6394557823129252,0,8970,/pfs/data6/home/st/st_us-053000/st_st191959/DL-Lab/DataSet/MTMC_Tracking_2025_Preprocessed/val/Warehouse_015/crops/Person_0006/Camera_12/Person_0006_Camera_12_f000000_r014.jpg,None,77,Warehouse_015__Person_0006,0.6153846153846154,False,False,0.118710384,0.1916555,0.118709974,0.19165519,-0.22482364
218,Person_0008,Warehouse_015__Person_0008,53,53,Camera,0,Warehouse_015,Person,1,0.6605504587155964,1590,5190,/pfs/data6/home/st/st_us-053000/st_st191959/DL-Lab/DataSet/MTMC_Tracking_2025_Preprocessed/val/Warehouse_015/crops/Person_0008/Camera/Person_0008_Camera_f001590_r017.jpg,None,-1,NOISE,0.0,True,False,-0.35179976,-0.14757982,-0.35179994,-0.14757884,0.0361941
404,Person_0008,Warehouse_015__Person_0008,53,53,Camera_01,11,Warehouse_015,Person,1,0.5693069306930693,0,8670,/pfs/data6/home/st/st_us-053000/st_st191959/DL-Lab/DataSet/MTMC_Tracking_2025_Preprocessed/val/Warehouse_015/crops/Person_0008/Camera_01/Person_0008_Camera_01_f000000_r037.jpg,None,-1,NOISE,0.0,True,False,0.046492886,-0.09883091,0.04649323,-0.09883128,0.17616259
165,Person_0008,Warehouse_015__Person_0008,53,53,Camera_02,12,Warehouse_015,Person,1,0.6545454545454545,5850,8550,/pfs/data6/home/st/st_us-053000/st_st191959/DL-Lab/DataSet/MTMC_Tracking_2025_Preprocessed/val/Warehouse_015/crops/Person_0008/Camera_02/Person_0008_Camera_02_f005850_r008.jpg,None,-1,NOISE,0.0,True,False,0.17411141,-0.07451563,0.17411134,-0.0745156,-0.046149638
300,Person_0008,Warehouse_015__Person_0008,53,53,Camera_03,13,Warehouse_015,Person,1,0.47333333333333333,390,6060,/pfs/data6/home/st/st_us-053000/st_st191959/DL-Lab/DataSet/MTMC_Tracking_2025_Preprocessed/val/Warehouse_015/crops/Person_0008/Camera_03/Person_0008_Camera_03_f000390_r033.jpg,None,105,Warehouse_015__Person_0008,0.75,False,False,0.18745637,-0.09160059,0.18745656,-0.09160046,0.034106083
370,Person_0008,Warehouse_015__Person_0008,53,53,Camera_05,15,Warehouse_015,Person,1,0.5513513513513514,0,8970,/pfs/data6/home/st/st_us-053000/st_st191959/DL-Lab/DataSet/MTMC_Tracking_2025_Preprocessed/val/Warehouse_015/crops/Person_0008/Camera_05/Person_0008_Camera_05_f000000_r020.jpg,None,105,Warehouse_015__Person_0008,0.75,False,False,0.084948346,-0.05008478,0.08494871,-0.05008481,0.10068646
75,Person_0008,Warehouse_015__Person_0008,53,53,Camera_06,16,Warehouse_015,Person,1,0.64,0,8970,/pfs/data6/home/st/st_us-053000/st_st191959/DL-Lab/DataSet/MTMC_Tracking_2025_Preprocessed/val/Warehouse_015/crops/Person_0008/Camera_06/Person_0008_Camera_06_f000000_r009.jpg,None,-1,NOISE,0.0,True,False,-0.07029713,-0.13464254,-0.07029722,-0.13464296,0.23127592
414,Person_0008,Warehouse_015__Person_0008,53,53,Camera_07,17,Warehouse_015,Person,1,0.6666666666666666,480,5220,/pfs/data6/home/st/st_us-053000/st_st191959/DL-Lab/DataSet/MTMC_Tracking_2025_Preprocessed/val/Warehouse_015/crops/Person_0008/Camera_07/Person_0008_Camera_07_f000480_r013.jpg,None,-1,NOISE,0.0,True,False,0.042542096,-0.22733806,0.042542353,-0.2273383,0.2044035
35,Person_0008,Warehouse_015__Person_0008,53,53,Camera_08,18,Warehouse_015,Person,1,0.5714285714285714,5850,6540,/pfs/data6/home/st/st_us-053000/st_st191959/DL-Lab/DataSet/MTMC_Tracking_2025_Preprocessed/val/Warehouse_015/crops/Person_0008/Camera_08/Person_0008_Camera_08_f005850_r021.jpg,None,-1,NOISE,0.0,True,False,-0.036940005,0.09813843,-0.036940638,0.098137535,-0.2136806
238,Person_0008,Warehouse_015__Person_0008,53,53,Camera_09,19,Warehouse_015,Person,1,0.6554621848739496,2670,5100,/pfs/data6/home/st/st_us-053000/st_st191959/DL-Lab/DataSet/MTMC_Tracking_2025_Preprocessed/val/Warehouse_015/crops/Person_0008/Camera_09/Person_0008_Camera_09_f002670_r002.jpg,None,-1,NOISE,0.0,True,False,-0.32399562,-0.11392542,-0.32399547,-0.11392452,0.025899576
557,Person_0008,Warehouse_015__Person_0008,53,53,Camera_10,20,Warehouse_015,Person,1,0.599640933572711,0,8970,/pfs/data6/home/st/st_us-053000/st_st191959/DL-Lab/DataSet/MTMC_Tracking_2025_Preprocessed/val/Warehouse_015/crops/Person_0008/Camera_10/Person_0008_Camera_10_f000000_r045.jpg,None,-1,NOISE,0.0,True,False,-0.016423304,-0.1105206,-0.016423337,-0.110520996,0.20238853
124,Person_0008,Warehouse_015__Person_0008,53,53,Camera_11,21,Warehouse_015,Person,1,0.6612903225806451,0,8970,/pfs/data6/home/st/st_us-053000/st_st191959/DL-Lab/DataSet/MTMC_Tracking_2025_Preprocessed/val/Warehouse_015/crops/Person_0008/Camera_11/Person_0008_Camera_11_f000000_r010.jpg,None,105,Warehouse_015__Person_0008,0.75,False,False,0.17239885,-0.1391936,0.172399,-0.13919394,0.0051907375
488,Person_0008,Warehouse_015__Person_0008,53,53,Camera_12,22,Warehouse_015,Person,1,0.6024590163934426,1530,8880,/pfs/data6/home/st/st_us-053000/st_st191959/DL-Lab/DataSet/MTMC_Tracking_2025_Preprocessed/val/Warehouse_015/crops/Person_0008/Camera_12/Person_0008_Camera_12_f001530_r038.jpg,None,-1,NOISE,0.0,True,False,-0.12181508,-0.15311895,-0.121815085,-0.15311912,0.24774964
452,Person_0009,Warehouse_015__Person_0009,54,54,Camera,0,Warehouse_015,Person,1,0.6504424778761062,3900,8970,/pfs/data6/home/st/st_us-053000/st_st191959/DL-Lab/DataSet/MTMC_Tracking_2025_Preprocessed/val/Warehouse_015/crops/Person_0009/Camera/Person_0009_Camera_f003900_r008.jpg,None,117,Warehouse_015__Person_0009,0.4444444444444444,False,False,0.22287261,-0.04431787,0.22287276,-0.04431733,0.08512099
361,Person_0009,Warehouse_015__Person_0009,54,54,Camera_01,11,Warehouse_015,Person,1,0.6426592797783933,90,8940,/pfs/data6/home/st/st_us-053000/st_st191959/DL-Lab/DataSet/MTMC_Tracking_2025_Preprocessed/val/Warehouse_015/crops/Person_0009/Camera_01/Person_0009_Camera_01_f000090_r009.jpg,None,-1,NOISE,0.0,True,False,-0.009238836,-0.04141492,-0.0092386035,-0.041414797,0.22309569
283,Person_0009,Warehouse_015__Person_0009,54,54,Camera_02,12,Warehouse_015,Person,1,0.6643109540636042,660,3600,/pfs/data6/home/st/st_us-053000/st_st191959/DL-Lab/DataSet/MTMC_Tracking_2025_Preprocessed/val/Warehouse_015/crops/Person_0009/Camera_02/Person_0009_Camera_02_f000660_r003.jpg,None,-1,NOISE,0.0,True,False,0.18641515,-0.1291444,0.18641528,-0.12914425,-0.0043380177
142,Person_0009,Warehouse_015__Person_0009,54,54,Camera_03,13,Warehouse_015,Person,1,0.6197183098591549,3330,8970,/pfs/data6/home/st/st_us-053000/st_st191959/DL-Lab/DataSet/MTMC_Tracking_2025_Preprocessed/val/Warehouse_015/crops/Person_0009/Camera_03/Person_0009_Camera_03_f003330_r007.jpg,None,118,Warehouse_015__Person_0177,0.5,False,True,0.055494837,-0.061158635,0.055495065,-0.06115849,0.19702129
466,Person_0009,Warehouse_015__Person_0009,54,54,Camera_04,14,Warehouse_015,Person,1,0.6652360515021459,3870,8970,/pfs/data6/home/st/st_us-053000/st_st191959/DL-Lab/DataSet/MTMC_Tracking_2025_Preprocessed/val/Warehouse_015/crops/Person_0009/Camera_04/Person_0009_Camera_04_f003870_r004.jpg,None,117,Warehouse_015__Person_0009,0.4444444444444444,False,False,0.20244113,-0.018209,0.20244119,-0.018208556,0.12845242
168,Person_0009,Warehouse_015__Person_0009,54,54,Camera_05,15,Warehouse_015,Person,1,0.6666666666666666,0,2700,/pfs/data6/home/st/st_us-053000/st_st191959/DL-Lab/DataSet/MTMC_Tracking_2025_Preprocessed/val/Warehouse_015/crops/Person_0009/Camera_05/Person_0009_Camera_05_f000000_r004.jpg,None,-1,NOISE,0.0,True,False,-0.33272165,-0.054707788,-0.33272144,-0.054706696,-0.02896727
42,Person_0009,Warehouse_015__Person_0009,54,54,Camera_06,16,Warehouse_015,Person,1,0.6666666666666666,0,390,/pfs/data6/home/st/st_us-053000/st_st191959/DL-Lab/DataSet/MTMC_Tracking_2025_Preprocessed/val/Warehouse_015/crops/Person_0009/Camera_06/Person_0009_Camera_06_f000000_r002.jpg,None,-1,NOISE,0.0,True,False,0.017104296,-0.07673734,0.017104605,-0.076737255,0.20269096
599,Person_0009,Warehouse_015__Person_0009,54,54,Camera_08,18,Warehouse_015,Person,1,0.654424040066778,1560,8970,/pfs/data6/home/st/st_us-053000/st_st191959/DL-Lab/DataSet/MTMC_Tracking_2025_Preprocessed/val/Warehouse_015/crops/Person_0009/Camera_08/Person_0009_Camera_08_f001560_r006.jpg,None,-1,NOISE,0.0,True,False,0.06428915,-0.023527842,0.06428919,-0.02352754,0.23738985
342,Person_0009,Warehouse_015__Person_0009,54,54,Camera_10,20,Warehouse_015,Person,1,0.4269005847953216,0,8970,/pfs/data6/home/st/st_us-053000/st_st191959/DL-Lab/DataSet/MTMC_Tracking_2025_Preprocessed/val/Warehouse_015/crops/Person_0009/Camera_10/Person_0009_Camera_10_f000000_r010.jpg,None,117,Warehouse_015__Person_0009,0.4444444444444444,False,False,0.17694698,-0.017979823,0.17694716,-0.017979395,0.06317746
39,Person_0009,Warehouse_015__Person_0009,54,54,Camera_11,21,Warehouse_015,Person,1,0.6666666666666666,0,360,/pfs/data6/home/st/st_us-053000/st_st191959/DL-Lab/DataSet/MTMC_Tracking_2025_Preprocessed/val/Warehouse_015/crops/Person_0009/Camera_11/Person_0009_Camera_11_f000000_r002.jpg,None,-1,NOISE,0.0,True,False,0.20537776,-0.12704845,0.20537814,-0.1270482,-0.02559365
375,Person_0009,Warehouse_015__Person_0009,54,54,Camera_12,22,Warehouse_015,Person,1,0.576,360,8580,/pfs/data6/home/st/st_us-053000/st_st191959/DL-Lab/DataSet/MTMC_Tracking_2025_Preprocessed/val/Warehouse_015/crops/Person_0009/Camera_12/Person_0009_Camera_12_f000360_r010.jpg,None,117,Warehouse_015__Person_0009,0.4444444444444444,False,False,0.22982605,-0.06797375,0.22982629,-0.06797313,0.0195148
424,Person_0010,Warehouse_015__Person_0010,55,55,Camera_01,11,Warehouse_015,Person,1,0.6415094339622641,270,8940,/pfs/data6/home/st/st_us-053000/st_st191959/DL-Lab/DataSet/MTMC_Tracking_2025_Preprocessed/val/Warehouse_015/crops/Person_0010/Camera_01/Person_0010_Camera_01_f000270_r022.jpg,None,79,Warehouse_015__Person_0010,1.0,False,False,0.14717133,-0.20163555,0.14717142,-0.20163497,-0.1267625
219,Person_0010,Warehouse_015__Person_0010,55,55,Camera_02,12,Warehouse_015,Person,1,0.6666666666666666,480,8100,/pfs/data6/home/st/st_us-053000/st_st191959/DL-Lab/DataSet/MTMC_Tracking_2025_Preprocessed/val/Warehouse_015/crops/Person_0010/Camera_02/Person_0010_Camera_02_f000480_r005.jpg,None,-1,NOISE,0.0,True,False,-0.10926566,-0.20665246,-0.109265715,-0.20665215,-0.005765353
344,Person_0010,Warehouse_015__Person_0010,55,55,Camera_03,13,Warehouse_015,Person,1,0.6627906976744186,3330,8940,/pfs/data6/home/st/st_us-053000/st_st191959/DL-Lab/DataSet/MTMC_Tracking_2025_Preprocessed/val/Warehouse_015/crops/Person_0010/Camera_03/Person_0010_Camera_03_f003330_r014.jpg,None,-1,NOISE,0.0,True,False,-0.09114632,-0.1478006,-0.091146424,-0.14780043,0.020983843
352,Person_0010,Warehouse_015__Person_0010,55,55,Camera_05,15,Warehouse_015,Person,1,0.6306818181818182,0,8970,/pfs/data6/home/st/st_us-053000/st_st191959/DL-Lab/DataSet/MTMC_Tracking_2025_Preprocessed/val/Warehouse_015/crops/Person_0010/Camera_05/Person_0010_Camera_05_f000000_r010.jpg,None,79,Warehouse_015__Person_0010,1.0,False,False,0.068330966,-0.20543306,0.06833113,-0.20543261,-0.095514275
234,Person_0010,Warehouse_015__Person_0010,55,55,Camera_06,16,Warehouse_015,Person,1,0.6666666666666666,0,3000,/pfs/data6/home/st/st_us-053000/st_st191959/DL-Lab/DataSet/MTMC_Tracking_2025_Preprocessed/val/Warehouse_015/crops/Person_0010/Camera_06/Person_0010_Camera_06_f000000_r004.jpg,None,79,Warehouse_015__Person_0010,1.0,False,False,0.058383666,-0.19068907,0.05838378,-0.19068886,-0.10048956
138,Person_0010,Warehouse_015__Person_0010,55,55,Camera_08,18,Warehouse_015,Person,1,0.6086956521739131,4770,7890,/pfs/data6/home/st/st_us-053000/st_st191959/DL-Lab/DataSet/MTMC_Tracking_2025_Preprocessed/val/Warehouse_015/crops/Person_0010/Camera_08/Person_0010_Camera_08_f004770_r012.jpg,None,-1,NOISE,0.0,True,False,-0.1405904,-0.24929515,-0.1405904,-0.24929528,-0.03613676
637,Person_0010,Warehouse_015__Person_0010,55,55,Camera_10,20,Warehouse_015,Person,1,0.6185243328100472,150,8940,/pfs/data6/home/st/st_us-053000/st_st191959/DL-Lab/DataSet/MTMC_Tracking_2025_Preprocessed/val/Warehouse_015/crops/Person_0010/Camera_10/Person_0010_Camera_10_f000150_r021.jpg,None,79,Warehouse_015__Person_0010,1.0,False,False,0.09097266,-0.19121762,0.090972796,-0.19121724,-0.0921714
273,Person_0010,Warehouse_015__Person_0010,55,55,Camera_11,21,Warehouse_015,Person,1,0.6666666666666666,0,2790,/pfs/data6/home/st/st_us-053000/st_st191959/DL-Lab/DataSet/MTMC_Tracking_2025_Preprocessed/val/Warehouse_015/crops/Person_0010/Camera_11/Person_0010_Camera_11_f000000_r004.jpg,None,79,Warehouse_015__Person_0010,1.0,False,False,0.11164683,-0.2014197,0.111646794,-0.20141956,-0.11133285
446,Person_0010,Warehouse_015__Person_0010,55,55,Camera_12,22,Warehouse_015,Person,1,0.5022421524663677,210,8970,/pfs/data6/home/st/st_us-053000/st_st191959/DL-Lab/DataSet/MTMC_Tracking_2025_Preprocessed/val/Warehouse_015/crops/Person_0010/Camera_12/Person_0010_Camera_12_f000210_r021.jpg,None,79,Warehouse_015__Person_0010,1.0,False,False,0.13612789,-0.19894527,0.13612804,-0.19894496,-0.11844753
217,Person_0011,Warehouse_015__Person_0011,56,56,Camera,0,Warehouse_015,Person,1,0.663594470046083,6360,8790,/pfs/data6/home/st/st_us-053000/st_st191959/DL-Lab/DataSet/MTMC_Tracking_2025_Preprocessed/val/Warehouse_015/crops/Person_0011/Camera/Person_0011_Camera_f006360_r015.jpg,None,-1,NOISE,0.0,True,False,0.08993469,-0.21625216,0.0899346,-0.21625207,0.16697946
602,Person_0011,Warehouse_015__Person_0011,56,56,Camera_01,11,Warehouse_015,Person,1,0.6312292358803987,0,8970,/pfs/data6/home/st/st_us-053000/st_st191959/DL-Lab/DataSet/MTMC_Tracking_2025_Preprocessed/val/Warehouse_015/crops/Person_0011/Camera_01/Person_0011_Camera_01_f000000_r019.jpg,None,106,Warehouse_015__Person_0173,0.5,False,True,0.09978728,-0.2032387,0.099787645,-0.20323871,0.10810684
156,Person_0011,Warehouse_015__Person_0011,56,56,Camera_02,12,Warehouse_015,Person,1,0.6666666666666666,1470,4890,/pfs/data6/home/st/st_us-053000/st_st191959/DL-Lab/DataSet/MTMC_Tracking_2025_Preprocessed/val/Warehouse_015/crops/Person_0011/Camera_02/Person_0011_Camera_02_f001470_r008.jpg,None,-1,NOISE,0.0,True,False,0.17996053,-0.18591622,0.17996077,-0.18591623,0.12237318
305,Person_0011,Warehouse_015__Person_0011,56,56,Camera_03,13,Warehouse_015,Person,1,0.6491803278688525,5790,8970,/pfs/data6/home/st/st_us-053000/st_st191959/DL-Lab/DataSet/MTMC_Tracking_2025_Preprocessed/val/Warehouse_015/crops/Person_0011/Camera_03/Person_0011_Camera_03_f005790_r017.jpg,None,106,Warehouse_015__Person_0173,0.5,False,True,0.09606065,-0.19494589,0.09606102,-0.19494593,0.15634304
463,Person_0011,Warehouse_015__Person_0011,56,56,Camera_05,15,Warehouse_015,Person,1,0.6652267818574514,0,6360,/pfs/data6/home/st/st_us-053000/st_st191959/DL-Lab/DataSet/MTMC_Tracking_2025_Preprocessed/val/Warehouse_015/crops/Person_0011/Camera_05/Person_0011_Camera_05_f000000_r011.jpg,None,106,Warehouse_015__Person_0173,0.5,False,True,0.108243085,-0.16027482,0.108243234,-0.16027483,0.14675803
194,Person_0011,Warehouse_015__Person_0011,56,56,Camera_06,16,Warehouse_015,Person,1,0.6597938144329897,0,5040,/pfs/data6/home/st/st_us-053000/st_st191959/DL-Lab/DataSet/MTMC_Tracking_2025_Preprocessed/val/Warehouse_015/crops/Person_0011/Camera_06/Person_0011_Camera_06_f000000_r005.jpg,None,-1,NOISE,0.0,True,False,-0.030260937,-0.22766836,-0.030260772,-0.22766843,0.19899969
174,Person_0011,Warehouse_015__Person_0011,56,56,Camera_07,17,Warehouse_015,Person,1,0.6666666666666666,6060,8460,/pfs/data6/home/st/st_us-053000/st_st191959/DL-Lab/DataSet/MTMC_Tracking_2025_Preprocessed/val/Warehouse_015/crops/Person_0011/Camera_07/Person_0011_Camera_07_f006060_r007.jpg,None,-1,NOISE,0.0,True,False,0.0043101287,-0.18394029,0.004310561,-0.18394049,0.17240629
39,Person_0011,Warehouse_015__Person_0011,56,56,Camera_08,18,Warehouse_015,Person,1,0.6666666666666666,1920,2310,/pfs/data6/home/st/st_us-053000/st_st191959/DL-Lab/DataSet/MTMC_Tracking_2025_Preprocessed/val/Warehouse_015/crops/Person_0011/Camera_08/Person_0011_Camera_08_f001920_r009.jpg,None,-1,NOISE,0.0,True,False,-0.2610686,-0.16812065,-0.26106846,-0.16812105,0.19516823
647,Person_0011,Warehouse_015__Person_0011,56,56,Camera_10,20,Warehouse_015,Person,1,0.6491499227202473,0,8970,/pfs/data6/home/st/st_us-053000/st_st191959/DL-Lab/DataSet/MTMC_Tracking_2025_Preprocessed/val/Warehouse_015/crops/Person_0011/Camera_10/Person_0011_Camera_10_f000000_r025.jpg,None,-1,NOISE,0.0,True,False,0.13600868,-0.17865133,0.13600878,-0.17865118,0.17388022
425,Person_0011,Warehouse_015__Person_0011,56,56,Camera_11,21,Warehouse_015,Person,1,0.6635294117647059,0,5430,/pfs/data6/home/st/st_us-053000/st_st191959/DL-Lab/DataSet/MTMC_Tracking_2025_Preprocessed/val/Warehouse_015/crops/Person_0011/Camera_11/Person_0011_Camera_11_f000000_r005.jpg,None,106,Warehouse_015__Person_0173,0.5,False,True,0.12685907,-0.1583156,0.12685922,-0.15831573,0.1594099
750,Person_0011,Warehouse_015__Person_0011,56,56,Camera_12,22,Warehouse_015,Person,1,0.64,0,8970,/pfs/data6/home/st/st_us-053000/st_st191959/DL-Lab/DataSet/MTMC_Tracking_2025_Preprocessed/val/Warehouse_015/crops/Person_0011/Camera_12/Person_0011_Camera_12_f000000_r021.jpg,None,-1,NOISE,0.0,True,False,0.0874335,-0.19588356,0.08743367,-0.19588359,0.18668011
535,Person_0012,Warehouse_015__Person_0012,57,57,Camera_01,11,Warehouse_015,Person,1,0.6542056074766355,330,8970,/pfs/data6/home/st/st_us-053000/st_st191959/DL-Lab/DataSet/MTMC_Tracking_2025_Preprocessed/val/Warehouse_015/crops/Person_0012/Camera_01/Person_0012_Camera_01_f000330_r034.jpg,None,109,Warehouse_015__Person_0012,0.6,False,False,0.15012051,0.20772982,0.15012015,0.20772994,0.025145387
408,Person_0012,Warehouse_015__Person_0012,57,57,Camera_02,12,Warehouse_015,Person,1,0.6519607843137255,3420,8970,/pfs/data6/home/st/st_us-053000/st_st191959/DL-Lab/DataSet/MTMC_Tracking_2025_Preprocessed/val/Warehouse_015/crops/Person_0012/Camera_02/Person_0012_Camera_02_f003420_r005.jpg,None,109,Warehouse_015__Person_0012,0.6,False,False,0.26059523,0.15895632,0.2605951,0.15895656,-0.07299891
91,Person_0012,Warehouse_015__Person_0012,57,57,Camera_03,13,Warehouse_015,Person,1,0.6593406593406593,1320,2220,/pfs/data6/home/st/st_us-053000/st_st191959/DL-Lab/DataSet/MTMC_Tracking_2025_Preprocessed/val/Warehouse_015/crops/Person_0012/Camera_03/Person_0012_Camera_03_f001320_r023.jpg,None,-1,NOISE,0.0,True,False,0.1813565,0.20864572,0.18135637,0.20864622,-0.04309516
569,Person_0012,Warehouse_015__Person_0012,57,57,Camera_05,15,Warehouse_015,Person,1,0.6537785588752196,270,8910,/pfs/data6/home/st/st_us-053000/st_st191959/DL-Lab/DataSet/MTMC_Tracking_2025_Preprocessed/val/Warehouse_015/crops/Person_0012/Camera_05/Person_0012_Camera_05_f000270_r015.jpg,None,109,Warehouse_015__Person_0012,0.6,False,False,0.14308356,0.22282474,0.14308323,0.22282462,-0.0005622583
229,Person_0012,Warehouse_015__Person_0012,57,57,Camera_06,16,Warehouse_015,Person,1,0.6637554585152838,0,8370,/pfs/data6/home/st/st_us-053000/st_st191959/DL-Lab/DataSet/MTMC_Tracking_2025_Preprocessed/val/Warehouse_015/crops/Person_0012/Camera_06/Person_0012_Camera_06_f000000_r008.jpg,None,109,Warehouse_015__Person_0012,0.6,False,False,0.18544783,0.15911627,0.18544778,0.15911649,0.007088233
94,Person_0012,Warehouse_015__Person_0012,57,57,Camera_08,18,Warehouse_015,Person,1,0.40425531914893614,4080,8940,/pfs/data6/home/st/st_us-053000/st_st191959/DL-Lab/DataSet/MTMC_Tracking_2025_Preprocessed/val/Warehouse_015/crops/Person_0012/Camera_08/Person_0012_Camera_08_f004080_r014.jpg,None,-1,NOISE,0.0,True,False,0.029357115,0.15488338,0.0293571,0.1548841,0.14637606
498,Person_0012,Warehouse_015__Person_0012,57,57,Camera_10,20,Warehouse_015,Person,1,0.6626506024096386,300,8970,/pfs/data6/home/st/st_us-053000/st_st191959/DL-Lab/DataSet/MTMC_Tracking_2025_Preprocessed/val/Warehouse_015/crops/Person_0012/Camera_10/Person_0012_Camera_10_f000300_r035.jpg,None,109,Warehouse_015__Person_0012,0.6,False,False,0.17344663,0.28004402,0.1734464,0.2800448,0.030743932
337,Person_0012,Warehouse_015__Person_0012,57,57,Camera_11,21,Warehouse_015,Person,1,0.6646884272997032,0,8400,/pfs/data6/home/st/st_us-053000/st_st191959/DL-Lab/DataSet/MTMC_Tracking_2025_Preprocessed/val/Warehouse_015/crops/Person_0012/Camera_11/Person_0012_Camera_11_f000000_r007.jpg,None,109,Warehouse_015__Person_0012,0.6,False,False,0.21222097,0.2160874,0.2122206,0.2160879,-0.02972427
610,Person_0012,Warehouse_015__Person_0012,57,57,Camera_12,22,Warehouse_015,Person,1,0.5836065573770491,270,8910,/pfs/data6/home/st/st_us-053000/st_st191959/DL-Lab/DataSet/MTMC_Tracking_2025_Preprocessed/val/Warehouse_015/crops/Person_0012/Camera_12/Person_0012_Camera_12_f000270_r028.jpg,None,-1,NOISE,0.0,True,False,0.22905117,0.12003383,0.22905126,0.12003458,0.01591625
559,Person_0013,Warehouse_015__Person_0013,58,58,Camera_01,11,Warehouse_015,Person,1,0.6511627906976745,0,8970,/pfs/data6/home/st/st_us-053000/st_st191959/DL-Lab/DataSet/MTMC_Tracking_2025_Preprocessed/val/Warehouse_015/crops/Person_0013/Camera_01/Person_0013_Camera_01_f000000_r025.jpg,None,109,Warehouse_015__Person_0012,0.6,False,True,0.19708578,0.23485862,0.19708537,0.23485908,0.029665897
378,Person_0013,Warehouse_015__Person_0013,58,58,Camera_02,12,Warehouse_015,Person,1,0.6666666666666666,1170,8970,/pfs/data6/home/st/st_us-053000/st_st191959/DL-Lab/DataSet/MTMC_Tracking_2025_Preprocessed/val/Warehouse_015/crops/Person_0013/Camera_02/Person_0013_Camera_02_f001170_r008.jpg,None,109,Warehouse_015__Person_0012,0.6,False,True,0.2020255,0.17347372,0.20202535,0.17347437,0.046558514
240,Person_0013,Warehouse_015__Person_0013,58,58,Camera_03,13,Warehouse_015,Person,1,0.6583333333333333,90,8160,/pfs/data6/home/st/st_us-053000/st_st191959/DL-Lab/DataSet/MTMC_Tracking_2025_Preprocessed/val/Warehouse_015/crops/Person_0013/Camera_03/Person_0013_Camera_03_f000090_r019.jpg,None,-1,NOISE,0.0,True,False,0.008005984,0.16574551,0.008005621,0.16574563,-0.08120191
615,Person_0013,Warehouse_015__Person_0013,58,58,Camera_05,15,Warehouse_015,Person,1,0.6666666666666666,0,8610,/pfs/data6/home/st/st_us-053000/st_st191959/DL-Lab/DataSet/MTMC_Tracking_2025_Preprocessed/val/Warehouse_015/crops/Person_0013/Camera_05/Person_0013_Camera_05_f000000_r013.jpg,None,109,Warehouse_015__Person_0012,0.6,False,True,0.14606123,0.17496581,0.146061,0.1749657,0.018214678
201,Person_0013,Warehouse_015__Person_0013,58,58,Camera_06,16,Warehouse_015,Person,1,0.6666666666666666,0,4800,/pfs/data6/home/st/st_us-053000/st_st191959/DL-Lab/DataSet/MTMC_Tracking_2025_Preprocessed/val/Warehouse_015/crops/Person_0013/Camera_06/Person_0013_Camera_06_f000000_r007.jpg,None,-1,NOISE,0.0,True,False,0.18508328,0.11957673,0.185083,0.119576365,-0.1317808
9,Person_0013,Warehouse_015__Person_0013,58,58,Camera_07,17,Warehouse_015,Person,1,0.6666666666666666,150,210,/pfs/data6/home/st/st_us-053000/st_st191959/DL-Lab/DataSet/MTMC_Tracking_2025_Preprocessed/val/Warehouse_015/crops/Person_0013/Camera_07/Person_0013_Camera_07_f000150_r009.jpg,None,-1,NOISE,0.0,True,False,0.019656979,0.19733495,0.01965673,0.19733511,0.037578233
197,Person_0013,Warehouse_015__Person_0013,58,58,Camera_08,18,Warehouse_015,Person,1,0.6091370558375635,6180,8940,/pfs/data6/home/st/st_us-053000/st_st191959/DL-Lab/DataSet/MTMC_Tracking_2025_Preprocessed/val/Warehouse_015/crops/Person_0013/Camera_08/Person_0013_Camera_08_f006180_r013.jpg,None,-1,NOISE,0.0,True,False,-0.007045167,0.3061471,-0.0070456737,0.30614737,0.023420127
808,Person_0013,Warehouse_015__Person_0013,58,58,Camera_10,20,Warehouse_015,Person,1,0.6633663366336634,0,8910,/pfs/data6/home/st/st_us-053000/st_st191959/DL-Lab/DataSet/MTMC_Tracking_2025_Preprocessed/val/Warehouse_015/crops/Person_0013/Camera_10/Person_0013_Camera_10_f000000_r031.jpg,None,109,Warehouse_015__Person_0012,0.6,False,True,0.1725154,0.27337506,0.17251508,0.27337572,0.03881671
186,Person_0013,Warehouse_015__Person_0013,58,58,Camera_11,21,Warehouse_015,Person,1,0.6666666666666666,3150,5070,/pfs/data6/home/st/st_us-053000/st_st191959/DL-Lab/DataSet/MTMC_Tracking_2025_Preprocessed/val/Warehouse_015/crops/Person_0013/Camera_11/Person_0013_Camera_11_f003150_r006.jpg,None,-1,NOISE,0.0,True,False,-0.18575269,0.1413248,-0.18575296,0.14132513,-0.10895082
581,Person_0013,Warehouse_015__Person_0013,58,58,Camera_12,22,Warehouse_015,Person,1,0.5266781411359724,0,8970,/pfs/data6/home/st/st_us-053000/st_st191959/DL-Lab/DataSet/MTMC_Tracking_2025_Preprocessed/val/Warehouse_015/crops/Person_0013/Camera_12/Person_0013_Camera_12_f000000_r028.jpg,None,113,Warehouse_015__Person_0004,0.5625,False,True,0.29161903,0.053137127,0.291619,0.053137776,-0.06265425
296,Person_0014,Warehouse_015__Person_0014,59,59,Camera_01,11,Warehouse_015,Person,1,0.6621621621621622,660,8400,/pfs/data6/home/st/st_us-053000/st_st191959/DL-Lab/DataSet/MTMC_Tracking_2025_Preprocessed/val/Warehouse_015/crops/Person_0014/Camera_01/Person_0014_Camera_01_f000660_r048.jpg,None,-1,NOISE,0.0,True,False,-0.15593882,0.040627923,-0.15593897,0.040627703,-0.14142236
216,Person_0014,Warehouse_015__Person_0014,59,59,Camera_02,12,Warehouse_015,Person,1,0.6666666666666666,660,8970,/pfs/data6/home/st/st_us-053000/st_st191959/DL-Lab/DataSet/MTMC_Tracking_2025_Preprocessed/val/Warehouse_015/crops/Person_0014/Camera_02/Person_0014_Camera_02_f000660_r012.jpg,None,56,Warehouse_015__Person_0014,1.0,False,False,-0.0140908845,0.00029297682,-0.01409106,0.00029300712,-0.17148179
24,Person_0014,Warehouse_015__Person_0014,59,59,Camera_03,13,Warehouse_015,Person,1,0.6666666666666666,7140,7350,/pfs/data6/home/st/st_us-053000/st_st191959/DL-Lab/DataSet/MTMC_Tracking_2025_Preprocessed/val/Warehouse_015/crops/Person_0014/Camera_03/Person_0014_Camera_03_f007140_r034.jpg,None,-1,NOISE,0.0,True,False,0.021679798,0.08032297,0.021679593,0.080322884,-0.097618885
574,Person_0014,Warehouse_015__Person_0014,59,59,Camera_05,15,Warehouse_015,Person,1,0.662020905923345,150,8370,/pfs/data6/home/st/st_us-053000/st_st191959/DL-Lab/DataSet/MTMC_Tracking_2025_Preprocessed/val/Warehouse_015/crops/Person_0014/Camera_05/Person_0014_Camera_05_f000150_r025.jpg,None,56,Warehouse_015__Person_0014,1.0,False,False,-0.12857634,-0.00049210945,-0.12857637,-0.0004924245,-0.16075206
557,Person_0014,Warehouse_015__Person_0014,59,59,Camera_06,16,Warehouse_015,Person,1,0.6642728904847397,0,6900,/pfs/data6/home/st/st_us-053000/st_st191959/DL-Lab/DataSet/MTMC_Tracking_2025_Preprocessed/val/Warehouse_015/crops/Person_0014/Camera_06/Person_0014_Camera_06_f000000_r010.jpg,None,56,Warehouse_015__Person_0014,1.0,False,False,-0.052339517,0.028055783,-0.052339736,0.028055338,-0.13571033
82,Person_0014,Warehouse_015__Person_0014,59,59,Camera_08,18,Warehouse_015,Person,1,0.6585365853658537,7710,8970,/pfs/data6/home/st/st_us-053000/st_st191959/DL-Lab/DataSet/MTMC_Tracking_2025_Preprocessed/val/Warehouse_015/crops/Person_0014/Camera_08/Person_0014_Camera_08_f007710_r022.jpg,None,-1,NOISE,0.0,True,False,-0.05241964,-0.07319436,-0.05241963,-0.07319425,-0.15747935
618,Person_0014,Warehouse_015__Person_0014,59,59,Camera_10,20,Warehouse_015,Person,1,0.6601941747572816,180,8340,/pfs/data6/home/st/st_us-053000/st_st191959/DL-Lab/DataSet/MTMC_Tracking_2025_Preprocessed/val/Warehouse_015/crops/Person_0014/Camera_10/Person_0014_Camera_10_f000180_r050.jpg,None,61,Warehouse_015__Person_0232,0.8,False,True,0.020996988,0.079932176,0.020996453,0.07993211,-0.19456896
619,Person_0014,Warehouse_015__Person_0014,59,59,Camera_11,21,Warehouse_015,Person,1,0.6655896607431341,0,6900,/pfs/data6/home/st/st_us-053000/st_st191959/DL-Lab/DataSet/MTMC_Tracking_2025_Preprocessed/val/Warehouse_015/crops/Person_0014/Camera_11/Person_0014_Camera_11_f000000_r012.jpg,None,56,Warehouse_015__Person_0014,1.0,False,False,0.056108724,0.011045797,0.05610842,0.011045531,-0.17216833
385,Person_0014,Warehouse_015__Person_0014,59,59,Camera_12,22,Warehouse_015,Person,1,0.638961038961039,600,8970,/pfs/data6/home/st/st_us-053000/st_st191959/DL-Lab/DataSet/MTMC_Tracking_2025_Preprocessed/val/Warehouse_015/crops/Person_0014/Camera_12/Person_0014_Camera_12_f000600_r054.jpg,None,56,Warehouse_015__Person_0014,1.0,False,False,-0.0010969227,-0.042518478,-0.001096874,-0.04251829,-0.11466975
549,Person_0015,Warehouse_015__Person_0015,60,60,Camera,0,Warehouse_015,Person,1,0.6666666666666666,1650,8970,/pfs/data6/home/st/st_us-053000/st_st191959/DL-Lab/DataSet/MTMC_Tracking_2025_Preprocessed/val/Warehouse_015/crops/Person_0015/Camera/Person_0015_Camera_f001650_r008.jpg,None,101,Warehouse_015__Person_0015,1.0,False,False,0.13815084,0.19579619,0.13815075,0.19579615,-0.037730254
708,Person_0015,Warehouse_015__Person_0015,60,60,Camera_01,11,Warehouse_015,Person,1,0.596045197740113,0,8970,/pfs/data6/home/st/st_us-053000/st_st191959/DL-Lab/DataSet/MTMC_Tracking_2025_Preprocessed/val/Warehouse_015/crops/Person_0015/Camera_01/Person_0015_Camera_01_f000000_r012.jpg,None,101,Warehouse_015__Person_0015,1.0,False,False,0.19327278,0.06759768,0.19327301,0.06759787,-0.06990531
656,Person_0015,Warehouse_015__Person_0015,60,60,Camera_03,13,Warehouse_015,Person,1,0.6402439024390244,1260,8970,/pfs/data6/home/st/st_us-053000/st_st191959/DL-Lab/DataSet/MTMC_Tracking_2025_Preprocessed/val/Warehouse_015/crops/Person_0015/Camera_03/Person_0015_Camera_03_f001260_r010.jpg,None,101,Warehouse_015__Person_0015,1.0,False,False,0.21180026,0.04908088,0.21180026,0.049080674,-0.12590112
159,Person_0015,Warehouse_015__Person_0015,60,60,Camera_04,14,Warehouse_015,Person,1,0.6540880503144654,3960,8700,/pfs/data6/home/st/st_us-053000/st_st191959/DL-Lab/DataSet/MTMC_Tracking_2025_Preprocessed/val/Warehouse_015/crops/Person_0015/Camera_04/Person_0015_Camera_04_f003960_r006.jpg,None,101,Warehouse_015__Person_0015,1.0,False,False,0.14192596,0.17111121,0.14192581,0.1711108,-0.017175639
295,Person_0015,Warehouse_015__Person_0015,60,60,Camera_05,15,Warehouse_015,Person,1,0.6576271186440678,0,7110,/pfs/data6/home/st/st_us-053000/st_st191959/DL-Lab/DataSet/MTMC_Tracking_2025_Preprocessed/val/Warehouse_015/crops/Person_0015/Camera_05/Person_0015_Camera_05_f000000_r006.jpg,None,-1,NOISE,0.0,True,False,0.21449052,0.078784645,0.21449071,0.0787844,-0.110786386
162,Person_0015,Warehouse_015__Person_0015,60,60,Camera_06,16,Warehouse_015,Person,1,0.6666666666666666,0,2430,/pfs/data6/home/st/st_us-053000/st_st191959/DL-Lab/DataSet/MTMC_Tracking_2025_Preprocessed/val/Warehouse_015/crops/Person_0015/Camera_06/Person_0015_Camera_06_f000000_r003.jpg,None,-1,NOISE,0.0,True,False,0.08134841,0.078106426,0.08134827,0.0781058,-0.108589
385,Person_0015,Warehouse_015__Person_0015,60,60,Camera_07,17,Warehouse_015,Person,1,0.6597402597402597,1350,8970,/pfs/data6/home/st/st_us-053000/st_st191959/DL-Lab/DataSet/MTMC_Tracking_2025_Preprocessed/val/Warehouse_015/crops/Person_0015/Camera_07/Person_0015_Camera_07_f001350_r002.jpg,None,101,Warehouse_015__Person_0015,1.0,False,False,0.1496053,0.104976416,0.14960529,0.10497632,-0.058060765
72,Person_0015,Warehouse_015__Person_0015,60,60,Camera_08,18,Warehouse_015,Person,1,0.6666666666666666,7710,8520,/pfs/data6/home/st/st_us-053000/st_st191959/DL-Lab/DataSet/MTMC_Tracking_2025_Preprocessed/val/Warehouse_015/crops/Person_0015/Camera_08/Person_0015_Camera_08_f007710_r007.jpg,None,-1,NOISE,0.0,True,False,-0.002676796,0.39532393,-0.002677164,0.39532426,-0.028186733
193,Person_0015,Warehouse_015__Person_0015,60,60,Camera_09,19,Warehouse_015,Person,1,0.6632124352331606,3720,7200,/pfs/data6/home/st/st_us-053000/st_st191959/DL-Lab/DataSet/MTMC_Tracking_2025_Preprocessed/val/Warehouse_015/crops/Person_0015/Camera_09/Person_0015_Camera_09_f003720_r000.jpg,None,-1,NOISE,0.0,True,False,0.010880606,-0.001821225,0.010880584,-0.0018217084,-0.041112386
819,Person_0015,Warehouse_015__Person_0015,60,60,Camera_10,20,Warehouse_015,Person,1,0.6446886446886447,0,8970,/pfs/data6/home/st/st_us-053000/st_st191959/DL-Lab/DataSet/MTMC_Tracking_2025_Preprocessed/val/Warehouse_015/crops/Person_0015/Camera_10/Person_0015_Camera_10_f000000_r016.jpg,None,101,Warehouse_015__Person_0015,1.0,False,False,0.19160499,0.103793696,0.19160509,0.10379354,-0.07452353
106,Person_0015,Warehouse_015__Person_0015,60,60,Camera_11,21,Warehouse_015,Person,1,0.660377358490566,0,1530,/pfs/data6/home/st/st_us-053000/st_st191959/DL-Lab/DataSet/MTMC_Tracking_2025_Preprocessed/val/Warehouse_015/crops/Person_0015/Camera_11/Person_0015_Camera_11_f000000_r003.jpg,None,-1,NOISE,0.0,True,False,0.22215588,0.052943457,0.22215593,0.052943073,-0.18940854
551,Person_0015,Warehouse_015__Person_0015,60,60,Camera_12,22,Warehouse_015,Person,1,0.6642468239564429,450,8970,/pfs/data6/home/st/st_us-053000/st_st191959/DL-Lab/DataSet/MTMC_Tracking_2025_Preprocessed/val/Warehouse_015/crops/Person_0015/Camera_12/Person_0015_Camera_12_f000450_r017.jpg,None,101,Warehouse_015__Person_0015,1.0,False,False,0.15850669,0.17836295,0.15850657,0.17836282,-0.053752612
102,Person_0016,Warehouse_015__Person_0016,61,61,Camera,0,Warehouse_015,Person,1,0.6666666666666666,3780,4830,/pfs/data6/home/st/st_us-053000/st_st191959/DL-Lab/DataSet/MTMC_Tracking_2025_Preprocessed/val/Warehouse_015/crops/Person_0016/Camera/Person_0016_Camera_f003780_r012.jpg,None,0,Hospital_000__Person_0018,0.3333333333333333,False,True,-0.32475603,0.10547808,-0.32475635,0.1054792,-0.1508616
424,Person_0016,Warehouse_015__Person_0016,61,61,Camera_01,11,Warehouse_015,Person,1,0.6179245283018868,0,7740,/pfs/data6/home/st/st_us-053000/st_st191959/DL-Lab/DataSet/MTMC_Tracking_2025_Preprocessed/val/Warehouse_015/crops/Person_0016/Camera_01/Person_0016_Camera_01_f000000_r024.jpg,None,-1,NOISE,0.0,True,False,0.149877,0.17935285,0.14987704,0.17935267,-0.06058053
78,Person_0016,Warehouse_015__Person_0016,61,61,Camera_02,12,Warehouse_015,Person,1,0.6666666666666666,1830,2580,/pfs/data6/home/st/st_us-053000/st_st191959/DL-Lab/DataSet/MTMC_Tracking_2025_Preprocessed/val/Warehouse_015/crops/Person_0016/Camera_02/Person_0016_Camera_02_f001830_r008.jpg,None,-1,NOISE,0.0,True,False,0.08693291,0.09235581,0.08693262,0.09235537,-0.14647016
190,Person_0016,Warehouse_015__Person_0016,61,61,Camera_03,13,Warehouse_015,Person,1,0.6631578947368421,1440,5190,/pfs/data6/home/st/st_us-053000/st_st191959/DL-Lab/DataSet/MTMC_Tracking_2025_Preprocessed/val/Warehouse_015/crops/Person_0016/Camera_03/Person_0016_Camera_03_f001440_r018.jpg,None,-1,NOISE,0.0,True,False,0.0705554,0.13297802,0.07055549,0.13297775,0.010889754
744,Person_0016,Warehouse_015__Person_0016,61,61,Camera_05,15,Warehouse_015,Person,1,0.6451612903225806,0,8970,/pfs/data6/home/st/st_us-053000/st_st191959/DL-Lab/DataSet/MTMC_Tracking_2025_Preprocessed/val/Warehouse_015/crops/Person_0016/Camera_05/Person_0016_Camera_05_f000000_r012.jpg,None,-1,NOISE,0.0,True,False,0.20585947,0.18201642,0.20585944,0.18201643,-0.10509415
516,Person_0016,Warehouse_015__Person_0016,61,61,Camera_06,16,Warehouse_015,Person,1,0.6627906976744186,0,8970,/pfs/data6/home/st/st_us-053000/st_st191959/DL-Lab/DataSet/MTMC_Tracking_2025_Preprocessed/val/Warehouse_015/crops/Person_0016/Camera_06/Person_0016_Camera_06_f000000_r006.jpg,None,-1,NOISE,0.0,True,False,0.18670525,0.20596181,0.18670529,0.20596191,-0.12169303
114,Person_0016,Warehouse_015__Person_0016,61,61,Camera_07,17,Warehouse_015,Person,1,0.6666666666666666,3750,4890,/pfs/data6/home/st/st_us-053000/st_st191959/DL-Lab/DataSet/MTMC_Tracking_2025_Preprocessed/val/Warehouse_015/crops/Person_0016/Camera_07/Person_0016_Camera_07_f003750_r008.jpg,None,-1,NOISE,0.0,True,False,0.12077771,0.182739,0.120777614,0.18273905,0.00894711
9,Person_0016,Warehouse_015__Person_0016,61,61,Camera_09,19,Warehouse_015,Person,1,0.6666666666666666,4140,4200,/pfs/data6/home/st/st_us-053000/st_st191959/DL-Lab/DataSet/MTMC_Tracking_2025_Preprocessed/val/Warehouse_015/crops/Person_0016/Camera_09/Person_0016_Camera_09_f004140_r003.jpg,None,-1,NOISE,0.0,True,False,-0.07588275,-0.041769214,-0.07588255,-0.041768555,-0.10432779
740,Person_0016,Warehouse_015__Person_0016,61,61,Camera_10,20,Warehouse_015,Person,1,0.6621621621621622,0,8970,/pfs/data6/home/st/st_us-053000/st_st191959/DL-Lab/DataSet/MTMC_Tracking_2025_Preprocessed/val/Warehouse_015/crops/Person_0016/Camera_10/Person_0016_Camera_10_f000000_r030.jpg,None,-1,NOISE,0.0,True,False,0.050763465,0.3709882,0.050763115,0.37098867,-0.07576569
595,Person_0016,Warehouse_015__Person_0016,61,61,Camera_11,21,Warehouse_015,Person,1,0.6588235294117647,0,8970,/pfs/data6/home/st/st_us-053000/st_st191959/DL-Lab/DataSet/MTMC_Tracking_2025_Preprocessed/val/Warehouse_015/crops/Person_0016/Camera_11/Person_0016_Camera_11_f000000_r006.jpg,None,-1,NOISE,0.0,True,False,0.14457153,0.24693283,0.1445713,0.24693309,-0.09836361
389,Person_0016,Warehouse_015__Person_0016,61,61,Camera_12,22,Warehouse_015,Person,1,0.6323907455012854,0,6570,/pfs/data6/home/st/st_us-053000/st_st191959/DL-Lab/DataSet/MTMC_Tracking_2025_Preprocessed/val/Warehouse_015/crops/Person_0016/Camera_12/Person_0016_Camera_12_f000000_r027.jpg,None,-1,NOISE,0.0,True,False,0.14530176,0.27299747,0.14530158,0.27299762,-0.06216129
295,Person_0017,Warehouse_015__Person_0017,62,62,Camera,0,Warehouse_015,Person,1,0.6576271186440678,3810,8970,/pfs/data6/home/st/st_us-053000/st_st191959/DL-Lab/DataSet/MTMC_Tracking_2025_Preprocessed/val/Warehouse_015/crops/Person_0017/Camera/Person_0017_Camera_f003810_r007.jpg,None,112,Warehouse_015__Person_0194,0.5384615384615384,False,True,0.15066218,-0.07114954,0.1506622,-0.07114924,0.11165414
542,Person_0017,Warehouse_015__Person_0017,62,62,Camera_01,11,Warehouse_015,Person,1,0.6014760147601476,210,8490,/pfs/data6/home/st/st_us-053000/st_st191959/DL-Lab/DataSet/MTMC_Tracking_2025_Preprocessed/val/Warehouse_015/crops/Person_0017/Camera_01/Person_0017_Camera_01_f000210_r011.jpg,None,112,Warehouse_015__Person_0194,0.5384615384615384,False,True,0.11965341,-0.033787355,0.119653575,-0.033787407,0.066782154
201,Person_0017,Warehouse_015__Person_0017,62,62,Camera_02,12,Warehouse_015,Person,1,0.6666666666666666,0,3300,/pfs/data6/home/st/st_us-053000/st_st191959/DL-Lab/DataSet/MTMC_Tracking_2025_Preprocessed/val/Warehouse_015/crops/Person_0017/Camera_02/Person_0017_Camera_02_f000000_r003.jpg,None,-1,NOISE,0.0,True,False,0.14650367,-0.16465424,0.14650372,-0.1646542,0.12593512
436,Person_0017,Warehouse_015__Person_0017,62,62,Camera_03,13,Warehouse_015,Person,1,0.6513761467889908,3300,8970,/pfs/data6/home/st/st_us-053000/st_st191959/DL-Lab/DataSet/MTMC_Tracking_2025_Preprocessed/val/Warehouse_015/crops/Person_0017/Camera_03/Person_0017_Camera_03_f003300_r007.jpg,None,112,Warehouse_015__Person_0194,0.5384615384615384,False,True,0.09575664,-0.017450236,0.09575673,-0.01744993,0.14600721
172,Person_0017,Warehouse_015__Person_0017,62,62,Camera_04,14,Warehouse_015,Person,1,0.6627906976744186,6900,8940,/pfs/data6/home/st/st_us-053000/st_st191959/DL-Lab/DataSet/MTMC_Tracking_2025_Preprocessed/val/Warehouse_015/crops/Person_0017/Camera_04/Person_0017_Camera_04_f006900_r004.jpg,None,-1,NOISE,0.0,True,False,0.0954063,-0.138355,0.09540639,-0.138355,0.14030606
294,Person_0017,Warehouse_015__Person_0017,62,62,Camera_05,15,Warehouse_015,Person,1,0.6666666666666666,180,6240,/pfs/data6/home/st/st_us-053000/st_st191959/DL-Lab/DataSet/MTMC_Tracking_2025_Preprocessed/val/Warehouse_015/crops/Person_0017/Camera_05/Person_0017_Camera_05_f000180_r004.jpg,None,112,Warehouse_015__Person_0194,0.5384615384615384,False,True,0.1083612,-0.017584996,0.108361274,-0.017584648,0.1525767
105,Person_0017,Warehouse_015__Person_0017,62,62,Camera_06,16,Warehouse_015,Person,1,0.6666666666666666,0,6000,/pfs/data6/home/st/st_us-053000/st_st191959/DL-Lab/DataSet/MTMC_Tracking_2025_Preprocessed/val/Warehouse_015/crops/Person_0017/Camera_06/Person_0017_Camera_06_f000000_r001.jpg,None,-1,NOISE,0.0,True,False,0.0363838,-0.029150315,0.03638378,-0.029150212,0.209608
34,Person_0017,Warehouse_015__Person_0017,62,62,Camera_07,17,Warehouse_015,Person,1,0.6470588235294118,4020,8220,/pfs/data6/home/st/st_us-053000/st_st191959/DL-Lab/DataSet/MTMC_Tracking_2025_Preprocessed/val/Warehouse_015/crops/Person_0017/Camera_07/Person_0017_Camera_07_f004020_r005.jpg,None,-1,NOISE,0.0,True,False,-0.0952269,7.8861645e-05,-0.09522693,7.9025594e-05,0.19306141
271,Person_0017,Warehouse_015__Person_0017,62,62,Camera_08,18,Warehouse_015,Person,1,0.5756457564575646,840,8970,/pfs/data6/home/st/st_us-053000/st_st191959/DL-Lab/DataSet/MTMC_Tracking_2025_Preprocessed/val/Warehouse_015/crops/Person_0017/Camera_08/Person_0017_Camera_08_f000840_r009.jpg,None,-1,NOISE,0.0,True,False,0.023888199,-0.08032688,0.023888238,-0.08032678,0.11950894
481,Person_0017,Warehouse_015__Person_0017,62,62,Camera_10,20,Warehouse_015,Person,1,0.6029106029106029,180,8940,/pfs/data6/home/st/st_us-053000/st_st191959/DL-Lab/DataSet/MTMC_Tracking_2025_Preprocessed/val/Warehouse_015/crops/Person_0017/Camera_10/Person_0017_Camera_10_f000180_r011.jpg,None,112,Warehouse_015__Person_0194,0.5384615384615384,False,True,0.098838694,-0.05291692,0.09883872,-0.052916694,0.19386844
101,Person_0017,Warehouse_015__Person_0017,62,62,Camera_11,21,Warehouse_015,Person,1,0.6534653465346535,90,5970,/pfs/data6/home/st/st_us-053000/st_st191959/DL-Lab/DataSet/MTMC_Tracking_2025_Preprocessed/val/Warehouse_015/crops/Person_0017/Camera_11/Person_0017_Camera_11_f000090_r002.jpg,None,-1,NOISE,0.0,True,False,0.08641522,-0.0332836,0.08641544,-0.033283304,0.092636086
504,Person_0017,Warehouse_015__Person_0017,62,62,Camera_12,22,Warehouse_015,Person,1,0.5833333333333334,0,8970,/pfs/data6/home/st/st_us-053000/st_st191959/DL-Lab/DataSet/MTMC_Tracking_2025_Preprocessed/val/Warehouse_015/crops/Person_0017/Camera_12/Person_0017_Camera_12_f000000_r010.jpg,None,112,Warehouse_015__Person_0194,0.5384615384615384,False,True,0.1514326,-0.060027067,0.15143259,-0.060026705,0.13217883
859,Person_0166,Warehouse_015__Person_0166,63,63,Camera,0,Warehouse_015,Person,1,0.6519208381839348,0,8970,/pfs/data6/home/st/st_us-053000/st_st191959/DL-Lab/DataSet/MTMC_Tracking_2025_Preprocessed/val/Warehouse_015/crops/Person_0166/Camera/Person_0166_Camera_f000000_r018.jpg,None,115,Warehouse_015__Person_0168,0.7,False,True,0.2103896,-0.17190799,0.21038975,-0.17190771,0.07290137
297,Person_0166,Warehouse_015__Person_0166,63,63,Camera_01,11,Warehouse_015,Person,1,0.26936026936026936,0,8970,/pfs/data6/home/st/st_us-053000/st_st191959/DL-Lab/DataSet/MTMC_Tracking_2025_Preprocessed/val/Warehouse_015/crops/Person_0166/Camera_01/Person_0166_Camera_01_f000000_r047.jpg,None,-1,NOISE,0.0,True,False,0.16742364,-0.15710339,0.1674239,-0.157103,0.11216571
510,Person_0166,Warehouse_015__Person_0166,63,63,Camera_03,13,Warehouse_015,Person,1,0.5843137254901961,0,8970,/pfs/data6/home/st/st_us-053000/st_st191959/DL-Lab/DataSet/MTMC_Tracking_2025_Preprocessed/val/Warehouse_015/crops/Person_0166/Camera_03/Person_0166_Camera_03_f000000_r035.jpg,None,-1,NOISE,0.0,True,False,0.17989291,-0.11986652,0.17989329,-0.119865775,-0.004951771
726,Person_0166,Warehouse_015__Person_0166,63,63,Camera_04,14,Warehouse_015,Person,1,0.6666666666666666,0,8460,/pfs/data6/home/st/st_us-053000/st_st191959/DL-Lab/DataSet/MTMC_Tracking_2025_Preprocessed/val/Warehouse_015/crops/Person_0166/Camera_04/Person_0166_Camera_04_f000000_r011.jpg,None,-1,NOISE,0.0,True,False,0.16621342,-0.16227828,0.1662135,-0.16227788,0.109879345
69,Person_0166,Warehouse_015__Person_0166,63,63,Camera_07,17,Warehouse_015,Person,1,0.6666666666666666,7440,8970,/pfs/data6/home/st/st_us-053000/st_st191959/DL-Lab/DataSet/MTMC_Tracking_2025_Preprocessed/val/Warehouse_015/crops/Person_0166/Camera_07/Person_0166_Camera_07_f007440_r012.jpg,None,-1,NOISE,0.0,True,False,-0.3967608,-0.10964834,-0.3967612,-0.109648146,-0.045072496
312,Person_0166,Warehouse_015__Person_0166,63,63,Camera_08,18,Warehouse_015,Person,1,0.6666666666666666,0,8490,/pfs/data6/home/st/st_us-053000/st_st191959/DL-Lab/DataSet/MTMC_Tracking_2025_Preprocessed/val/Warehouse_015/crops/Person_0166/Camera_08/Person_0166_Camera_08_f000000_r026.jpg,None,-1,NOISE,0.0,True,False,0.07278136,-0.19368659,0.072781414,-0.19368623,0.18785614
60,Person_0166,Warehouse_015__Person_0166,63,63,Camera_09,19,Warehouse_015,Person,1,0.6666666666666666,6720,7320,/pfs/data6/home/st/st_us-053000/st_st191959/DL-Lab/DataSet/MTMC_Tracking_2025_Preprocessed/val/Warehouse_015/crops/Person_0166/Camera_09/Person_0166_Camera_09_f006720_r003.jpg,None,-1,NOISE,0.0,True,False,0.08798931,-0.055617128,0.08798953,-0.055616688,-0.01687209
344,Person_0166,Warehouse_015__Person_0166,63,63,Camera_10,20,Warehouse_015,Person,1,0.29069767441860467,0,8970,/pfs/data6/home/st/st_us-053000/st_st191959/DL-Lab/DataSet/MTMC_Tracking_2025_Preprocessed/val/Warehouse_015/crops/Person_0166/Camera_10/Person_0166_Camera_10_f000000_r053.jpg,None,-1,NOISE,0.0,True,False,0.16137345,-0.1604008,0.16137375,-0.16040045,0.08906936
51,Person_0166,Warehouse_015__Person_0166,63,63,Camera_12,22,Warehouse_015,Person,1,0.6666666666666666,8490,8970,/pfs/data6/home/st/st_us-053000/st_st191959/DL-Lab/DataSet/MTMC_Tracking_2025_Preprocessed/val/Warehouse_015/crops/Person_0166/Camera_12/Person_0166_Camera_12_f008490_r059.jpg,None,-1,NOISE,0.0,True,False,0.09176281,-0.19345187,0.09176305,-0.19345175,0.17991808
789,Person_0167,Warehouse_015__Person_0167,64,64,Camera,0,Warehouse_015,Person,1,0.6615969581749049,0,8820,/pfs/data6/home/st/st_us-053000/st_st191959/DL-Lab/DataSet/MTMC_Tracking_2025_Preprocessed/val/Warehouse_015/crops/Person_0167/Camera/Person_0167_Camera_f000000_r004.jpg,None,114,Warehouse_015__Person_0167,0.5555555555555556,False,False,0.082111195,-0.069002986,0.08211129,-0.069002144,-0.029649016
290,Person_0167,Warehouse_015__Person_0167,64,64,Camera_01,11,Warehouse_015,Person,1,0.3310344827586207,0,8970,/pfs/data6/home/st/st_us-053000/st_st191959/DL-Lab/DataSet/MTMC_Tracking_2025_Preprocessed/val/Warehouse_015/crops/Person_0167/Camera_01/Person_0167_Camera_01_f000000_r005.jpg,None,114,Warehouse_015__Person_0167,0.5555555555555556,False,False,0.15456103,-0.07913832,0.15456115,-0.07913753,-0.096079126
509,Person_0167,Warehouse_015__Person_0167,64,64,Camera_03,13,Warehouse_015,Person,1,0.550098231827112,0,8970,/pfs/data6/home/st/st_us-053000/st_st191959/DL-Lab/DataSet/MTMC_Tracking_2025_Preprocessed/val/Warehouse_015/crops/Person_0167/Camera_03/Person_0167_Camera_03_f000000_r004.jpg,None,114,Warehouse_015__Person_0167,0.5555555555555556,False,False,0.1482745,-0.07340457,0.14827482,-0.07340364,-0.08688916
657,Person_0167,Warehouse_015__Person_0167,64,64,Camera_04,14,Warehouse_015,Person,1,0.6666666666666666,0,7560,/pfs/data6/home/st/st_us-053000/st_st191959/DL-Lab/DataSet/MTMC_Tracking_2025_Preprocessed/val/Warehouse_015/crops/Person_0167/Camera_04/Person_0167_Camera_04_f000000_r002.jpg,None,-1,NOISE,0.0,True,False,0.10123657,-0.03134948,0.10123663,-0.031348664,-0.050705057
50,Person_0167,Warehouse_015__Person_0167,64,64,Camera_05,15,Warehouse_015,Person,1,0.64,7950,8970,/pfs/data6/home/st/st_us-053000/st_st191959/DL-Lab/DataSet/MTMC_Tracking_2025_Preprocessed/val/Warehouse_015/crops/Person_0167/Camera_05/Person_0167_Camera_05_f007950_r003.jpg,None,-1,NOISE,0.0,True,False,0.04993047,0.043764964,0.049930565,0.043765523,0.06652948
198,Person_0167,Warehouse_015__Person_0167,64,64,Camera_07,17,Warehouse_015,Person,1,0.6666666666666666,1380,8970,/pfs/data6/home/st/st_us-053000/st_st191959/DL-Lab/DataSet/MTMC_Tracking_2025_Preprocessed/val/Warehouse_015/crops/Person_0167/Camera_07/Person_0167_Camera_07_f001380_r001.jpg,None,114,Warehouse_015__Person_0167,0.5555555555555556,False,False,0.10370963,-0.05478891,0.10370971,-0.05478826,-0.0032591256
502,Person_0167,Warehouse_015__Person_0167,64,64,Camera_08,18,Warehouse_015,Person,1,0.6613545816733067,0,7140,/pfs/data6/home/st/st_us-053000/st_st191959/DL-Lab/DataSet/MTMC_Tracking_2025_Preprocessed/val/Warehouse_015/crops/Person_0167/Camera_08/Person_0167_Camera_08_f000000_r005.jpg,None,-1,NOISE,0.0,True,False,0.11296168,0.0071879774,0.11296164,0.007188857,0.017242443
129,Person_0167,Warehouse_015__Person_0167,64,64,Camera_09,19,Warehouse_015,Person,1,0.6666666666666666,5250,8580,/pfs/data6/home/st/st_us-053000/st_st191959/DL-Lab/DataSet/MTMC_Tracking_2025_Preprocessed/val/Warehouse_015/crops/Person_0167/Camera_09/Person_0167_Camera_09_f005250_r001.jpg,None,-1,NOISE,0.0,True,False,0.14941229,-0.13620448,0.14941227,-0.13620397,-0.26297015
355,Person_0167,Warehouse_015__Person_0167,64,64,Camera_10,20,Warehouse_015,Person,1,0.36056338028169016,0,8970,/pfs/data6/home/st/st_us-053000/st_st191959/DL-Lab/DataSet/MTMC_Tracking_2025_Preprocessed/val/Warehouse_015/crops/Person_0167/Camera_10/Person_0167_Camera_10_f000000_r007.jpg,None,114,Warehouse_015__Person_0167,0.5555555555555556,False,False,0.122133486,-0.05043796,0.12213395,-0.050436836,-0.026686998
308,Person_0167,Warehouse_015__Person_0167,64,64,Camera_12,22,Warehouse_015,Person,1,0.6493506493506493,0,8970,/pfs/data6/home/st/st_us-053000/st_st191959/DL-Lab/DataSet/MTMC_Tracking_2025_Preprocessed/val/Warehouse_015/crops/Person_0167/Camera_12/Person_0167_Camera_12_f000000_r009.jpg,None,-1,NOISE,0.0,True,False,-0.031552285,0.015294626,-0.031552304,0.015295702,0.06930533
314,Person_0168,Warehouse_015__Person_0168,65,65,Camera,0,Warehouse_015,Person,1,0.6369426751592356,0,8970,/pfs/data6/home/st/st_us-053000/st_st191959/DL-Lab/DataSet/MTMC_Tracking_2025_Preprocessed/val/Warehouse_015/crops/Person_0168/Camera/Person_0168_Camera_f000000_r019.jpg,None,115,Warehouse_015__Person_0168,0.7,False,False,0.17120928,-0.17044379,0.17120947,-0.17044339,0.048435446
405,Person_0168,Warehouse_015__Person_0168,65,65,Camera_01,11,Warehouse_015,Person,1,0.5333333333333333,0,8970,/pfs/data6/home/st/st_us-053000/st_st191959/DL-Lab/DataSet/MTMC_Tracking_2025_Preprocessed/val/Warehouse_015/crops/Person_0168/Camera_01/Person_0168_Camera_01_f000000_r048.jpg,None,115,Warehouse_015__Person_0168,0.7,False,False,0.20793648,-0.14685905,0.20793684,-0.14685862,-0.05936894
48,Person_0168,Warehouse_015__Person_0168,65,65,Camera_02,12,Warehouse_015,Person,1,0.6666666666666666,2460,2910,/pfs/data6/home/st/st_us-053000/st_st191959/DL-Lab/DataSet/MTMC_Tracking_2025_Preprocessed/val/Warehouse_015/crops/Person_0168/Camera_02/Person_0168_Camera_02_f002460_r020.jpg,None,-1,NOISE,0.0,True,False,0.15226422,-0.22627924,0.15226448,-0.2262786,0.09698696
349,Person_0168,Warehouse_015__Person_0168,65,65,Camera_03,13,Warehouse_015,Person,1,0.5787965616045845,0,8970,/pfs/data6/home/st/st_us-053000/st_st191959/DL-Lab/DataSet/MTMC_Tracking_2025_Preprocessed/val/Warehouse_015/crops/Person_0168/Camera_03/Person_0168_Camera_03_f000000_r037.jpg,None,115,Warehouse_015__Person_0168,0.7,False,False,0.22663827,-0.13153896,0.22663856,-0.13153823,-0.05758983
214,Person_0168,Warehouse_015__Person_0168,65,65,Camera_04,14,Warehouse_015,Person,1,0.6448598130841121,0,7590,/pfs/data6/home/st/st_us-053000/st_st191959/DL-Lab/DataSet/MTMC_Tracking_2025_Preprocessed/val/Warehouse_015/crops/Person_0168/Camera_04/Person_0168_Camera_04_f000000_r012.jpg,None,-1,NOISE,0.0,True,False,0.23129071,-0.13042137,0.23129064,-0.13042104,0.00016067649
280,Person_0168,Warehouse_015__Person_0168,65,65,Camera_05,15,Warehouse_015,Person,1,0.65,3210,6180,/pfs/data6/home/st/st_us-053000/st_st191959/DL-Lab/DataSet/MTMC_Tracking_2025_Preprocessed/val/Warehouse_015/crops/Person_0168/Camera_05/Person_0168_Camera_05_f003210_r033.jpg,None,115,Warehouse_015__Person_0168,0.7,False,False,0.17588407,-0.1190786,0.17588444,-0.11907844,-0.06378684
108,Person_0168,Warehouse_015__Person_0168,65,65,Camera_06,16,Warehouse_015,Person,1,0.6666666666666666,3660,5520,/pfs/data6/home/st/st_us-053000/st_st191959/DL-Lab/DataSet/MTMC_Tracking_2025_Preprocessed/val/Warehouse_015/crops/Person_0168/Camera_06/Person_0168_Camera_06_f003660_r007.jpg,None,-1,NOISE,0.0,True,False,0.09104823,-0.09269459,0.09104834,-0.0926945,0.01997841
231,Person_0168,Warehouse_015__Person_0168,65,65,Camera_07,17,Warehouse_015,Person,1,0.6666666666666666,5760,8790,/pfs/data6/home/st/st_us-053000/st_st191959/DL-Lab/DataSet/MTMC_Tracking_2025_Preprocessed/val/Warehouse_015/crops/Person_0168/Camera_07/Person_0168_Camera_07_f005760_r010.jpg,None,115,Warehouse_015__Person_0168,0.7,False,False,0.16969557,-0.12762634,0.1696959,-0.12762654,-0.046275392
264,Person_0168,Warehouse_015__Person_0168,65,65,Camera_08,18,Warehouse_015,Person,1,0.6666666666666666,60,2970,/pfs/data6/home/st/st_us-053000/st_st191959/DL-Lab/DataSet/MTMC_Tracking_2025_Preprocessed/val/Warehouse_015/crops/Person_0168/Camera_08/Person_0168_Camera_08_f000060_r026.jpg,None,115,Warehouse_015__Person_0168,0.7,False,False,0.21634191,-0.10788232,0.21634196,-0.10788188,0.07795001
174,Person_0168,Warehouse_015__Person_0168,65,65,Camera_09,19,Warehouse_015,Person,1,0.6666666666666666,6240,8250,/pfs/data6/home/st/st_us-053000/st_st191959/DL-Lab/DataSet/MTMC_Tracking_2025_Preprocessed/val/Warehouse_015/crops/Person_0168/Camera_09/Person_0168_Camera_09_f006240_r004.jpg,None,-1,NOISE,0.0,True,False,0.15706797,-0.111696295,0.1570679,-0.11169595,0.020138469
597,Person_0168,Warehouse_015__Person_0168,65,65,Camera_10,20,Warehouse_015,Person,1,0.5896147403685092,0,8970,/pfs/data6/home/st/st_us-053000/st_st191959/DL-Lab/DataSet/MTMC_Tracking_2025_Preprocessed/val/Warehouse_015/crops/Person_0168/Camera_10/Person_0168_Camera_10_f000000_r055.jpg,None,115,Warehouse_015__Person_0168,0.7,False,False,0.2022797,-0.12002996,0.20227979,-0.12002964,0.015494457
94,Person_0168,Warehouse_015__Person_0168,65,65,Camera_11,21,Warehouse_015,Person,1,0.6595744680851063,3600,5730,/pfs/data6/home/st/st_us-053000/st_st191959/DL-Lab/DataSet/MTMC_Tracking_2025_Preprocessed/val/Warehouse_015/crops/Person_0168/Camera_11/Person_0168_Camera_11_f003600_r010.jpg,None,-1,NOISE,0.0,True,False,0.19377495,-0.11720713,0.1937751,-0.11720724,-0.19531304
407,Person_0168,Warehouse_015__Person_0168,65,65,Camera_12,22,Warehouse_015,Person,1,0.6093366093366094,1110,8970,/pfs/data6/home/st/st_us-053000/st_st191959/DL-Lab/DataSet/MTMC_Tracking_2025_Preprocessed/val/Warehouse_015/crops/Person_0168/Camera_12/Person_0168_Camera_12_f001110_r056.jpg,None,-1,NOISE,0.0,True,False,0.17063226,-0.1620308,0.17063251,-0.16203019,0.075374454
219,Person_0169,Warehouse_015__Person_0169,66,66,Camera,0,Warehouse_015,Person,1,0.6666666666666666,0,8970,/pfs/data6/home/st/st_us-053000/st_st191959/DL-Lab/DataSet/MTMC_Tracking_2025_Preprocessed/val/Warehouse_015/crops/Person_0169/Camera/Person_0169_Camera_f000000_r003.jpg,None,-1,NOISE,0.0,True,False,0.038220253,0.26195157,0.038220298,0.26195168,0.18238655
695,Person_0169,Warehouse_015__Person_0169,66,66,Camera_01,11,Warehouse_015,Person,1,0.6647482014388489,0,8580,/pfs/data6/home/st/st_us-053000/st_st191959/DL-Lab/DataSet/MTMC_Tracking_2025_Preprocessed/val/Warehouse_015/crops/Person_0169/Camera_01/Person_0169_Camera_01_f000000_r004.jpg,None,53,Warehouse_015__Person_0169,0.8181818181818182,False,False,0.089087054,0.19201605,0.0890872,0.192016,0.14392446
57,Person_0169,Warehouse_015__Person_0169,66,66,Camera_02,12,Warehouse_015,Person,1,0.6666666666666666,1200,7560,/pfs/data6/home/st/st_us-053000/st_st191959/DL-Lab/DataSet/MTMC_Tracking_2025_Preprocessed/val/Warehouse_015/crops/Person_0169/Camera_02/Person_0169_Camera_02_f001200_r002.jpg,None,-1,NOISE,0.0,True,False,0.25047418,-0.10228417,0.2504745,-0.10228397,-0.08582967
564,Person_0169,Warehouse_015__Person_0169,66,66,Camera_03,13,Warehouse_015,Person,1,0.6666666666666666,0,8130,/pfs/data6/home/st/st_us-053000/st_st191959/DL-Lab/DataSet/MTMC_Tracking_2025_Preprocessed/val/Warehouse_015/crops/Person_0169/Camera_03/Person_0169_Camera_03_f000000_r003.jpg,None,53,Warehouse_015__Person_0169,0.8181818181818182,False,False,0.14229126,0.23224758,0.14229126,0.23224726,0.07841819
87,Person_0169,Warehouse_015__Person_0169,66,66,Camera_04,14,Warehouse_015,Person,1,0.6666666666666666,8130,8970,/pfs/data6/home/st/st_us-053000/st_st191959/DL-Lab/DataSet/MTMC_Tracking_2025_Preprocessed/val/Warehouse_015/crops/Person_0169/Camera_04/Person_0169_Camera_04_f008130_r002.jpg,None,53,Warehouse_015__Person_0169,0.8181818181818182,False,False,0.07971028,0.25166848,0.07971031,0.25166884,0.12197123
412,Person_0169,Warehouse_015__Person_0169,66,66,Camera_05,15,Warehouse_015,Person,1,0.6650485436893204,480,5490,/pfs/data6/home/st/st_us-053000/st_st191959/DL-Lab/DataSet/MTMC_Tracking_2025_Preprocessed/val/Warehouse_015/crops/Person_0169/Camera_05/Person_0169_Camera_05_f000480_r003.jpg,None,53,Warehouse_015__Person_0169,0.8181818181818182,False,False,0.095532455,0.24399906,0.0955327,0.24399889,0.13247183
169,Person_0169,Warehouse_015__Person_0169,66,66,Camera_06,16,Warehouse_015,Person,1,0.6627218934911243,1770,3450,/pfs/data6/home/st/st_us-053000/st_st191959/DL-Lab/DataSet/MTMC_Tracking_2025_Preprocessed/val/Warehouse_015/crops/Person_0169/Camera_06/Person_0169_Camera_06_f001770_r000.jpg,None,53,Warehouse_015__Person_0169,0.8181818181818182,False,False,0.16677754,0.20144288,0.16677788,0.20144288,0.07502015
25,Person_0169,Warehouse_015__Person_0169,66,66,Camera_07,17,Warehouse_015,Person,1,0.64,5340,6420,/pfs/data6/home/st/st_us-053000/st_st191959/DL-Lab/DataSet/MTMC_Tracking_2025_Preprocessed/val/Warehouse_015/crops/Person_0169/Camera_07/Person_0169_Camera_07_f005340_r004.jpg,None,-1,NOISE,0.0,True,False,-0.004624542,0.086303554,-0.004624305,0.08630344,0.2217254
219,Person_0169,Warehouse_015__Person_0169,66,66,Camera_08,18,Warehouse_015,Person,1,0.6666666666666666,240,8970,/pfs/data6/home/st/st_us-053000/st_st191959/DL-Lab/DataSet/MTMC_Tracking_2025_Preprocessed/val/Warehouse_015/crops/Person_0169/Camera_08/Person_0169_Camera_08_f000240_r004.jpg,None,53,Warehouse_015__Person_0169,0.8181818181818182,False,False,0.12659629,0.23860236,0.1265964,0.2386026,0.1410222
809,Person_0169,Warehouse_015__Person_0169,66,66,Camera_10,20,Warehouse_015,Person,1,0.6378244746600742,0,8970,/pfs/data6/home/st/st_us-053000/st_st191959/DL-Lab/DataSet/MTMC_Tracking_2025_Preprocessed/val/Warehouse_015/crops/Person_0169/Camera_10/Person_0169_Camera_10_f000000_r006.jpg,None,53,Warehouse_015__Person_0169,0.8181818181818182,False,False,0.12937012,0.17868778,0.12937032,0.1786878,0.1353242
159,Person_0169,Warehouse_015__Person_0169,66,66,Camera_11,21,Warehouse_015,Person,1,0.6666666666666666,1740,3480,/pfs/data6/home/st/st_us-053000/st_st191959/DL-Lab/DataSet/MTMC_Tracking_2025_Preprocessed/val/Warehouse_015/crops/Person_0169/Camera_11/Person_0169_Camera_11_f001740_r001.jpg,None,53,Warehouse_015__Person_0169,0.8181818181818182,False,False,0.14967158,0.18462642,0.14967175,0.18462615,0.07678577
611,Person_0169,Warehouse_015__Person_0169,66,66,Camera_12,22,Warehouse_015,Person,1,0.6546644844517185,0,8970,/pfs/data6/home/st/st_us-053000/st_st191959/DL-Lab/DataSet/MTMC_Tracking_2025_Preprocessed/val/Warehouse_015/crops/Person_0169/Camera_12/Person_0169_Camera_12_f000000_r007.jpg,None,53,Warehouse_015__Person_0169,0.8181818181818182,False,False,0.15345049,0.20952609,0.15345062,0.20952612,0.09898414
486,Person_0170,Warehouse_015__Person_0170,67,67,Camera,0,Warehouse_015,Person,1,0.6625514403292181,0,8970,/pfs/data6/home/st/st_us-053000/st_st191959/DL-Lab/DataSet/MTMC_Tracking_2025_Preprocessed/val/Warehouse_015/crops/Person_0170/Camera/Person_0170_Camera_f000000_r002.jpg,None,-1,NOISE,0.0,True,False,0.09405486,0.32315883,0.09405441,0.3231582,0.12595756
526,Person_0170,Warehouse_015__Person_0170,67,67,Camera_01,11,Warehouse_015,Person,1,0.4828897338403042,210,8970,/pfs/data6/home/st/st_us-053000/st_st191959/DL-Lab/DataSet/MTMC_Tracking_2025_Preprocessed/val/Warehouse_015/crops/Person_0170/Camera_01/Person_0170_Camera_01_f000210_r006.jpg,None,59,Warehouse_015__Person_0170,0.6666666666666666,False,False,0.18420772,0.18308792,0.18420783,0.18308806,0.060286995
549,Person_0170,Warehouse_015__Person_0170,67,67,Camera_03,13,Warehouse_015,Person,1,0.5391621129326047,270,8970,/pfs/data6/home/st/st_us-053000/st_st191959/DL-Lab/DataSet/MTMC_Tracking_2025_Preprocessed/val/Warehouse_015/crops/Person_0170/Camera_03/Person_0170_Camera_03_f000270_r004.jpg,None,-1,NOISE,0.0,True,False,0.15947452,0.27054623,0.15947448,0.27054638,0.04731189
442,Person_0170,Warehouse_015__Person_0170,67,67,Camera_04,14,Warehouse_015,Person,1,0.665158371040724,0,8970,/pfs/data6/home/st/st_us-053000/st_st191959/DL-Lab/DataSet/MTMC_Tracking_2025_Preprocessed/val/Warehouse_015/crops/Person_0170/Camera_04/Person_0170_Camera_04_f000000_r001.jpg,None,-1,NOISE,0.0,True,False,0.04003775,0.27738917,0.04003731,0.27738833,0.17352606
1,Person_0170,Warehouse_015__Person_0170,67,67,Camera_05,15,Warehouse_015,Person,0,0.0,3900,3900,/pfs/data6/home/st/st_us-053000/st_st191959/DL-Lab/DataSet/MTMC_Tracking_2025_Preprocessed/val/Warehouse_015/crops/Person_0170/Camera_05/Person_0170_Camera_05_f003900_r003.jpg,None,-1,NOISE,0.0,True,False,0.27292436,0.08214021,0.27292445,0.08214136,-0.06555017
363,Person_0170,Warehouse_015__Person_0170,67,67,Camera_07,17,Warehouse_015,Person,1,0.6611570247933884,480,8970,/pfs/data6/home/st/st_us-053000/st_st191959/DL-Lab/DataSet/MTMC_Tracking_2025_Preprocessed/val/Warehouse_015/crops/Person_0170/Camera_07/Person_0170_Camera_07_f000480_r002.jpg,None,-1,NOISE,0.0,True,False,-0.25484666,0.051850267,-0.25484627,0.051850256,-0.033845674
210,Person_0170,Warehouse_015__Person_0170,67,67,Camera_08,18,Warehouse_015,Person,1,0.638095238095238,210,8880,/pfs/data6/home/st/st_us-053000/st_st191959/DL-Lab/DataSet/MTMC_Tracking_2025_Preprocessed/val/Warehouse_015/crops/Person_0170/Camera_08/Person_0170_Camera_08_f000210_r004.jpg,None,-1,NOISE,0.0,True,False,-0.24941906,0.3407979,-0.24941936,0.34079763,0.12964481
426,Person_0170,Warehouse_015__Person_0170,67,67,Camera_09,19,Warehouse_015,Person,1,0.6666666666666666,720,5190,/pfs/data6/home/st/st_us-053000/st_st191959/DL-Lab/DataSet/MTMC_Tracking_2025_Preprocessed/val/Warehouse_015/crops/Person_0170/Camera_09/Person_0170_Camera_09_f000720_r000.jpg,None,-1,NOISE,0.0,True,False,0.0941153,0.26002786,0.094114944,0.26002753,0.18202299
527,Person_0170,Warehouse_015__Person_0170,67,67,Camera_10,20,Warehouse_015,Person,1,0.4819734345351044,0,8970,/pfs/data6/home/st/st_us-053000/st_st191959/DL-Lab/DataSet/MTMC_Tracking_2025_Preprocessed/val/Warehouse_015/crops/Person_0170/Camera_10/Person_0170_Camera_10_f000000_r005.jpg,None,59,Warehouse_015__Person_0170,0.6666666666666666,False,False,0.08963158,0.25690436,0.08963169,0.25690433,0.112468265
107,Person_0170,Warehouse_015__Person_0170,67,67,Camera_12,22,Warehouse_015,Person,1,0.6542056074766355,3600,8970,/pfs/data6/home/st/st_us-053000/st_st191959/DL-Lab/DataSet/MTMC_Tracking_2025_Preprocessed/val/Warehouse_015/crops/Person_0170/Camera_12/Person_0170_Camera_12_f003600_r007.jpg,None,-1,NOISE,0.0,True,False,0.14955845,0.1783598,0.1495583,0.17835939,0.032089066
327,Person_0171,Warehouse_015__Person_0171,68,68,Camera,0,Warehouse_015,Person,1,0.654434250764526,0,8970,/pfs/data6/home/st/st_us-053000/st_st191959/DL-Lab/DataSet/MTMC_Tracking_2025_Preprocessed/val/Warehouse_015/crops/Person_0171/Camera/Person_0171_Camera_f000000_r010.jpg,None,107,Warehouse_015__Person_0171,1.0,False,False,0.0491093,-0.25456998,0.049109913,-0.25456977,0.017614309
766,Person_0171,Warehouse_015__Person_0171,68,68,Camera_01,11,Warehouse_015,Person,1,0.6109660574412533,0,8970,/pfs/data6/home/st/st_us-053000/st_st191959/DL-Lab/DataSet/MTMC_Tracking_2025_Preprocessed/val/Warehouse_015/crops/Person_0171/Camera_01/Person_0171_Camera_01_f000000_r018.jpg,None,106,Warehouse_015__Person_0173,0.5,False,True,0.14889926,-0.20289402,0.14889987,-0.20289378,-0.030991599
16,Person_0171,Warehouse_015__Person_0171,68,68,Camera_02,12,Warehouse_015,Person,1,0.375,3660,3960,/pfs/data6/home/st/st_us-053000/st_st191959/DL-Lab/DataSet/MTMC_Tracking_2025_Preprocessed/val/Warehouse_015/crops/Person_0171/Camera_02/Person_0171_Camera_02_f003660_r002.jpg,None,-1,NOISE,0.0,True,False,0.12981918,-0.2489296,0.12981947,-0.2489293,-0.18328968
655,Person_0171,Warehouse_015__Person_0171,68,68,Camera_03,13,Warehouse_015,Person,1,0.665648854961832,0,8970,/pfs/data6/home/st/st_us-053000/st_st191959/DL-Lab/DataSet/MTMC_Tracking_2025_Preprocessed/val/Warehouse_015/crops/Person_0171/Camera_03/Person_0171_Camera_03_f000000_r013.jpg,None,106,Warehouse_015__Person_0173,0.5,False,True,0.13276257,-0.23377782,0.13276325,-0.23377736,0.013586659
42,Person_0171,Warehouse_015__Person_0171,68,68,Camera_04,14,Warehouse_015,Person,1,0.6666666666666666,240,960,/pfs/data6/home/st/st_us-053000/st_st191959/DL-Lab/DataSet/MTMC_Tracking_2025_Preprocessed/val/Warehouse_015/crops/Person_0171/Camera_04/Person_0171_Camera_04_f000240_r005.jpg,None,-1,NOISE,0.0,True,False,0.0646413,-0.17492506,0.06464184,-0.17492452,-0.11780398
431,Person_0171,Warehouse_015__Person_0171,68,68,Camera_05,15,Warehouse_015,Person,1,0.654292343387471,3330,8970,/pfs/data6/home/st/st_us-053000/st_st191959/DL-Lab/DataSet/MTMC_Tracking_2025_Preprocessed/val/Warehouse_015/crops/Person_0171/Camera_05/Person_0171_Camera_05_f003330_r010.jpg,None,106,Warehouse_015__Person_0173,0.5,False,True,0.03605948,-0.23508738,0.036060277,-0.23508714,0.034061246
108,Person_0171,Warehouse_015__Person_0171,68,68,Camera_06,16,Warehouse_015,Person,1,0.6666666666666666,4440,7530,/pfs/data6/home/st/st_us-053000/st_st191959/DL-Lab/DataSet/MTMC_Tracking_2025_Preprocessed/val/Warehouse_015/crops/Person_0171/Camera_06/Person_0171_Camera_06_f004440_r002.jpg,None,-1,NOISE,0.0,True,False,-0.14262535,-0.19533587,-0.14262491,-0.19533591,0.067739435
316,Person_0171,Warehouse_015__Person_0171,68,68,Camera_07,17,Warehouse_015,Person,1,0.6582278481012658,0,8970,/pfs/data6/home/st/st_us-053000/st_st191959/DL-Lab/DataSet/MTMC_Tracking_2025_Preprocessed/val/Warehouse_015/crops/Person_0171/Camera_07/Person_0171_Camera_07_f000000_r005.jpg,None,106,Warehouse_015__Person_0173,0.5,False,True,0.08358195,-0.26422065,0.08358258,-0.26422048,0.006038067
129,Person_0171,Warehouse_015__Person_0171,68,68,Camera_09,19,Warehouse_015,Person,1,0.6666666666666666,540,8850,/pfs/data6/home/st/st_us-053000/st_st191959/DL-Lab/DataSet/MTMC_Tracking_2025_Preprocessed/val/Warehouse_015/crops/Person_0171/Camera_09/Person_0171_Camera_09_f000540_r001.jpg,None,-1,NOISE,0.0,True,False,-0.052804396,-0.24470767,-0.052803647,-0.24470748,0.048609763
824,Person_0171,Warehouse_015__Person_0171,68,68,Camera_10,20,Warehouse_015,Person,1,0.6480582524271845,0,8970,/pfs/data6/home/st/st_us-053000/st_st191959/DL-Lab/DataSet/MTMC_Tracking_2025_Preprocessed/val/Warehouse_015/crops/Person_0171/Camera_10/Person_0171_Camera_10_f000000_r024.jpg,None,107,Warehouse_015__Person_0171,1.0,False,False,0.08369462,-0.24664226,0.08369517,-0.24664198,-0.010395847
84,Person_0171,Warehouse_015__Person_0171,68,68,Camera_11,21,Warehouse_015,Person,1,0.6666666666666666,4530,6240,/pfs/data6/home/st/st_us-053000/st_st191959/DL-Lab/DataSet/MTMC_Tracking_2025_Preprocessed/val/Warehouse_015/crops/Person_0171/Camera_11/Person_0171_Camera_11_f004530_r002.jpg,None,-1,NOISE,0.0,True,False,0.06866094,-0.22289236,0.068661764,-0.22289194,0.0066772085
671,Person_0171,Warehouse_015__Person_0171,68,68,Camera_12,22,Warehouse_015,Person,1,0.6587183308494784,0,8970,/pfs/data6/home/st/st_us-053000/st_st191959/DL-Lab/DataSet/MTMC_Tracking_2025_Preprocessed/val/Warehouse_015/crops/Person_0171/Camera_12/Person_0171_Camera_12_f000000_r020.jpg,None,107,Warehouse_015__Person_0171,1.0,False,False,0.055915967,-0.24512309,0.055916477,-0.2451228,-0.007372413
396,Person_0172,Warehouse_015__Person_0172,69,69,Camera,0,Warehouse_015,Person,1,0.6565656565656566,0,8970,/pfs/data6/home/st/st_us-053000/st_st191959/DL-Lab/DataSet/MTMC_Tracking_2025_Preprocessed/val/Warehouse_015/crops/Person_0172/Camera/Person_0172_Camera_f000000_r017.jpg,None,81,Warehouse_015__Person_0172,1.0,False,False,-0.042203512,-0.15861842,-0.042203404,-0.15861848,0.10833261
524,Person_0172,Warehouse_015__Person_0172,69,69,Camera_01,11,Warehouse_015,Person,1,0.6030534351145038,270,7710,/pfs/data6/home/st/st_us-053000/st_st191959/DL-Lab/DataSet/MTMC_Tracking_2025_Preprocessed/val/Warehouse_015/crops/Person_0172/Camera_01/Person_0172_Camera_01_f000270_r044.jpg,None,81,Warehouse_015__Person_0172,1.0,False,False,-0.023184944,-0.17388804,-0.023184735,-0.17388803,0.07225654
48,Person_0172,Warehouse_015__Person_0172,69,69,Camera_02,12,Warehouse_015,Person,1,0.6666666666666666,4860,5460,/pfs/data6/home/st/st_us-053000/st_st191959/DL-Lab/DataSet/MTMC_Tracking_2025_Preprocessed/val/Warehouse_015/crops/Person_0172/Camera_02/Person_0172_Camera_02_f004860_r012.jpg,None,88,Warehouse_015__Person_0172,1.0,False,False,0.061341144,-0.09743015,0.061341126,-0.09742985,0.03160797
390,Person_0172,Warehouse_015__Person_0172,69,69,Camera_03,13,Warehouse_015,Person,1,0.6461538461538462,900,7620,/pfs/data6/home/st/st_us-053000/st_st191959/DL-Lab/DataSet/MTMC_Tracking_2025_Preprocessed/val/Warehouse_015/crops/Person_0172/Camera_03/Person_0172_Camera_03_f000900_r034.jpg,None,81,Warehouse_015__Person_0172,1.0,False,False,-0.1066845,-0.12526791,-0.106684595,-0.12526809,0.12871373
333,Person_0172,Warehouse_015__Person_0172,69,69,Camera_04,14,Warehouse_015,Person,1,0.6666666666666666,0,8970,/pfs/data6/home/st/st_us-053000/st_st191959/DL-Lab/DataSet/MTMC_Tracking_2025_Preprocessed/val/Warehouse_015/crops/Person_0172/Camera_04/Person_0172_Camera_04_f000000_r010.jpg,None,81,Warehouse_015__Person_0172,1.0,False,False,-0.019964645,-0.12947193,-0.019964721,-0.12947232,0.10054651
190,Person_0172,Warehouse_015__Person_0172,69,69,Camera_05,15,Warehouse_015,Person,1,0.6631578947368421,2910,5550,/pfs/data6/home/st/st_us-053000/st_st191959/DL-Lab/DataSet/MTMC_Tracking_2025_Preprocessed/val/Warehouse_015/crops/Person_0172/Camera_05/Person_0172_Camera_05_f002910_r018.jpg,None,81,Warehouse_015__Person_0172,1.0,False,False,-0.13166328,-0.1965914,-0.13166316,-0.19659156,0.14165339
33,Person_0172,Warehouse_015__Person_0172,69,69,Camera_07,17,Warehouse_015,Person,1,0.6666666666666666,2250,2550,/pfs/data6/home/st/st_us-053000/st_st191959/DL-Lab/DataSet/MTMC_Tracking_2025_Preprocessed/val/Warehouse_015/crops/Person_0172/Camera_07/Person_0172_Camera_07_f002250_r013.jpg,None,-1,NOISE,0.0,True,False,-0.3367367,-0.042577866,-0.33673716,-0.042577527,0.14621486
377,Person_0172,Warehouse_015__Person_0172,69,69,Camera_08,18,Warehouse_015,Person,1,0.6472148541114059,0,8970,/pfs/data6/home/st/st_us-053000/st_st191959/DL-Lab/DataSet/MTMC_Tracking_2025_Preprocessed/val/Warehouse_015/crops/Person_0172/Camera_08/Person_0172_Camera_08_f000000_r020.jpg,None,-1,NOISE,0.0,True,False,-0.011099302,-0.083413795,-0.01109934,-0.083413504,0.06932369
18,Person_0172,Warehouse_015__Person_0172,69,69,Camera_09,19,Warehouse_015,Person,1,0.6666666666666666,1260,1410,/pfs/data6/home/st/st_us-053000/st_st191959/DL-Lab/DataSet/MTMC_Tracking_2025_Preprocessed/val/Warehouse_015/crops/Person_0172/Camera_09/Person_0172_Camera_09_f001260_r008.jpg,None,-1,NOISE,0.0,True,False,-0.30169028,-0.14314453,-0.30169055,-0.14314456,0.076413
487,Person_0172,Warehouse_015__Person_0172,69,69,Camera_10,20,Warehouse_015,Person,1,0.5051334702258727,0,8970,/pfs/data6/home/st/st_us-053000/st_st191959/DL-Lab/DataSet/MTMC_Tracking_2025_Preprocessed/val/Warehouse_015/crops/Person_0172/Camera_10/Person_0172_Camera_10_f000000_r046.jpg,None,88,Warehouse_015__Person_0172,1.0,False,False,0.079534866,-0.08849905,0.07953502,-0.08849859,0.028372
25,Person_0172,Warehouse_015__Person_0172,69,69,Camera_11,21,Warehouse_015,Person,1,0.64,4680,4920,/pfs/data6/home/st/st_us-053000/st_st191959/DL-Lab/DataSet/MTMC_Tracking_2025_Preprocessed/val/Warehouse_015/crops/Person_0172/Camera_11/Person_0172_Camera_11_f004680_r007.jpg,None,-1,NOISE,0.0,True,False,-0.21549818,-0.16631995,-0.21549827,-0.16632037,0.0944756
387,Person_0172,Warehouse_015__Person_0172,69,69,Camera_12,22,Warehouse_015,Person,1,0.5633074935400517,2280,7530,/pfs/data6/home/st/st_us-053000/st_st191959/DL-Lab/DataSet/MTMC_Tracking_2025_Preprocessed/val/Warehouse_015/crops/Person_0172/Camera_12/Person_0172_Camera_12_f002280_r042.jpg,None,88,Warehouse_015__Person_0172,1.0,False,False,0.075243026,-0.059464112,0.07524312,-0.059463788,-0.0019985475
436,Person_0173,Warehouse_015__Person_0173,70,70,Camera,0,Warehouse_015,Person,1,0.6651376146788991,0,6450,/pfs/data6/home/st/st_us-053000/st_st191959/DL-Lab/DataSet/MTMC_Tracking_2025_Preprocessed/val/Warehouse_015/crops/Person_0173/Camera/Person_0173_Camera_f000000_r009.jpg,None,106,Warehouse_015__Person_0173,0.5,False,False,0.07519661,-0.24821766,0.075197086,-0.24821755,0.16616869
634,Person_0173,Warehouse_015__Person_0173,70,70,Camera_01,11,Warehouse_015,Person,1,0.5962145110410094,210,8940,/pfs/data6/home/st/st_us-053000/st_st191959/DL-Lab/DataSet/MTMC_Tracking_2025_Preprocessed/val/Warehouse_015/crops/Person_0173/Camera_01/Person_0173_Camera_01_f000210_r021.jpg,None,106,Warehouse_015__Person_0173,0.5,False,False,0.14214902,-0.21662946,0.14214955,-0.21662937,0.07687372
12,Person_0173,Warehouse_015__Person_0173,70,70,Camera_02,12,Warehouse_015,Person,1,0.6666666666666666,8580,8670,/pfs/data6/home/st/st_us-053000/st_st191959/DL-Lab/DataSet/MTMC_Tracking_2025_Preprocessed/val/Warehouse_015/crops/Person_0173/Camera_02/Person_0173_Camera_02_f008580_r003.jpg,None,-1,NOISE,0.0,True,False,-0.21169782,-0.17400815,-0.21169773,-0.17400855,0.1541411
788,Person_0173,Warehouse_015__Person_0173,70,70,Camera_03,13,Warehouse_015,Person,1,0.6522842639593909,180,8970,/pfs/data6/home/st/st_us-053000/st_st191959/DL-Lab/DataSet/MTMC_Tracking_2025_Preprocessed/val/Warehouse_015/crops/Person_0173/Camera_03/Person_0173_Camera_03_f000180_r013.jpg,None,106,Warehouse_015__Person_0173,0.5,False,False,0.11384647,-0.20128728,0.11384694,-0.20128736,0.06200941
223,Person_0173,Warehouse_015__Person_0173,70,70,Camera_04,14,Warehouse_015,Person,1,0.6636771300448431,0,6120,/pfs/data6/home/st/st_us-053000/st_st191959/DL-Lab/DataSet/MTMC_Tracking_2025_Preprocessed/val/Warehouse_015/crops/Person_0173/Camera_04/Person_0173_Camera_04_f000000_r005.jpg,None,106,Warehouse_015__Person_0173,0.5,False,False,0.11154684,-0.22157481,0.11154729,-0.22157481,0.12125863
118,Person_0173,Warehouse_015__Person_0173,70,70,Camera_05,15,Warehouse_015,Person,1,0.6610169491525424,6720,7890,/pfs/data6/home/st/st_us-053000/st_st191959/DL-Lab/DataSet/MTMC_Tracking_2025_Preprocessed/val/Warehouse_015/crops/Person_0173/Camera_05/Person_0173_Camera_05_f006720_r009.jpg,None,-1,NOISE,0.0,True,False,0.037264206,-0.2037906,0.037264615,-0.2037907,0.06954148
230,Person_0173,Warehouse_015__Person_0173,70,70,Camera_07,17,Warehouse_015,Person,1,0.6608695652173913,1920,6480,/pfs/data6/home/st/st_us-053000/st_st191959/DL-Lab/DataSet/MTMC_Tracking_2025_Preprocessed/val/Warehouse_015/crops/Person_0173/Camera_07/Person_0173_Camera_07_f001920_r004.jpg,None,106,Warehouse_015__Person_0173,0.5,False,False,0.07674954,-0.22271164,0.07675005,-0.22271155,0.10733941
215,Person_0173,Warehouse_015__Person_0173,70,70,Camera_08,18,Warehouse_015,Person,1,0.6511627906976745,0,8970,/pfs/data6/home/st/st_us-053000/st_st191959/DL-Lab/DataSet/MTMC_Tracking_2025_Preprocessed/val/Warehouse_015/crops/Person_0173/Camera_08/Person_0173_Camera_08_f000000_r009.jpg,None,106,Warehouse_015__Person_0173,0.5,False,False,0.08354604,-0.21281359,0.08354648,-0.21281363,0.10640408
174,Person_0173,Warehouse_015__Person_0173,70,70,Camera_09,19,Warehouse_015,Person,1,0.6666666666666666,2160,4500,/pfs/data6/home/st/st_us-053000/st_st191959/DL-Lab/DataSet/MTMC_Tracking_2025_Preprocessed/val/Warehouse_015/crops/Person_0173/Camera_09/Person_0173_Camera_09_f002160_r001.jpg,None,-1,NOISE,0.0,True,False,0.09783971,-0.22162917,0.09784015,-0.2216291,0.07265733
703,Person_0173,Warehouse_015__Person_0173,70,70,Camera_10,20,Warehouse_015,Person,1,0.5945945945945946,150,8970,/pfs/data6/home/st/st_us-053000/st_st191959/DL-Lab/DataSet/MTMC_Tracking_2025_Preprocessed/val/Warehouse_015/crops/Person_0173/Camera_10/Person_0173_Camera_10_f000150_r022.jpg,None,106,Warehouse_015__Person_0173,0.5,False,False,0.18808538,-0.20553605,0.18808585,-0.20553574,0.035123885
601,Person_0173,Warehouse_015__Person_0173,70,70,Camera_12,22,Warehouse_015,Person,1,0.6622296173044925,210,8940,/pfs/data6/home/st/st_us-053000/st_st191959/DL-Lab/DataSet/MTMC_Tracking_2025_Preprocessed/val/Warehouse_015/crops/Person_0173/Camera_12/Person_0173_Camera_12_f000210_r022.jpg,None,106,Warehouse_015__Person_0173,0.5,False,False,0.11174957,-0.22305746,0.11175,-0.22305751,0.13500525
334,Person_0174,Warehouse_015__Person_0174,71,71,Camera,0,Warehouse_015,Person,1,0.6407185628742516,0,8220,/pfs/data6/home/st/st_us-053000/st_st191959/DL-Lab/DataSet/MTMC_Tracking_2025_Preprocessed/val/Warehouse_015/crops/Person_0174/Camera/Person_0174_Camera_f000000_r016.jpg,None,-1,NOISE,0.0,True,False,0.09209009,-0.2203242,0.09209019,-0.22032358,0.035428323
586,Person_0174,Warehouse_015__Person_0174,71,71,Camera_01,11,Warehouse_015,Person,1,0.6075085324232082,360,8970,/pfs/data6/home/st/st_us-053000/st_st191959/DL-Lab/DataSet/MTMC_Tracking_2025_Preprocessed/val/Warehouse_015/crops/Person_0174/Camera_01/Person_0174_Camera_01_f000360_r042.jpg,None,116,Warehouse_015__Person_0235,0.5714285714285714,False,True,0.19733094,-0.14083345,0.1973312,-0.14083287,-0.0133106485
752,Person_0174,Warehouse_015__Person_0174,71,71,Camera_03,13,Warehouse_015,Person,1,0.6622340425531915,210,8970,/pfs/data6/home/st/st_us-053000/st_st191959/DL-Lab/DataSet/MTMC_Tracking_2025_Preprocessed/val/Warehouse_015/crops/Person_0174/Camera_03/Person_0174_Camera_03_f000210_r028.jpg,None,-1,NOISE,0.0,True,False,0.14712511,-0.16440777,0.1471253,-0.16440718,0.0612664
189,Person_0174,Warehouse_015__Person_0174,71,71,Camera_04,14,Warehouse_015,Person,1,0.6666666666666666,0,8250,/pfs/data6/home/st/st_us-053000/st_st191959/DL-Lab/DataSet/MTMC_Tracking_2025_Preprocessed/val/Warehouse_015/crops/Person_0174/Camera_04/Person_0174_Camera_04_f000000_r009.jpg,None,-1,NOISE,0.0,True,False,0.130773,-0.20570633,0.13077298,-0.20570558,0.07899103
271,Person_0174,Warehouse_015__Person_0174,71,71,Camera_05,15,Warehouse_015,Person,1,0.6642066420664207,3990,8970,/pfs/data6/home/st/st_us-053000/st_st191959/DL-Lab/DataSet/MTMC_Tracking_2025_Preprocessed/val/Warehouse_015/crops/Person_0174/Camera_05/Person_0174_Camera_05_f003990_r018.jpg,None,-1,NOISE,0.0,True,False,0.071588755,-0.13169868,0.07158905,-0.1316982,0.09200057
66,Person_0174,Warehouse_015__Person_0174,71,71,Camera_06,16,Warehouse_015,Person,1,0.6666666666666666,4440,6600,/pfs/data6/home/st/st_us-053000/st_st191959/DL-Lab/DataSet/MTMC_Tracking_2025_Preprocessed/val/Warehouse_015/crops/Person_0174/Camera_06/Person_0174_Camera_06_f004440_r005.jpg,None,-1,NOISE,0.0,True,False,0.01656948,-0.15182449,0.016569348,-0.15182456,0.035865463
90,Person_0174,Warehouse_015__Person_0174,71,71,Camera_07,17,Warehouse_015,Person,1,0.6666666666666666,2730,5220,/pfs/data6/home/st/st_us-053000/st_st191959/DL-Lab/DataSet/MTMC_Tracking_2025_Preprocessed/val/Warehouse_015/crops/Person_0174/Camera_07/Person_0174_Camera_07_f002730_r007.jpg,None,-1,NOISE,0.0,True,False,0.21253541,-0.16769926,0.21253559,-0.16769855,-0.13873163
337,Person_0174,Warehouse_015__Person_0174,71,71,Camera_08,18,Warehouse_015,Person,1,0.6646884272997032,0,8490,/pfs/data6/home/st/st_us-053000/st_st191959/DL-Lab/DataSet/MTMC_Tracking_2025_Preprocessed/val/Warehouse_015/crops/Person_0174/Camera_08/Person_0174_Camera_08_f000000_r016.jpg,None,-1,NOISE,0.0,True,False,0.12927967,-0.18405895,0.12927957,-0.18405832,0.059412774
18,Person_0174,Warehouse_015__Person_0174,71,71,Camera_09,19,Warehouse_015,Person,1,0.6666666666666666,3180,3330,/pfs/data6/home/st/st_us-053000/st_st191959/DL-Lab/DataSet/MTMC_Tracking_2025_Preprocessed/val/Warehouse_015/crops/Person_0174/Camera_09/Person_0174_Camera_09_f003180_r003.jpg,None,-1,NOISE,0.0,True,False,-0.21262935,-0.25960097,-0.21262918,-0.2596006,0.20217516
720,Person_0174,Warehouse_015__Person_0174,71,71,Camera_10,20,Warehouse_015,Person,1,0.5972222222222222,0,8970,/pfs/data6/home/st/st_us-053000/st_st191959/DL-Lab/DataSet/MTMC_Tracking_2025_Preprocessed/val/Warehouse_015/crops/Person_0174/Camera_10/Person_0174_Camera_10_f000000_r040.jpg,None,-1,NOISE,0.0,True,False,0.18893379,-0.22534503,0.18893406,-0.22534415,0.012862399
60,Person_0174,Warehouse_015__Person_0174,71,71,Camera_11,21,Warehouse_015,Person,1,0.6666666666666666,4380,6540,/pfs/data6/home/st/st_us-053000/st_st191959/DL-Lab/DataSet/MTMC_Tracking_2025_Preprocessed/val/Warehouse_015/crops/Person_0174/Camera_11/Person_0174_Camera_11_f004380_r006.jpg,None,-1,NOISE,0.0,True,False,0.025402587,-0.19624043,0.02540286,-0.19623989,0.057566017
697,Person_0174,Warehouse_015__Person_0174,71,71,Camera_12,22,Warehouse_015,Person,1,0.6513629842180775,210,8970,/pfs/data6/home/st/st_us-053000/st_st191959/DL-Lab/DataSet/MTMC_Tracking_2025_Preprocessed/val/Warehouse_015/crops/Person_0174/Camera_12/Person_0174_Camera_12_f000210_r035.jpg,None,-1,NOISE,0.0,True,False,0.18363532,-0.14773986,0.18363534,-0.1477391,0.0484826
48,Person_0175,Warehouse_015__Person_0175,72,72,Camera,0,Warehouse_015,Person,1,0.6666666666666666,5820,8970,/pfs/data6/home/st/st_us-053000/st_st191959/DL-Lab/DataSet/MTMC_Tracking_2025_Preprocessed/val/Warehouse_015/crops/Person_0175/Camera/Person_0175_Camera_f005820_r002.jpg,None,-1,NOISE,0.0,True,False,-0.36019832,-0.07900564,-0.36019874,-0.079005234,0.09357758
614,Person_0175,Warehouse_015__Person_0175,72,72,Camera_01,11,Warehouse_015,Person,1,0.6644951140065146,330,8970,/pfs/data6/home/st/st_us-053000/st_st191959/DL-Lab/DataSet/MTMC_Tracking_2025_Preprocessed/val/Warehouse_015/crops/Person_0175/Camera_01/Person_0175_Camera_01_f000330_r005.jpg,None,91,Warehouse_015__Person_0175,1.0,False,False,0.03504491,-0.18998535,0.035045195,-0.18998507,0.12623219
24,Person_0175,Warehouse_015__Person_0175,72,72,Camera_02,12,Warehouse_015,Person,1,0.6666666666666666,1650,1890,/pfs/data6/home/st/st_us-053000/st_st191959/DL-Lab/DataSet/MTMC_Tracking_2025_Preprocessed/val/Warehouse_015/crops/Person_0175/Camera_02/Person_0175_Camera_02_f001650_r000.jpg,None,-1,NOISE,0.0,True,False,-0.26232624,-0.22816652,-0.26232618,-0.2281659,0.15674557
397,Person_0175,Warehouse_015__Person_0175,72,72,Camera_03,13,Warehouse_015,Person,1,0.6649874055415617,270,8970,/pfs/data6/home/st/st_us-053000/st_st191959/DL-Lab/DataSet/MTMC_Tracking_2025_Preprocessed/val/Warehouse_015/crops/Person_0175/Camera_03/Person_0175_Camera_03_f000270_r003.jpg,None,91,Warehouse_015__Person_0175,1.0,False,False,-0.02609047,-0.18375131,-0.026090266,-0.18375094,0.19786881
42,Person_0175,Warehouse_015__Person_0175,72,72,Camera_04,14,Warehouse_015,Person,1,0.6666666666666666,0,900,/pfs/data6/home/st/st_us-053000/st_st191959/DL-Lab/DataSet/MTMC_Tracking_2025_Preprocessed/val/Warehouse_015/crops/Person_0175/Camera_04/Person_0175_Camera_04_f000000_r000.jpg,None,-1,NOISE,0.0,True,False,-0.01813057,-0.2120436,-0.018130673,-0.21204323,0.1791503
459,Person_0175,Warehouse_015__Person_0175,72,72,Camera_05,15,Warehouse_015,Person,1,0.6623093681917211,2760,7920,/pfs/data6/home/st/st_us-053000/st_st191959/DL-Lab/DataSet/MTMC_Tracking_2025_Preprocessed/val/Warehouse_015/crops/Person_0175/Camera_05/Person_0175_Camera_05_f002760_r002.jpg,None,91,Warehouse_015__Person_0175,1.0,False,False,0.0177949,-0.13903709,0.01779507,-0.13903727,0.1786819
189,Person_0175,Warehouse_015__Person_0175,72,72,Camera_06,16,Warehouse_015,Person,1,0.6455026455026455,3180,7650,/pfs/data6/home/st/st_us-053000/st_st191959/DL-Lab/DataSet/MTMC_Tracking_2025_Preprocessed/val/Warehouse_015/crops/Person_0175/Camera_06/Person_0175_Camera_06_f003180_r001.jpg,None,91,Warehouse_015__Person_0175,1.0,False,False,0.014563361,-0.20919734,0.01456346,-0.20919691,0.14355174
103,Person_0175,Warehouse_015__Person_0175,72,72,Camera_07,17,Warehouse_015,Person,1,0.6601941747572816,3990,8970,/pfs/data6/home/st/st_us-053000/st_st191959/DL-Lab/DataSet/MTMC_Tracking_2025_Preprocessed/val/Warehouse_015/crops/Person_0175/Camera_07/Person_0175_Camera_07_f003990_r002.jpg,None,91,Warehouse_015__Person_0175,1.0,False,False,0.07652927,-0.22616705,0.07652955,-0.22616641,0.092721015
203,Person_0175,Warehouse_015__Person_0175,72,72,Camera_08,18,Warehouse_015,Person,1,0.6206896551724138,0,2400,/pfs/data6/home/st/st_us-053000/st_st191959/DL-Lab/DataSet/MTMC_Tracking_2025_Preprocessed/val/Warehouse_015/crops/Person_0175/Camera_08/Person_0175_Camera_08_f000000_r003.jpg,None,-1,NOISE,0.0,True,False,0.16149658,-0.20279811,0.16149645,-0.20279802,0.050544646
812,Person_0175,Warehouse_015__Person_0175,72,72,Camera_10,20,Warehouse_015,Person,1,0.6527093596059114,0,8970,/pfs/data6/home/st/st_us-053000/st_st191959/DL-Lab/DataSet/MTMC_Tracking_2025_Preprocessed/val/Warehouse_015/crops/Person_0175/Camera_10/Person_0175_Camera_10_f000000_r004.jpg,None,91,Warehouse_015__Person_0175,1.0,False,False,0.066379,-0.16586919,0.06637902,-0.1658688,0.114750996
247,Person_0175,Warehouse_015__Person_0175,72,72,Camera_11,21,Warehouse_015,Person,1,0.6639676113360324,3150,7500,/pfs/data6/home/st/st_us-053000/st_st191959/DL-Lab/DataSet/MTMC_Tracking_2025_Preprocessed/val/Warehouse_015/crops/Person_0175/Camera_11/Person_0175_Camera_11_f003150_r001.jpg,None,91,Warehouse_015__Person_0175,1.0,False,False,0.012149221,-0.21301636,0.012149498,-0.21301626,0.11716602
579,Person_0175,Warehouse_015__Person_0175,72,72,Camera_12,22,Warehouse_015,Person,1,0.6493955094991365,0,8970,/pfs/data6/home/st/st_us-053000/st_st191959/DL-Lab/DataSet/MTMC_Tracking_2025_Preprocessed/val/Warehouse_015/crops/Person_0175/Camera_12/Person_0175_Camera_12_f000000_r004.jpg,None,91,Warehouse_015__Person_0175,1.0,False,False,0.073066354,-0.21761961,0.07306638,-0.21761917,0.14877881
544,Person_0176,Warehouse_015__Person_0176,73,73,Camera,0,Warehouse_015,Person,1,0.6654411764705882,0,8970,/pfs/data6/home/st/st_us-053000/st_st191959/DL-Lab/DataSet/MTMC_Tracking_2025_Preprocessed/val/Warehouse_015/crops/Person_0176/Camera/Person_0176_Camera_f000000_r012.jpg,None,50,Warehouse_015__Person_0176,1.0,False,False,-0.06810382,0.12302083,-0.06810427,0.12302086,0.059437837
455,Person_0176,Warehouse_015__Person_0176,73,73,Camera_01,11,Warehouse_015,Person,1,0.41318681318681316,0,8970,/pfs/data6/home/st/st_us-053000/st_st191959/DL-Lab/DataSet/MTMC_Tracking_2025_Preprocessed/val/Warehouse_015/crops/Person_0176/Camera_01/Person_0176_Camera_01_f000000_r023.jpg,None,49,Warehouse_015__Person_0176,1.0,False,False,0.038649578,0.08322816,0.038649615,0.083228596,-0.03174353
696,Person_0176,Warehouse_015__Person_0176,73,73,Camera_03,13,Warehouse_015,Person,1,0.5948275862068966,0,8730,/pfs/data6/home/st/st_us-053000/st_st191959/DL-Lab/DataSet/MTMC_Tracking_2025_Preprocessed/val/Warehouse_015/crops/Person_0176/Camera_03/Person_0176_Camera_03_f000000_r017.jpg,None,49,Warehouse_015__Person_0176,1.0,False,False,0.08615387,0.09300791,0.086153805,0.09300827,-0.07684003
240,Person_0176,Warehouse_015__Person_0176,73,73,Camera_04,14,Warehouse_015,Person,1,0.6666666666666666,0,8970,/pfs/data6/home/st/st_us-053000/st_st191959/DL-Lab/DataSet/MTMC_Tracking_2025_Preprocessed/val/Warehouse_015/crops/Person_0176/Camera_04/Person_0176_Camera_04_f000000_r006.jpg,None,50,Warehouse_015__Person_0176,1.0,False,False,-0.05224064,0.1330225,-0.052240964,0.13302264,0.03939807
96,Person_0176,Warehouse_015__Person_0176,73,73,Camera_05,15,Warehouse_015,Person,1,0.6458333333333334,3060,7140,/pfs/data6/home/st/st_us-053000/st_st191959/DL-Lab/DataSet/MTMC_Tracking_2025_Preprocessed/val/Warehouse_015/crops/Person_0176/Camera_05/Person_0176_Camera_05_f003060_r014.jpg,None,-1,NOISE,0.0,True,False,-0.032046616,0.06781791,-0.03204658,0.06781734,-0.10576233
564,Person_0176,Warehouse_015__Person_0176,73,73,Camera_07,17,Warehouse_015,Person,1,0.6666666666666666,0,7950,/pfs/data6/home/st/st_us-053000/st_st191959/DL-Lab/DataSet/MTMC_Tracking_2025_Preprocessed/val/Warehouse_015/crops/Person_0176/Camera_07/Person_0176_Camera_07_f000000_r008.jpg,None,50,Warehouse_015__Person_0176,1.0,False,False,-0.002584526,0.1493455,-0.0025847268,0.14934546,0.008267893
81,Person_0176,Warehouse_015__Person_0176,73,73,Camera_08,18,Warehouse_015,Person,1,0.5925925925925926,7980,8970,/pfs/data6/home/st/st_us-053000/st_st191959/DL-Lab/DataSet/MTMC_Tracking_2025_Preprocessed/val/Warehouse_015/crops/Person_0176/Camera_08/Person_0176_Camera_08_f007980_r010.jpg,None,50,Warehouse_015__Person_0176,1.0,False,False,-0.058907,0.19927773,-0.05890736,0.199278,0.04669797
316,Person_0176,Warehouse_015__Person_0176,73,73,Camera_09,19,Warehouse_015,Person,1,0.6645569620253164,540,6600,/pfs/data6/home/st/st_us-053000/st_st191959/DL-Lab/DataSet/MTMC_Tracking_2025_Preprocessed/val/Warehouse_015/crops/Person_0176/Camera_09/Person_0176_Camera_09_f000540_r003.jpg,None,50,Warehouse_015__Person_0176,1.0,False,False,-0.12674703,0.08804602,-0.12674734,0.088046014,0.03132694
595,Person_0176,Warehouse_015__Person_0176,73,73,Camera_10,20,Warehouse_015,Person,1,0.5915966386554622,0,8970,/pfs/data6/home/st/st_us-053000/st_st191959/DL-Lab/DataSet/MTMC_Tracking_2025_Preprocessed/val/Warehouse_015/crops/Person_0176/Camera_10/Person_0176_Camera_10_f000000_r029.jpg,None,49,Warehouse_015__Person_0176,1.0,False,False,0.017364366,0.08115386,0.017364323,0.08115436,-0.028103542
487,Person_0176,Warehouse_015__Person_0176,73,73,Camera_12,22,Warehouse_015,Person,1,0.6652977412731006,0,8190,/pfs/data6/home/st/st_us-053000/st_st191959/DL-Lab/DataSet/MTMC_Tracking_2025_Preprocessed/val/Warehouse_015/crops/Person_0176/Camera_12/Person_0176_Camera_12_f000000_r026.jpg,None,50,Warehouse_015__Person_0176,1.0,False,False,0.017760608,0.20714003,0.01776025,0.20714033,0.035639428
66,Person_0177,Warehouse_015__Person_0177,74,74,Camera,0,Warehouse_015,Person,1,0.6666666666666666,0,810,/pfs/data6/home/st/st_us-053000/st_st191959/DL-Lab/DataSet/MTMC_Tracking_2025_Preprocessed/val/Warehouse_015/crops/Person_0177/Camera/Person_0177_Camera_f000000_r006.jpg,None,118,Warehouse_015__Person_0177,0.5,False,False,0.09687513,-0.0574043,0.09687506,-0.057404414,0.20768887
787,Person_0177,Warehouse_015__Person_0177,74,74,Camera_01,11,Warehouse_015,Person,1,0.650571791613723,0,8970,/pfs/data6/home/st/st_us-053000/st_st191959/DL-Lab/DataSet/MTMC_Tracking_2025_Preprocessed/val/Warehouse_015/crops/Person_0177/Camera_01/Person_0177_Camera_01_f000000_r008.jpg,None,105,Warehouse_015__Person_0008,0.75,False,True,0.20886818,-0.111212365,0.2088683,-0.111212224,0.013028275
280,Person_0177,Warehouse_015__Person_0177,74,74,Camera_03,13,Warehouse_015,Person,1,0.6642857142857143,0,8970,/pfs/data6/home/st/st_us-053000/st_st191959/DL-Lab/DataSet/MTMC_Tracking_2025_Preprocessed/val/Warehouse_015/crops/Person_0177/Camera_03/Person_0177_Camera_03_f000000_r006.jpg,None,-1,NOISE,0.0,True,False,0.082904436,-0.121378124,0.08290478,-0.12137794,0.12068004
42,Person_0177,Warehouse_015__Person_0177,74,74,Camera_04,14,Warehouse_015,Person,1,0.6666666666666666,0,630,/pfs/data6/home/st/st_us-053000/st_st191959/DL-Lab/DataSet/MTMC_Tracking_2025_Preprocessed/val/Warehouse_015/crops/Person_0177/Camera_04/Person_0177_Camera_04_f000000_r004.jpg,None,-1,NOISE,0.0,True,False,0.16876741,-0.045409314,0.16876763,-0.045408934,0.087200604
675,Person_0177,Warehouse_015__Person_0177,74,74,Camera_05,15,Warehouse_015,Person,1,0.6577777777777778,1260,8970,/pfs/data6/home/st/st_us-053000/st_st191959/DL-Lab/DataSet/MTMC_Tracking_2025_Preprocessed/val/Warehouse_015/crops/Person_0177/Camera_05/Person_0177_Camera_05_f001260_r005.jpg,None,-1,NOISE,0.0,True,False,0.12991636,-0.17366168,0.1299167,-0.17366159,0.099029645
261,Person_0177,Warehouse_015__Person_0177,74,74,Camera_06,16,Warehouse_015,Person,1,0.6666666666666666,2280,5610,/pfs/data6/home/st/st_us-053000/st_st191959/DL-Lab/DataSet/MTMC_Tracking_2025_Preprocessed/val/Warehouse_015/crops/Person_0177/Camera_06/Person_0177_Camera_06_f002280_r002.jpg,None,118,Warehouse_015__Person_0177,0.5,False,False,0.0969099,-0.060808253,0.096910074,-0.060808126,0.14815529
22,Person_0177,Warehouse_015__Person_0177,74,74,Camera_07,17,Warehouse_015,Person,1,0.6363636363636364,570,780,/pfs/data6/home/st/st_us-053000/st_st191959/DL-Lab/DataSet/MTMC_Tracking_2025_Preprocessed/val/Warehouse_015/crops/Person_0177/Camera_07/Person_0177_Camera_07_f000570_r003.jpg,None,-1,NOISE,0.0,True,False,-0.27824938,-0.16033119,-0.27824923,-0.16033119,0.14611465
14,Person_0177,Warehouse_015__Person_0177,74,74,Camera_08,18,Warehouse_015,Person,1,0.5714285714285714,7230,7740,/pfs/data6/home/st/st_us-053000/st_st191959/DL-Lab/DataSet/MTMC_Tracking_2025_Preprocessed/val/Warehouse_015/crops/Person_0177/Camera_08/Person_0177_Camera_08_f007230_r004.jpg,None,-1,NOISE,0.0,True,False,-0.069105946,-0.06816705,-0.06910598,-0.0681674,0.03932554
24,Person_0177,Warehouse_015__Person_0177,74,74,Camera_09,19,Warehouse_015,Person,1,0.6666666666666666,150,360,/pfs/data6/home/st/st_us-053000/st_st191959/DL-Lab/DataSet/MTMC_Tracking_2025_Preprocessed/val/Warehouse_015/crops/Person_0177/Camera_09/Person_0177_Camera_09_f000150_r000.jpg,None,-1,NOISE,0.0,True,False,0.08316098,-0.081916995,0.08316124,-0.08191688,0.18612264
831,Person_0177,Warehouse_015__Person_0177,74,74,Camera_10,20,Warehouse_015,Person,1,0.6474127557160048,0,8970,/pfs/data6/home/st/st_us-053000/st_st191959/DL-Lab/DataSet/MTMC_Tracking_2025_Preprocessed/val/Warehouse_015/crops/Person_0177/Camera_10/Person_0177_Camera_10_f000000_r012.jpg,None,117,Warehouse_015__Person_0009,0.4444444444444444,False,True,0.20178439,-0.09361118,0.20178448,-0.09361083,0.11200795
213,Person_0177,Warehouse_015__Person_0177,74,74,Camera_11,21,Warehouse_015,Person,1,0.6572769953051644,2280,6780,/pfs/data6/home/st/st_us-053000/st_st191959/DL-Lab/DataSet/MTMC_Tracking_2025_Preprocessed/val/Warehouse_015/crops/Person_0177/Camera_11/Person_0177_Camera_11_f002280_r003.jpg,None,-1,NOISE,0.0,True,False,0.1778557,-0.07693689,0.17785612,-0.076936565,0.12835376
716,Person_0177,Warehouse_015__Person_0177,74,74,Camera_12,22,Warehouse_015,Person,1,0.6508379888268156,630,8970,/pfs/data6/home/st/st_us-053000/st_st191959/DL-Lab/DataSet/MTMC_Tracking_2025_Preprocessed/val/Warehouse_015/crops/Person_0177/Camera_12/Person_0177_Camera_12_f000630_r014.jpg,None,117,Warehouse_015__Person_0009,0.4444444444444444,False,True,0.22915642,-0.05572919,0.22915654,-0.055728644,0.07612654
882,Person_0178,Warehouse_015__Person_0178,75,75,Camera,0,Warehouse_015,Person,1,0.6598639455782312,0,8970,/pfs/data6/home/st/st_us-053000/st_st191959/DL-Lab/DataSet/MTMC_Tracking_2025_Preprocessed/val/Warehouse_015/crops/Person_0178/Camera/Person_0178_Camera_f000000_r005.jpg,None,-1,NOISE,0.0,True,False,-0.014288702,0.055584077,-0.014288767,0.05558407,-0.08774219
95,Person_0178,Warehouse_015__Person_0178,75,75,Camera_01,11,Warehouse_015,Person,1,0.4842105263157895,0,8970,/pfs/data6/home/st/st_us-053000/st_st191959/DL-Lab/DataSet/MTMC_Tracking_2025_Preprocessed/val/Warehouse_015/crops/Person_0178/Camera_01/Person_0178_Camera_01_f000000_r006.jpg,None,-1,NOISE,0.0,True,False,0.059867147,0.059225,0.059867136,0.05922508,-0.1223742
147,Person_0178,Warehouse_015__Person_0178,75,75,Camera_03,13,Warehouse_015,Person,1,0.6122448979591837,60,3330,/pfs/data6/home/st/st_us-053000/st_st191959/DL-Lab/DataSet/MTMC_Tracking_2025_Preprocessed/val/Warehouse_015/crops/Person_0178/Camera_03/Person_0178_Camera_03_f000060_r005.jpg,None,68,Hospital_000__Person_0025,0.9166666666666666,False,True,0.041763052,0.0788209,0.041763093,0.0788207,-0.09272374
852,Person_0178,Warehouse_015__Person_0178,75,75,Camera_04,14,Warehouse_015,Person,1,0.6666666666666666,0,8970,/pfs/data6/home/st/st_us-053000/st_st191959/DL-Lab/DataSet/MTMC_Tracking_2025_Preprocessed/val/Warehouse_015/crops/Person_0178/Camera_04/Person_0178_Camera_04_f000000_r003.jpg,None,-1,NOISE,0.0,True,False,-0.060361754,0.06849701,-0.060361825,0.06849707,-0.112436205
22,Person_0178,Warehouse_015__Person_0178,75,75,Camera_07,17,Warehouse_015,Person,1,0.6363636363636364,150,360,/pfs/data6/home/st/st_us-053000/st_st191959/DL-Lab/DataSet/MTMC_Tracking_2025_Preprocessed/val/Warehouse_015/crops/Person_0178/Camera_07/Person_0178_Camera_07_f000150_r001.jpg,None,-1,NOISE,0.0,True,False,-0.4570961,-0.07680642,-0.45709667,-0.07680664,-0.07379066
843,Person_0178,Warehouse_015__Person_0178,75,75,Camera_08,18,Warehouse_015,Person,1,0.6666666666666666,0,8970,/pfs/data6/home/st/st_us-053000/st_st191959/DL-Lab/DataSet/MTMC_Tracking_2025_Preprocessed/val/Warehouse_015/crops/Person_0178/Camera_08/Person_0178_Camera_08_f000000_r006.jpg,None,-1,NOISE,0.0,True,False,-0.39037293,0.10760779,-0.39037353,0.10760809,-0.081261866
180,Person_0178,Warehouse_015__Person_0178,75,75,Camera_10,20,Warehouse_015,Person,1,0.044444444444444446,0,8670,/pfs/data6/home/st/st_us-053000/st_st191959/DL-Lab/DataSet/MTMC_Tracking_2025_Preprocessed/val/Warehouse_015/crops/Person_0178/Camera_10/Person_0178_Camera_10_f000000_r008.jpg,None,-1,NOISE,0.0,True,False,0.017901842,0.07195013,0.017902032,0.071950465,-0.07587616
37,Person_0178,Warehouse_015__Person_0178,75,75,Camera_12,22,Warehouse_015,Person,1,0.6486486486486487,1770,2130,/pfs/data6/home/st/st_us-053000/st_st191959/DL-Lab/DataSet/MTMC_Tracking_2025_Preprocessed/val/Warehouse_015/crops/Person_0178/Camera_12/Person_0178_Camera_12_f001770_r009.jpg,None,-1,NOISE,0.0,True,False,-0.10576767,0.103503816,-0.105768,0.10350348,-0.043490507
480,Person_0179,Warehouse_015__Person_0179,76,76,Camera,0,Warehouse_015,Person,1,0.6583333333333333,0,7680,/pfs/data6/home/st/st_us-053000/st_st191959/DL-Lab/DataSet/MTMC_Tracking_2025_Preprocessed/val/Warehouse_015/crops/Person_0179/Camera/Person_0179_Camera_f000000_r014.jpg,None,113,Warehouse_015__Person_0004,0.5625,False,True,0.2131816,0.17966734,0.21318136,0.17966829,0.002113446
379,Person_0179,Warehouse_015__Person_0179,76,76,Camera_01,11,Warehouse_015,Person,1,0.6279683377308707,330,8970,/pfs/data6/home/st/st_us-053000/st_st191959/DL-Lab/DataSet/MTMC_Tracking_2025_Preprocessed/val/Warehouse_015/crops/Person_0179/Camera_01/Person_0179_Camera_01_f000330_r032.jpg,None,-1,NOISE,0.0,True,False,0.094178215,0.22945496,0.09417735,0.22945449,-0.2073236
21,Person_0179,Warehouse_015__Person_0179,76,76,Camera_02,12,Warehouse_015,Person,1,0.6666666666666666,5790,5970,/pfs/data6/home/st/st_us-053000/st_st191959/DL-Lab/DataSet/MTMC_Tracking_2025_Preprocessed/val/Warehouse_015/crops/Person_0179/Camera_02/Person_0179_Camera_02_f005790_r005.jpg,None,10,Warehouse_015__Person_0179,0.6666666666666666,False,False,-0.2727294,0.19269542,-0.27273,0.19269575,0.08104313
538,Person_0179,Warehouse_015__Person_0179,76,76,Camera_03,13,Warehouse_015,Person,1,0.6654275092936803,330,8970,/pfs/data6/home/st/st_us-053000/st_st191959/DL-Lab/DataSet/MTMC_Tracking_2025_Preprocessed/val/Warehouse_015/crops/Person_0179/Camera_03/Person_0179_Camera_03_f000330_r022.jpg,None,-1,NOISE,0.0,True,False,0.13039795,0.30670074,0.13039766,0.30670148,0.013928925
494,Person_0179,Warehouse_015__Person_0179,76,76,Camera_04,14,Warehouse_015,Person,1,0.659919028340081,0,7680,/pfs/data6/home/st/st_us-053000/st_st191959/DL-Lab/DataSet/MTMC_Tracking_2025_Preprocessed/val/Warehouse_015/crops/Person_0179/Camera_04/Person_0179_Camera_04_f000000_r008.jpg,None,113,Warehouse_015__Person_0004,0.5625,False,True,0.21647187,0.22533244,0.21647152,0.22533333,-0.093493395
21,Person_0179,Warehouse_015__Person_0179,76,76,Camera_07,17,Warehouse_015,Person,1,0.6666666666666666,1110,5010,/pfs/data6/home/st/st_us-053000/st_st191959/DL-Lab/DataSet/MTMC_Tracking_2025_Preprocessed/val/Warehouse_015/crops/Person_0179/Camera_07/Person_0179_Camera_07_f001110_r008.jpg,None,10,Warehouse_015__Person_0179,0.6666666666666666,False,False,-0.2654764,0.10224317,-0.2654768,0.102243416,0.035513792
820,Person_0179,Warehouse_015__Person_0179,76,76,Camera_08,18,Warehouse_015,Person,1,0.6658536585365854,0,8970,/pfs/data6/home/st/st_us-053000/st_st191959/DL-Lab/DataSet/MTMC_Tracking_2025_Preprocessed/val/Warehouse_015/crops/Person_0179/Camera_08/Person_0179_Camera_08_f000000_r014.jpg,None,113,Warehouse_015__Person_0004,0.5625,False,True,0.18486245,0.25537536,0.18486217,0.25537613,-0.05845668
460,Person_0179,Warehouse_015__Person_0179,76,76,Camera_10,20,Warehouse_015,Person,1,0.3826086956521739,0,8970,/pfs/data6/home/st/st_us-053000/st_st191959/DL-Lab/DataSet/MTMC_Tracking_2025_Preprocessed/val/Warehouse_015/crops/Person_0179/Camera_10/Person_0179_Camera_10_f000000_r033.jpg,None,113,Warehouse_015__Person_0004,0.5625,False,True,0.24013357,0.07963401,0.2401339,0.07963479,-0.05332135
588,Person_0179,Warehouse_015__Person_0179,76,76,Camera_12,22,Warehouse_015,Person,1,0.6496598639455783,330,8970,/pfs/data6/home/st/st_us-053000/st_st191959/DL-Lab/DataSet/MTMC_Tracking_2025_Preprocessed/val/Warehouse_015/crops/Person_0179/Camera_12/Person_0179_Camera_12_f000330_r027.jpg,None,113,Warehouse_015__Person_0004,0.5625,False,True,0.25657627,0.10275718,0.25657615,0.10275782,-0.1020773
708,Person_0180,Warehouse_015__Person_0180,77,77,Camera,0,Warehouse_015,Person,1,0.6666666666666666,0,8970,/pfs/data6/home/st/st_us-053000/st_st191959/DL-Lab/DataSet/MTMC_Tracking_2025_Preprocessed/val/Warehouse_015/crops/Person_0180/Camera/Person_0180_Camera_f000000_r013.jpg,None,48,Warehouse_015__Person_0180,1.0,False,False,-0.030472245,0.22193027,-0.030473083,0.22192965,-0.22207713
342,Person_0180,Warehouse_015__Person_0180,77,77,Camera_01,11,Warehouse_015,Person,1,0.3333333333333333,0,8970,/pfs/data6/home/st/st_us-053000/st_st191959/DL-Lab/DataSet/MTMC_Tracking_2025_Preprocessed/val/Warehouse_015/crops/Person_0180/Camera_01/Person_0180_Camera_01_f000000_r026.jpg,None,48,Warehouse_015__Person_0180,1.0,False,False,0.16230929,0.110061094,0.16230896,0.11006054,-0.22743559
36,Person_0180,Warehouse_015__Person_0180,77,77,Camera_02,12,Warehouse_015,Person,1,0.6666666666666666,2970,3300,/pfs/data6/home/st/st_us-053000/st_st191959/DL-Lab/DataSet/MTMC_Tracking_2025_Preprocessed/val/Warehouse_015/crops/Person_0180/Camera_02/Person_0180_Camera_02_f002970_r005.jpg,None,-1,NOISE,0.0,True,False,-0.16741966,0.16450979,-0.16742057,0.16450861,-0.1820045
758,Person_0180,Warehouse_015__Person_0180,77,77,Camera_03,13,Warehouse_015,Person,1,0.6569920844327177,0,8970,/pfs/data6/home/st/st_us-053000/st_st191959/DL-Lab/DataSet/MTMC_Tracking_2025_Preprocessed/val/Warehouse_015/crops/Person_0180/Camera_03/Person_0180_Camera_03_f000000_r018.jpg,None,48,Warehouse_015__Person_0180,1.0,False,False,0.061368737,0.1376222,0.061368167,0.13762127,-0.25676796
283,Person_0180,Warehouse_015__Person_0180,77,77,Camera_04,14,Warehouse_015,Person,1,0.6643109540636042,0,4770,/pfs/data6/home/st/st_us-053000/st_st191959/DL-Lab/DataSet/MTMC_Tracking_2025_Preprocessed/val/Warehouse_015/crops/Person_0180/Camera_04/Person_0180_Camera_04_f000000_r007.jpg,None,48,Warehouse_015__Person_0180,1.0,False,False,0.050879925,0.25619495,0.05087909,0.2561945,-0.19395953
544,Person_0180,Warehouse_015__Person_0180,77,77,Camera_07,17,Warehouse_015,Person,1,0.6654411764705882,330,8970,/pfs/data6/home/st/st_us-053000/st_st191959/DL-Lab/DataSet/MTMC_Tracking_2025_Preprocessed/val/Warehouse_015/crops/Person_0180/Camera_07/Person_0180_Camera_07_f000330_r007.jpg,None,48,Warehouse_015__Person_0180,1.0,False,False,-0.0507619,0.16307752,-0.050762936,0.16307652,-0.254219
287,Person_0180,Warehouse_015__Person_0180,77,77,Camera_08,18,Warehouse_015,Person,1,0.6550522648083623,1500,4740,/pfs/data6/home/st/st_us-053000/st_st191959/DL-Lab/DataSet/MTMC_Tracking_2025_Preprocessed/val/Warehouse_015/crops/Person_0180/Camera_08/Person_0180_Camera_08_f001500_r014.jpg,None,48,Warehouse_015__Person_0180,1.0,False,False,0.076358154,0.24213162,0.07635735,0.24213128,-0.23512156
51,Person_0180,Warehouse_015__Person_0180,77,77,Camera_09,19,Warehouse_015,Person,1,0.6666666666666666,390,870,/pfs/data6/home/st/st_us-053000/st_st191959/DL-Lab/DataSet/MTMC_Tracking_2025_Preprocessed/val/Warehouse_015/crops/Person_0180/Camera_09/Person_0180_Camera_09_f000390_r002.jpg,None,48,Warehouse_015__Person_0180,1.0,False,False,-0.06413565,0.15419029,-0.06413642,0.15418951,-0.24459735
631,Person_0180,Warehouse_015__Person_0180,77,77,Camera_10,20,Warehouse_015,Person,1,0.5356576862123613,0,8970,/pfs/data6/home/st/st_us-053000/st_st191959/DL-Lab/DataSet/MTMC_Tracking_2025_Preprocessed/val/Warehouse_015/crops/Person_0180/Camera_10/Person_0180_Camera_10_f000000_r032.jpg,None,-1,NOISE,0.0,True,False,0.19264106,0.08569531,0.1926409,0.085695386,-0.20750688
673,Person_0180,Warehouse_015__Person_0180,77,77,Camera_12,22,Warehouse_015,Person,1,0.6537890044576523,390,8970,/pfs/data6/home/st/st_us-053000/st_st191959/DL-Lab/DataSet/MTMC_Tracking_2025_Preprocessed/val/Warehouse_015/crops/Person_0180/Camera_12/Person_0180_Camera_12_f000390_r031.jpg,None,48,Warehouse_015__Person_0180,1.0,False,False,0.0046857065,0.2690424,0.0046848967,0.26904204,-0.22029665
199,Person_0181,Warehouse_015__Person_0181,78,78,Camera,0,Warehouse_015,Person,1,0.6633165829145728,0,3030,/pfs/data6/home/st/st_us-053000/st_st191959/DL-Lab/DataSet/MTMC_Tracking_2025_Preprocessed/val/Warehouse_015/crops/Person_0181/Camera/Person_0181_Camera_f000000_r007.jpg,None,92,Warehouse_015__Person_0181,1.0,False,False,0.063934706,-0.0023878564,0.06393491,-0.00238676,0.19522493
517,Person_0181,Warehouse_015__Person_0181,78,78,Camera_01,11,Warehouse_015,Person,1,0.6576402321083172,0,8970,/pfs/data6/home/st/st_us-053000/st_st191959/DL-Lab/DataSet/MTMC_Tracking_2025_Preprocessed/val/Warehouse_015/crops/Person_0181/Camera_01/Person_0181_Camera_01_f000000_r009.jpg,None,92,Warehouse_015__Person_0181,1.0,False,False,0.069401845,0.04012826,0.069402136,0.040129192,0.1354325
327,Person_0181,Warehouse_015__Person_0181,78,78,Camera_02,12,Warehouse_015,Person,1,0.6666666666666666,3660,8700,/pfs/data6/home/st/st_us-053000/st_st191959/DL-Lab/DataSet/MTMC_Tracking_2025_Preprocessed/val/Warehouse_015/crops/Person_0181/Camera_02/Person_0181_Camera_02_f003660_r001.jpg,None,-1,NOISE,0.0,True,False,0.08987568,-0.01647117,0.089875825,-0.016470436,0.22512169
447,Person_0181,Warehouse_015__Person_0181,78,78,Camera_03,13,Warehouse_015,Person,1,0.6666666666666666,0,8310,/pfs/data6/home/st/st_us-053000/st_st191959/DL-Lab/DataSet/MTMC_Tracking_2025_Preprocessed/val/Warehouse_015/crops/Person_0181/Camera_03/Person_0181_Camera_03_f000000_r007.jpg,None,92,Warehouse_015__Person_0181,1.0,False,False,0.08437215,0.0672365,0.08437251,0.06723727,0.14847137
108,Person_0181,Warehouse_015__Person_0181,78,78,Camera_04,14,Warehouse_015,Person,1,0.6666666666666666,1110,2550,/pfs/data6/home/st/st_us-053000/st_st191959/DL-Lab/DataSet/MTMC_Tracking_2025_Preprocessed/val/Warehouse_015/crops/Person_0181/Camera_04/Person_0181_Camera_04_f001110_r002.jpg,None,-1,NOISE,0.0,True,False,0.1310819,0.059870705,0.13108188,0.05987183,0.17722042
158,Person_0181,Warehouse_015__Person_0181,78,78,Camera_05,15,Warehouse_015,Person,1,0.6582278481012658,60,8970,/pfs/data6/home/st/st_us-053000/st_st191959/DL-Lab/DataSet/MTMC_Tracking_2025_Preprocessed/val/Warehouse_015/crops/Person_0181/Camera_05/Person_0181_Camera_05_f000060_r004.jpg,None,92,Warehouse_015__Person_0181,1.0,False,False,0.08514366,0.06821324,0.085143864,0.06821416,0.17561527
48,Person_0181,Warehouse_015__Person_0181,78,78,Camera_07,17,Warehouse_015,Person,1,0.6666666666666666,0,2730,/pfs/data6/home/st/st_us-053000/st_st191959/DL-Lab/DataSet/MTMC_Tracking_2025_Preprocessed/val/Warehouse_015/crops/Person_0181/Camera_07/Person_0181_Camera_07_f000000_r002.jpg,None,-1,NOISE,0.0,True,False,-0.03846514,-0.002686082,-0.038464803,-0.0026855748,0.17089021
563,Person_0181,Warehouse_015__Person_0181,78,78,Camera_08,18,Warehouse_015,Person,1,0.6607460035523979,900,8670,/pfs/data6/home/st/st_us-053000/st_st191959/DL-Lab/DataSet/MTMC_Tracking_2025_Preprocessed/val/Warehouse_015/crops/Person_0181/Camera_08/Person_0181_Camera_08_f000900_r009.jpg,None,92,Warehouse_015__Person_0181,1.0,False,False,0.19038181,0.038883366,0.19038199,0.038883965,0.06895067
653,Person_0181,Warehouse_015__Person_0181,78,78,Camera_10,20,Warehouse_015,Person,1,0.6615620214395099,0,8970,/pfs/data6/home/st/st_us-053000/st_st191959/DL-Lab/DataSet/MTMC_Tracking_2025_Preprocessed/val/Warehouse_015/crops/Person_0181/Camera_10/Person_0181_Camera_10_f000000_r013.jpg,None,92,Warehouse_015__Person_0181,1.0,False,False,0.16960967,0.014971084,0.16961002,0.01497201,0.09996575
730,Person_0181,Warehouse_015__Person_0181,78,78,Camera_12,22,Warehouse_015,Person,1,0.6328767123287671,0,8970,/pfs/data6/home/st/st_us-053000/st_st191959/DL-Lab/DataSet/MTMC_Tracking_2025_Preprocessed/val/Warehouse_015/crops/Person_0181/Camera_12/Person_0181_Camera_12_f000000_r012.jpg,None,92,Warehouse_015__Person_0181,1.0,False,False,0.18399024,0.033409685,0.18399066,0.033410925,0.12199233
883,Person_0184,Warehouse_015__Person_0184,79,79,Camera_01,11,Warehouse_015,Person,1,0.665911664779162,120,8970,/pfs/data6/home/st/st_us-053000/st_st191959/DL-Lab/DataSet/MTMC_Tracking_2025_Preprocessed/val/Warehouse_015/crops/Person_0184/Camera_01/Person_0184_Camera_01_f000120_r032.jpg,None,-1,NOISE,0.0,True,False,0.1654436,0.04610714,0.16544355,0.046107765,0.13521896
9,Person_0184,Warehouse_015__Person_0184,79,79,Camera_02,12,Warehouse_015,Person,1,0.6666666666666666,480,540,/pfs/data6/home/st/st_us-053000/st_st191959/DL-Lab/DataSet/MTMC_Tracking_2025_Preprocessed/val/Warehouse_015/crops/Person_0184/Camera_02/Person_0184_Camera_02_f000480_r008.jpg,None,-1,NOISE,0.0,True,False,-0.26114422,-0.12403283,-0.26114434,-0.12403285,0.06274806
876,Person_0184,Warehouse_015__Person_0184,79,79,Camera_03,13,Warehouse_015,Person,1,0.6666666666666666,0,8970,/pfs/data6/home/st/st_us-053000/st_st191959/DL-Lab/DataSet/MTMC_Tracking_2025_Preprocessed/val/Warehouse_015/crops/Person_0184/Camera_03/Person_0184_Camera_03_f000000_r024.jpg,None,-1,NOISE,0.0,True,False,-0.035856586,0.04287522,-0.03585671,0.04287572,0.30665645
248,Person_0184,Warehouse_015__Person_0184,79,79,Camera_05,15,Warehouse_015,Person,1,0.008064516129032258,450,8970,/pfs/data6/home/st/st_us-053000/st_st191959/DL-Lab/DataSet/MTMC_Tracking_2025_Preprocessed/val/Warehouse_015/crops/Person_0184/Camera_05/Person_0184_Camera_05_f000450_r018.jpg,None,-1,NOISE,0.0,True,False,0.17856927,-0.18769124,0.17856926,-0.1876908,-0.14665769
29,Person_0184,Warehouse_015__Person_0184,79,79,Camera_08,18,Warehouse_015,Person,1,0.6206896551724138,0,600,/pfs/data6/home/st/st_us-053000/st_st191959/DL-Lab/DataSet/MTMC_Tracking_2025_Preprocessed/val/Warehouse_015/crops/Person_0184/Camera_08/Person_0184_Camera_08_f000000_r015.jpg,None,-1,NOISE,0.0,True,False,0.042355604,-0.13987847,0.04235578,-0.13987839,0.06106698
885,Person_0184,Warehouse_015__Person_0184,79,79,Camera_10,20,Warehouse_015,Person,1,0.6666666666666666,0,8970,/pfs/data6/home/st/st_us-053000/st_st191959/DL-Lab/DataSet/MTMC_Tracking_2025_Preprocessed/val/Warehouse_015/crops/Person_0184/Camera_10/Person_0184_Camera_10_f000000_r038.jpg,None,-1,NOISE,0.0,True,False,-0.017631188,-0.09832088,-0.017631132,-0.0983209,0.24575245
829,Person_0184,Warehouse_015__Person_0184,79,79,Camera_12,22,Warehouse_015,Person,1,0.6393244873341375,0,8970,/pfs/data6/home/st/st_us-053000/st_st191959/DL-Lab/DataSet/MTMC_Tracking_2025_Preprocessed/val/Warehouse_015/crops/Person_0184/Camera_12/Person_0184_Camera_12_f000000_r032.jpg,None,-1,NOISE,0.0,True,False,0.25492766,-0.10798966,0.25492787,-0.10798917,-0.036501184
270,Person_0185,Warehouse_015__Person_0185,80,80,Camera,0,Warehouse_015,Person,1,0.6666666666666666,180,2880,/pfs/data6/home/st/st_us-053000/st_st191959/DL-Lab/DataSet/MTMC_Tracking_2025_Preprocessed/val/Warehouse_015/crops/Person_0185/Camera/Person_0185_Camera_f000180_r018.jpg,None,17,Warehouse_015__Person_0185,1.0,False,False,-0.069769055,0.03903499,-0.069769256,0.039035145,0.0023229234
473,Person_0185,Warehouse_015__Person_0185,80,80,Camera_01,11,Warehouse_015,Person,1,0.638477801268499,0,7920,/pfs/data6/home/st/st_us-053000/st_st191959/DL-Lab/DataSet/MTMC_Tracking_2025_Preprocessed/val/Warehouse_015/crops/Person_0185/Camera_01/Person_0185_Camera_01_f000000_r033.jpg,None,17,Warehouse_015__Person_0185,1.0,False,False,-0.074081935,0.067454815,-0.07408193,0.06745508,0.029102223
457,Person_0185,Warehouse_015__Person_0185,80,80,Camera_02,12,Warehouse_015,Person,1,0.6652078774617067,3600,8970,/pfs/data6/home/st/st_us-053000/st_st191959/DL-Lab/DataSet/MTMC_Tracking_2025_Preprocessed/val/Warehouse_015/crops/Person_0185/Camera_02/Person_0185_Camera_02_f003600_r006.jpg,None,17,Warehouse_015__Person_0185,1.0,False,False,-0.03258912,0.029036053,-0.03258925,0.029036336,0.020827081
341,Person_0185,Warehouse_015__Person_0185,80,80,Camera_03,13,Warehouse_015,Person,1,0.6627565982404692,0,3510,/pfs/data6/home/st/st_us-053000/st_st191959/DL-Lab/DataSet/MTMC_Tracking_2025_Preprocessed/val/Warehouse_015/crops/Person_0185/Camera_03/Person_0185_Camera_03_f000000_r026.jpg,None,17,Warehouse_015__Person_0185,1.0,False,False,-0.1470535,0.06874523,-0.14705375,0.068745375,0.036376428
189,Person_0185,Warehouse_015__Person_0185,80,80,Camera_04,14,Warehouse_015,Person,1,0.6666666666666666,270,2640,/pfs/data6/home/st/st_us-053000/st_st191959/DL-Lab/DataSet/MTMC_Tracking_2025_Preprocessed/val/Warehouse_015/crops/Person_0185/Camera_04/Person_0185_Camera_04_f000270_r008.jpg,None,17,Warehouse_015__Person_0185,1.0,False,False,-0.12848017,0.049734883,-0.1284804,0.049734987,0.032530155
138,Person_0185,Warehouse_015__Person_0185,80,80,Camera_05,15,Warehouse_015,Person,1,0.6521739130434783,3540,7860,/pfs/data6/home/st/st_us-053000/st_st191959/DL-Lab/DataSet/MTMC_Tracking_2025_Preprocessed/val/Warehouse_015/crops/Person_0185/Camera_05/Person_0185_Camera_05_f003540_r022.jpg,None,-1,NOISE,0.0,True,False,-0.33126065,0.044958185,-0.33126092,0.044958416,0.08077846
48,Person_0185,Warehouse_015__Person_0185,80,80,Camera_07,17,Warehouse_015,Person,1,0.6666666666666666,870,1680,/pfs/data6/home/st/st_us-053000/st_st191959/DL-Lab/DataSet/MTMC_Tracking_2025_Preprocessed/val/Warehouse_015/crops/Person_0185/Camera_07/Person_0185_Camera_07_f000870_r012.jpg,None,-1,NOISE,0.0,True,False,-0.39638928,0.0018466423,-0.39638966,0.0018470535,-0.008113531
398,Person_0185,Warehouse_015__Person_0185,80,80,Camera_08,18,Warehouse_015,Person,1,0.6080402010050251,270,8970,/pfs/data6/home/st/st_us-053000/st_st191959/DL-Lab/DataSet/MTMC_Tracking_2025_Preprocessed/val/Warehouse_015/crops/Person_0185/Camera_08/Person_0185_Camera_08_f000270_r013.jpg,None,17,Warehouse_015__Person_0185,1.0,False,False,-0.12941457,0.07952704,-0.12941487,0.079527184,0.024279773
378,Person_0185,Warehouse_015__Person_0185,80,80,Camera_10,20,Warehouse_015,Person,1,0.544973544973545,0,8610,/pfs/data6/home/st/st_us-053000/st_st191959/DL-Lab/DataSet/MTMC_Tracking_2025_Preprocessed/val/Warehouse_015/crops/Person_0185/Camera_10/Person_0185_Camera_10_f000000_r039.jpg,None,17,Warehouse_015__Person_0185,1.0,False,False,0.0044070645,0.02193844,0.00440705,0.021938832,-0.010786071
48,Person_0185,Warehouse_015__Person_0185,80,80,Camera_11,21,Warehouse_015,Person,1,0.6666666666666666,4410,6030,/pfs/data6/home/st/st_us-053000/st_st191959/DL-Lab/DataSet/MTMC_Tracking_2025_Preprocessed/val/Warehouse_015/crops/Person_0185/Camera_11/Person_0185_Camera_11_f004410_r006.jpg,None,-1,NOISE,0.0,True,False,-0.21568887,0.029809278,-0.21568927,0.02980994,0.019765276
426,Person_0185,Warehouse_015__Person_0185,80,80,Camera_12,22,Warehouse_015,Person,1,0.4694835680751174,0,8970,/pfs/data6/home/st/st_us-053000/st_st191959/DL-Lab/DataSet/MTMC_Tracking_2025_Preprocessed/val/Warehouse_015/crops/Person_0185/Camera_12/Person_0185_Camera_12_f000000_r033.jpg,None,17,Warehouse_015__Person_0185,1.0,False,False,-0.010771777,0.026932165,-0.0107718175,0.026932552,0.012069814
120,Person_0186,Warehouse_015__Person_0186,81,81,Camera,0,Warehouse_015,Person,1,0.6666666666666666,120,8760,/pfs/data6/home/st/st_us-053000/st_st191959/DL-Lab/DataSet/MTMC_Tracking_2025_Preprocessed/val/Warehouse_015/crops/Person_0186/Camera/Person_0186_Camera_f000120_r011.jpg,None,-1,NOISE,0.0,True,False,0.009449306,0.18116686,0.009449276,0.1811674,-0.05033987
387,Person_0186,Warehouse_015__Person_0186,81,81,Camera_01,11,Warehouse_015,Person,1,0.661498708010336,0,8910,/pfs/data6/home/st/st_us-053000/st_st191959/DL-Lab/DataSet/MTMC_Tracking_2025_Preprocessed/val/Warehouse_015/crops/Person_0186/Camera_01/Person_0186_Camera_01_f000000_r020.jpg,None,85,Warehouse_015__Person_0186,1.0,False,False,0.11376693,0.11663709,0.11376687,0.11663748,-0.08158786
198,Person_0186,Warehouse_015__Person_0186,81,81,Camera_02,12,Warehouse_015,Person,1,0.6666666666666666,1350,6810,/pfs/data6/home/st/st_us-053000/st_st191959/DL-Lab/DataSet/MTMC_Tracking_2025_Preprocessed/val/Warehouse_015/crops/Person_0186/Camera_02/Person_0186_Camera_02_f001350_r008.jpg,None,85,Warehouse_015__Person_0186,1.0,False,False,0.14207037,0.06970074,0.1420704,0.06970185,-0.04156621
512,Person_0186,Warehouse_015__Person_0186,81,81,Camera_03,13,Warehouse_015,Person,1,0.6640625,0,8970,/pfs/data6/home/st/st_us-053000/st_st191959/DL-Lab/DataSet/MTMC_Tracking_2025_Preprocessed/val/Warehouse_015/crops/Person_0186/Camera_03/Person_0186_Camera_03_f000000_r014.jpg,None,-1,NOISE,0.0,True,False,0.050928168,0.22380398,0.050928175,0.22380526,0.046342887
129,Person_0186,Warehouse_015__Person_0186,81,81,Camera_04,14,Warehouse_015,Person,1,0.6511627906976745,3240,8640,/pfs/data6/home/st/st_us-053000/st_st191959/DL-Lab/DataSet/MTMC_Tracking_2025_Preprocessed/val/Warehouse_015/crops/Person_0186/Camera_04/Person_0186_Camera_04_f003240_r006.jpg,None,-1,NOISE,0.0,True,False,0.1587061,0.0369812,0.15870613,0.036981888,-0.16957748
61,Person_0186,Warehouse_015__Person_0186,81,81,Camera_05,15,Warehouse_015,Person,1,0.6557377049180327,630,7830,/pfs/data6/home/st/st_us-053000/st_st191959/DL-Lab/DataSet/MTMC_Tracking_2025_Preprocessed/val/Warehouse_015/crops/Person_0186/Camera_05/Person_0186_Camera_05_f000630_r012.jpg,None,-1,NOISE,0.0,True,False,0.019639887,0.12839659,0.019639768,0.12839694,-0.08601159
6,Person_0186,Warehouse_015__Person_0186,81,81,Camera_07,17,Warehouse_015,Person,1,0.6666666666666666,8340,8370,/pfs/data6/home/st/st_us-053000/st_st191959/DL-Lab/DataSet/MTMC_Tracking_2025_Preprocessed/val/Warehouse_015/crops/Person_0186/Camera_07/Person_0186_Camera_07_f008340_r008.jpg,None,-1,NOISE,0.0,True,False,-0.4342661,0.041071787,-0.43426606,0.041072372,0.0157428
608,Person_0186,Warehouse_015__Person_0186,81,81,Camera_08,18,Warehouse_015,Person,1,0.6348684210526315,0,8970,/pfs/data6/home/st/st_us-053000/st_st191959/DL-Lab/DataSet/MTMC_Tracking_2025_Preprocessed/val/Warehouse_015/crops/Person_0186/Camera_08/Person_0186_Camera_08_f000000_r011.jpg,None,85,Warehouse_015__Person_0186,1.0,False,False,0.1361155,0.029111302,0.1361157,0.029112091,-0.07886873
637,Person_0186,Warehouse_015__Person_0186,81,81,Camera_10,20,Warehouse_015,Person,1,0.5871271585557299,0,8970,/pfs/data6/home/st/st_us-053000/st_st191959/DL-Lab/DataSet/MTMC_Tracking_2025_Preprocessed/val/Warehouse_015/crops/Person_0186/Camera_10/Person_0186_Camera_10_f000000_r026.jpg,None,85,Warehouse_015__Person_0186,1.0,False,False,0.1754484,0.01641951,0.17544858,0.016420446,-0.060541198
786,Person_0186,Warehouse_015__Person_0186,81,81,Camera_12,22,Warehouse_015,Person,1,0.6335877862595419,0,8970,/pfs/data6/home/st/st_us-053000/st_st191959/DL-Lab/DataSet/MTMC_Tracking_2025_Preprocessed/val/Warehouse_015/crops/Person_0186/Camera_12/Person_0186_Camera_12_f000000_r022.jpg,None,85,Warehouse_015__Person_0186,1.0,False,False,0.16818,0.039663203,0.16818015,0.03966401,-0.09590961
33,Person_0187,Warehouse_015__Person_0187,82,82,Camera,0,Warehouse_015,Person,1,0.6666666666666666,540,840,/pfs/data6/home/st/st_us-053000/st_st191959/DL-Lab/DataSet/MTMC_Tracking_2025_Preprocessed/val/Warehouse_015/crops/Person_0187/Camera/Person_0187_Camera_f000540_r015.jpg,None,-1,NOISE,0.0,True,False,0.058589626,-0.22191115,0.05859005,-0.22191124,0.087102406
807,Person_0187,Warehouse_015__Person_0187,82,82,Camera_01,11,Warehouse_015,Person,1,0.6617100371747212,0,8970,/pfs/data6/home/st/st_us-053000/st_st191959/DL-Lab/DataSet/MTMC_Tracking_2025_Preprocessed/val/Warehouse_015/crops/Person_0187/Camera_01/Person_0187_Camera_01_f000000_r043.jpg,None,-1,NOISE,0.0,True,False,-0.19480655,-0.21459648,-0.1948061,-0.21459611,0.0995058
780,Person_0187,Warehouse_015__Person_0187,82,82,Camera_02,12,Warehouse_015,Person,1,0.6666666666666666,1170,8970,/pfs/data6/home/st/st_us-053000/st_st191959/DL-Lab/DataSet/MTMC_Tracking_2025_Preprocessed/val/Warehouse_015/crops/Person_0187/Camera_02/Person_0187_Camera_02_f001170_r014.jpg,None,-1,NOISE,0.0,True,False,0.030775364,-0.2008275,0.030775541,-0.20082796,0.14214079
117,Person_0187,Warehouse_015__Person_0187,82,82,Camera_03,13,Warehouse_015,Person,1,0.6666666666666666,30,1170,/pfs/data6/home/st/st_us-053000/st_st191959/DL-Lab/DataSet/MTMC_Tracking_2025_Preprocessed/val/Warehouse_015/crops/Person_0187/Camera_03/Person_0187_Camera_03_f000030_r034.jpg,None,-1,NOISE,0.0,True,False,-0.007847809,-0.18534045,-0.007847351,-0.18534034,0.102508284
30,Person_0187,Warehouse_015__Person_0187,82,82,Camera_04,14,Warehouse_015,Person,1,0.6666666666666666,540,840,/pfs/data6/home/st/st_us-053000/st_st191959/DL-Lab/DataSet/MTMC_Tracking_2025_Preprocessed/val/Warehouse_015/crops/Person_0187/Camera_04/Person_0187_Camera_04_f000540_r008.jpg,None,-1,NOISE,0.0,True,False,-0.04243186,0.014723034,-0.04243199,0.014722992,0.0790439
735,Person_0187,Warehouse_015__Person_0187,82,82,Camera_05,15,Warehouse_015,Person,1,0.6666666666666666,0,8970,/pfs/data6/home/st/st_us-053000/st_st191959/DL-Lab/DataSet/MTMC_Tracking_2025_Preprocessed/val/Warehouse_015/crops/Person_0187/Camera_05/Person_0187_Camera_05_f000000_r025.jpg,None,-1,NOISE,0.0,True,False,-0.33856604,-0.077126615,-0.33856583,-0.07712594,-0.17589037
406,Person_0187,Warehouse_015__Person_0187,82,82,Camera_08,18,Warehouse_015,Person,1,0.33497536945812806,120,8970,/pfs/data6/home/st/st_us-053000/st_st191959/DL-Lab/DataSet/MTMC_Tracking_2025_Preprocessed/val/Warehouse_015/crops/Person_0187/Camera_08/Person_0187_Camera_08_f000120_r020.jpg,None,-1,NOISE,0.0,True,False,0.24846815,-0.21101774,0.24846856,-0.21101712,-0.079520434
871,Person_0187,Warehouse_015__Person_0187,82,82,Camera_10,20,Warehouse_015,Person,1,0.6567164179104478,0,8970,/pfs/data6/home/st/st_us-053000/st_st191959/DL-Lab/DataSet/MTMC_Tracking_2025_Preprocessed/val/Warehouse_015/crops/Person_0187/Camera_10/Person_0187_Camera_10_f000000_r050.jpg,None,-1,NOISE,0.0,True,False,0.05132813,-0.17201558,0.05132856,-0.17201518,0.060251325
812,Person_0187,Warehouse_015__Person_0187,82,82,Camera_12,22,Warehouse_015,Person,1,0.6354679802955665,0,8970,/pfs/data6/home/st/st_us-053000/st_st191959/DL-Lab/DataSet/MTMC_Tracking_2025_Preprocessed/val/Warehouse_015/crops/Person_0187/Camera_12/Person_0187_Camera_12_f000000_r046.jpg,None,-1,NOISE,0.0,True,False,0.14212577,-0.19481777,0.14212637,-0.1948174,0.05063363
849,Person_0188,Warehouse_015__Person_0188,83,83,Camera,0,Warehouse_015,Person,1,0.6666666666666666,390,8850,/pfs/data6/home/st/st_us-053000/st_st191959/DL-Lab/DataSet/MTMC_Tracking_2025_Preprocessed/val/Warehouse_015/crops/Person_0188/Camera/Person_0188_Camera_f000390_r001.jpg,None,30,Warehouse_015__Person_0188,1.0,False,False,-0.07753859,-0.25489697,-0.077538595,-0.25489706,0.16681619
542,Person_0188,Warehouse_015__Person_0188,83,83,Camera_01,11,Warehouse_015,Person,1,0.47232472324723246,0,8970,/pfs/data6/home/st/st_us-053000/st_st191959/DL-Lab/DataSet/MTMC_Tracking_2025_Preprocessed/val/Warehouse_015/crops/Person_0188/Camera_01/Person_0188_Camera_01_f000000_r003.jpg,None,80,Warehouse_015__Person_0188,1.0,False,False,0.109457955,-0.19867858,0.109458186,-0.19867788,0.053933673
851,Person_0188,Warehouse_015__Person_0188,83,83,Camera_03,13,Warehouse_015,Person,1,0.6627497062279671,0,8970,/pfs/data6/home/st/st_us-053000/st_st191959/DL-Lab/DataSet/MTMC_Tracking_2025_Preprocessed/val/Warehouse_015/crops/Person_0188/Camera_03/Person_0188_Camera_03_f000000_r002.jpg,None,80,Warehouse_015__Person_0188,1.0,False,False,0.18379766,-0.1869372,0.18379802,-0.1869364,-0.032714363
552,Person_0188,Warehouse_015__Person_0188,83,83,Camera_04,14,Warehouse_015,Person,1,0.6666666666666666,1050,8760,/pfs/data6/home/st/st_us-053000/st_st191959/DL-Lab/DataSet/MTMC_Tracking_2025_Preprocessed/val/Warehouse_015/crops/Person_0188/Camera_04/Person_0188_Camera_04_f001050_r000.jpg,None,-1,NOISE,0.0,True,False,-0.34579307,-0.26009253,-0.34579322,-0.26009247,0.07425827
4,Person_0188,Warehouse_015__Person_0188,83,83,Camera_05,15,Warehouse_015,Person,0,0.0,8880,8970,/pfs/data6/home/st/st_us-053000/st_st191959/DL-Lab/DataSet/MTMC_Tracking_2025_Preprocessed/val/Warehouse_015/crops/Person_0188/Camera_05/Person_0188_Camera_05_f008880_r002.jpg,None,-1,NOISE,0.0,True,False,0.20286074,-0.23163563,0.20286085,-0.23163517,-0.1903609
471,Person_0188,Warehouse_015__Person_0188,83,83,Camera_07,17,Warehouse_015,Person,1,0.6666666666666666,450,8970,/pfs/data6/home/st/st_us-053000/st_st191959/DL-Lab/DataSet/MTMC_Tracking_2025_Preprocessed/val/Warehouse_015/crops/Person_0188/Camera_07/Person_0188_Camera_07_f000450_r001.jpg,None,-1,NOISE,0.0,True,False,0.098049775,-0.15730637,0.098049894,-0.15730552,-0.030482607
138,Person_0188,Warehouse_015__Person_0188,83,83,Camera_08,18,Warehouse_015,Person,1,0.6666666666666666,0,6870,/pfs/data6/home/st/st_us-053000/st_st191959/DL-Lab/DataSet/MTMC_Tracking_2025_Preprocessed/val/Warehouse_015/crops/Person_0188/Camera_08/Person_0188_Camera_08_f000000_r002.jpg,None,30,Warehouse_015__Person_0188,1.0,False,False,-0.15979575,-0.21974285,-0.1597958,-0.21974272,0.14170003
39,Person_0188,Warehouse_015__Person_0188,83,83,Camera_09,19,Warehouse_015,Person,1,0.6666666666666666,3870,8850,/pfs/data6/home/st/st_us-053000/st_st191959/DL-Lab/DataSet/MTMC_Tracking_2025_Preprocessed/val/Warehouse_015/crops/Person_0188/Camera_09/Person_0188_Camera_09_f003870_r000.jpg,None,30,Warehouse_015__Person_0188,1.0,False,False,-0.12633502,-0.21250618,-0.12633498,-0.21250562,0.15133005
619,Person_0188,Warehouse_015__Person_0188,83,83,Camera_10,20,Warehouse_015,Person,1,0.5266558966074314,0,8940,/pfs/data6/home/st/st_us-053000/st_st191959/DL-Lab/DataSet/MTMC_Tracking_2025_Preprocessed/val/Warehouse_015/crops/Person_0188/Camera_10/Person_0188_Camera_10_f000000_r003.jpg,None,80,Warehouse_015__Person_0188,1.0,False,False,0.08993249,-0.22263281,0.08993283,-0.22263193,0.050990034
348,Person_0188,Warehouse_015__Person_0188,83,83,Camera_12,22,Warehouse_015,Person,1,0.6666666666666666,0,8970,/pfs/data6/home/st/st_us-053000/st_st191959/DL-Lab/DataSet/MTMC_Tracking_2025_Preprocessed/val/Warehouse_015/crops/Person_0188/Camera_12/Person_0188_Camera_12_f000000_r003.jpg,None,30,Warehouse_015__Person_0188,1.0,False,False,-0.06503527,-0.21585283,-0.065035224,-0.21585263,0.15690398
511,Person_0189,Warehouse_015__Person_0189,84,84,Camera_01,11,Warehouse_015,Person,1,0.6614481409001957,0,8970,/pfs/data6/home/st/st_us-053000/st_st191959/DL-Lab/DataSet/MTMC_Tracking_2025_Preprocessed/val/Warehouse_015/crops/Person_0189/Camera_01/Person_0189_Camera_01_f000000_r031.jpg,None,75,Warehouse_015__Person_0189,1.0,False,False,-0.06979376,0.0058973986,-0.06979376,0.0058979513,0.11778885
474,Person_0189,Warehouse_015__Person_0189,84,84,Camera_02,12,Warehouse_015,Person,1,0.6666666666666666,1650,8550,/pfs/data6/home/st/st_us-053000/st_st191959/DL-Lab/DataSet/MTMC_Tracking_2025_Preprocessed/val/Warehouse_015/crops/Person_0189/Camera_02/Person_0189_Camera_02_f001650_r011.jpg,None,75,Warehouse_015__Person_0189,1.0,False,False,0.06584623,-0.07885418,0.065846324,-0.07885374,0.014680425
338,Person_0189,Warehouse_015__Person_0189,84,84,Camera_03,13,Warehouse_015,Person,1,0.6627218934911243,0,8970,/pfs/data6/home/st/st_us-053000/st_st191959/DL-Lab/DataSet/MTMC_Tracking_2025_Preprocessed/val/Warehouse_015/crops/Person_0189/Camera_03/Person_0189_Camera_03_f000000_r023.jpg,None,75,Warehouse_015__Person_0189,1.0,False,False,-0.0029078475,0.091654435,-0.0029081076,0.09165478,0.009403478
172,Person_0189,Warehouse_015__Person_0189,84,84,Camera_05,15,Warehouse_015,Person,1,0.6627906976744186,0,8640,/pfs/data6/home/st/st_us-053000/st_st191959/DL-Lab/DataSet/MTMC_Tracking_2025_Preprocessed/val/Warehouse_015/crops/Person_0189/Camera_05/Person_0189_Camera_05_f000000_r015.jpg,None,-1,NOISE,0.0,True,False,-0.34016114,-0.07425115,-0.34016126,-0.07425069,0.07543871
15,Person_0189,Warehouse_015__Person_0189,84,84,Camera_06,16,Warehouse_015,Person,1,0.6666666666666666,120,240,/pfs/data6/home/st/st_us-053000/st_st191959/DL-Lab/DataSet/MTMC_Tracking_2025_Preprocessed/val/Warehouse_015/crops/Person_0189/Camera_06/Person_0189_Camera_06_f000120_r009.jpg,None,5,Warehouse_015__Transporter_0007,0.7692307692307693,False,True,-0.317642,-0.025825262,-0.317642,-0.025825858,-0.029932154
401,Person_0189,Warehouse_015__Person_0189,84,84,Camera_08,18,Warehouse_015,Person,1,0.5935162094763092,1620,8580,/pfs/data6/home/st/st_us-053000/st_st191959/DL-Lab/DataSet/MTMC_Tracking_2025_Preprocessed/val/Warehouse_015/crops/Person_0189/Camera_08/Person_0189_Camera_08_f001620_r019.jpg,None,-1,NOISE,0.0,True,False,0.13145284,-0.1192627,0.13145292,-0.119262725,-0.1108844
652,Person_0189,Warehouse_015__Person_0189,84,84,Camera_10,20,Warehouse_015,Person,1,0.6625766871165644,0,8970,/pfs/data6/home/st/st_us-053000/st_st191959/DL-Lab/DataSet/MTMC_Tracking_2025_Preprocessed/val/Warehouse_015/crops/Person_0189/Camera_10/Person_0189_Camera_10_f000000_r037.jpg,None,75,Warehouse_015__Person_0189,1.0,False,False,0.058625963,-0.0586303,0.05862612,-0.05862994,0.031240428
34,Person_0189,Warehouse_015__Person_0189,84,84,Camera_11,21,Warehouse_015,Person,1,0.6470588235294118,5670,6000,/pfs/data6/home/st/st_us-053000/st_st191959/DL-Lab/DataSet/MTMC_Tracking_2025_Preprocessed/val/Warehouse_015/crops/Person_0189/Camera_11/Person_0189_Camera_11_f005670_r005.jpg,None,-1,NOISE,0.0,True,False,0.0035528762,0.0028278017,0.0035527896,0.0028275156,-0.13316289
668,Person_0189,Warehouse_015__Person_0189,84,84,Camera_12,22,Warehouse_015,Person,1,0.5718562874251497,0,8970,/pfs/data6/home/st/st_us-053000/st_st191959/DL-Lab/DataSet/MTMC_Tracking_2025_Preprocessed/val/Warehouse_015/crops/Person_0189/Camera_12/Person_0189_Camera_12_f000000_r031.jpg,None,-1,NOISE,0.0,True,False,0.20359895,-0.07465848,0.20359914,-0.07465799,-0.07571923
181,Person_0190,Warehouse_015__Person_0190,85,85,Camera,0,Warehouse_015,Person,1,0.6629834254143646,870,5370,/pfs/data6/home/st/st_us-053000/st_st191959/DL-Lab/DataSet/MTMC_Tracking_2025_Preprocessed/val/Warehouse_015/crops/Person_0190/Camera/Person_0190_Camera_f000870_r011.jpg,None,104,Warehouse_015__Person_0190,0.8888888888888888,False,False,0.058851477,-0.2569203,0.05885216,-0.25691977,0.09193589
550,Person_0190,Warehouse_015__Person_0190,85,85,Camera_01,11,Warehouse_015,Person,1,0.5418181818181819,0,8970,/pfs/data6/home/st/st_us-053000/st_st191959/DL-Lab/DataSet/MTMC_Tracking_2025_Preprocessed/val/Warehouse_015/crops/Person_0190/Camera_01/Person_0190_Camera_01_f000000_r032.jpg,None,104,Warehouse_015__Person_0190,0.8888888888888888,False,False,0.12592529,-0.24766858,0.12592588,-0.24766794,0.05392436
84,Person_0190,Warehouse_015__Person_0190,85,85,Camera_02,12,Warehouse_015,Person,1,0.6666666666666666,6810,7740,/pfs/data6/home/st/st_us-053000/st_st191959/DL-Lab/DataSet/MTMC_Tracking_2025_Preprocessed/val/Warehouse_015/crops/Person_0190/Camera_02/Person_0190_Camera_02_f006810_r007.jpg,None,104,Warehouse_015__Person_0190,0.8888888888888888,False,False,0.15810817,-0.2213923,0.15810873,-0.22139178,0.037026666
459,Person_0190,Warehouse_015__Person_0190,85,85,Camera_03,13,Warehouse_015,Person,1,0.5664488017429193,0,8340,/pfs/data6/home/st/st_us-053000/st_st191959/DL-Lab/DataSet/MTMC_Tracking_2025_Preprocessed/val/Warehouse_015/crops/Person_0190/Camera_03/Person_0190_Camera_03_f000000_r025.jpg,None,104,Warehouse_015__Person_0190,0.8888888888888888,False,False,0.1788125,-0.208991,0.17881322,-0.20899045,0.0031412793
66,Person_0190,Warehouse_015__Person_0190,85,85,Camera_04,14,Warehouse_015,Person,1,0.6666666666666666,3120,5280,/pfs/data6/home/st/st_us-053000/st_st191959/DL-Lab/DataSet/MTMC_Tracking_2025_Preprocessed/val/Warehouse_015/crops/Person_0190/Camera_04/Person_0190_Camera_04_f003120_r009.jpg,None,-1,NOISE,0.0,True,False,-0.06601213,-0.24464893,-0.066011764,-0.24464871,0.09475206
337,Person_0190,Warehouse_015__Person_0190,85,85,Camera_05,15,Warehouse_015,Person,1,0.6231454005934718,0,8970,/pfs/data6/home/st/st_us-053000/st_st191959/DL-Lab/DataSet/MTMC_Tracking_2025_Preprocessed/val/Warehouse_015/crops/Person_0190/Camera_05/Person_0190_Camera_05_f000000_r016.jpg,None,104,Warehouse_015__Person_0190,0.8888888888888888,False,False,0.07163703,-0.24494098,0.07163774,-0.24494089,0.04438367
57,Person_0190,Warehouse_015__Person_0190,85,85,Camera_06,16,Warehouse_015,Person,1,0.6666666666666666,6000,8970,/pfs/data6/home/st/st_us-053000/st_st191959/DL-Lab/DataSet/MTMC_Tracking_2025_Preprocessed/val/Warehouse_015/crops/Person_0190/Camera_06/Person_0190_Camera_06_f006000_r003.jpg,None,-1,NOISE,0.0,True,False,-0.043587532,-0.24735697,-0.043587092,-0.24735712,0.12945293
426,Person_0190,Warehouse_015__Person_0190,85,85,Camera_07,17,Warehouse_015,Person,1,0.6572769953051644,0,4950,/pfs/data6/home/st/st_us-053000/st_st191959/DL-Lab/DataSet/MTMC_Tracking_2025_Preprocessed/val/Warehouse_015/crops/Person_0190/Camera_07/Person_0190_Camera_07_f000000_r011.jpg,None,104,Warehouse_015__Person_0190,0.8888888888888888,False,False,0.13766263,-0.21460593,0.13766317,-0.21460581,0.061675005
52,Person_0190,Warehouse_015__Person_0190,85,85,Camera_08,18,Warehouse_015,Person,1,0.6153846153846154,4980,7740,/pfs/data6/home/st/st_us-053000/st_st191959/DL-Lab/DataSet/MTMC_Tracking_2025_Preprocessed/val/Warehouse_015/crops/Person_0190/Camera_08/Person_0190_Camera_08_f004980_r014.jpg,None,-1,NOISE,0.0,True,False,0.22887488,-0.22042385,0.22887498,-0.22042388,-0.20192505
234,Person_0190,Warehouse_015__Person_0190,85,85,Camera_09,19,Warehouse_015,Person,1,0.6666666666666666,900,3900,/pfs/data6/home/st/st_us-053000/st_st191959/DL-Lab/DataSet/MTMC_Tracking_2025_Preprocessed/val/Warehouse_015/crops/Person_0190/Camera_09/Person_0190_Camera_09_f000900_r005.jpg,None,-1,NOISE,0.0,True,False,0.13064648,-0.2713096,0.13064699,-0.2713091,0.05532448
574,Person_0190,Warehouse_015__Person_0190,85,85,Camera_10,20,Warehouse_015,Person,1,0.6445993031358885,300,8970,/pfs/data6/home/st/st_us-053000/st_st191959/DL-Lab/DataSet/MTMC_Tracking_2025_Preprocessed/val/Warehouse_015/crops/Person_0190/Camera_10/Person_0190_Camera_10_f000300_r040.jpg,None,104,Warehouse_015__Person_0190,0.8888888888888888,False,False,0.16435467,-0.26015332,0.16435522,-0.26015288,-0.0011506614
54,Person_0190,Warehouse_015__Person_0190,85,85,Camera_11,21,Warehouse_015,Person,1,0.6666666666666666,0,8970,/pfs/data6/home/st/st_us-053000/st_st191959/DL-Lab/DataSet/MTMC_Tracking_2025_Preprocessed/val/Warehouse_015/crops/Person_0190/Camera_11/Person_0190_Camera_11_f000000_r008.jpg,None,-1,NOISE,0.0,True,False,0.13250591,-0.17198576,0.13250643,-0.17198575,-0.07214997
498,Person_0190,Warehouse_015__Person_0190,85,85,Camera_12,22,Warehouse_015,Person,1,0.6265060240963856,360,8970,/pfs/data6/home/st/st_us-053000/st_st191959/DL-Lab/DataSet/MTMC_Tracking_2025_Preprocessed/val/Warehouse_015/crops/Person_0190/Camera_12/Person_0190_Camera_12_f000360_r036.jpg,None,104,Warehouse_015__Person_0190,0.8888888888888888,False,False,0.17506495,-0.21824245,0.17506553,-0.21824192,-0.0022067635
145,Person_0191,Warehouse_015__Person_0191,86,86,Camera,0,Warehouse_015,Person,1,0.6620689655172414,180,1920,/pfs/data6/home/st/st_us-053000/st_st191959/DL-Lab/DataSet/MTMC_Tracking_2025_Preprocessed/val/Warehouse_015/crops/Person_0191/Camera/Person_0191_Camera_f000180_r021.jpg,None,-1,NOISE,0.0,True,False,-0.07457731,0.122164026,-0.07457757,0.122164555,0.231467
645,Person_0191,Warehouse_015__Person_0191,86,86,Camera_01,11,Warehouse_015,Person,1,0.6108527131782946,0,8970,/pfs/data6/home/st/st_us-053000/st_st191959/DL-Lab/DataSet/MTMC_Tracking_2025_Preprocessed/val/Warehouse_015/crops/Person_0191/Camera_01/Person_0191_Camera_01_f000000_r040.jpg,None,119,Warehouse_015__Person_0191,0.42857142857142855,False,False,0.11884191,0.045422155,0.11884193,0.045422506,0.1407252
184,Person_0191,Warehouse_015__Person_0191,86,86,Camera_02,12,Warehouse_015,Person,1,0.6630434782608695,3210,7950,/pfs/data6/home/st/st_us-053000/st_st191959/DL-Lab/DataSet/MTMC_Tracking_2025_Preprocessed/val/Warehouse_015/crops/Person_0191/Camera_02/Person_0191_Camera_02_f003210_r011.jpg,None,119,Warehouse_015__Person_0191,0.42857142857142855,False,False,0.09131705,-0.067704804,0.09131717,-0.06770434,0.10326854
478,Person_0191,Warehouse_015__Person_0191,86,86,Camera_03,13,Warehouse_015,Person,1,0.6652719665271967,0,8130,/pfs/data6/home/st/st_us-053000/st_st191959/DL-Lab/DataSet/MTMC_Tracking_2025_Preprocessed/val/Warehouse_015/crops/Person_0191/Camera_03/Person_0191_Camera_03_f000000_r031.jpg,None,119,Warehouse_015__Person_0191,0.42857142857142855,False,False,0.062958546,-0.026227327,0.062958576,-0.026226902,0.1756953
458,Person_0191,Warehouse_015__Person_0191,86,86,Camera_05,15,Warehouse_015,Person,1,0.6462882096069869,0,8970,/pfs/data6/home/st/st_us-053000/st_st191959/DL-Lab/DataSet/MTMC_Tracking_2025_Preprocessed/val/Warehouse_015/crops/Person_0191/Camera_05/Person_0191_Camera_05_f000000_r023.jpg,None,-1,NOISE,0.0,True,False,0.022678226,0.028438134,0.022678189,0.028438572,0.24039766
190,Person_0191,Warehouse_015__Person_0191,86,86,Camera_07,17,Warehouse_015,Person,1,0.6631578947368421,0,2640,/pfs/data6/home/st/st_us-053000/st_st191959/DL-Lab/DataSet/MTMC_Tracking_2025_Preprocessed/val/Warehouse_015/crops/Person_0191/Camera_07/Person_0191_Camera_07_f000000_r013.jpg,None,119,Warehouse_015__Person_0191,0.42857142857142855,False,False,0.09990643,0.032501496,0.09990641,0.032502007,0.14465748
94,Person_0191,Warehouse_015__Person_0191,86,86,Camera_08,18,Warehouse_015,Person,1,0.48936170212765956,3240,8100,/pfs/data6/home/st/st_us-053000/st_st191959/DL-Lab/DataSet/MTMC_Tracking_2025_Preprocessed/val/Warehouse_015/crops/Person_0191/Camera_08/Person_0191_Camera_08_f003240_r019.jpg,None,-1,NOISE,0.0,True,False,0.11149079,-0.06651406,0.111490965,-0.06651371,0.0036265056
39,Person_0191,Warehouse_015__Person_0191,86,86,Camera_09,19,Warehouse_015,Person,1,0.6666666666666666,210,1320,/pfs/data6/home/st/st_us-053000/st_st191959/DL-Lab/DataSet/MTMC_Tracking_2025_Preprocessed/val/Warehouse_015/crops/Person_0191/Camera_09/Person_0191_Camera_09_f000210_r006.jpg,None,-1,NOISE,0.0,True,False,0.08897362,-0.1736645,0.08897398,-0.17366444,-0.073738985
633,Person_0191,Warehouse_015__Person_0191,86,86,Camera_10,20,Warehouse_015,Person,1,0.6161137440758294,30,8970,/pfs/data6/home/st/st_us-053000/st_st191959/DL-Lab/DataSet/MTMC_Tracking_2025_Preprocessed/val/Warehouse_015/crops/Person_0191/Camera_10/Person_0191_Camera_10_f000030_r049.jpg,None,119,Warehouse_015__Person_0191,0.42857142857142855,False,False,0.1586425,-0.02930899,0.15864271,-0.02930849,0.06151196
4,Person_0191,Warehouse_015__Person_0191,86,86,Camera_11,21,Warehouse_015,Person,1,0.5,5760,5790,/pfs/data6/home/st/st_us-053000/st_st191959/DL-Lab/DataSet/MTMC_Tracking_2025_Preprocessed/val/Warehouse_015/crops/Person_0191/Camera_11/Person_0191_Camera_11_f005760_r008.jpg,None,6,Warehouse_015__Person_0191,0.3333333333333333,False,False,-0.3368247,-0.032350753,-0.33682472,-0.032351077,-0.01709771
714,Person_0191,Warehouse_015__Person_0191,86,86,Camera_12,22,Warehouse_015,Person,1,0.6134453781512605,0,8970,/pfs/data6/home/st/st_us-053000/st_st191959/DL-Lab/DataSet/MTMC_Tracking_2025_Preprocessed/val/Warehouse_015/crops/Person_0191/Camera_12/Person_0191_Camera_12_f000000_r042.jpg,None,119,Warehouse_015__Person_0191,0.42857142857142855,False,False,0.1427506,0.031475153,0.1427506,0.031475656,0.090087056
291,Person_0192,Warehouse_015__Person_0192,87,87,Camera,0,Warehouse_015,Person,1,0.6666666666666666,1410,4590,/pfs/data6/home/st/st_us-053000/st_st191959/DL-Lab/DataSet/MTMC_Tracking_2025_Preprocessed/val/Warehouse_015/crops/Person_0192/Camera/Person_0192_Camera_f001410_r007.jpg,None,93,Warehouse_015__Person_0192,1.0,False,False,0.1598518,0.13099937,0.15985164,0.1310004,0.11620876
615,Person_0192,Warehouse_015__Person_0192,87,87,Camera_01,11,Warehouse_015,Person,1,0.6666666666666666,0,8970,/pfs/data6/home/st/st_us-053000/st_st191959/DL-Lab/DataSet/MTMC_Tracking_2025_Preprocessed/val/Warehouse_015/crops/Person_0192/Camera_01/Person_0192_Camera_01_f000000_r010.jpg,None,93,Warehouse_015__Person_0192,1.0,False,False,0.15777488,0.12492301,0.15777469,0.12492364,0.09415459
27,Person_0192,Warehouse_015__Person_0192,87,87,Camera_02,12,Warehouse_015,Person,1,0.6666666666666666,5760,6000,/pfs/data6/home/st/st_us-053000/st_st191959/DL-Lab/DataSet/MTMC_Tracking_2025_Preprocessed/val/Warehouse_015/crops/Person_0192/Camera_02/Person_0192_Camera_02_f005760_r003.jpg,None,93,Warehouse_015__Person_0192,1.0,False,False,0.12923317,0.10707667,0.12923305,0.10707726,0.09014614
725,Person_0192,Warehouse_015__Person_0192,87,87,Camera_03,13,Warehouse_015,Person,1,0.6648275862068965,0,8700,/pfs/data6/home/st/st_us-053000/st_st191959/DL-Lab/DataSet/MTMC_Tracking_2025_Preprocessed/val/Warehouse_015/crops/Person_0192/Camera_03/Person_0192_Camera_03_f000000_r008.jpg,None,93,Warehouse_015__Person_0192,1.0,False,False,0.12688825,0.11321541,0.12688822,0.11321598,0.06855928
246,Person_0192,Warehouse_015__Person_0192,87,87,Camera_04,14,Warehouse_015,Person,1,0.6666666666666666,1410,4620,/pfs/data6/home/st/st_us-053000/st_st191959/DL-Lab/DataSet/MTMC_Tracking_2025_Preprocessed/val/Warehouse_015/crops/Person_0192/Camera_04/Person_0192_Camera_04_f001410_r004.jpg,None,93,Warehouse_015__Person_0192,1.0,False,False,0.12863235,0.07098064,0.12863232,0.0709815,0.100961335
163,Person_0192,Warehouse_015__Person_0192,87,87,Camera_05,15,Warehouse_015,Person,1,0.6625766871165644,0,8970,/pfs/data6/home/st/st_us-053000/st_st191959/DL-Lab/DataSet/MTMC_Tracking_2025_Preprocessed/val/Warehouse_015/crops/Person_0192/Camera_05/Person_0192_Camera_05_f000000_r005.jpg,None,93,Warehouse_015__Person_0192,1.0,False,False,0.084156565,0.10780279,0.08415646,0.107803196,0.0965051
30,Person_0192,Warehouse_015__Person_0192,87,87,Camera_07,17,Warehouse_015,Person,1,0.6666666666666666,2130,2400,/pfs/data6/home/st/st_us-053000/st_st191959/DL-Lab/DataSet/MTMC_Tracking_2025_Preprocessed/val/Warehouse_015/crops/Person_0192/Camera_07/Person_0192_Camera_07_f002130_r002.jpg,None,-1,NOISE,0.0,True,False,-0.014692681,0.11871569,-0.014692842,0.11871594,0.08924143
417,Person_0192,Warehouse_015__Person_0192,87,87,Camera_08,18,Warehouse_015,Person,1,0.6666666666666666,720,7140,/pfs/data6/home/st/st_us-053000/st_st191959/DL-Lab/DataSet/MTMC_Tracking_2025_Preprocessed/val/Warehouse_015/crops/Person_0192/Camera_08/Person_0192_Camera_08_f000720_r008.jpg,None,93,Warehouse_015__Person_0192,1.0,False,False,0.17920817,0.09380404,0.17920807,0.09380469,0.066718265
787,Person_0192,Warehouse_015__Person_0192,87,87,Camera_10,20,Warehouse_015,Person,1,0.6200762388818297,0,8970,/pfs/data6/home/st/st_us-053000/st_st191959/DL-Lab/DataSet/MTMC_Tracking_2025_Preprocessed/val/Warehouse_015/crops/Person_0192/Camera_10/Person_0192_Camera_10_f000000_r014.jpg,None,93,Warehouse_015__Person_0192,1.0,False,False,0.2271908,0.055854183,0.22719091,0.055855084,0.02651747
750,Person_0192,Warehouse_015__Person_0192,87,87,Camera_12,22,Warehouse_015,Person,1,0.6666666666666666,0,8970,/pfs/data6/home/st/st_us-053000/st_st191959/DL-Lab/DataSet/MTMC_Tracking_2025_Preprocessed/val/Warehouse_015/crops/Person_0192/Camera_12/Person_0192_Camera_12_f000000_r013.jpg,None,93,Warehouse_015__Person_0192,1.0,False,False,0.16865367,0.12231669,0.16865365,0.12231723,0.058971606
3,Person_0193,Warehouse_015__Person_0193,88,88,Camera,0,Warehouse_015,Person,1,0.6666666666666666,2460,2460,/pfs/data6/home/st/st_us-053000/st_st191959/DL-Lab/DataSet/MTMC_Tracking_2025_Preprocessed/val/Warehouse_015/crops/Person_0193/Camera/Person_0193_Camera_f002460_r024.jpg,None,6,Warehouse_015__Person_0191,0.3333333333333333,False,True,-0.3806147,-0.013298266,-0.38061467,-0.01329837,-0.045719337
627,Person_0193,Warehouse_015__Person_0193,88,88,Camera_01,11,Warehouse_015,Person,1,0.6475279106858054,0,8970,/pfs/data6/home/st/st_us-053000/st_st191959/DL-Lab/DataSet/MTMC_Tracking_2025_Preprocessed/val/Warehouse_015/crops/Person_0193/Camera_01/Person_0193_Camera_01_f000000_r042.jpg,None,119,Warehouse_015__Person_0191,0.42857142857142855,False,True,0.14988977,0.03733495,0.14988978,0.037335437,0.06429426
21,Person_0193,Warehouse_015__Person_0193,88,88,Camera_02,12,Warehouse_015,Person,1,0.6666666666666666,3300,3480,/pfs/data6/home/st/st_us-053000/st_st191959/DL-Lab/DataSet/MTMC_Tracking_2025_Preprocessed/val/Warehouse_015/crops/Person_0193/Camera_02/Person_0193_Camera_02_f003300_r010.jpg,None,-1,NOISE,0.0,True,False,0.05815493,-0.008363915,0.05815511,-0.008363393,0.15529367
307,Person_0193,Warehouse_015__Person_0193,88,88,Camera_03,13,Warehouse_015,Person,1,0.6644951140065146,0,8970,/pfs/data6/home/st/st_us-053000/st_st191959/DL-Lab/DataSet/MTMC_Tracking_2025_Preprocessed/val/Warehouse_015/crops/Person_0193/Camera_03/Person_0193_Camera_03_f000000_r033.jpg,None,119,Warehouse_015__Person_0191,0.42857142857142855,False,True,0.09902594,-0.021006906,0.09902598,-0.02100626,0.1421609
763,Person_0193,Warehouse_015__Person_0193,88,88,Camera_05,15,Warehouse_015,Person,1,0.6605504587155964,120,8970,/pfs/data6/home/st/st_us-053000/st_st191959/DL-Lab/DataSet/MTMC_Tracking_2025_Preprocessed/val/Warehouse_015/crops/Person_0193/Camera_05/Person_0193_Camera_05_f000120_r027.jpg,None,119,Warehouse_015__Person_0191,0.42857142857142855,False,True,0.105433874,-0.023182577,0.105433784,-0.023182211,0.11245183
390,Person_0193,Warehouse_015__Person_0193,88,88,Camera_06,16,Warehouse_015,Person,1,0.6666666666666666,390,7770,/pfs/data6/home/st/st_us-053000/st_st191959/DL-Lab/DataSet/MTMC_Tracking_2025_Preprocessed/val/Warehouse_015/crops/Person_0193/Camera_06/Person_0193_Camera_06_f000390_r010.jpg,None,-1,NOISE,0.0,True,False,0.1405552,-0.08523849,0.14055523,-0.08523805,0.076914884
33,Person_0193,Warehouse_015__Person_0193,88,88,Camera_07,17,Warehouse_015,Person,1,0.6666666666666666,2160,2460,/pfs/data6/home/st/st_us-053000/st_st191959/DL-Lab/DataSet/MTMC_Tracking_2025_Preprocessed/val/Warehouse_015/crops/Person_0193/Camera_07/Person_0193_Camera_07_f002160_r013.jpg,None,-1,NOISE,0.0,True,False,0.09705692,-0.056366324,0.097057074,-0.056365985,0.009799874
23,Person_0193,Warehouse_015__Person_0193,88,88,Camera_08,18,Warehouse_015,Person,1,0.6086956521739131,2970,3480,/pfs/data6/home/st/st_us-053000/st_st191959/DL-Lab/DataSet/MTMC_Tracking_2025_Preprocessed/val/Warehouse_015/crops/Person_0193/Camera_08/Person_0193_Camera_08_f002970_r020.jpg,None,-1,NOISE,0.0,True,False,-0.15219274,-0.02723827,-0.15219282,-0.02723806,0.06736535
855,Person_0193,Warehouse_015__Person_0193,88,88,Camera_10,20,Warehouse_015,Person,1,0.6502923976608187,0,8970,/pfs/data6/home/st/st_us-053000/st_st191959/DL-Lab/DataSet/MTMC_Tracking_2025_Preprocessed/val/Warehouse_015/crops/Person_0193/Camera_10/Person_0193_Camera_10_f000000_r049.jpg,None,119,Warehouse_015__Person_0191,0.42857142857142855,False,True,0.15561849,0.048176993,0.15561831,0.048177384,0.074501045
352,Person_0193,Warehouse_015__Person_0193,88,88,Camera_11,21,Warehouse_015,Person,1,0.6647727272727273,420,7740,/pfs/data6/home/st/st_us-053000/st_st191959/DL-Lab/DataSet/MTMC_Tracking_2025_Preprocessed/val/Warehouse_015/crops/Person_0193/Camera_11/Person_0193_Camera_11_f000420_r008.jpg,None,-1,NOISE,0.0,True,False,0.15711549,-0.083603576,0.15711555,-0.08360333,-0.045101296
711,Person_0193,Warehouse_015__Person_0193,88,88,Camera_12,22,Warehouse_015,Person,1,0.6357243319268636,0,8970,/pfs/data6/home/st/st_us-053000/st_st191959/DL-Lab/DataSet/MTMC_Tracking_2025_Preprocessed/val/Warehouse_015/crops/Person_0193/Camera_12/Person_0193_Camera_12_f000000_r044.jpg,None,119,Warehouse_015__Person_0191,0.42857142857142855,False,True,0.14296468,-0.06803053,0.14296475,-0.06803016,0.08324704
501,Person_0194,Warehouse_015__Person_0194,89,89,Camera,0,Warehouse_015,Person,1,0.6586826347305389,1500,7920,/pfs/data6/home/st/st_us-053000/st_st191959/DL-Lab/DataSet/MTMC_Tracking_2025_Preprocessed/val/Warehouse_015/crops/Person_0194/Camera/Person_0194_Camera_f001500_r017.jpg,None,112,Warehouse_015__Person_0194,0.5384615384615384,False,False,0.0062614074,-0.034127317,0.0062615196,-0.03412751,0.2301977
529,Person_0194,Warehouse_015__Person_0194,89,89,Camera_01,11,Warehouse_015,Person,1,0.5746691871455577,0,8970,/pfs/data6/home/st/st_us-053000/st_st191959/DL-Lab/DataSet/MTMC_Tracking_2025_Preprocessed/val/Warehouse_015/crops/Person_0194/Camera_01/Person_0194_Camera_01_f000000_r030.jpg,None,112,Warehouse_015__Person_0194,0.5384615384615384,False,False,0.12275782,-0.014168357,0.12275812,-0.014167923,0.08796279
709,Person_0194,Warehouse_015__Person_0194,89,89,Camera_03,13,Warehouse_015,Person,1,0.6459802538787024,0,8970,/pfs/data6/home/st/st_us-053000/st_st191959/DL-Lab/DataSet/MTMC_Tracking_2025_Preprocessed/val/Warehouse_015/crops/Person_0194/Camera_03/Person_0194_Camera_03_f000000_r022.jpg,None,112,Warehouse_015__Person_0194,0.5384615384615384,False,False,0.104144834,-0.036334198,0.10414526,-0.03633376,0.09568983
274,Person_0194,Warehouse_015__Person_0194,89,89,Camera_04,14,Warehouse_015,Person,1,0.6642335766423357,780,7620,/pfs/data6/home/st/st_us-053000/st_st191959/DL-Lab/DataSet/MTMC_Tracking_2025_Preprocessed/val/Warehouse_015/crops/Person_0194/Camera_04/Person_0194_Camera_04_f000780_r005.jpg,None,-1,NOISE,0.0,True,False,0.07038791,-0.03228685,0.07038806,-0.03228715,0.124809265
74,Person_0194,Warehouse_015__Person_0194,89,89,Camera_05,15,Warehouse_015,Person,1,0.5945945945945946,6150,8640,/pfs/data6/home/st/st_us-053000/st_st191959/DL-Lab/DataSet/MTMC_Tracking_2025_Preprocessed/val/Warehouse_015/crops/Person_0194/Camera_05/Person_0194_Camera_05_f006150_r018.jpg,None,112,Warehouse_015__Person_0194,0.5384615384615384,False,False,0.13570417,-0.029060332,0.13570437,-0.029059876,0.08926256
330,Person_0194,Warehouse_015__Person_0194,89,89,Camera_07,17,Warehouse_015,Person,1,0.6666666666666666,2940,7920,/pfs/data6/home/st/st_us-053000/st_st191959/DL-Lab/DataSet/MTMC_Tracking_2025_Preprocessed/val/Warehouse_015/crops/Person_0194/Camera_07/Person_0194_Camera_07_f002940_r006.jpg,None,112,Warehouse_015__Person_0194,0.5384615384615384,False,False,0.0040132916,0.032203972,0.004013516,0.032204088,0.19631287
275,Person_0194,Warehouse_015__Person_0194,89,89,Camera_08,18,Warehouse_015,Person,1,0.6618181818181819,420,8910,/pfs/data6/home/st/st_us-053000/st_st191959/DL-Lab/DataSet/MTMC_Tracking_2025_Preprocessed/val/Warehouse_015/crops/Person_0194/Camera_08/Person_0194_Camera_08_f000420_r012.jpg,None,-1,NOISE,0.0,True,False,-0.013419748,0.023959072,-0.013419687,0.023958843,0.2130479
139,Person_0194,Warehouse_015__Person_0194,89,89,Camera_09,19,Warehouse_015,Person,1,0.6618705035971223,5070,7230,/pfs/data6/home/st/st_us-053000/st_st191959/DL-Lab/DataSet/MTMC_Tracking_2025_Preprocessed/val/Warehouse_015/crops/Person_0194/Camera_09/Person_0194_Camera_09_f005070_r004.jpg,None,-1,NOISE,0.0,True,False,0.089542024,-0.09933108,0.0895424,-0.09933119,0.15644664
671,Person_0194,Warehouse_015__Person_0194,89,89,Camera_10,20,Warehouse_015,Person,1,0.5842026825633383,0,8970,/pfs/data6/home/st/st_us-053000/st_st191959/DL-Lab/DataSet/MTMC_Tracking_2025_Preprocessed/val/Warehouse_015/crops/Person_0194/Camera_10/Person_0194_Camera_10_f000000_r036.jpg,None,112,Warehouse_015__Person_0194,0.5384615384615384,False,False,0.15132435,-0.07828031,0.15132464,-0.078279994,0.06908639
591,Person_0194,Warehouse_015__Person_0194,89,89,Camera_12,22,Warehouse_015,Person,1,0.6429780033840947,0,8970,/pfs/data6/home/st/st_us-053000/st_st191959/DL-Lab/DataSet/MTMC_Tracking_2025_Preprocessed/val/Warehouse_015/crops/Person_0194/Camera_12/Person_0194_Camera_12_f000000_r030.jpg,None,112,Warehouse_015__Person_0194,0.5384615384615384,False,False,0.09252438,0.01966985,0.09252454,0.019669902,0.13359036
505,Person_0195,Warehouse_015__Person_0195,90,90,Camera_01,11,Warehouse_015,Person,1,0.6613861386138614,0,8970,/pfs/data6/home/st/st_us-053000/st_st191959/DL-Lab/DataSet/MTMC_Tracking_2025_Preprocessed/val/Warehouse_015/crops/Person_0195/Camera_01/Person_0195_Camera_01_f000000_r036.jpg,None,-1,NOISE,0.0,True,False,0.08073211,-0.16577742,0.08073231,-0.16577661,0.076264516
667,Person_0195,Warehouse_015__Person_0195,90,90,Camera_02,12,Warehouse_015,Person,1,0.6656671664167916,840,8970,/pfs/data6/home/st/st_us-053000/st_st191959/DL-Lab/DataSet/MTMC_Tracking_2025_Preprocessed/val/Warehouse_015/crops/Person_0195/Camera_02/Person_0195_Camera_02_f000840_r010.jpg,None,-1,NOISE,0.0,True,False,0.25713092,-0.11000338,0.25713095,-0.1100028,-0.039906226
114,Person_0195,Warehouse_015__Person_0195,90,90,Camera_03,13,Warehouse_015,Person,1,0.6666666666666666,0,7860,/pfs/data6/home/st/st_us-053000/st_st191959/DL-Lab/DataSet/MTMC_Tracking_2025_Preprocessed/val/Warehouse_015/crops/Person_0195/Camera_03/Person_0195_Camera_03_f000000_r029.jpg,None,-1,NOISE,0.0,True,False,0.17574933,-0.087623924,0.1757495,-0.08762374,-0.063980594
398,Person_0195,Warehouse_015__Person_0195,90,90,Camera_05,15,Warehouse_015,Person,1,0.6582914572864321,0,8970,/pfs/data6/home/st/st_us-053000/st_st191959/DL-Lab/DataSet/MTMC_Tracking_2025_Preprocessed/val/Warehouse_015/crops/Person_0195/Camera_05/Person_0195_Camera_05_f000000_r019.jpg,None,-1,NOISE,0.0,True,False,-0.13776837,-0.1377126,-0.13776822,-0.13771227,0.10641502
273,Person_0195,Warehouse_015__Person_0195,90,90,Camera_08,18,Warehouse_015,Person,1,0.5201465201465202,240,5970,/pfs/data6/home/st/st_us-053000/st_st191959/DL-Lab/DataSet/MTMC_Tracking_2025_Preprocessed/val/Warehouse_015/crops/Person_0195/Camera_08/Person_0195_Camera_08_f000240_r014.jpg,None,-1,NOISE,0.0,True,False,0.18653308,-0.15545328,0.18653336,-0.15545265,-0.031833474
387,Person_0195,Warehouse_015__Person_0195,90,90,Camera_10,20,Warehouse_015,Person,1,0.6666666666666666,0,8970,/pfs/data6/home/st/st_us-053000/st_st191959/DL-Lab/DataSet/MTMC_Tracking_2025_Preprocessed/val/Warehouse_015/crops/Person_0195/Camera_10/Person_0195_Camera_10_f000000_r044.jpg,None,-1,NOISE,0.0,True,False,0.17598464,-0.15166217,0.17598474,-0.1516618,-0.00011039778
96,Person_0195,Warehouse_015__Person_0195,90,90,Camera_11,21,Warehouse_015,Person,1,0.6666666666666666,2970,8700,/pfs/data6/home/st/st_us-053000/st_st191959/DL-Lab/DataSet/MTMC_Tracking_2025_Preprocessed/val/Warehouse_015/crops/Person_0195/Camera_11/Person_0195_Camera_11_f002970_r007.jpg,None,-1,NOISE,0.0,True,False,0.1331846,-0.21335585,0.13318472,-0.21335553,-0.08929129
663,Person_0195,Warehouse_015__Person_0195,90,90,Camera_12,22,Warehouse_015,Person,1,0.555052790346908,0,8970,/pfs/data6/home/st/st_us-053000/st_st191959/DL-Lab/DataSet/MTMC_Tracking_2025_Preprocessed/val/Warehouse_015/crops/Person_0195/Camera_12/Person_0195_Camera_12_f000000_r038.jpg,None,116,Warehouse_015__Person_0235,0.5714285714285714,False,True,0.26197317,-0.16129942,0.26197344,-0.16129884,-0.05476257
310,Person_0196,Warehouse_015__Person_0196,91,91,Camera,0,Warehouse_015,Person,1,0.6645161290322581,2970,8160,/pfs/data6/home/st/st_us-053000/st_st191959/DL-Lab/DataSet/MTMC_Tracking_2025_Preprocessed/val/Warehouse_015/crops/Person_0196/Camera/Person_0196_Camera_f002970_r008.jpg,None,-1,NOISE,0.0,True,False,-0.18854907,0.24696602,-0.18854979,0.2469664,0.16014767
781,Person_0196,Warehouse_015__Person_0196,91,91,Camera_01,11,Warehouse_015,Person,1,0.6222791293213829,0,8970,/pfs/data6/home/st/st_us-053000/st_st191959/DL-Lab/DataSet/MTMC_Tracking_2025_Preprocessed/val/Warehouse_015/crops/Person_0196/Camera_01/Person_0196_Camera_01_f000000_r013.jpg,None,111,Warehouse_015__Person_0196,1.0,False,False,0.23611724,0.06345953,0.23611715,0.06346014,-0.012740292
707,Person_0196,Warehouse_015__Person_0196,91,91,Camera_03,13,Warehouse_015,Person,1,0.6534653465346535,0,8520,/pfs/data6/home/st/st_us-053000/st_st191959/DL-Lab/DataSet/MTMC_Tracking_2025_Preprocessed/val/Warehouse_015/crops/Person_0196/Camera_03/Person_0196_Camera_03_f000000_r010.jpg,None,111,Warehouse_015__Person_0196,1.0,False,False,0.1964472,0.045865364,0.19644715,0.045865692,0.00016542607
9,Person_0196,Warehouse_015__Person_0196,91,91,Camera_04,14,Warehouse_015,Person,1,0.6666666666666666,5130,5190,/pfs/data6/home/st/st_us-053000/st_st191959/DL-Lab/DataSet/MTMC_Tracking_2025_Preprocessed/val/Warehouse_015/crops/Person_0196/Camera_04/Person_0196_Camera_04_f005130_r004.jpg,None,-1,NOISE,0.0,True,False,-0.10461704,-0.102584325,-0.10461704,-0.10258398,-0.002129178
455,Person_0196,Warehouse_015__Person_0196,91,91,Camera_05,15,Warehouse_015,Person,1,0.6285714285714286,0,8970,/pfs/data6/home/st/st_us-053000/st_st191959/DL-Lab/DataSet/MTMC_Tracking_2025_Preprocessed/val/Warehouse_015/crops/Person_0196/Camera_05/Person_0196_Camera_05_f000000_r007.jpg,None,111,Warehouse_015__Person_0196,1.0,False,False,0.16994081,0.043624874,0.16994072,0.043625355,0.017626492
113,Person_0196,Warehouse_015__Person_0196,91,91,Camera_06,16,Warehouse_015,Person,1,0.6548672566371682,120,8790,/pfs/data6/home/st/st_us-053000/st_st191959/DL-Lab/DataSet/MTMC_Tracking_2025_Preprocessed/val/Warehouse_015/crops/Person_0196/Camera_06/Person_0196_Camera_06_f000120_r004.jpg,None,-1,NOISE,0.0,True,False,-0.29490003,0.18568219,-0.29490066,0.18568178,-0.03067884
423,Person_0196,Warehouse_015__Person_0196,91,91,Camera_07,17,Warehouse_015,Person,1,0.6666666666666666,0,7980,/pfs/data6/home/st/st_us-053000/st_st191959/DL-Lab/DataSet/MTMC_Tracking_2025_Preprocessed/val/Warehouse_015/crops/Person_0196/Camera_07/Person_0196_Camera_07_f000000_r004.jpg,None,111,Warehouse_015__Person_0196,1.0,False,False,0.20126556,0.104554676,0.20126529,0.10455482,-0.036862917
64,Person_0196,Warehouse_015__Person_0196,91,91,Camera_09,19,Warehouse_015,Person,1,0.65625,3060,5250,/pfs/data6/home/st/st_us-053000/st_st191959/DL-Lab/DataSet/MTMC_Tracking_2025_Preprocessed/val/Warehouse_015/crops/Person_0196/Camera_09/Person_0196_Camera_09_f003060_r001.jpg,None,-1,NOISE,0.0,True,False,0.1343822,0.00813024,0.13438198,0.008131005,0.034255005
792,Person_0196,Warehouse_015__Person_0196,91,91,Camera_10,20,Warehouse_015,Person,1,0.6565656565656566,0,8970,/pfs/data6/home/st/st_us-053000/st_st191959/DL-Lab/DataSet/MTMC_Tracking_2025_Preprocessed/val/Warehouse_015/crops/Person_0196/Camera_10/Person_0196_Camera_10_f000000_r017.jpg,None,-1,NOISE,0.0,True,False,0.13543132,0.14012071,0.135431,0.1401213,0.06481456
69,Person_0196,Warehouse_015__Person_0196,91,91,Camera_11,21,Warehouse_015,Person,1,0.6666666666666666,1620,8730,/pfs/data6/home/st/st_us-053000/st_st191959/DL-Lab/DataSet/MTMC_Tracking_2025_Preprocessed/val/Warehouse_015/crops/Person_0196/Camera_11/Person_0196_Camera_11_f001620_r001.jpg,None,-1,NOISE,0.0,True,False,0.12049955,0.10150786,0.12049927,0.101508,0.009666727
749,Person_0196,Warehouse_015__Person_0196,91,91,Camera_12,22,Warehouse_015,Person,1,0.664886515353805,0,8970,/pfs/data6/home/st/st_us-053000/st_st191959/DL-Lab/DataSet/MTMC_Tracking_2025_Preprocessed/val/Warehouse_015/crops/Person_0196/Camera_12/Person_0196_Camera_12_f000000_r015.jpg,None,-1,NOISE,0.0,True,False,0.14527093,0.14720796,0.14527054,0.1472086,0.058581647
289,Person_0197,Warehouse_015__Person_0197,92,92,Camera,0,Warehouse_015,Person,1,0.6643598615916955,840,6180,/pfs/data6/home/st/st_us-053000/st_st191959/DL-Lab/DataSet/MTMC_Tracking_2025_Preprocessed/val/Warehouse_015/crops/Person_0197/Camera/Person_0197_Camera_f000840_r012.jpg,None,-1,NOISE,0.0,True,False,0.15620568,-0.15735695,0.15620561,-0.15735659,0.07007945
614,Person_0197,Warehouse_015__Person_0197,92,92,Camera_01,11,Warehouse_015,Person,1,0.6091205211726385,0,8880,/pfs/data6/home/st/st_us-053000/st_st191959/DL-Lab/DataSet/MTMC_Tracking_2025_Preprocessed/val/Warehouse_015/crops/Person_0197/Camera_01/Person_0197_Camera_01_f000000_r035.jpg,None,116,Warehouse_015__Person_0235,0.5714285714285714,False,True,0.17447956,-0.20135583,0.17447977,-0.20135535,-0.012698299
39,Person_0197,Warehouse_015__Person_0197,92,92,Camera_02,12,Warehouse_015,Person,1,0.6666666666666666,6840,8910,/pfs/data6/home/st/st_us-053000/st_st191959/DL-Lab/DataSet/MTMC_Tracking_2025_Preprocessed/val/Warehouse_015/crops/Person_0197/Camera_02/Person_0197_Camera_02_f006840_r008.jpg,None,-1,NOISE,0.0,True,False,-0.18976323,-0.20573576,-0.18976307,-0.20573552,0.18654363
814,Person_0197,Warehouse_015__Person_0197,92,92,Camera_03,13,Warehouse_015,Person,1,0.6609336609336609,0,8970,/pfs/data6/home/st/st_us-053000/st_st191959/DL-Lab/DataSet/MTMC_Tracking_2025_Preprocessed/val/Warehouse_015/crops/Person_0197/Camera_03/Person_0197_Camera_03_f000000_r028.jpg,None,-1,NOISE,0.0,True,False,0.08311258,-0.12713736,0.083112665,-0.12713753,-0.056302916
120,Person_0197,Warehouse_015__Person_0197,92,92,Camera_04,14,Warehouse_015,Person,1,0.6666666666666666,2370,6000,/pfs/data6/home/st/st_us-053000/st_st191959/DL-Lab/DataSet/MTMC_Tracking_2025_Preprocessed/val/Warehouse_015/crops/Person_0197/Camera_04/Person_0197_Camera_04_f002370_r012.jpg,None,-1,NOISE,0.0,True,False,0.11106261,-0.16537637,0.111062616,-0.16537602,0.03651791
105,Person_0197,Warehouse_015__Person_0197,92,92,Camera_05,15,Warehouse_015,Person,1,0.6666666666666666,0,8790,/pfs/data6/home/st/st_us-053000/st_st191959/DL-Lab/DataSet/MTMC_Tracking_2025_Preprocessed/val/Warehouse_015/crops/Person_0197/Camera_05/Person_0197_Camera_05_f000000_r018.jpg,None,116,Warehouse_015__Person_0235,0.5714285714285714,False,True,0.11095766,-0.17015682,0.11095793,-0.17015652,0.035084896
237,Person_0197,Warehouse_015__Person_0197,92,92,Camera_07,17,Warehouse_015,Person,1,0.6666666666666666,810,6090,/pfs/data6/home/st/st_us-053000/st_st191959/DL-Lab/DataSet/MTMC_Tracking_2025_Preprocessed/val/Warehouse_015/crops/Person_0197/Camera_07/Person_0197_Camera_07_f000810_r012.jpg,None,-1,NOISE,0.0,True,False,0.06368474,-0.17851004,0.06368488,-0.1785095,0.06418929
299,Person_0197,Warehouse_015__Person_0197,92,92,Camera_08,18,Warehouse_015,Person,1,0.6622073578595318,5220,8970,/pfs/data6/home/st/st_us-053000/st_st191959/DL-Lab/DataSet/MTMC_Tracking_2025_Preprocessed/val/Warehouse_015/crops/Person_0197/Camera_08/Person_0197_Camera_08_f005220_r019.jpg,None,-1,NOISE,0.0,True,False,0.11560448,-0.19314386,0.11560462,-0.19314387,0.0039629005
70,Person_0197,Warehouse_015__Person_0197,92,92,Camera_09,19,Warehouse_015,Person,1,0.6571428571428571,1110,1800,/pfs/data6/home/st/st_us-053000/st_st191959/DL-Lab/DataSet/MTMC_Tracking_2025_Preprocessed/val/Warehouse_015/crops/Person_0197/Camera_09/Person_0197_Camera_09_f001110_r007.jpg,None,-1,NOISE,0.0,True,False,0.13623655,-0.17144203,0.13623677,-0.17144136,0.05824049
718,Person_0197,Warehouse_015__Person_0197,92,92,Camera_10,20,Warehouse_015,Person,1,0.6183844011142061,0,8970,/pfs/data6/home/st/st_us-053000/st_st191959/DL-Lab/DataSet/MTMC_Tracking_2025_Preprocessed/val/Warehouse_015/crops/Person_0197/Camera_10/Person_0197_Camera_10_f000000_r043.jpg,None,116,Warehouse_015__Person_0235,0.5714285714285714,False,True,0.27417332,-0.13674825,0.27417353,-0.13674758,-0.009846884
736,Person_0197,Warehouse_015__Person_0197,92,92,Camera_12,22,Warehouse_015,Person,1,0.6603260869565217,0,8970,/pfs/data6/home/st/st_us-053000/st_st191959/DL-Lab/DataSet/MTMC_Tracking_2025_Preprocessed/val/Warehouse_015/crops/Person_0197/Camera_12/Person_0197_Camera_12_f000000_r036.jpg,None,116,Warehouse_015__Person_0235,0.5714285714285714,False,True,0.17255573,-0.16816264,0.17255591,-0.16816252,-0.0505656
159,Person_0198,Warehouse_015__Person_0198,93,93,Camera,0,Warehouse_015,Person,1,0.6666666666666666,1260,2820,/pfs/data6/home/st/st_us-053000/st_st191959/DL-Lab/DataSet/MTMC_Tracking_2025_Preprocessed/val/Warehouse_015/crops/Person_0198/Camera/Person_0198_Camera_f001260_r014.jpg,None,38,Warehouse_015__Person_0198,1.0,False,False,0.009972667,0.025103137,0.0099731,0.025103906,-0.14107919
616,Person_0198,Warehouse_015__Person_0198,93,93,Camera_01,11,Warehouse_015,Person,1,0.5876623376623377,0,7920,/pfs/data6/home/st/st_us-053000/st_st191959/DL-Lab/DataSet/MTMC_Tracking_2025_Preprocessed/val/Warehouse_015/crops/Person_0198/Camera_01/Person_0198_Camera_01_f000000_r029.jpg,None,38,Warehouse_015__Person_0198,1.0,False,False,0.046604466,0.04483662,0.046605088,0.044837274,-0.14792354
626,Person_0198,Warehouse_015__Person_0198,93,93,Camera_03,13,Warehouse_015,Person,1,0.6230031948881789,0,7650,/pfs/data6/home/st/st_us-053000/st_st191959/DL-Lab/DataSet/MTMC_Tracking_2025_Preprocessed/val/Warehouse_015/crops/Person_0198/Camera_03/Person_0198_Camera_03_f000000_r021.jpg,None,38,Warehouse_015__Person_0198,1.0,False,False,0.046969663,-0.020512583,0.04697038,-0.02051208,-0.16981027
45,Person_0198,Warehouse_015__Person_0198,93,93,Camera_04,14,Warehouse_015,Person,1,0.6666666666666666,1350,2130,/pfs/data6/home/st/st_us-053000/st_st191959/DL-Lab/DataSet/MTMC_Tracking_2025_Preprocessed/val/Warehouse_015/crops/Person_0198/Camera_04/Person_0198_Camera_04_f001350_r008.jpg,None,38,Warehouse_015__Person_0198,1.0,False,False,0.092838295,0.007593618,0.09283849,0.0075940806,-0.1593589
580,Person_0198,Warehouse_015__Person_0198,93,93,Camera_05,15,Warehouse_015,Person,1,0.6620689655172414,0,8880,/pfs/data6/home/st/st_us-053000/st_st191959/DL-Lab/DataSet/MTMC_Tracking_2025_Preprocessed/val/Warehouse_015/crops/Person_0198/Camera_05/Person_0198_Camera_05_f000000_r014.jpg,None,38,Warehouse_015__Person_0198,1.0,False,False,0.0037087623,0.014981223,0.0037094024,0.014981917,-0.13709967
162,Person_0198,Warehouse_015__Person_0198,93,93,Camera_06,16,Warehouse_015,Person,1,0.6666666666666666,5400,8970,/pfs/data6/home/st/st_us-053000/st_st191959/DL-Lab/DataSet/MTMC_Tracking_2025_Preprocessed/val/Warehouse_015/crops/Person_0198/Camera_06/Person_0198_Camera_06_f005400_r007.jpg,None,38,Warehouse_015__Person_0198,1.0,False,False,-0.06917034,-0.02393868,-0.06916967,-0.023937924,-0.15074441
312,Person_0198,Warehouse_015__Person_0198,93,93,Camera_07,17,Warehouse_015,Person,1,0.6666666666666666,0,6510,/pfs/data6/home/st/st_us-053000/st_st191959/DL-Lab/DataSet/MTMC_Tracking_2025_Preprocessed/val/Warehouse_015/crops/Person_0198/Camera_07/Person_0198_Camera_07_f000000_r010.jpg,None,38,Warehouse_015__Person_0198,1.0,False,False,0.055831153,0.0046396614,0.05583166,0.0046401783,-0.16678046
120,Person_0198,Warehouse_015__Person_0198,93,93,Camera_09,19,Warehouse_015,Person,1,0.6666666666666666,150,1320,/pfs/data6/home/st/st_us-053000/st_st191959/DL-Lab/DataSet/MTMC_Tracking_2025_Preprocessed/val/Warehouse_015/crops/Person_0198/Camera_09/Person_0198_Camera_09_f000150_r005.jpg,None,38,Warehouse_015__Person_0198,1.0,False,False,0.1316378,-0.032461543,0.13163836,-0.032460954,-0.22976874
739,Person_0198,Warehouse_015__Person_0198,93,93,Camera_10,20,Warehouse_015,Person,1,0.6495263870094723,450,8820,/pfs/data6/home/st/st_us-053000/st_st191959/DL-Lab/DataSet/MTMC_Tracking_2025_Preprocessed/val/Warehouse_015/crops/Person_0198/Camera_10/Person_0198_Camera_10_f000450_r038.jpg,None,38,Warehouse_015__Person_0198,1.0,False,False,-0.042206433,-0.026528912,-0.042205982,-0.026528206,-0.13573506
207,Person_0198,Warehouse_015__Person_0198,93,93,Camera_11,21,Warehouse_015,Person,1,0.6376811594202898,3150,8970,/pfs/data6/home/st/st_us-053000/st_st191959/DL-Lab/DataSet/MTMC_Tracking_2025_Preprocessed/val/Warehouse_015/crops/Person_0198/Camera_11/Person_0198_Camera_11_f003150_r008.jpg,None,38,Warehouse_015__Person_0198,1.0,False,False,0.093482405,-0.0013818309,0.0934829,-0.0013814956,-0.24351144
364,Person_0198,Warehouse_015__Person_0198,93,93,Camera_12,22,Warehouse_015,Person,1,0.6648351648351648,0,7920,/pfs/data6/home/st/st_us-053000/st_st191959/DL-Lab/DataSet/MTMC_Tracking_2025_Preprocessed/val/Warehouse_015/crops/Person_0198/Camera_12/Person_0198_Camera_12_f000000_r029.jpg,None,38,Warehouse_015__Person_0198,1.0,False,False,0.06365745,0.06868636,0.06365785,0.06868724,-0.111347966
463,Person_0199,Warehouse_015__Person_0199,94,94,Camera,0,Warehouse_015,Person,1,0.6652267818574514,3360,8970,/pfs/data6/home/st/st_us-053000/st_st191959/DL-Lab/DataSet/MTMC_Tracking_2025_Preprocessed/val/Warehouse_015/crops/Person_0199/Camera/Person_0199_Camera_f003360_r007.jpg,None,-1,NOISE,0.0,True,False,-0.1310205,0.08988274,-0.13102068,0.08988314,0.01459298
475,Person_0199,Warehouse_015__Person_0199,94,94,Camera_01,11,Warehouse_015,Person,1,0.5431578947368421,0,8970,/pfs/data6/home/st/st_us-053000/st_st191959/DL-Lab/DataSet/MTMC_Tracking_2025_Preprocessed/val/Warehouse_015/crops/Person_0199/Camera_01/Person_0199_Camera_01_f000000_r017.jpg,None,18,Warehouse_015__Person_0199,1.0,False,False,-0.13462244,0.09304829,-0.13462232,0.09304853,0.009488887
84,Person_0199,Warehouse_015__Person_0199,94,94,Camera_02,12,Warehouse_015,Person,1,0.6666666666666666,720,1950,/pfs/data6/home/st/st_us-053000/st_st191959/DL-Lab/DataSet/MTMC_Tracking_2025_Preprocessed/val/Warehouse_015/crops/Person_0199/Camera_02/Person_0199_Camera_02_f000720_r004.jpg,None,18,Warehouse_015__Person_0199,1.0,False,False,-0.3224729,0.16712636,-0.32247308,0.16712657,0.011110824
681,Person_0199,Warehouse_015__Person_0199,94,94,Camera_03,13,Warehouse_015,Person,1,0.6490455212922174,0,8970,/pfs/data6/home/st/st_us-053000/st_st191959/DL-Lab/DataSet/MTMC_Tracking_2025_Preprocessed/val/Warehouse_015/crops/Person_0199/Camera_03/Person_0199_Camera_03_f000000_r012.jpg,None,18,Warehouse_015__Person_0199,1.0,False,False,-0.21153311,0.124463685,-0.21153308,0.1244639,-0.026568897
45,Person_0199,Warehouse_015__Person_0199,94,94,Camera_04,14,Warehouse_015,Person,1,0.5777777777777777,3480,7500,/pfs/data6/home/st/st_us-053000/st_st191959/DL-Lab/DataSet/MTMC_Tracking_2025_Preprocessed/val/Warehouse_015/crops/Person_0199/Camera_04/Person_0199_Camera_04_f003480_r006.jpg,None,18,Warehouse_015__Person_0199,1.0,False,False,-0.27138573,0.20331311,-0.27138585,0.20331348,-0.0050737793
444,Person_0199,Warehouse_015__Person_0199,94,94,Camera_07,17,Warehouse_015,Person,1,0.6666666666666666,3450,8970,/pfs/data6/home/st/st_us-053000/st_st191959/DL-Lab/DataSet/MTMC_Tracking_2025_Preprocessed/val/Warehouse_015/crops/Person_0199/Camera_07/Person_0199_Camera_07_f003450_r004.jpg,None,18,Warehouse_015__Person_0199,1.0,False,False,-0.27703705,0.13381547,-0.27703726,0.13381556,0.005474571
234,Person_0199,Warehouse_015__Person_0199,94,94,Camera_08,18,Warehouse_015,Person,1,0.6581196581196581,0,2490,/pfs/data6/home/st/st_us-053000/st_st191959/DL-Lab/DataSet/MTMC_Tracking_2025_Preprocessed/val/Warehouse_015/crops/Person_0199/Camera_08/Person_0199_Camera_08_f000000_r010.jpg,None,18,Warehouse_015__Person_0199,1.0,False,False,-0.0863091,0.14577343,-0.08630921,0.14577387,-0.025090575
372,Person_0199,Warehouse_015__Person_0199,94,94,Camera_09,19,Warehouse_015,Person,1,0.6666666666666666,3990,7740,/pfs/data6/home/st/st_us-053000/st_st191959/DL-Lab/DataSet/MTMC_Tracking_2025_Preprocessed/val/Warehouse_015/crops/Person_0199/Camera_09/Person_0199_Camera_09_f003990_r003.jpg,None,18,Warehouse_015__Person_0199,1.0,False,False,-0.26235753,0.11898859,-0.2623577,0.11898882,0.040923484
711,Person_0199,Warehouse_015__Person_0199,94,94,Camera_10,20,Warehouse_015,Person,1,0.630098452883263,0,8970,/pfs/data6/home/st/st_us-053000/st_st191959/DL-Lab/DataSet/MTMC_Tracking_2025_Preprocessed/val/Warehouse_015/crops/Person_0199/Camera_10/Person_0199_Camera_10_f000000_r023.jpg,None,18,Warehouse_015__Person_0199,1.0,False,False,-0.084547766,0.085219756,-0.08454764,0.085220456,0.015850848
497,Person_0199,Warehouse_015__Person_0199,94,94,Camera_12,22,Warehouse_015,Person,1,0.6398390342052314,0,8970,/pfs/data6/home/st/st_us-053000/st_st191959/DL-Lab/DataSet/MTMC_Tracking_2025_Preprocessed/val/Warehouse_015/crops/Person_0199/Camera_12/Person_0199_Camera_12_f000000_r019.jpg,None,18,Warehouse_015__Person_0199,1.0,False,False,-0.17244674,0.17953905,-0.17244676,0.17953941,-0.0009690133
874,Person_0200,Warehouse_015__Person_0200,95,95,Camera_01,11,Warehouse_015,Person,1,0.665903890160183,210,8970,/pfs/data6/home/st/st_us-053000/st_st191959/DL-Lab/DataSet/MTMC_Tracking_2025_Preprocessed/val/Warehouse_015/crops/Person_0200/Camera_01/Person_0200_Camera_01_f000210_r048.jpg,None,-1,NOISE,0.0,True,False,-0.05748983,-0.1681201,-0.05748938,-0.16811956,0.1203827
867,Person_0200,Warehouse_015__Person_0200,95,95,Camera_02,12,Warehouse_015,Person,1,0.6666666666666666,180,8970,/pfs/data6/home/st/st_us-053000/st_st191959/DL-Lab/DataSet/MTMC_Tracking_2025_Preprocessed/val/Warehouse_015/crops/Person_0200/Camera_02/Person_0200_Camera_02_f000180_r014.jpg,None,-1,NOISE,0.0,True,False,-0.10489584,-0.15187159,-0.104895815,-0.15187177,0.26023343
709,Person_0200,Warehouse_015__Person_0200,95,95,Camera_03,13,Warehouse_015,Person,1,0.6600846262341326,0,8970,/pfs/data6/home/st/st_us-053000/st_st191959/DL-Lab/DataSet/MTMC_Tracking_2025_Preprocessed/val/Warehouse_015/crops/Person_0200/Camera_03/Person_0200_Camera_03_f000000_r036.jpg,None,-1,NOISE,0.0,True,False,-0.40895623,-0.08697012,-0.40895644,-0.08696984,-0.0745163
829,Person_0200,Warehouse_015__Person_0200,95,95,Camera_08,18,Warehouse_015,Person,1,0.6537997587454765,0,8970,/pfs/data6/home/st/st_us-053000/st_st191959/DL-Lab/DataSet/MTMC_Tracking_2025_Preprocessed/val/Warehouse_015/crops/Person_0200/Camera_08/Person_0200_Camera_08_f000000_r027.jpg,None,-1,NOISE,0.0,True,False,0.22216745,-0.13974926,0.22216758,-0.13974933,-0.16833848
710,Person_0200,Warehouse_015__Person_0200,95,95,Camera_10,20,Warehouse_015,Person,1,0.5830985915492958,0,8970,/pfs/data6/home/st/st_us-053000/st_st191959/DL-Lab/DataSet/MTMC_Tracking_2025_Preprocessed/val/Warehouse_015/crops/Person_0200/Camera_10/Person_0200_Camera_10_f000000_r054.jpg,None,-1,NOISE,0.0,True,False,0.25698495,-0.19377096,0.25698525,-0.19377063,-0.076954395
817,Person_0200,Warehouse_015__Person_0200,95,95,Camera_12,22,Warehouse_015,Person,1,0.6340269277845777,0,8970,/pfs/data6/home/st/st_us-053000/st_st191959/DL-Lab/DataSet/MTMC_Tracking_2025_Preprocessed/val/Warehouse_015/crops/Person_0200/Camera_12/Person_0200_Camera_12_f000000_r050.jpg,None,104,Warehouse_015__Person_0190,0.8888888888888888,False,True,0.24054532,-0.16449806,0.2405457,-0.16449732,0.033341397
300,Person_0201,Warehouse_015__Person_0201,96,96,Camera,0,Warehouse_015,Person,1,0.6533333333333333,3030,6630,/pfs/data6/home/st/st_us-053000/st_st191959/DL-Lab/DataSet/MTMC_Tracking_2025_Preprocessed/val/Warehouse_015/crops/Person_0201/Camera/Person_0201_Camera_f003030_r014.jpg,None,120,Warehouse_015__Person_0201,1.0,False,False,0.08750944,-0.06605659,0.08750941,-0.066055976,0.123216406
500,Person_0201,Warehouse_015__Person_0201,96,96,Camera_01,11,Warehouse_015,Person,1,0.588,0,8850,/pfs/data6/home/st/st_us-053000/st_st191959/DL-Lab/DataSet/MTMC_Tracking_2025_Preprocessed/val/Warehouse_015/crops/Person_0201/Camera_01/Person_0201_Camera_01_f000000_r041.jpg,None,120,Warehouse_015__Person_0201,1.0,False,False,0.09097159,-0.021033702,0.09097162,-0.021033067,0.14668672
12,Person_0201,Warehouse_015__Person_0201,96,96,Camera_02,12,Warehouse_015,Person,1,0.6666666666666666,8340,8430,/pfs/data6/home/st/st_us-053000/st_st191959/DL-Lab/DataSet/MTMC_Tracking_2025_Preprocessed/val/Warehouse_015/crops/Person_0201/Camera_02/Person_0201_Camera_02_f008340_r010.jpg,None,-1,NOISE,0.0,True,False,-0.019466313,-0.0018342569,-0.019466657,-0.0018343587,0.036562484
397,Person_0201,Warehouse_015__Person_0201,96,96,Camera_03,13,Warehouse_015,Person,1,0.654911838790932,0,7950,/pfs/data6/home/st/st_us-053000/st_st191959/DL-Lab/DataSet/MTMC_Tracking_2025_Preprocessed/val/Warehouse_015/crops/Person_0201/Camera_03/Person_0201_Camera_03_f000000_r032.jpg,None,120,Warehouse_015__Person_0201,1.0,False,False,0.14028467,0.016344657,0.14028452,0.016345548,0.124258816
230,Person_0201,Warehouse_015__Person_0201,96,96,Camera_04,14,Warehouse_015,Person,1,0.6608695652173913,3300,6720,/pfs/data6/home/st/st_us-053000/st_st191959/DL-Lab/DataSet/MTMC_Tracking_2025_Preprocessed/val/Warehouse_015/crops/Person_0201/Camera_04/Person_0201_Camera_04_f003300_r010.jpg,None,120,Warehouse_015__Person_0201,1.0,False,False,0.09706088,-0.04130014,0.09706084,-0.041299384,0.116190515
354,Person_0201,Warehouse_015__Person_0201,96,96,Camera_05,15,Warehouse_015,Person,1,0.6271186440677966,0,8970,/pfs/data6/home/st/st_us-053000/st_st191959/DL-Lab/DataSet/MTMC_Tracking_2025_Preprocessed/val/Warehouse_015/crops/Person_0201/Camera_05/Person_0201_Camera_05_f000000_r024.jpg,None,120,Warehouse_015__Person_0201,1.0,False,False,0.07228138,0.019686403,0.072281234,0.019687034,0.16755387
171,Person_0201,Warehouse_015__Person_0201,96,96,Camera_06,16,Warehouse_015,Person,1,0.6666666666666666,660,8970,/pfs/data6/home/st/st_us-053000/st_st191959/DL-Lab/DataSet/MTMC_Tracking_2025_Preprocessed/val/Warehouse_015/crops/Person_0201/Camera_06/Person_0201_Camera_06_f000660_r005.jpg,None,-1,NOISE,0.0,True,False,0.08067382,-0.015694283,0.08067367,-0.015693855,0.08722387
102,Person_0201,Warehouse_015__Person_0201,96,96,Camera_07,17,Warehouse_015,Person,1,0.6666666666666666,0,4500,/pfs/data6/home/st/st_us-053000/st_st191959/DL-Lab/DataSet/MTMC_Tracking_2025_Preprocessed/val/Warehouse_015/crops/Person_0201/Camera_07/Person_0201_Camera_07_f000000_r014.jpg,None,-1,NOISE,0.0,True,False,0.15035321,-0.01857585,0.1503533,-0.01857505,-0.016792133
284,Person_0201,Warehouse_015__Person_0201,96,96,Camera_08,18,Warehouse_015,Person,1,0.647887323943662,2550,7530,/pfs/data6/home/st/st_us-053000/st_st191959/DL-Lab/DataSet/MTMC_Tracking_2025_Preprocessed/val/Warehouse_015/crops/Person_0201/Camera_08/Person_0201_Camera_08_f002550_r017.jpg,None,-1,NOISE,0.0,True,False,0.091166325,0.033558927,0.09116609,0.033559956,0.13449402
547,Person_0201,Warehouse_015__Person_0201,96,96,Camera_10,20,Warehouse_015,Person,1,0.5411334552102377,390,8880,/pfs/data6/home/st/st_us-053000/st_st191959/DL-Lab/DataSet/MTMC_Tracking_2025_Preprocessed/val/Warehouse_015/crops/Person_0201/Camera_10/Person_0201_Camera_10_f000390_r052.jpg,None,120,Warehouse_015__Person_0201,1.0,False,False,0.1507927,0.011717753,0.15079269,0.011718599,0.078353465
153,Person_0201,Warehouse_015__Person_0201,96,96,Camera_11,21,Warehouse_015,Person,1,0.6666666666666666,780,8970,/pfs/data6/home/st/st_us-053000/st_st191959/DL-Lab/DataSet/MTMC_Tracking_2025_Preprocessed/val/Warehouse_015/crops/Person_0201/Camera_11/Person_0201_Camera_11_f000780_r009.jpg,None,-1,NOISE,0.0,True,False,0.061050624,0.0130814575,0.061050605,0.013082192,0.15242395
511,Person_0201,Warehouse_015__Person_0201,96,96,Camera_12,22,Warehouse_015,Person,1,0.6418786692759295,420,8970,/pfs/data6/home/st/st_us-053000/st_st191959/DL-Lab/DataSet/MTMC_Tracking_2025_Preprocessed/val/Warehouse_015/crops/Person_0201/Camera_12/Person_0201_Camera_12_f000420_r053.jpg,None,120,Warehouse_015__Person_0201,1.0,False,False,0.13311726,-0.012676575,0.13311733,-0.012675646,0.08339837
78,Person_0202,Warehouse_015__Person_0202,97,97,Camera,0,Warehouse_015,Person,1,0.6666666666666666,330,1380,/pfs/data6/home/st/st_us-053000/st_st191959/DL-Lab/DataSet/MTMC_Tracking_2025_Preprocessed/val/Warehouse_015/crops/Person_0202/Camera/Person_0202_Camera_f000330_r017.jpg,None,19,Hospital_000__Person_0017,0.5,False,True,-0.2572895,-0.06979469,-0.25728938,-0.069794245,-0.19351393
700,Person_0202,Warehouse_015__Person_0202,97,97,Camera_01,11,Warehouse_015,Person,1,0.6514285714285715,0,8970,/pfs/data6/home/st/st_us-053000/st_st191959/DL-Lab/DataSet/MTMC_Tracking_2025_Preprocessed/val/Warehouse_015/crops/Person_0202/Camera_01/Person_0202_Camera_01_f000000_r038.jpg,None,19,Hospital_000__Person_0017,0.5,False,True,-0.051836308,-0.1150682,-0.051835924,-0.115067974,-0.26107603
295,Person_0202,Warehouse_015__Person_0202,97,97,Camera_02,12,Warehouse_015,Person,1,0.6644067796610169,4020,8970,/pfs/data6/home/st/st_us-053000/st_st191959/DL-Lab/DataSet/MTMC_Tracking_2025_Preprocessed/val/Warehouse_015/crops/Person_0202/Camera_02/Person_0202_Camera_02_f004020_r008.jpg,None,19,Hospital_000__Person_0017,0.5,False,True,-0.088774316,-0.13206299,-0.088774,-0.13206308,-0.22053069
257,Person_0202,Warehouse_015__Person_0202,97,97,Camera_03,13,Warehouse_015,Person,1,0.6536964980544747,0,2700,/pfs/data6/home/st/st_us-053000/st_st191959/DL-Lab/DataSet/MTMC_Tracking_2025_Preprocessed/val/Warehouse_015/crops/Person_0202/Camera_03/Person_0202_Camera_03_f000000_r030.jpg,None,19,Hospital_000__Person_0017,0.5,False,True,-0.018753838,-0.13598575,-0.018753428,-0.13598569,-0.19223537
571,Person_0202,Warehouse_015__Person_0202,97,97,Camera_05,15,Warehouse_015,Person,1,0.6619964973730298,0,8970,/pfs/data6/home/st/st_us-053000/st_st191959/DL-Lab/DataSet/MTMC_Tracking_2025_Preprocessed/val/Warehouse_015/crops/Person_0202/Camera_05/Person_0202_Camera_05_f000000_r021.jpg,None,19,Hospital_000__Person_0017,0.5,False,True,-0.10839001,-0.12184511,-0.10838947,-0.121845,-0.15754448
70,Person_0202,Warehouse_015__Person_0202,97,97,Camera_06,16,Warehouse_015,Person,1,0.6285714285714286,2730,6810,/pfs/data6/home/st/st_us-053000/st_st191959/DL-Lab/DataSet/MTMC_Tracking_2025_Preprocessed/val/Warehouse_015/crops/Person_0202/Camera_06/Person_0202_Camera_06_f002730_r011.jpg,None,19,Hospital_000__Person_0017,0.5,False,True,-0.07506566,-0.094033934,-0.07506544,-0.09403428,-0.1692622
114,Person_0202,Warehouse_015__Person_0202,97,97,Camera_07,17,Warehouse_015,Person,1,0.6666666666666666,0,1110,/pfs/data6/home/st/st_us-053000/st_st191959/DL-Lab/DataSet/MTMC_Tracking_2025_Preprocessed/val/Warehouse_015/crops/Person_0202/Camera_07/Person_0202_Camera_07_f000000_r012.jpg,None,19,Hospital_000__Person_0017,0.5,False,True,0.008231527,-0.050287984,0.008231794,-0.050288297,-0.2552856
106,Person_0202,Warehouse_015__Person_0202,97,97,Camera_08,18,Warehouse_015,Person,1,0.6037735849056604,4080,8970,/pfs/data6/home/st/st_us-053000/st_st191959/DL-Lab/DataSet/MTMC_Tracking_2025_Preprocessed/val/Warehouse_015/crops/Person_0202/Camera_08/Person_0202_Camera_08_f004080_r018.jpg,None,19,Hospital_000__Person_0017,0.5,False,True,-0.16264595,-0.088954374,-0.16264565,-0.088954665,-0.15615506
6,Person_0202,Warehouse_015__Person_0202,97,97,Camera_09,19,Warehouse_015,Person,1,0.6666666666666666,390,420,/pfs/data6/home/st/st_us-053000/st_st191959/DL-Lab/DataSet/MTMC_Tracking_2025_Preprocessed/val/Warehouse_015/crops/Person_0202/Camera_09/Person_0202_Camera_09_f000390_r004.jpg,None,-1,NOISE,0.0,True,False,-0.3002818,-0.049642254,-0.30028197,-0.0496425,-0.048259944
657,Person_0202,Warehouse_015__Person_0202,97,97,Camera_10,20,Warehouse_015,Person,1,0.6605783866057838,330,8970,/pfs/data6/home/st/st_us-053000/st_st191959/DL-Lab/DataSet/MTMC_Tracking_2025_Preprocessed/val/Warehouse_015/crops/Person_0202/Camera_10/Person_0202_Camera_10_f000330_r054.jpg,None,19,Hospital_000__Person_0017,0.5,False,True,-0.13588203,-0.09574076,-0.13588186,-0.09574079,-0.25510973
219,Person_0202,Warehouse_015__Person_0202,97,97,Camera_11,21,Warehouse_015,Person,1,0.6666666666666666,2760,7470,/pfs/data6/home/st/st_us-053000/st_st191959/DL-Lab/DataSet/MTMC_Tracking_2025_Preprocessed/val/Warehouse_015/crops/Person_0202/Camera_11/Person_0202_Camera_11_f002760_r011.jpg,None,19,Hospital_000__Person_0017,0.5,False,True,-0.12301361,-0.10485374,-0.123013325,-0.10485393,-0.22361144
644,Person_0202,Warehouse_015__Person_0202,97,97,Camera_12,22,Warehouse_015,Person,1,0.5962732919254659,330,8970,/pfs/data6/home/st/st_us-053000/st_st191959/DL-Lab/DataSet/MTMC_Tracking_2025_Preprocessed/val/Warehouse_015/crops/Person_0202/Camera_12/Person_0202_Camera_12_f000330_r043.jpg,None,19,Hospital_000__Person_0017,0.5,False,True,-0.066389814,-0.10360282,-0.06638951,-0.10360284,-0.2101511
138,Person_0215,Warehouse_015__Person_0215,98,98,Camera,0,Warehouse_015,Person,1,0.6666666666666666,7500,8850,/pfs/data6/home/st/st_us-053000/st_st191959/DL-Lab/DataSet/MTMC_Tracking_2025_Preprocessed/val/Warehouse_015/crops/Person_0215/Camera/Person_0215_Camera_f007500_r010.jpg,None,-1,NOISE,0.0,True,False,0.09139104,-0.108195506,0.09139086,-0.108195335,-0.10131338
641,Person_0215,Warehouse_015__Person_0215,98,98,Camera_01,11,Warehouse_015,Person,1,0.6021840873634945,0,8970,/pfs/data6/home/st/st_us-053000/st_st191959/DL-Lab/DataSet/MTMC_Tracking_2025_Preprocessed/val/Warehouse_015/crops/Person_0215/Camera_01/Person_0215_Camera_01_f000000_r015.jpg,None,100,Warehouse_015__Person_0215,1.0,False,False,0.1910482,-0.1809062,0.19104823,-0.180906,-0.099472
45,Person_0215,Warehouse_015__Person_0215,98,98,Camera_02,12,Warehouse_015,Person,1,0.5777777777777777,1380,1950,/pfs/data6/home/st/st_us-053000/st_st191959/DL-Lab/DataSet/MTMC_Tracking_2025_Preprocessed/val/Warehouse_015/crops/Person_0215/Camera_02/Person_0215_Camera_02_f001380_r006.jpg,None,-1,NOISE,0.0,True,False,-0.23911822,-0.19831353,-0.23911832,-0.19831346,-0.08573047
603,Person_0215,Warehouse_015__Person_0215,98,98,Camera_03,13,Warehouse_015,Person,1,0.6533996683250415,120,8970,/pfs/data6/home/st/st_us-053000/st_st191959/DL-Lab/DataSet/MTMC_Tracking_2025_Preprocessed/val/Warehouse_015/crops/Person_0215/Camera_03/Person_0215_Camera_03_f000120_r011.jpg,None,100,Warehouse_015__Person_0215,1.0,False,False,0.23247883,-0.13844289,0.23247895,-0.1384425,-0.13733205
36,Person_0215,Warehouse_015__Person_0215,98,98,Camera_04,14,Warehouse_015,Person,1,0.6666666666666666,8220,8550,/pfs/data6/home/st/st_us-053000/st_st191959/DL-Lab/DataSet/MTMC_Tracking_2025_Preprocessed/val/Warehouse_015/crops/Person_0215/Camera_04/Person_0215_Camera_04_f008220_r007.jpg,None,-1,NOISE,0.0,True,False,-0.24431546,-0.12617697,-0.2443158,-0.12617673,-0.071236685
423,Person_0215,Warehouse_015__Person_0215,98,98,Camera_05,15,Warehouse_015,Person,1,0.6524822695035462,0,7410,/pfs/data6/home/st/st_us-053000/st_st191959/DL-Lab/DataSet/MTMC_Tracking_2025_Preprocessed/val/Warehouse_015/crops/Person_0215/Camera_05/Person_0215_Camera_05_f000000_r009.jpg,None,100,Warehouse_015__Person_0215,1.0,False,False,0.18381026,-0.13583848,0.18381006,-0.13583852,-0.10293325
165,Person_0215,Warehouse_015__Person_0215,98,98,Camera_06,16,Warehouse_015,Person,1,0.6666666666666666,1770,3450,/pfs/data6/home/st/st_us-053000/st_st191959/DL-Lab/DataSet/MTMC_Tracking_2025_Preprocessed/val/Warehouse_015/crops/Person_0215/Camera_06/Person_0215_Camera_06_f001770_r002.jpg,None,100,Warehouse_015__Person_0215,1.0,False,False,0.15597327,-0.15211713,0.15597315,-0.15211731,-0.12761202
167,Person_0215,Warehouse_015__Person_0215,98,98,Camera_07,17,Warehouse_015,Person,1,0.6586826347305389,6450,8790,/pfs/data6/home/st/st_us-053000/st_st191959/DL-Lab/DataSet/MTMC_Tracking_2025_Preprocessed/val/Warehouse_015/crops/Person_0215/Camera_07/Person_0215_Camera_07_f006450_r007.jpg,None,100,Warehouse_015__Person_0215,1.0,False,False,0.20707962,-0.16807373,0.20707965,-0.16807358,-0.1531577
57,Person_0215,Warehouse_015__Person_0215,98,98,Camera_08,18,Warehouse_015,Person,1,0.6666666666666666,3780,4680,/pfs/data6/home/st/st_us-053000/st_st191959/DL-Lab/DataSet/MTMC_Tracking_2025_Preprocessed/val/Warehouse_015/crops/Person_0215/Camera_08/Person_0215_Camera_08_f003780_r013.jpg,None,-1,NOISE,0.0,True,False,0.115291774,-0.039489727,0.11529104,-0.039490473,-0.14877988
45,Person_0215,Warehouse_015__Person_0215,98,98,Camera_09,19,Warehouse_015,Person,1,0.6666666666666666,8010,8460,/pfs/data6/home/st/st_us-053000/st_st191959/DL-Lab/DataSet/MTMC_Tracking_2025_Preprocessed/val/Warehouse_015/crops/Person_0215/Camera_09/Person_0215_Camera_09_f008010_r002.jpg,None,-1,NOISE,0.0,True,False,0.18150535,-0.21658559,0.1815054,-0.21658535,-0.15026951
723,Person_0215,Warehouse_015__Person_0215,98,98,Camera_10,20,Warehouse_015,Person,1,0.6334716459197787,0,8910,/pfs/data6/home/st/st_us-053000/st_st191959/DL-Lab/DataSet/MTMC_Tracking_2025_Preprocessed/val/Warehouse_015/crops/Person_0215/Camera_10/Person_0215_Camera_10_f000000_r019.jpg,None,100,Warehouse_015__Person_0215,1.0,False,False,0.22455023,-0.17779887,0.22455,-0.17779891,-0.17002557
147,Person_0215,Warehouse_015__Person_0215,98,98,Camera_11,21,Warehouse_015,Person,1,0.6666666666666666,1380,2970,/pfs/data6/home/st/st_us-053000/st_st191959/DL-Lab/DataSet/MTMC_Tracking_2025_Preprocessed/val/Warehouse_015/crops/Person_0215/Camera_11/Person_0215_Camera_11_f001380_r003.jpg,None,100,Warehouse_015__Person_0215,1.0,False,False,0.21751228,-0.17713849,0.21751241,-0.17713836,-0.183757
687,Person_0215,Warehouse_015__Person_0215,98,98,Camera_12,22,Warehouse_015,Person,1,0.6404657933042213,0,8970,/pfs/data6/home/st/st_us-053000/st_st191959/DL-Lab/DataSet/MTMC_Tracking_2025_Preprocessed/val/Warehouse_015/crops/Person_0215/Camera_12/Person_0215_Camera_12_f000000_r018.jpg,None,100,Warehouse_015__Person_0215,1.0,False,False,0.23093139,-0.17469849,0.23093145,-0.17469835,-0.18618491
156,Person_0216,Warehouse_015__Person_0216,99,99,Camera,0,Warehouse_015,Person,1,0.6410256410256411,7290,8970,/pfs/data6/home/st/st_us-053000/st_st191959/DL-Lab/DataSet/MTMC_Tracking_2025_Preprocessed/val/Warehouse_015/crops/Person_0216/Camera/Person_0216_Camera_f007290_r019.jpg,None,110,Warehouse_015__Person_0216,1.0,False,False,0.12276708,-0.120075114,0.12276744,-0.12007493,-0.12428723
334,Person_0216,Warehouse_015__Person_0216,99,99,Camera_01,11,Warehouse_015,Person,1,0.6467065868263473,0,8970,/pfs/data6/home/st/st_us-053000/st_st191959/DL-Lab/DataSet/MTMC_Tracking_2025_Preprocessed/val/Warehouse_015/crops/Person_0216/Camera_01/Person_0216_Camera_01_f000000_r046.jpg,None,-1,NOISE,0.0,True,False,0.029874986,-0.14501233,0.029875204,-0.14501196,0.057667326
630,Person_0216,Warehouse_015__Person_0216,99,99,Camera_02,12,Warehouse_015,Person,1,0.6666666666666666,0,6480,/pfs/data6/home/st/st_us-053000/st_st191959/DL-Lab/DataSet/MTMC_Tracking_2025_Preprocessed/val/Warehouse_015/crops/Person_0216/Camera_02/Person_0216_Camera_02_f000000_r015.jpg,None,110,Warehouse_015__Person_0216,1.0,False,False,0.11337703,-0.10681894,0.113377295,-0.10681879,-0.1419578
101,Person_0216,Warehouse_015__Person_0216,99,99,Camera_03,13,Warehouse_015,Person,1,0.6336633663366337,6480,8970,/pfs/data6/home/st/st_us-053000/st_st191959/DL-Lab/DataSet/MTMC_Tracking_2025_Preprocessed/val/Warehouse_015/crops/Person_0216/Camera_03/Person_0216_Camera_03_f006480_r033.jpg,None,-1,NOISE,0.0,True,False,0.09831421,-0.090124615,0.09831438,-0.09012429,-0.119416654
160,Person_0216,Warehouse_015__Person_0216,99,99,Camera_04,14,Warehouse_015,Person,1,0.6625,7230,8970,/pfs/data6/home/st/st_us-053000/st_st191959/DL-Lab/DataSet/MTMC_Tracking_2025_Preprocessed/val/Warehouse_015/crops/Person_0216/Camera_04/Person_0216_Camera_04_f007230_r009.jpg,None,110,Warehouse_015__Person_0216,1.0,False,False,0.05801581,-0.16945644,0.058016226,-0.16945612,-0.052618083
255,Person_0216,Warehouse_015__Person_0216,99,99,Camera_05,15,Warehouse_015,Person,1,0.6666666666666666,0,2790,/pfs/data6/home/st/st_us-053000/st_st191959/DL-Lab/DataSet/MTMC_Tracking_2025_Preprocessed/val/Warehouse_015/crops/Person_0216/Camera_05/Person_0216_Camera_05_f000000_r027.jpg,None,-1,NOISE,0.0,True,False,-0.43035483,-0.15557216,-0.430355,-0.15557198,0.0065420354
12,Person_0216,Warehouse_015__Person_0216,99,99,Camera_07,17,Warehouse_015,Person,1,0.6666666666666666,8880,8970,/pfs/data6/home/st/st_us-053000/st_st191959/DL-Lab/DataSet/MTMC_Tracking_2025_Preprocessed/val/Warehouse_015/crops/Person_0216/Camera_07/Person_0216_Camera_07_f008880_r009.jpg,None,-1,NOISE,0.0,True,False,-0.39040524,-0.040762454,-0.39040557,-0.040763084,-0.10302182
404,Person_0216,Warehouse_015__Person_0216,99,99,Camera_08,18,Warehouse_015,Person,1,0.5148514851485149,300,8850,/pfs/data6/home/st/st_us-053000/st_st191959/DL-Lab/DataSet/MTMC_Tracking_2025_Preprocessed/val/Warehouse_015/crops/Person_0216/Camera_08/Person_0216_Camera_08_f000300_r024.jpg,None,110,Warehouse_015__Person_0216,1.0,False,False,0.16447297,-0.120259516,0.16447318,-0.12025903,-0.16517092
316,Person_0216,Warehouse_015__Person_0216,99,99,Camera_10,20,Warehouse_015,Person,1,0.4873417721518987,0,8970,/pfs/data6/home/st/st_us-053000/st_st191959/DL-Lab/DataSet/MTMC_Tracking_2025_Preprocessed/val/Warehouse_015/crops/Person_0216/Camera_10/Person_0216_Camera_10_f000000_r052.jpg,None,110,Warehouse_015__Person_0216,1.0,False,False,0.14598258,-0.15390198,0.1459829,-0.15390162,-0.14648166
288,Person_0216,Warehouse_015__Person_0216,99,99,Camera_12,22,Warehouse_015,Person,1,0.3958333333333333,0,8250,/pfs/data6/home/st/st_us-053000/st_st191959/DL-Lab/DataSet/MTMC_Tracking_2025_Preprocessed/val/Warehouse_015/crops/Person_0216/Camera_12/Person_0216_Camera_12_f000000_r049.jpg,None,110,Warehouse_015__Person_0216,1.0,False,False,0.17558953,-0.16289999,0.17558998,-0.16289943,-0.119033635
375,Person_0217,Warehouse_015__Person_0217,100,100,Camera,0,Warehouse_015,Person,1,0.6666666666666666,3990,8970,/pfs/data6/home/st/st_us-053000/st_st191959/DL-Lab/DataSet/MTMC_Tracking_2025_Preprocessed/val/Warehouse_015/crops/Person_0217/Camera/Person_0217_Camera_f003990_r002.jpg,None,-1,NOISE,0.0,True,False,-0.0079625165,0.30645615,-0.007962779,0.30645558,0.15668307
604,Person_0217,Warehouse_015__Person_0217,100,100,Camera_01,11,Warehouse_015,Person,1,0.5761589403973509,210,8970,/pfs/data6/home/st/st_us-053000/st_st191959/DL-Lab/DataSet/MTMC_Tracking_2025_Preprocessed/val/Warehouse_015/crops/Person_0217/Camera_01/Person_0217_Camera_01_f000210_r005.jpg,None,60,Warehouse_015__Person_0217,1.0,False,False,0.13580534,0.28468153,0.13580546,0.28468153,0.07325895
177,Person_0217,Warehouse_015__Person_0217,100,100,Camera_02,12,Warehouse_015,Person,1,0.632768361581921,0,2160,/pfs/data6/home/st/st_us-053000/st_st191959/DL-Lab/DataSet/MTMC_Tracking_2025_Preprocessed/val/Warehouse_015/crops/Person_0217/Camera_02/Person_0217_Camera_02_f000000_r001.jpg,None,-1,NOISE,0.0,True,False,0.16825251,0.24266106,0.16825254,0.24266127,-0.00090617413
598,Person_0217,Warehouse_015__Person_0217,100,100,Camera_03,13,Warehouse_015,Person,1,0.6421404682274248,2250,8970,/pfs/data6/home/st/st_us-053000/st_st191959/DL-Lab/DataSet/MTMC_Tracking_2025_Preprocessed/val/Warehouse_015/crops/Person_0217/Camera_03/Person_0217_Camera_03_f002250_r005.jpg,None,60,Warehouse_015__Person_0217,1.0,False,False,0.11338369,0.25020263,0.11338377,0.25020236,0.097952686
46,Person_0217,Warehouse_015__Person_0217,100,100,Camera_04,14,Warehouse_015,Person,1,0.6521739130434783,5940,8970,/pfs/data6/home/st/st_us-053000/st_st191959/DL-Lab/DataSet/MTMC_Tracking_2025_Preprocessed/val/Warehouse_015/crops/Person_0217/Camera_04/Person_0217_Camera_04_f005940_r001.jpg,None,-1,NOISE,0.0,True,False,0.00018597647,0.3536546,0.00018591023,0.3536545,0.10691017
250,Person_0217,Warehouse_015__Person_0217,100,100,Camera_05,15,Warehouse_015,Person,1,0.648,0,6900,/pfs/data6/home/st/st_us-053000/st_st191959/DL-Lab/DataSet/MTMC_Tracking_2025_Preprocessed/val/Warehouse_015/crops/Person_0217/Camera_05/Person_0217_Camera_05_f000000_r003.jpg,None,60,Warehouse_015__Person_0217,1.0,False,False,0.029586345,0.27912906,0.029586356,0.2791286,0.112101905
6,Person_0217,Warehouse_015__Person_0217,100,100,Camera_06,16,Warehouse_015,Person,1,0.6666666666666666,3210,3240,/pfs/data6/home/st/st_us-053000/st_st191959/DL-Lab/DataSet/MTMC_Tracking_2025_Preprocessed/val/Warehouse_015/crops/Person_0217/Camera_06/Person_0217_Camera_06_f003210_r001.jpg,None,-1,NOISE,0.0,True,False,-0.28948462,-0.08035631,-0.2894842,-0.080356225,-0.063768245
322,Person_0217,Warehouse_015__Person_0217,100,100,Camera_07,17,Warehouse_015,Person,1,0.6645962732919255,3990,8970,/pfs/data6/home/st/st_us-053000/st_st191959/DL-Lab/DataSet/MTMC_Tracking_2025_Preprocessed/val/Warehouse_015/crops/Person_0217/Camera_07/Person_0217_Camera_07_f003990_r003.jpg,None,60,Warehouse_015__Person_0217,1.0,False,False,0.11299587,0.28702393,0.11299585,0.28702348,0.080178514
73,Person_0217,Warehouse_015__Person_0217,100,100,Camera_08,18,Warehouse_015,Person,1,0.5205479452054794,840,1920,/pfs/data6/home/st/st_us-053000/st_st191959/DL-Lab/DataSet/MTMC_Tracking_2025_Preprocessed/val/Warehouse_015/crops/Person_0217/Camera_08/Person_0217_Camera_08_f000840_r004.jpg,None,-1,NOISE,0.0,True,False,0.15660745,0.2077243,0.15660788,0.20772476,0.009781374
255,Person_0217,Warehouse_015__Person_0217,100,100,Camera_09,19,Warehouse_015,Person,1,0.6666666666666666,5130,8880,/pfs/data6/home/st/st_us-053000/st_st191959/DL-Lab/DataSet/MTMC_Tracking_2025_Preprocessed/val/Warehouse_015/crops/Person_0217/Camera_09/Person_0217_Camera_09_f005130_r000.jpg,None,-1,NOISE,0.0,True,False,-0.008588911,0.29555184,-0.008589166,0.2955514,0.19665529
705,Person_0217,Warehouse_015__Person_0217,100,100,Camera_10,20,Warehouse_015,Person,1,0.649645390070922,210,8970,/pfs/data6/home/st/st_us-053000/st_st191959/DL-Lab/DataSet/MTMC_Tracking_2025_Preprocessed/val/Warehouse_015/crops/Person_0217/Camera_10/Person_0217_Camera_10_f000210_r006.jpg,None,60,Warehouse_015__Person_0217,1.0,False,False,0.1020522,0.25832638,0.10205235,0.25832656,0.10588965
45,Person_0217,Warehouse_015__Person_0217,100,100,Camera_11,21,Warehouse_015,Person,1,0.6666666666666666,0,750,/pfs/data6/home/st/st_us-053000/st_st191959/DL-Lab/DataSet/MTMC_Tracking_2025_Preprocessed/val/Warehouse_015/crops/Person_0217/Camera_11/Person_0217_Camera_11_f000000_r001.jpg,None,-1,NOISE,0.0,True,False,0.023483284,0.29149455,0.023483062,0.2914938,0.088608734
638,Person_0217,Warehouse_015__Person_0217,100,100,Camera_12,22,Warehouse_015,Person,1,0.6332288401253918,0,8970,/pfs/data6/home/st/st_us-053000/st_st191959/DL-Lab/DataSet/MTMC_Tracking_2025_Preprocessed/val/Warehouse_015/crops/Person_0217/Camera_12/Person_0217_Camera_12_f000000_r006.jpg,None,60,Warehouse_015__Person_0217,1.0,False,False,0.07205585,0.31794208,0.07205576,0.31794205,0.07618376
99,Person_0218,Warehouse_015__Person_0218,101,101,Camera,0,Warehouse_015,Person,1,0.6666666666666666,4080,5040,/pfs/data6/home/st/st_us-053000/st_st191959/DL-Lab/DataSet/MTMC_Tracking_2025_Preprocessed/val/Warehouse_015/crops/Person_0218/Camera/Person_0218_Camera_f004080_r019.jpg,None,-1,NOISE,0.0,True,False,-0.003913172,-0.1483266,-0.003912819,-0.14832628,0.00019143304
491,Person_0218,Warehouse_015__Person_0218,101,101,Camera_01,11,Warehouse_015,Person,1,0.6639511201629328,0,8940,/pfs/data6/home/st/st_us-053000/st_st191959/DL-Lab/DataSet/MTMC_Tracking_2025_Preprocessed/val/Warehouse_015/crops/Person_0218/Camera_01/Person_0218_Camera_01_f000000_r034.jpg,None,-1,NOISE,0.0,True,False,0.05820545,-0.109657705,0.058205858,-0.10965733,-0.0030858514
279,Person_0218,Warehouse_015__Person_0218,101,101,Camera_02,12,Warehouse_015,Person,1,0.6666666666666666,570,6720,/pfs/data6/home/st/st_us-053000/st_st191959/DL-Lab/DataSet/MTMC_Tracking_2025_Preprocessed/val/Warehouse_015/crops/Person_0218/Camera_02/Person_0218_Camera_02_f000570_r007.jpg,None,103,Warehouse_015__Person_0218,1.0,False,False,0.18427575,-0.14482155,0.18427598,-0.14482109,-0.06567258
309,Person_0218,Warehouse_015__Person_0218,101,101,Camera_03,13,Warehouse_015,Person,1,0.6666666666666666,3480,8970,/pfs/data6/home/st/st_us-053000/st_st191959/DL-Lab/DataSet/MTMC_Tracking_2025_Preprocessed/val/Warehouse_015/crops/Person_0218/Camera_03/Person_0218_Camera_03_f003480_r030.jpg,None,-1,NOISE,0.0,True,False,-0.067331605,-0.1149526,-0.06733126,-0.11495231,0.048376977
102,Person_0218,Warehouse_015__Person_0218,101,101,Camera_04,14,Warehouse_015,Person,1,0.6666666666666666,4050,5040,/pfs/data6/home/st/st_us-053000/st_st191959/DL-Lab/DataSet/MTMC_Tracking_2025_Preprocessed/val/Warehouse_015/crops/Person_0218/Camera_04/Person_0218_Camera_04_f004050_r010.jpg,None,103,Warehouse_015__Person_0218,1.0,False,False,0.14365558,-0.13569942,0.1436559,-0.13569884,-0.050795022
187,Person_0218,Warehouse_015__Person_0218,101,101,Camera_05,15,Warehouse_015,Person,1,0.6310160427807486,0,7710,/pfs/data6/home/st/st_us-053000/st_st191959/DL-Lab/DataSet/MTMC_Tracking_2025_Preprocessed/val/Warehouse_015/crops/Person_0218/Camera_05/Person_0218_Camera_05_f000000_r017.jpg,None,-1,NOISE,0.0,True,False,0.11620587,-0.108459525,0.1162063,-0.10845893,-0.024086129
366,Person_0218,Warehouse_015__Person_0218,101,101,Camera_08,18,Warehouse_015,Person,1,0.5846994535519126,1530,8910,/pfs/data6/home/st/st_us-053000/st_st191959/DL-Lab/DataSet/MTMC_Tracking_2025_Preprocessed/val/Warehouse_015/crops/Person_0218/Camera_08/Person_0218_Camera_08_f001530_r018.jpg,None,103,Warehouse_015__Person_0218,1.0,False,False,0.13584271,-0.16760156,0.13584304,-0.1676011,-0.05142875
568,Person_0218,Warehouse_015__Person_0218,101,101,Camera_10,20,Warehouse_015,Person,1,0.6232394366197183,0,8970,/pfs/data6/home/st/st_us-053000/st_st191959/DL-Lab/DataSet/MTMC_Tracking_2025_Preprocessed/val/Warehouse_015/crops/Person_0218/Camera_10/Person_0218_Camera_10_f000000_r042.jpg,None,103,Warehouse_015__Person_0218,1.0,False,False,0.09579001,-0.15938322,0.09579042,-0.15938303,-0.080063105
87,Person_0218,Warehouse_015__Person_0218,101,101,Camera_11,21,Warehouse_015,Person,1,0.6666666666666666,0,2220,/pfs/data6/home/st/st_us-053000/st_st191959/DL-Lab/DataSet/MTMC_Tracking_2025_Preprocessed/val/Warehouse_015/crops/Person_0218/Camera_11/Person_0218_Camera_11_f000000_r009.jpg,None,-1,NOISE,0.0,True,False,0.04840976,-0.08693636,0.048409883,-0.08693595,-0.021194726
569,Person_0218,Warehouse_015__Person_0218,101,101,Camera_12,22,Warehouse_015,Person,1,0.5588752196836555,0,8970,/pfs/data6/home/st/st_us-053000/st_st191959/DL-Lab/DataSet/MTMC_Tracking_2025_Preprocessed/val/Warehouse_015/crops/Person_0218/Camera_12/Person_0218_Camera_12_f000000_r035.jpg,None,103,Warehouse_015__Person_0218,1.0,False,False,0.17787915,-0.1566065,0.17787957,-0.15660603,-0.08804893
504,Person_0219,Warehouse_015__Person_0219,102,102,Camera_01,11,Warehouse_015,Person,1,0.6626984126984127,0,7920,/pfs/data6/home/st/st_us-053000/st_st191959/DL-Lab/DataSet/MTMC_Tracking_2025_Preprocessed/val/Warehouse_015/crops/Person_0219/Camera_01/Person_0219_Camera_01_f000000_r039.jpg,None,89,Warehouse_015__Person_0219,1.0,False,False,0.12479854,0.23529422,0.124798305,0.23529488,0.18865283
262,Person_0219,Warehouse_015__Person_0219,102,102,Camera_02,12,Warehouse_015,Person,1,0.6641221374045801,930,8070,/pfs/data6/home/st/st_us-053000/st_st191959/DL-Lab/DataSet/MTMC_Tracking_2025_Preprocessed/val/Warehouse_015/crops/Person_0219/Camera_02/Person_0219_Camera_02_f000930_r009.jpg,None,-1,NOISE,0.0,True,False,0.22476909,0.08940216,0.22476888,0.08940243,0.023933927
628,Person_0219,Warehouse_015__Person_0219,102,102,Camera_05,15,Warehouse_015,Person,1,0.6624203821656051,0,8970,/pfs/data6/home/st/st_us-053000/st_st191959/DL-Lab/DataSet/MTMC_Tracking_2025_Preprocessed/val/Warehouse_015/crops/Person_0219/Camera_05/Person_0219_Camera_05_f000000_r022.jpg,None,-1,NOISE,0.0,True,False,0.11438238,0.19797008,0.11438222,0.19797035,0.123378925
295,Person_0219,Warehouse_015__Person_0219,102,102,Camera_06,16,Warehouse_015,Person,1,0.6644067796610169,30,8970,/pfs/data6/home/st/st_us-053000/st_st191959/DL-Lab/DataSet/MTMC_Tracking_2025_Preprocessed/val/Warehouse_015/crops/Person_0219/Camera_06/Person_0219_Camera_06_f000030_r009.jpg,None,-1,NOISE,0.0,True,False,0.17379165,0.10892537,0.17379168,0.10892542,0.076635875
33,Person_0219,Warehouse_015__Person_0219,102,102,Camera_08,18,Warehouse_015,Person,1,0.6666666666666666,7140,7440,/pfs/data6/home/st/st_us-053000/st_st191959/DL-Lab/DataSet/MTMC_Tracking_2025_Preprocessed/val/Warehouse_015/crops/Person_0219/Camera_08/Person_0219_Camera_08_f007140_r021.jpg,None,-1,NOISE,0.0,True,False,0.11457404,0.12322722,0.11457403,0.12322731,0.13059019
624,Person_0219,Warehouse_015__Person_0219,102,102,Camera_10,20,Warehouse_015,Person,1,0.6666666666666666,0,8970,/pfs/data6/home/st/st_us-053000/st_st191959/DL-Lab/DataSet/MTMC_Tracking_2025_Preprocessed/val/Warehouse_015/crops/Person_0219/Camera_10/Person_0219_Camera_10_f000000_r048.jpg,None,89,Warehouse_015__Person_0219,1.0,False,False,0.043338362,0.2740674,0.04333819,0.27406824,0.21839732
615,Person_0219,Warehouse_015__Person_0219,102,102,Camera_11,21,Warehouse_015,Person,1,0.6666666666666666,0,8970,/pfs/data6/home/st/st_us-053000/st_st191959/DL-Lab/DataSet/MTMC_Tracking_2025_Preprocessed/val/Warehouse_015/crops/Person_0219/Camera_11/Person_0219_Camera_11_f000000_r011.jpg,None,89,Warehouse_015__Person_0219,1.0,False,False,0.10172314,0.21324386,0.10172295,0.21324421,0.17113046
542,Person_0219,Warehouse_015__Person_0219,102,102,Camera_12,22,Warehouse_015,Person,1,0.6162361623616236,60,8160,/pfs/data6/home/st/st_us-053000/st_st191959/DL-Lab/DataSet/MTMC_Tracking_2025_Preprocessed/val/Warehouse_015/crops/Person_0219/Camera_12/Person_0219_Camera_12_f000060_r043.jpg,None,-1,NOISE,0.0,True,False,0.15661441,0.1049218,0.15661454,0.10492268,0.1512261
879,Person_0220,Warehouse_015__Person_0220,103,103,Camera_01,11,Warehouse_015,Person,1,0.6666666666666666,0,8970,/pfs/data6/home/st/st_us-053000/st_st191959/DL-Lab/DataSet/MTMC_Tracking_2025_Preprocessed/val/Warehouse_015/crops/Person_0220/Camera_01/Person_0220_Camera_01_f000000_r014.jpg,None,-1,NOISE,0.0,True,False,-0.1153332,0.045124378,-0.11533392,0.045123458,-0.27663046
81,Person_0220,Warehouse_015__Person_0220,103,103,Camera_02,12,Warehouse_015,Person,1,0.6666666666666666,210,2460,/pfs/data6/home/st/st_us-053000/st_st191959/DL-Lab/DataSet/MTMC_Tracking_2025_Preprocessed/val/Warehouse_015/crops/Person_0220/Camera_02/Person_0220_Camera_02_f000210_r006.jpg,None,-1,NOISE,0.0,True,False,-0.03210621,0.04969723,-0.03210643,0.04969699,-0.26331118
719,Person_0220,Warehouse_015__Person_0220,103,103,Camera_03,13,Warehouse_015,Person,1,0.6648122392211405,1140,8970,/pfs/data6/home/st/st_us-053000/st_st191959/DL-Lab/DataSet/MTMC_Tracking_2025_Preprocessed/val/Warehouse_015/crops/Person_0220/Camera_03/Person_0220_Camera_03_f001140_r012.jpg,None,-1,NOISE,0.0,True,False,-0.036276087,0.24626832,-0.03627696,0.24626824,-0.22413507
207,Person_0220,Warehouse_015__Person_0220,103,103,Camera_05,15,Warehouse_015,Person,1,0.6666666666666666,0,2040,/pfs/data6/home/st/st_us-053000/st_st191959/DL-Lab/DataSet/MTMC_Tracking_2025_Preprocessed/val/Warehouse_015/crops/Person_0220/Camera_05/Person_0220_Camera_05_f000000_r008.jpg,None,77,Warehouse_015__Person_0006,0.6153846153846154,False,True,-0.08293481,0.052356414,-0.08293532,0.0523557,-0.2467329
38,Person_0220,Warehouse_015__Person_0220,103,103,Camera_06,16,Warehouse_015,Person,1,0.631578947368421,870,1290,/pfs/data6/home/st/st_us-053000/st_st191959/DL-Lab/DataSet/MTMC_Tracking_2025_Preprocessed/val/Warehouse_015/crops/Person_0220/Camera_06/Person_0220_Camera_06_f000870_r004.jpg,None,-1,NOISE,0.0,True,False,-0.09976119,0.14200585,-0.09976162,0.14200483,-0.20887722
9,Person_0220,Warehouse_015__Person_0220,103,103,Camera_07,17,Warehouse_015,Person,1,0.6666666666666666,1440,1500,/pfs/data6/home/st/st_us-053000/st_st191959/DL-Lab/DataSet/MTMC_Tracking_2025_Preprocessed/val/Warehouse_015/crops/Person_0220/Camera_07/Person_0220_Camera_07_f001440_r004.jpg,None,77,Warehouse_015__Person_0006,0.6153846153846154,False,True,0.13674639,0.16738985,0.13674612,0.16738974,-0.23636062
675,Person_0220,Warehouse_015__Person_0220,103,103,Camera_08,18,Warehouse_015,Person,1,0.6666666666666666,2220,8970,/pfs/data6/home/st/st_us-053000/st_st191959/DL-Lab/DataSet/MTMC_Tracking_2025_Preprocessed/val/Warehouse_015/crops/Person_0220/Camera_08/Person_0220_Camera_08_f002220_r007.jpg,None,77,Warehouse_015__Person_0006,0.6153846153846154,False,True,-0.029475126,0.1211808,-0.029475696,0.121180214,-0.19363439
845,Person_0220,Warehouse_015__Person_0220,103,103,Camera_10,20,Warehouse_015,Person,1,0.6650887573964497,0,8970,/pfs/data6/home/st/st_us-053000/st_st191959/DL-Lab/DataSet/MTMC_Tracking_2025_Preprocessed/val/Warehouse_015/crops/Person_0220/Camera_10/Person_0220_Camera_10_f000000_r018.jpg,None,77,Warehouse_015__Person_0006,0.6153846153846154,False,True,0.087670654,0.041860037,0.08767022,0.041859146,-0.29618713
82,Person_0220,Warehouse_015__Person_0220,103,103,Camera_11,21,Warehouse_015,Person,1,0.6585365853658537,270,1080,/pfs/data6/home/st/st_us-053000/st_st191959/DL-Lab/DataSet/MTMC_Tracking_2025_Preprocessed/val/Warehouse_015/crops/Person_0220/Camera_11/Person_0220_Camera_11_f000270_r004.jpg,None,-1,NOISE,0.0,True,False,0.042967312,0.20788048,0.042966492,0.20787983,-0.2672584
873,Person_0220,Warehouse_015__Person_0220,103,103,Camera_12,22,Warehouse_015,Person,1,0.6575028636884307,0,8970,/pfs/data6/home/st/st_us-053000/st_st191959/DL-Lab/DataSet/MTMC_Tracking_2025_Preprocessed/val/Warehouse_015/crops/Person_0220/Camera_12/Person_0220_Camera_12_f000000_r017.jpg,None,77,Warehouse_015__Person_0006,0.6153846153846154,False,True,0.13016465,0.12500638,0.13016416,0.12500595,-0.21805948
227,Person_0221,Warehouse_015__Person_0221,104,104,Camera,0,Warehouse_015,Person,1,0.6607929515418502,4350,7200,/pfs/data6/home/st/st_us-053000/st_st191959/DL-Lab/DataSet/MTMC_Tracking_2025_Preprocessed/val/Warehouse_015/crops/Person_0221/Camera/Person_0221_Camera_f004350_r002.jpg,None,90,Warehouse_015__Person_0221,1.0,False,False,0.080415495,-0.10394956,0.08041549,-0.10394914,0.011583367
460,Person_0221,Warehouse_015__Person_0221,104,104,Camera_01,11,Warehouse_015,Person,1,0.6565217391304348,30,8970,/pfs/data6/home/st/st_us-053000/st_st191959/DL-Lab/DataSet/MTMC_Tracking_2025_Preprocessed/val/Warehouse_015/crops/Person_0221/Camera_01/Person_0221_Camera_01_f000030_r004.jpg,None,90,Warehouse_015__Person_0221,1.0,False,False,0.14790626,-0.13701226,0.14790645,-0.13701177,-0.045995913
224,Person_0221,Warehouse_015__Person_0221,104,104,Camera_02,12,Warehouse_015,Person,1,0.6607142857142857,0,3990,/pfs/data6/home/st/st_us-053000/st_st191959/DL-Lab/DataSet/MTMC_Tracking_2025_Preprocessed/val/Warehouse_015/crops/Person_0221/Camera_02/Person_0221_Camera_02_f000000_r000.jpg,None,90,Warehouse_015__Person_0221,1.0,False,False,0.05646769,-0.12505259,0.056467775,-0.12505238,0.010265247
471,Person_0221,Warehouse_015__Person_0221,104,104,Camera_03,13,Warehouse_015,Person,1,0.6666666666666666,720,8970,/pfs/data6/home/st/st_us-053000/st_st191959/DL-Lab/DataSet/MTMC_Tracking_2025_Preprocessed/val/Warehouse_015/crops/Person_0221/Camera_03/Person_0221_Camera_03_f000720_r004.jpg,None,-1,NOISE,0.0,True,False,0.12413938,-0.15209734,0.12413964,-0.15209661,0.0020903319
130,Person_0221,Warehouse_015__Person_0221,104,104,Camera_04,14,Warehouse_015,Person,1,0.6615384615384615,4290,6750,/pfs/data6/home/st/st_us-053000/st_st191959/DL-Lab/DataSet/MTMC_Tracking_2025_Preprocessed/val/Warehouse_015/crops/Person_0221/Camera_04/Person_0221_Camera_04_f004290_r000.jpg,None,90,Warehouse_015__Person_0221,1.0,False,False,0.078107916,-0.11772849,0.07810795,-0.117728576,-0.02748868
190,Person_0221,Warehouse_015__Person_0221,104,104,Camera_05,15,Warehouse_015,Person,1,0.6631578947368421,0,8970,/pfs/data6/home/st/st_us-053000/st_st191959/DL-Lab/DataSet/MTMC_Tracking_2025_Preprocessed/val/Warehouse_015/crops/Person_0221/Camera_05/Person_0221_Camera_05_f000000_r002.jpg,None,-1,NOISE,0.0,True,False,0.1364944,-0.15256667,0.13649462,-0.15256613,-0.1016087
18,Person_0221,Warehouse_015__Person_0221,104,104,Camera_07,17,Warehouse_015,Person,1,0.6666666666666666,5160,6780,/pfs/data6/home/st/st_us-053000/st_st191959/DL-Lab/DataSet/MTMC_Tracking_2025_Preprocessed/val/Warehouse_015/crops/Person_0221/Camera_07/Person_0221_Camera_07_f005160_r003.jpg,None,-1,NOISE,0.0,True,False,-0.28830016,-0.09025103,-0.28830004,-0.0902507,-0.07805703
501,Person_0221,Warehouse_015__Person_0221,104,104,Camera_08,18,Warehouse_015,Person,1,0.6187624750499002,90,7200,/pfs/data6/home/st/st_us-053000/st_st191959/DL-Lab/DataSet/MTMC_Tracking_2025_Preprocessed/val/Warehouse_015/crops/Person_0221/Camera_08/Person_0221_Camera_08_f000090_r004.jpg,None,90,Warehouse_015__Person_0221,1.0,False,False,0.15977629,-0.13308227,0.1597766,-0.13308191,-0.026014933
664,Person_0221,Warehouse_015__Person_0221,104,104,Camera_10,20,Warehouse_015,Person,1,0.6234939759036144,420,8970,/pfs/data6/home/st/st_us-053000/st_st191959/DL-Lab/DataSet/MTMC_Tracking_2025_Preprocessed/val/Warehouse_015/crops/Person_0221/Camera_10/Person_0221_Camera_10_f000420_r006.jpg,None,-1,NOISE,0.0,True,False,-0.029454889,-0.166418,-0.02945474,-0.1664177,0.08104398
3,Person_0221,Warehouse_015__Person_0221,104,104,Camera_11,21,Warehouse_015,Person,1,0.6666666666666666,0,0,/pfs/data6/home/st/st_us-053000/st_st191959/DL-Lab/DataSet/MTMC_Tracking_2025_Preprocessed/val/Warehouse_015/crops/Person_0221/Camera_11/Person_0221_Camera_11_f000000_r000.jpg,None,-1,NOISE,0.0,True,False,-0.27791092,-0.02865675,-0.27791083,-0.028656043,-0.08349163
704,Person_0221,Warehouse_015__Person_0221,104,104,Camera_12,22,Warehouse_015,Person,1,0.6107954545454546,0,8970,/pfs/data6/home/st/st_us-053000/st_st191959/DL-Lab/DataSet/MTMC_Tracking_2025_Preprocessed/val/Warehouse_015/crops/Person_0221/Camera_12/Person_0221_Camera_12_f000000_r005.jpg,None,90,Warehouse_015__Person_0221,1.0,False,False,0.17130381,-0.11163761,0.17130381,-0.111637436,-0.02466182
709,Person_0222,Warehouse_015__Person_0222,105,105,Camera_01,11,Warehouse_015,Person,1,0.6657263751763046,0,8970,/pfs/data6/home/st/st_us-053000/st_st191959/DL-Lab/DataSet/MTMC_Tracking_2025_Preprocessed/val/Warehouse_015/crops/Person_0222/Camera_01/Person_0222_Camera_01_f000000_r045.jpg,None,-1,NOISE,0.0,True,False,-0.033144224,-0.07057126,-0.033144075,-0.07057024,0.20991805
867,Person_0222,Warehouse_015__Person_0222,105,105,Camera_02,12,Warehouse_015,Person,1,0.6666666666666666,0,8970,/pfs/data6/home/st/st_us-053000/st_st191959/DL-Lab/DataSet/MTMC_Tracking_2025_Preprocessed/val/Warehouse_015/crops/Person_0222/Camera_02/Person_0222_Camera_02_f000000_r014.jpg,None,-1,NOISE,0.0,True,False,0.20024048,-0.1419532,0.2002403,-0.14195333,-0.09119787
24,Person_0222,Warehouse_015__Person_0222,105,105,Camera_03,13,Warehouse_015,Person,1,0.6666666666666666,1830,2040,/pfs/data6/home/st/st_us-053000/st_st191959/DL-Lab/DataSet/MTMC_Tracking_2025_Preprocessed/val/Warehouse_015/crops/Person_0222/Camera_03/Person_0222_Camera_03_f001830_r036.jpg,None,-1,NOISE,0.0,True,False,-0.34523553,-0.121092595,-0.3452356,-0.12109299,-0.03968219
52,Person_0222,Warehouse_015__Person_0222,105,105,Camera_05,15,Warehouse_015,Person,1,0.6153846153846154,0,2400,/pfs/data6/home/st/st_us-053000/st_st191959/DL-Lab/DataSet/MTMC_Tracking_2025_Preprocessed/val/Warehouse_015/crops/Person_0222/Camera_05/Person_0222_Camera_05_f000000_r026.jpg,None,-1,NOISE,0.0,True,False,-0.36003235,-0.121470004,-0.36003238,-0.12147011,-0.053885285
219,Person_0222,Warehouse_015__Person_0222,105,105,Camera_08,18,Warehouse_015,Person,1,0.3926940639269406,0,8970,/pfs/data6/home/st/st_us-053000/st_st191959/DL-Lab/DataSet/MTMC_Tracking_2025_Preprocessed/val/Warehouse_015/crops/Person_0222/Camera_08/Person_0222_Camera_08_f000000_r025.jpg,None,115,Warehouse_015__Person_0168,0.7,False,True,0.23338948,-0.16452174,0.23338978,-0.1645212,-0.06445834
750,Person_0222,Warehouse_015__Person_0222,105,105,Camera_10,20,Warehouse_015,Person,1,0.6666666666666666,0,8970,/pfs/data6/home/st/st_us-053000/st_st191959/DL-Lab/DataSet/MTMC_Tracking_2025_Preprocessed/val/Warehouse_015/crops/Person_0222/Camera_10/Person_0222_Camera_10_f000000_r051.jpg,None,-1,NOISE,0.0,True,False,0.13485324,-0.09670652,0.13485311,-0.09670652,0.039226305
318,Person_0222,Warehouse_015__Person_0222,105,105,Camera_12,22,Warehouse_015,Person,1,0.14465408805031446,0,8970,/pfs/data6/home/st/st_us-053000/st_st191959/DL-Lab/DataSet/MTMC_Tracking_2025_Preprocessed/val/Warehouse_015/crops/Person_0222/Camera_12/Person_0222_Camera_12_f000000_r048.jpg,None,115,Warehouse_015__Person_0168,0.7,False,True,0.2750313,-0.110084124,0.27503154,-0.1100832,-0.055580195
583,Person_0230,Warehouse_015__Person_0230,106,106,Camera_01,11,Warehouse_015,Person,1,0.6655231560891939,0,8970,/pfs/data6/home/st/st_us-053000/st_st191959/DL-Lab/DataSet/MTMC_Tracking_2025_Preprocessed/val/Warehouse_015/crops/Person_0230/Camera_01/Person_0230_Camera_01_f000000_r044.jpg,None,-1,NOISE,0.0,True,False,-0.15059438,-0.17360511,-0.15059407,-0.17360559,-0.18142405
180,Person_0230,Warehouse_015__Person_0230,106,106,Camera_02,12,Warehouse_015,Person,1,0.6666666666666666,0,1800,/pfs/data6/home/st/st_us-053000/st_st191959/DL-Lab/DataSet/MTMC_Tracking_2025_Preprocessed/val/Warehouse_015/crops/Person_0230/Camera_02/Person_0230_Camera_02_f000000_r013.jpg,None,12,Hospital_000__Person_0037,0.4444444444444444,False,True,-0.092338346,-0.16191743,-0.09233845,-0.16191816,-0.09200643
588,Person_0230,Warehouse_015__Person_0230,106,106,Camera_03,13,Warehouse_015,Person,1,0.6666666666666666,3120,8970,/pfs/data6/home/st/st_us-053000/st_st191959/DL-Lab/DataSet/MTMC_Tracking_2025_Preprocessed/val/Warehouse_015/crops/Person_0230/Camera_03/Person_0230_Camera_03_f003120_r032.jpg,None,12,Hospital_000__Person_0037,0.4444444444444444,False,True,-0.043833952,-0.12972672,-0.04383412,-0.1297271,-0.13799793
301,Person_0230,Warehouse_015__Person_0230,106,106,Camera_08,18,Warehouse_015,Person,1,0.6179401993355482,0,6450,/pfs/data6/home/st/st_us-053000/st_st191959/DL-Lab/DataSet/MTMC_Tracking_2025_Preprocessed/val/Warehouse_015/crops/Person_0230/Camera_08/Person_0230_Camera_08_f000000_r024.jpg,None,-1,NOISE,0.0,True,False,0.11903031,-0.03466818,0.119030364,-0.03466845,-0.11675693
683,Person_0230,Warehouse_015__Person_0230,106,106,Camera_10,20,Warehouse_015,Person,1,0.6500732064421669,1770,8970,/pfs/data6/home/st/st_us-053000/st_st191959/DL-Lab/DataSet/MTMC_Tracking_2025_Preprocessed/val/Warehouse_015/crops/Person_0230/Camera_10/Person_0230_Camera_10_f001770_r055.jpg,None,-1,NOISE,0.0,True,False,0.08471422,-0.15082729,0.084714614,-0.15082732,-0.17772116
791,Person_0230,Warehouse_015__Person_0230,106,106,Camera_12,22,Warehouse_015,Person,1,0.6219974715549936,0,8970,/pfs/data6/home/st/st_us-053000/st_st191959/DL-Lab/DataSet/MTMC_Tracking_2025_Preprocessed/val/Warehouse_015/crops/Person_0230/Camera_12/Person_0230_Camera_12_f000000_r047.jpg,None,-1,NOISE,0.0,True,False,0.118683524,-0.10091081,0.118683405,-0.100911185,-0.14382017
291,Person_0231,Warehouse_015__Person_0231,107,107,Camera,0,Warehouse_015,Person,1,0.6666666666666666,5850,8760,/pfs/data6/home/st/st_us-053000/st_st191959/DL-Lab/DataSet/MTMC_Tracking_2025_Preprocessed/val/Warehouse_015/crops/Person_0231/Camera/Person_0231_Camera_f005850_r012.jpg,None,102,Warehouse_015__Person_0231,1.0,False,False,0.17747997,0.16964002,0.1774796,0.16963953,-0.10634774
585,Person_0231,Warehouse_015__Person_0231,107,107,Camera_01,11,Warehouse_015,Person,1,0.6564102564102564,300,8970,/pfs/data6/home/st/st_us-053000/st_st191959/DL-Lab/DataSet/MTMC_Tracking_2025_Preprocessed/val/Warehouse_015/crops/Person_0231/Camera_01/Person_0231_Camera_01_f000300_r019.jpg,None,-1,NOISE,0.0,True,False,0.12195663,0.1604304,0.12195622,0.16042976,-0.048099324
201,Person_0231,Warehouse_015__Person_0231,107,107,Camera_02,12,Warehouse_015,Person,1,0.6666666666666666,0,4230,/pfs/data6/home/st/st_us-053000/st_st191959/DL-Lab/DataSet/MTMC_Tracking_2025_Preprocessed/val/Warehouse_015/crops/Person_0231/Camera_02/Person_0231_Camera_02_f000000_r005.jpg,None,102,Warehouse_015__Person_0231,1.0,False,False,0.25431406,0.06546736,0.25431398,0.06546717,-0.13510343
440,Person_0231,Warehouse_015__Person_0231,107,107,Camera_03,13,Warehouse_015,Person,1,0.6636363636363637,3660,8970,/pfs/data6/home/st/st_us-053000/st_st191959/DL-Lab/DataSet/MTMC_Tracking_2025_Preprocessed/val/Warehouse_015/crops/Person_0231/Camera_03/Person_0231_Camera_03_f003660_r011.jpg,None,102,Warehouse_015__Person_0231,1.0,False,False,0.16380312,0.16629668,0.16380274,0.16629599,-0.09889028
135,Person_0231,Warehouse_015__Person_0231,107,107,Camera_04,14,Warehouse_015,Person,1,0.6666666666666666,5820,8280,/pfs/data6/home/st/st_us-053000/st_st191959/DL-Lab/DataSet/MTMC_Tracking_2025_Preprocessed/val/Warehouse_015/crops/Person_0231/Camera_04/Person_0231_Camera_04_f005820_r005.jpg,None,-1,NOISE,0.0,True,False,0.21567462,0.20829903,0.21567433,0.20829882,-0.08468358
213,Person_0231,Warehouse_015__Person_0231,107,107,Camera_05,15,Warehouse_015,Person,1,0.6666666666666666,300,3210,/pfs/data6/home/st/st_us-053000/st_st191959/DL-Lab/DataSet/MTMC_Tracking_2025_Preprocessed/val/Warehouse_015/crops/Person_0231/Camera_05/Person_0231_Camera_05_f000300_r010.jpg,None,-1,NOISE,0.0,True,False,0.116378985,0.040531836,0.11637864,0.04053074,-0.12581731
156,Person_0231,Warehouse_015__Person_0231,107,107,Camera_06,16,Warehouse_015,Person,1,0.6666666666666666,690,2220,/pfs/data6/home/st/st_us-053000/st_st191959/DL-Lab/DataSet/MTMC_Tracking_2025_Preprocessed/val/Warehouse_015/crops/Person_0231/Camera_06/Person_0231_Camera_06_f000690_r002.jpg,None,-1,NOISE,0.0,True,False,0.20753908,0.11593348,0.20753887,0.11593343,-0.101523034
42,Person_0231,Warehouse_015__Person_0231,107,107,Camera_07,17,Warehouse_015,Person,1,0.6666666666666666,7410,8310,/pfs/data6/home/st/st_us-053000/st_st191959/DL-Lab/DataSet/MTMC_Tracking_2025_Preprocessed/val/Warehouse_015/crops/Person_0231/Camera_07/Person_0231_Camera_07_f007410_r004.jpg,None,10,Warehouse_015__Person_0179,0.6666666666666666,False,True,-0.23340173,0.18274646,-0.2334023,0.18274623,0.04567655
435,Person_0231,Warehouse_015__Person_0231,107,107,Camera_08,18,Warehouse_015,Person,1,0.6620689655172414,0,8670,/pfs/data6/home/st/st_us-053000/st_st191959/DL-Lab/DataSet/MTMC_Tracking_2025_Preprocessed/val/Warehouse_015/crops/Person_0231/Camera_08/Person_0231_Camera_08_f000000_r008.jpg,None,113,Warehouse_015__Person_0004,0.5625,False,True,0.25255284,0.047105093,0.2525528,0.047105253,-0.11509797
626,Person_0231,Warehouse_015__Person_0231,107,107,Camera_10,20,Warehouse_015,Person,1,0.6006389776357828,330,8970,/pfs/data6/home/st/st_us-053000/st_st191959/DL-Lab/DataSet/MTMC_Tracking_2025_Preprocessed/val/Warehouse_015/crops/Person_0231/Camera_10/Person_0231_Camera_10_f000330_r021.jpg,None,-1,NOISE,0.0,True,False,0.23323321,0.21113282,0.233233,0.21113284,-0.15177041
201,Person_0231,Warehouse_015__Person_0231,107,107,Camera_11,21,Warehouse_015,Person,1,0.6666666666666666,690,2670,/pfs/data6/home/st/st_us-053000/st_st191959/DL-Lab/DataSet/MTMC_Tracking_2025_Preprocessed/val/Warehouse_015/crops/Person_0231/Camera_11/Person_0231_Camera_11_f000690_r003.jpg,None,102,Warehouse_015__Person_0231,1.0,False,False,0.15406011,0.21146469,0.15405972,0.2114642,-0.085382976
779,Person_0231,Warehouse_015__Person_0231,107,107,Camera_12,22,Warehouse_015,Person,1,0.6469833119383825,0,8970,/pfs/data6/home/st/st_us-053000/st_st191959/DL-Lab/DataSet/MTMC_Tracking_2025_Preprocessed/val/Warehouse_015/crops/Person_0231/Camera_12/Person_0231_Camera_12_f000000_r016.jpg,None,-1,NOISE,0.0,True,False,0.2392073,0.02607331,0.23920701,0.02607272,-0.15276207
60,Person_0232,Warehouse_015__Person_0232,108,108,Camera,0,Warehouse_015,Person,1,0.6666666666666666,840,7530,/pfs/data6/home/st/st_us-053000/st_st191959/DL-Lab/DataSet/MTMC_Tracking_2025_Preprocessed/val/Warehouse_015/crops/Person_0232/Camera/Person_0232_Camera_f000840_r016.jpg,None,-1,NOISE,0.0,True,False,0.10244965,0.19386658,0.10244926,0.19386613,-0.10946638
439,Person_0232,Warehouse_015__Person_0232,108,108,Camera_01,11,Warehouse_015,Person,1,0.6378132118451025,1590,8400,/pfs/data6/home/st/st_us-053000/st_st191959/DL-Lab/DataSet/MTMC_Tracking_2025_Preprocessed/val/Warehouse_015/crops/Person_0232/Camera_01/Person_0232_Camera_01_f001590_r049.jpg,None,61,Warehouse_015__Person_0232,0.8,False,False,0.15621848,0.019533262,0.1562184,0.019532753,-0.26424116
192,Person_0232,Warehouse_015__Person_0232,108,108,Camera_02,12,Warehouse_015,Person,1,0.6666666666666666,0,8550,/pfs/data6/home/st/st_us-053000/st_st191959/DL-Lab/DataSet/MTMC_Tracking_2025_Preprocessed/val/Warehouse_015/crops/Person_0232/Camera_02/Person_0232_Camera_02_f000000_r012.jpg,None,61,Warehouse_015__Person_0232,0.8,False,False,0.014085552,0.11582788,0.014085215,0.11582739,-0.16173466
168,Person_0232,Warehouse_015__Person_0232,108,108,Camera_03,13,Warehouse_015,Person,1,0.6666666666666666,330,7830,/pfs/data6/home/st/st_us-053000/st_st191959/DL-Lab/DataSet/MTMC_Tracking_2025_Preprocessed/val/Warehouse_015/crops/Person_0232/Camera_03/Person_0232_Camera_03_f000330_r039.jpg,None,-1,NOISE,0.0,True,False,-0.19384025,0.07432494,-0.19384062,0.07432441,-0.09658119
27,Person_0232,Warehouse_015__Person_0232,108,108,Camera_04,14,Warehouse_015,Person,1,0.6666666666666666,810,1050,/pfs/data6/home/st/st_us-053000/st_st191959/DL-Lab/DataSet/MTMC_Tracking_2025_Preprocessed/val/Warehouse_015/crops/Person_0232/Camera_04/Person_0232_Camera_04_f000810_r008.jpg,None,-1,NOISE,0.0,True,False,-0.11876414,-0.008757098,-0.11876436,-0.008757305,-0.021134742
571,Person_0232,Warehouse_015__Person_0232,108,108,Camera_05,15,Warehouse_015,Person,1,0.6654991243432574,2160,8880,/pfs/data6/home/st/st_us-053000/st_st191959/DL-Lab/DataSet/MTMC_Tracking_2025_Preprocessed/val/Warehouse_015/crops/Person_0232/Camera_05/Person_0232_Camera_05_f002160_r024.jpg,None,61,Warehouse_015__Person_0232,0.8,False,False,-0.023823466,0.13250363,-0.023823742,0.13250291,-0.13623369
442,Person_0232,Warehouse_015__Person_0232,108,108,Camera_06,16,Warehouse_015,Person,1,0.6606334841628959,2760,8970,/pfs/data6/home/st/st_us-053000/st_st191959/DL-Lab/DataSet/MTMC_Tracking_2025_Preprocessed/val/Warehouse_015/crops/Person_0232/Camera_06/Person_0232_Camera_06_f002760_r013.jpg,None,61,Warehouse_015__Person_0232,0.8,False,False,0.002030739,0.103552446,0.0020304078,0.1035517,-0.094864845
184,Person_0232,Warehouse_015__Person_0232,108,108,Camera_08,18,Warehouse_015,Person,1,0.6086956521739131,0,2160,/pfs/data6/home/st/st_us-053000/st_st191959/DL-Lab/DataSet/MTMC_Tracking_2025_Preprocessed/val/Warehouse_015/crops/Person_0232/Camera_08/Person_0232_Camera_08_f000000_r023.jpg,None,61,Warehouse_015__Person_0232,0.8,False,False,0.043145034,0.06791199,0.043144826,0.06791169,-0.109769
723,Person_0232,Warehouse_015__Person_0232,108,108,Camera_10,20,Warehouse_015,Person,1,0.636237897648686,150,8880,/pfs/data6/home/st/st_us-053000/st_st191959/DL-Lab/DataSet/MTMC_Tracking_2025_Preprocessed/val/Warehouse_015/crops/Person_0232/Camera_10/Person_0232_Camera_10_f000150_r049.jpg,None,61,Warehouse_015__Person_0232,0.8,False,False,0.016050646,0.13759089,0.016050136,0.13759048,-0.12022611
349,Person_0232,Warehouse_015__Person_0232,108,108,Camera_11,21,Warehouse_015,Person,1,0.664756446991404,3030,8970,/pfs/data6/home/st/st_us-053000/st_st191959/DL-Lab/DataSet/MTMC_Tracking_2025_Preprocessed/val/Warehouse_015/crops/Person_0232/Camera_11/Person_0232_Camera_11_f003030_r011.jpg,None,61,Warehouse_015__Person_0232,0.8,False,False,0.06232438,0.1174106,0.062324077,0.11741019,-0.16014087
583,Person_0232,Warehouse_015__Person_0232,108,108,Camera_12,22,Warehouse_015,Person,1,0.6380789022298456,0,8820,/pfs/data6/home/st/st_us-053000/st_st191959/DL-Lab/DataSet/MTMC_Tracking_2025_Preprocessed/val/Warehouse_015/crops/Person_0232/Camera_12/Person_0232_Camera_12_f000000_r045.jpg,None,61,Warehouse_015__Person_0232,0.8,False,False,0.101960756,0.08922229,0.10196055,0.0892219,-0.08910161
653,Person_0233,Warehouse_015__Person_0233,109,109,Camera_01,11,Warehouse_015,Person,1,0.664624808575804,540,8910,/pfs/data6/home/st/st_us-053000/st_st191959/DL-Lab/DataSet/MTMC_Tracking_2025_Preprocessed/val/Warehouse_015/crops/Person_0233/Camera_01/Person_0233_Camera_01_f000540_r012.jpg,None,-1,NOISE,0.0,True,False,-0.020910682,-0.08704488,-0.020910595,-0.08704486,0.20207506
720,Person_0233,Warehouse_015__Person_0233,109,109,Camera_02,12,Warehouse_015,Person,1,0.6666666666666666,0,8970,/pfs/data6/home/st/st_us-053000/st_st191959/DL-Lab/DataSet/MTMC_Tracking_2025_Preprocessed/val/Warehouse_015/crops/Person_0233/Camera_02/Person_0233_Camera_02_f000000_r004.jpg,None,117,Warehouse_015__Person_0009,0.4444444444444444,False,True,0.26359257,-0.07957074,0.26359296,-0.07957001,0.036806293
7,Person_0233,Warehouse_015__Person_0233,109,109,Camera_03,13,Warehouse_015,Person,1,0.5714285714285714,8910,8970,/pfs/data6/home/st/st_us-053000/st_st191959/DL-Lab/DataSet/MTMC_Tracking_2025_Preprocessed/val/Warehouse_015/crops/Person_0233/Camera_03/Person_0233_Camera_03_f008910_r010.jpg,None,-1,NOISE,0.0,True,False,-0.2956878,0.0077735884,-0.29568756,0.007773775,-0.05386333
361,Person_0233,Warehouse_015__Person_0233,109,109,Camera_05,15,Warehouse_015,Person,1,0.6648199445983379,690,7350,/pfs/data6/home/st/st_us-053000/st_st191959/DL-Lab/DataSet/MTMC_Tracking_2025_Preprocessed/val/Warehouse_015/crops/Person_0233/Camera_05/Person_0233_Camera_05_f000690_r005.jpg,None,-1,NOISE,0.0,True,False,-0.09455579,-0.11001347,-0.0945557,-0.11001333,0.24859114
33,Person_0233,Warehouse_015__Person_0233,109,109,Camera_06,16,Warehouse_015,Person,1,0.6666666666666666,6270,6870,/pfs/data6/home/st/st_us-053000/st_st191959/DL-Lab/DataSet/MTMC_Tracking_2025_Preprocessed/val/Warehouse_015/crops/Person_0233/Camera_06/Person_0233_Camera_06_f006270_r000.jpg,None,-1,NOISE,0.0,True,False,0.032390747,-0.120961525,0.03239092,-0.12096168,0.14839393
350,Person_0233,Warehouse_015__Person_0233,109,109,Camera_08,18,Warehouse_015,Person,1,0.4857142857142857,0,8970,/pfs/data6/home/st/st_us-053000/st_st191959/DL-Lab/DataSet/MTMC_Tracking_2025_Preprocessed/val/Warehouse_015/crops/Person_0233/Camera_08/Person_0233_Camera_08_f000000_r007.jpg,None,117,Warehouse_015__Person_0009,0.4444444444444444,False,True,0.1854735,0.008920076,0.1854738,0.008920624,0.011263645
416,Person_0233,Warehouse_015__Person_0233,109,109,Camera_10,20,Warehouse_015,Person,1,0.6634615384615384,0,8970,/pfs/data6/home/st/st_us-053000/st_st191959/DL-Lab/DataSet/MTMC_Tracking_2025_Preprocessed/val/Warehouse_015/crops/Person_0233/Camera_10/Person_0233_Camera_10_f000000_r011.jpg,None,118,Warehouse_015__Person_0177,0.5,False,True,0.15989889,-0.09747354,0.15989889,-0.09747331,0.19582388
136,Person_0233,Warehouse_015__Person_0233,109,109,Camera_11,21,Warehouse_015,Person,1,0.6617647058823529,2220,7140,/pfs/data6/home/st/st_us-053000/st_st191959/DL-Lab/DataSet/MTMC_Tracking_2025_Preprocessed/val/Warehouse_015/crops/Person_0233/Camera_11/Person_0233_Camera_11_f002220_r002.jpg,None,-1,NOISE,0.0,True,False,0.17106715,-0.16526113,0.17106712,-0.16526105,0.13245456
513,Person_0233,Warehouse_015__Person_0233,109,109,Camera_12,22,Warehouse_015,Person,1,0.46393762183235865,0,8970,/pfs/data6/home/st/st_us-053000/st_st191959/DL-Lab/DataSet/MTMC_Tracking_2025_Preprocessed/val/Warehouse_015/crops/Person_0233/Camera_12/Person_0233_Camera_12_f000000_r011.jpg,None,117,Warehouse_015__Person_0009,0.4444444444444444,False,True,0.23209901,-0.02465221,0.23209915,-0.024651647,0.055189922
169,Person_0234,Warehouse_015__Person_0234,110,110,Camera,0,Warehouse_015,Person,1,0.6627218934911243,4530,6630,/pfs/data6/home/st/st_us-053000/st_st191959/DL-Lab/DataSet/MTMC_Tracking_2025_Preprocessed/val/Warehouse_015/crops/Person_0234/Camera/Person_0234_Camera_f004530_r018.jpg,None,74,Warehouse_015__Person_0234,1.0,False,False,0.110031545,-0.12085338,0.11003134,-0.12085366,0.20981151
651,Person_0234,Warehouse_015__Person_0234,110,110,Camera_01,11,Warehouse_015,Person,1,0.663594470046083,1500,8970,/pfs/data6/home/st/st_us-053000/st_st191959/DL-Lab/DataSet/MTMC_Tracking_2025_Preprocessed/val/Warehouse_015/crops/Person_0234/Camera_01/Person_0234_Camera_01_f001500_r042.jpg,None,74,Warehouse_015__Person_0234,1.0,False,False,0.097190425,-0.08871046,0.097190596,-0.08871026,0.13136208
165,Person_0234,Warehouse_015__Person_0234,110,110,Camera_02,12,Warehouse_015,Person,1,0.6666666666666666,270,8130,/pfs/data6/home/st/st_us-053000/st_st191959/DL-Lab/DataSet/MTMC_Tracking_2025_Preprocessed/val/Warehouse_015/crops/Person_0234/Camera_02/Person_0234_Camera_02_f000270_r009.jpg,None,74,Warehouse_015__Person_0234,1.0,False,False,0.05676618,-0.05961481,0.056766253,-0.059614684,0.22506623
473,Person_0234,Warehouse_015__Person_0234,110,110,Camera_03,13,Warehouse_015,Person,1,0.6638477801268499,180,8970,/pfs/data6/home/st/st_us-053000/st_st191959/DL-Lab/DataSet/MTMC_Tracking_2025_Preprocessed/val/Warehouse_015/crops/Person_0234/Camera_03/Person_0234_Camera_03_f000180_r032.jpg,None,74,Warehouse_015__Person_0234,1.0,False,False,0.07588025,-0.13610174,0.075880274,-0.13610198,0.1594795
145,Person_0234,Warehouse_015__Person_0234,110,110,Camera_04,14,Warehouse_015,Person,1,0.6620689655172414,5130,7080,/pfs/data6/home/st/st_us-053000/st_st191959/DL-Lab/DataSet/MTMC_Tracking_2025_Preprocessed/val/Warehouse_015/crops/Person_0234/Camera_04/Person_0234_Camera_04_f005130_r010.jpg,None,74,Warehouse_015__Person_0234,1.0,False,False,0.10075762,-0.10185538,0.10075751,-0.101855375,0.21861537
293,Person_0234,Warehouse_015__Person_0234,110,110,Camera_05,15,Warehouse_015,Person,1,0.6621160409556314,1530,8220,/pfs/data6/home/st/st_us-053000/st_st191959/DL-Lab/DataSet/MTMC_Tracking_2025_Preprocessed/val/Warehouse_015/crops/Person_0234/Camera_05/Person_0234_Camera_05_f001530_r019.jpg,None,74,Warehouse_015__Person_0234,1.0,False,False,0.007829023,-0.122586824,0.007828992,-0.122586906,0.16092849
169,Person_0234,Warehouse_015__Person_0234,110,110,Camera_06,16,Warehouse_015,Person,1,0.6627218934911243,1860,3960,/pfs/data6/home/st/st_us-053000/st_st191959/DL-Lab/DataSet/MTMC_Tracking_2025_Preprocessed/val/Warehouse_015/crops/Person_0234/Camera_06/Person_0234_Camera_06_f001860_r006.jpg,None,-1,NOISE,0.0,True,False,-0.10102777,-0.12074614,-0.101028085,-0.12074649,0.26246452
27,Person_0234,Warehouse_015__Person_0234,110,110,Camera_07,17,Warehouse_015,Person,1,0.6666666666666666,5100,5340,/pfs/data6/home/st/st_us-053000/st_st191959/DL-Lab/DataSet/MTMC_Tracking_2025_Preprocessed/val/Warehouse_015/crops/Person_0234/Camera_07/Person_0234_Camera_07_f005100_r017.jpg,None,-1,NOISE,0.0,True,False,-0.35749203,0.05255753,-0.35749233,0.05255788,-0.10606055
354,Person_0234,Warehouse_015__Person_0234,110,110,Camera_08,18,Warehouse_015,Person,1,0.655367231638418,0,8160,/pfs/data6/home/st/st_us-053000/st_st191959/DL-Lab/DataSet/MTMC_Tracking_2025_Preprocessed/val/Warehouse_015/crops/Person_0234/Camera_08/Person_0234_Camera_08_f000000_r021.jpg,None,74,Warehouse_015__Person_0234,1.0,False,False,0.028225983,-0.085118435,0.02822599,-0.085118294,0.20057772
759,Person_0234,Warehouse_015__Person_0234,110,110,Camera_10,20,Warehouse_015,Person,1,0.6350461133069829,0,8970,/pfs/data6/home/st/st_us-053000/st_st191959/DL-Lab/DataSet/MTMC_Tracking_2025_Preprocessed/val/Warehouse_015/crops/Person_0234/Camera_10/Person_0234_Camera_10_f000000_r047.jpg,None,74,Warehouse_015__Person_0234,1.0,False,False,0.11310681,-0.09991147,0.11310685,-0.09991113,0.17955567
171,Person_0234,Warehouse_015__Person_0234,110,110,Camera_11,21,Warehouse_015,Person,1,0.6666666666666666,2250,3930,/pfs/data6/home/st/st_us-053000/st_st191959/DL-Lab/DataSet/MTMC_Tracking_2025_Preprocessed/val/Warehouse_015/crops/Person_0234/Camera_11/Person_0234_Camera_11_f002250_r008.jpg,None,74,Warehouse_015__Person_0234,1.0,False,False,0.07176208,-0.1624882,0.071762115,-0.1624885,0.19722977
721,Person_0234,Warehouse_015__Person_0234,110,110,Camera_12,22,Warehouse_015,Person,1,0.6296809986130375,0,8970,/pfs/data6/home/st/st_us-053000/st_st191959/DL-Lab/DataSet/MTMC_Tracking_2025_Preprocessed/val/Warehouse_015/crops/Person_0234/Camera_12/Person_0234_Camera_12_f000000_r040.jpg,None,74,Warehouse_015__Person_0234,1.0,False,False,0.15272354,-0.08054855,0.15272364,-0.080548435,0.07956631
436,Person_0235,Warehouse_015__Person_0235,111,111,Camera,0,Warehouse_015,Person,1,0.6605504587155964,990,8970,/pfs/data6/home/st/st_us-053000/st_st191959/DL-Lab/DataSet/MTMC_Tracking_2025_Preprocessed/val/Warehouse_015/crops/Person_0235/Camera/Person_0235_Camera_f000990_r013.jpg,None,116,Warehouse_015__Person_0235,0.5714285714285714,False,False,0.1411771,-0.12949476,0.14117719,-0.12949426,0.061491035
727,Person_0235,Warehouse_015__Person_0235,111,111,Camera_01,11,Warehouse_015,Person,1,0.6437414030261348,90,8670,/pfs/data6/home/st/st_us-053000/st_st191959/DL-Lab/DataSet/MTMC_Tracking_2025_Preprocessed/val/Warehouse_015/crops/Person_0235/Camera_01/Person_0235_Camera_01_f000090_r036.jpg,None,116,Warehouse_015__Person_0235,0.5714285714285714,False,False,0.1548515,-0.19623499,0.15485181,-0.19623429,0.034504093
36,Person_0235,Warehouse_015__Person_0235,111,111,Camera_02,12,Warehouse_015,Person,1,0.6666666666666666,0,360,/pfs/data6/home/st/st_us-053000/st_st191959/DL-Lab/DataSet/MTMC_Tracking_2025_Preprocessed/val/Warehouse_015/crops/Person_0235/Camera_02/Person_0235_Camera_02_f000000_r008.jpg,None,116,Warehouse_015__Person_0235,0.5714285714285714,False,False,0.12549485,-0.16421929,0.12549499,-0.164219,0.02643147
741,Person_0235,Warehouse_015__Person_0235,111,111,Camera_03,13,Warehouse_015,Person,1,0.6531713900134952,570,8640,/pfs/data6/home/st/st_us-053000/st_st191959/DL-Lab/DataSet/MTMC_Tracking_2025_Preprocessed/val/Warehouse_015/crops/Person_0235/Camera_03/Person_0235_Camera_03_f000570_r033.jpg,None,116,Warehouse_015__Person_0235,0.5714285714285714,False,False,0.16556045,-0.15001123,0.16556059,-0.15001069,0.028929764
169,Person_0235,Warehouse_015__Person_0235,111,111,Camera_04,14,Warehouse_015,Person,1,0.6627218934911243,990,8970,/pfs/data6/home/st/st_us-053000/st_st191959/DL-Lab/DataSet/MTMC_Tracking_2025_Preprocessed/val/Warehouse_015/crops/Person_0235/Camera_04/Person_0235_Camera_04_f000990_r005.jpg,None,-1,NOISE,0.0,True,False,0.22236091,-0.071090914,0.22236098,-0.0710903,-0.0020492694
80,Person_0235,Warehouse_015__Person_0235,111,111,Camera_05,15,Warehouse_015,Person,1,0.625,120,6570,/pfs/data6/home/st/st_us-053000/st_st191959/DL-Lab/DataSet/MTMC_Tracking_2025_Preprocessed/val/Warehouse_015/crops/Person_0235/Camera_05/Person_0235_Camera_05_f000120_r020.jpg,None,-1,NOISE,0.0,True,False,0.17585343,-0.09938757,0.17585385,-0.09938729,-0.14416276
193,Person_0235,Warehouse_015__Person_0235,111,111,Camera_07,17,Warehouse_015,Person,1,0.6632124352331606,1890,8160,/pfs/data6/home/st/st_us-053000/st_st191959/DL-Lab/DataSet/MTMC_Tracking_2025_Preprocessed/val/Warehouse_015/crops/Person_0235/Camera_07/Person_0235_Camera_07_f001890_r007.jpg,None,116,Warehouse_015__Person_0235,0.5714285714285714,False,False,0.14332953,-0.111169174,0.14332977,-0.11116845,0.024869379
304,Person_0235,Warehouse_015__Person_0235,111,111,Camera_08,18,Warehouse_015,Person,1,0.6644736842105263,0,8970,/pfs/data6/home/st/st_us-053000/st_st191959/DL-Lab/DataSet/MTMC_Tracking_2025_Preprocessed/val/Warehouse_015/crops/Person_0235/Camera_08/Person_0235_Camera_08_f000000_r018.jpg,None,116,Warehouse_015__Person_0235,0.5714285714285714,False,False,0.1280796,-0.15428555,0.12807955,-0.15428515,0.07542225
39,Person_0235,Warehouse_015__Person_0235,111,111,Camera_09,19,Warehouse_015,Person,1,0.6666666666666666,2280,2640,/pfs/data6/home/st/st_us-053000/st_st191959/DL-Lab/DataSet/MTMC_Tracking_2025_Preprocessed/val/Warehouse_015/crops/Person_0235/Camera_09/Person_0235_Camera_09_f002280_r004.jpg,None,-1,NOISE,0.0,True,False,0.06843964,-0.1860032,0.06843983,-0.1860028,0.06094291
765,Person_0235,Warehouse_015__Person_0235,111,111,Camera_10,20,Warehouse_015,Person,1,0.6196078431372549,120,8970,/pfs/data6/home/st/st_us-053000/st_st191959/DL-Lab/DataSet/MTMC_Tracking_2025_Preprocessed/val/Warehouse_015/crops/Person_0235/Camera_10/Person_0235_Camera_10_f000120_r043.jpg,None,116,Warehouse_015__Person_0235,0.5714285714285714,False,False,0.20117629,-0.18785278,0.20117646,-0.18785228,0.04554271
781,Person_0235,Warehouse_015__Person_0235,111,111,Camera_12,22,Warehouse_015,Person,1,0.6581306017925737,0,8400,/pfs/data6/home/st/st_us-053000/st_st191959/DL-Lab/DataSet/MTMC_Tracking_2025_Preprocessed/val/Warehouse_015/crops/Person_0235/Camera_12/Person_0235_Camera_12_f000000_r037.jpg,None,116,Warehouse_015__Person_0235,0.5714285714285714,False,False,0.19274522,-0.14701974,0.19274555,-0.14701894,0.04278309
451,Person_0236,Warehouse_015__Person_0236,112,112,Camera,0,Warehouse_015,Person,1,0.656319290465632,2190,6870,/pfs/data6/home/st/st_us-053000/st_st191959/DL-Lab/DataSet/MTMC_Tracking_2025_Preprocessed/val/Warehouse_015/crops/Person_0236/Camera/Person_0236_Camera_f002190_r018.jpg,None,39,Warehouse_015__Person_0236,1.0,False,False,0.07257543,0.12604758,0.072575755,0.12604886,-0.080570444
456,Person_0236,Warehouse_015__Person_0236,112,112,Camera_01,11,Warehouse_015,Person,1,0.6008771929824561,510,8970,/pfs/data6/home/st/st_us-053000/st_st191959/DL-Lab/DataSet/MTMC_Tracking_2025_Preprocessed/val/Warehouse_015/crops/Person_0236/Camera_01/Person_0236_Camera_01_f000510_r038.jpg,None,39,Warehouse_015__Person_0236,1.0,False,False,0.11164649,0.12383615,0.1116469,0.12383701,-0.10631866
7,Person_0236,Warehouse_015__Person_0236,112,112,Camera_02,12,Warehouse_015,Person,1,0.5714285714285714,7560,8460,/pfs/data6/home/st/st_us-053000/st_st191959/DL-Lab/DataSet/MTMC_Tracking_2025_Preprocessed/val/Warehouse_015/crops/Person_0236/Camera_02/Person_0236_Camera_02_f007560_r011.jpg,None,-1,NOISE,0.0,True,False,-0.29947105,-0.0049449983,-0.2994709,-0.0049443305,-0.07410957
520,Person_0236,Warehouse_015__Person_0236,112,112,Camera_03,13,Warehouse_015,Person,1,0.6538461538461539,150,8970,/pfs/data6/home/st/st_us-053000/st_st191959/DL-Lab/DataSet/MTMC_Tracking_2025_Preprocessed/val/Warehouse_015/crops/Person_0236/Camera_03/Person_0236_Camera_03_f000150_r028.jpg,None,39,Warehouse_015__Person_0236,1.0,False,False,0.06919122,0.102774665,0.06919166,0.102775715,-0.066747874
336,Person_0236,Warehouse_015__Person_0236,112,112,Camera_04,14,Warehouse_015,Person,1,0.6666666666666666,2280,6900,/pfs/data6/home/st/st_us-053000/st_st191959/DL-Lab/DataSet/MTMC_Tracking_2025_Preprocessed/val/Warehouse_015/crops/Person_0236/Camera_04/Person_0236_Camera_04_f002280_r011.jpg,None,39,Warehouse_015__Person_0236,1.0,False,False,0.12057622,0.107868746,0.12057663,0.10787019,-0.09998346
90,Person_0236,Warehouse_015__Person_0236,112,112,Camera_05,15,Warehouse_015,Person,1,0.6444444444444445,870,3390,/pfs/data6/home/st/st_us-053000/st_st191959/DL-Lab/DataSet/MTMC_Tracking_2025_Preprocessed/val/Warehouse_015/crops/Person_0236/Camera_05/Person_0236_Camera_05_f000870_r013.jpg,None,39,Warehouse_015__Person_0236,1.0,False,False,0.034673266,0.1490556,0.03467358,0.14905617,-0.099062696
153,Person_0236,Warehouse_015__Person_0236,112,112,Camera_07,17,Warehouse_015,Person,1,0.6666666666666666,2490,4530,/pfs/data6/home/st/st_us-053000/st_st191959/DL-Lab/DataSet/MTMC_Tracking_2025_Preprocessed/val/Warehouse_015/crops/Person_0236/Camera_07/Person_0236_Camera_07_f002490_r007.jpg,None,39,Warehouse_015__Person_0236,1.0,False,False,0.025958998,0.12296198,0.025959466,0.122962765,-0.06556925
474,Person_0236,Warehouse_015__Person_0236,112,112,Camera_08,18,Warehouse_015,Person,1,0.6582278481012658,0,8550,/pfs/data6/home/st/st_us-053000/st_st191959/DL-Lab/DataSet/MTMC_Tracking_2025_Preprocessed/val/Warehouse_015/crops/Person_0236/Camera_08/Person_0236_Camera_08_f000000_r017.jpg,None,39,Warehouse_015__Person_0236,1.0,False,False,0.18161145,0.087992094,0.18161163,0.08799316,-0.11487741
36,Person_0236,Warehouse_015__Person_0236,112,112,Camera_09,19,Warehouse_015,Person,1,0.6666666666666666,3420,3750,/pfs/data6/home/st/st_us-053000/st_st191959/DL-Lab/DataSet/MTMC_Tracking_2025_Preprocessed/val/Warehouse_015/crops/Person_0236/Camera_09/Person_0236_Camera_09_f003420_r004.jpg,None,-1,NOISE,0.0,True,False,0.00042344292,0.08951543,0.00042392765,0.08951665,-0.05188424
665,Person_0236,Warehouse_015__Person_0236,112,112,Camera_10,20,Warehouse_015,Person,1,0.5804511278195489,0,8970,/pfs/data6/home/st/st_us-053000/st_st191959/DL-Lab/DataSet/MTMC_Tracking_2025_Preprocessed/val/Warehouse_015/crops/Person_0236/Camera_10/Person_0236_Camera_10_f000000_r041.jpg,None,39,Warehouse_015__Person_0236,1.0,False,False,0.15388015,0.050537616,0.15388057,0.05053843,-0.10296383
537,Person_0236,Warehouse_015__Person_0236,112,112,Camera_12,22,Warehouse_015,Person,1,0.6182495344506518,0,8970,/pfs/data6/home/st/st_us-053000/st_st191959/DL-Lab/DataSet/MTMC_Tracking_2025_Preprocessed/val/Warehouse_015/crops/Person_0236/Camera_12/Person_0236_Camera_12_f000000_r034.jpg,None,39,Warehouse_015__Person_0236,1.0,False,False,0.14491865,0.11251727,0.14491895,0.11251812,-0.11850499
421,Person_0237,Warehouse_015__Person_0237,113,113,Camera_01,11,Warehouse_015,Person,1,0.665083135391924,420,8970,/pfs/data6/home/st/st_us-053000/st_st191959/DL-Lab/DataSet/MTMC_Tracking_2025_Preprocessed/val/Warehouse_015/crops/Person_0237/Camera_01/Person_0237_Camera_01_f000420_r043.jpg,None,26,Warehouse_015__Person_0237,1.0,False,False,-0.18889658,-0.046968937,-0.1888965,-0.046968713,-0.15399437
622,Person_0237,Warehouse_015__Person_0237,113,113,Camera_02,12,Warehouse_015,Person,1,0.6559485530546624,0,7710,/pfs/data6/home/st/st_us-053000/st_st191959/DL-Lab/DataSet/MTMC_Tracking_2025_Preprocessed/val/Warehouse_015/crops/Person_0237/Camera_02/Person_0237_Camera_02_f000000_r009.jpg,None,26,Warehouse_015__Person_0237,1.0,False,False,-0.0047474583,-0.051370185,-0.004747241,-0.05137019,-0.12405699
9,Person_0237,Warehouse_015__Person_0237,113,113,Camera_03,13,Warehouse_015,Person,1,0.6666666666666666,8910,8970,/pfs/data6/home/st/st_us-053000/st_st191959/DL-Lab/DataSet/MTMC_Tracking_2025_Preprocessed/val/Warehouse_015/crops/Person_0237/Camera_03/Person_0237_Camera_03_f008910_r033.jpg,None,26,Warehouse_015__Person_0237,1.0,False,False,-0.27788126,-0.033224735,-0.2778809,-0.033224523,-0.09083396
226,Person_0237,Warehouse_015__Person_0237,113,113,Camera_05,15,Warehouse_015,Person,1,0.6548672566371682,1740,8880,/pfs/data6/home/st/st_us-053000/st_st191959/DL-Lab/DataSet/MTMC_Tracking_2025_Preprocessed/val/Warehouse_015/crops/Person_0237/Camera_05/Person_0237_Camera_05_f001740_r017.jpg,None,26,Warehouse_015__Person_0237,1.0,False,False,-0.08971056,-0.046676375,-0.08971027,-0.046676412,-0.106637
76,Person_0237,Warehouse_015__Person_0237,113,113,Camera_06,16,Warehouse_015,Person,1,0.631578947368421,7710,8520,/pfs/data6/home/st/st_us-053000/st_st191959/DL-Lab/DataSet/MTMC_Tracking_2025_Preprocessed/val/Warehouse_015/crops/Person_0237/Camera_06/Person_0237_Camera_06_f007710_r002.jpg,None,-1,NOISE,0.0,True,False,-0.2408153,-0.12530322,-0.24081513,-0.12530325,-0.04595587
147,Person_0237,Warehouse_015__Person_0237,113,113,Camera_08,18,Warehouse_015,Person,1,0.3673469387755102,0,8970,/pfs/data6/home/st/st_us-053000/st_st191959/DL-Lab/DataSet/MTMC_Tracking_2025_Preprocessed/val/Warehouse_015/crops/Person_0237/Camera_08/Person_0237_Camera_08_f000000_r019.jpg,None,26,Warehouse_015__Person_0237,1.0,False,False,0.052264962,-0.018326273,0.05226523,-0.018325653,-0.08587043
330,Person_0237,Warehouse_015__Person_0237,113,113,Camera_10,20,Warehouse_015,Person,1,0.6606060606060606,960,8910,/pfs/data6/home/st/st_us-053000/st_st191959/DL-Lab/DataSet/MTMC_Tracking_2025_Preprocessed/val/Warehouse_015/crops/Person_0237/Camera_10/Person_0237_Camera_10_f000960_r050.jpg,None,26,Warehouse_015__Person_0237,1.0,False,False,-0.117999345,-0.036765337,-0.11799925,-0.03676523,-0.13359946
103,Person_0237,Warehouse_015__Person_0237,113,113,Camera_11,21,Warehouse_015,Person,1,0.6601941747572816,6600,8190,/pfs/data6/home/st/st_us-053000/st_st191959/DL-Lab/DataSet/MTMC_Tracking_2025_Preprocessed/val/Warehouse_015/crops/Person_0237/Camera_11/Person_0237_Camera_11_f006600_r005.jpg,None,-1,NOISE,0.0,True,False,-0.28986812,0.0049406164,-0.28986827,0.0049408106,-0.127435
315,Person_0237,Warehouse_015__Person_0237,113,113,Camera_12,22,Warehouse_015,Person,1,0.39365079365079364,0,8970,/pfs/data6/home/st/st_us-053000/st_st191959/DL-Lab/DataSet/MTMC_Tracking_2025_Preprocessed/val/Warehouse_015/crops/Person_0237/Camera_12/Person_0237_Camera_12_f000000_r039.jpg,None,26,Warehouse_015__Person_0237,1.0,False,False,0.04746794,-0.03673663,0.04746821,-0.036736235,-0.101471044
165,Person_0238,Warehouse_015__Person_0238,114,114,Camera,0,Warehouse_015,Person,1,0.6666666666666666,2310,3930,/pfs/data6/home/st/st_us-053000/st_st191959/DL-Lab/DataSet/MTMC_Tracking_2025_Preprocessed/val/Warehouse_015/crops/Person_0238/Camera/Person_0238_Camera_f002310_r002.jpg,None,53,Warehouse_015__Person_0169,0.8181818181818182,False,True,0.10413265,0.20174389,0.10413281,0.201744,0.17308271
511,Person_0238,Warehouse_015__Person_0238,114,114,Camera_01,11,Warehouse_015,Person,1,0.6575342465753424,1020,8970,/pfs/data6/home/st/st_us-053000/st_st191959/DL-Lab/DataSet/MTMC_Tracking_2025_Preprocessed/val/Warehouse_015/crops/Person_0238/Camera_01/Person_0238_Camera_01_f001020_r007.jpg,None,-1,NOISE,0.0,True,False,0.01068148,0.23787679,0.0106816925,0.23787706,0.15429823
508,Person_0238,Warehouse_015__Person_0238,114,114,Camera_02,12,Warehouse_015,Person,1,0.6653543307086615,0,8970,/pfs/data6/home/st/st_us-053000/st_st191959/DL-Lab/DataSet/MTMC_Tracking_2025_Preprocessed/val/Warehouse_015/crops/Person_0238/Camera_02/Person_0238_Camera_02_f000000_r002.jpg,None,-1,NOISE,0.0,True,False,0.14354555,0.1859546,0.14354573,0.18595457,0.11721841
216,Person_0238,Warehouse_015__Person_0238,114,114,Camera_03,13,Warehouse_015,Person,1,0.6666666666666666,1620,4830,/pfs/data6/home/st/st_us-053000/st_st191959/DL-Lab/DataSet/MTMC_Tracking_2025_Preprocessed/val/Warehouse_015/crops/Person_0238/Camera_03/Person_0238_Camera_03_f001620_r005.jpg,None,-1,NOISE,0.0,True,False,0.12747625,0.22987828,0.12747641,0.2298786,0.06545543
162,Person_0238,Warehouse_015__Person_0238,114,114,Camera_04,14,Warehouse_015,Person,1,0.6666666666666666,2370,3990,/pfs/data6/home/st/st_us-053000/st_st191959/DL-Lab/DataSet/MTMC_Tracking_2025_Preprocessed/val/Warehouse_015/crops/Person_0238/Camera_04/Person_0238_Camera_04_f002370_r002.jpg,None,-1,NOISE,0.0,True,False,0.07921647,0.23060144,0.0792165,0.23060161,0.17146374
181,Person_0238,Warehouse_015__Person_0238,114,114,Camera_05,15,Warehouse_015,Person,1,0.6629834254143646,1050,8970,/pfs/data6/home/st/st_us-053000/st_st191959/DL-Lab/DataSet/MTMC_Tracking_2025_Preprocessed/val/Warehouse_015/crops/Person_0238/Camera_05/Person_0238_Camera_05_f001050_r002.jpg,None,-1,NOISE,0.0,True,False,-0.018283984,0.24223875,-0.018283783,0.24223885,0.19480658
18,Person_0238,Warehouse_015__Person_0238,114,114,Camera_06,16,Warehouse_015,Person,1,0.6666666666666666,8580,8730,/pfs/data6/home/st/st_us-053000/st_st191959/DL-Lab/DataSet/MTMC_Tracking_2025_Preprocessed/val/Warehouse_015/crops/Person_0238/Camera_06/Person_0238_Camera_06_f008580_r000.jpg,None,-1,NOISE,0.0,True,False,0.04725376,0.14974079,0.047253735,0.14974019,0.060084403
502,Person_0238,Warehouse_015__Person_0238,114,114,Camera_08,18,Warehouse_015,Person,1,0.6334661354581673,0,7560,/pfs/data6/home/st/st_us-053000/st_st191959/DL-Lab/DataSet/MTMC_Tracking_2025_Preprocessed/val/Warehouse_015/crops/Person_0238/Camera_08/Person_0238_Camera_08_f000000_r004.jpg,None,53,Warehouse_015__Person_0169,0.8181818181818182,False,True,0.1551836,0.25009015,0.15518384,0.25009054,0.093603164
346,Person_0238,Warehouse_015__Person_0238,114,114,Camera_10,20,Warehouse_015,Person,1,0.5433526011560693,270,8970,/pfs/data6/home/st/st_us-053000/st_st191959/DL-Lab/DataSet/MTMC_Tracking_2025_Preprocessed/val/Warehouse_015/crops/Person_0238/Camera_10/Person_0238_Camera_10_f000270_r009.jpg,None,-1,NOISE,0.0,True,False,0.18685003,0.20381851,0.18685032,0.20381925,0.0445212
117,Person_0238,Warehouse_015__Person_0238,114,114,Camera_11,21,Warehouse_015,Person,1,0.6666666666666666,1080,8970,/pfs/data6/home/st/st_us-053000/st_st191959/DL-Lab/DataSet/MTMC_Tracking_2025_Preprocessed/val/Warehouse_015/crops/Person_0238/Camera_11/Person_0238_Camera_11_f001080_r001.jpg,None,-1,NOISE,0.0,True,False,0.003421192,0.21662785,0.0034210198,0.21662772,0.18230061
596,Person_0238,Warehouse_015__Person_0238,114,114,Camera_12,22,Warehouse_015,Person,1,0.5503355704697986,0,8970,/pfs/data6/home/st/st_us-053000/st_st191959/DL-Lab/DataSet/MTMC_Tracking_2025_Preprocessed/val/Warehouse_015/crops/Person_0238/Camera_12/Person_0238_Camera_12_f000000_r008.jpg,None,59,Warehouse_015__Person_0170,0.6666666666666666,False,True,0.21316928,0.13987876,0.21316963,0.13987927,0.069088444
174,Person_0239,Warehouse_015__Person_0239,115,115,Camera_01,11,Warehouse_015,Person,1,0.6206896551724138,6660,8970,/pfs/data6/home/st/st_us-053000/st_st191959/DL-Lab/DataSet/MTMC_Tracking_2025_Preprocessed/val/Warehouse_015/crops/Person_0239/Camera_01/Person_0239_Camera_01_f006660_r050.jpg,None,-1,NOISE,0.0,True,False,0.06592908,0.008611382,0.06592937,0.008611853,0.124069646
369,Person_0239,Warehouse_015__Person_0239,115,115,Camera_02,12,Warehouse_015,Person,1,0.6666666666666666,0,7620,/pfs/data6/home/st/st_us-053000/st_st191959/DL-Lab/DataSet/MTMC_Tracking_2025_Preprocessed/val/Warehouse_015/crops/Person_0239/Camera_02/Person_0239_Camera_02_f000000_r011.jpg,None,119,Warehouse_015__Person_0191,0.42857142857142855,False,True,0.13980405,-0.09478806,0.13980412,-0.0947875,0.0899633
79,Person_0239,Warehouse_015__Person_0239,115,115,Camera_03,13,Warehouse_015,Person,1,0.6075949367088608,2880,8730,/pfs/data6/home/st/st_us-053000/st_st191959/DL-Lab/DataSet/MTMC_Tracking_2025_Preprocessed/val/Warehouse_015/crops/Person_0239/Camera_03/Person_0239_Camera_03_f002880_r034.jpg,None,-1,NOISE,0.0,True,False,0.14125068,-0.011301304,0.14125106,-0.011300861,-0.037319448
125,Person_0239,Warehouse_015__Person_0239,115,115,Camera_05,15,Warehouse_015,Person,1,0.608,7230,8970,/pfs/data6/home/st/st_us-053000/st_st191959/DL-Lab/DataSet/MTMC_Tracking_2025_Preprocessed/val/Warehouse_015/crops/Person_0239/Camera_05/Person_0239_Camera_05_f007230_r019.jpg,None,119,Warehouse_015__Person_0191,0.42857142857142855,False,True,0.104613826,-0.016318664,0.10461408,-0.016317962,0.11125371
26,Person_0239,Warehouse_015__Person_0239,115,115,Camera_06,16,Warehouse_015,Person,1,0.6153846153846154,8040,8970,/pfs/data6/home/st/st_us-053000/st_st191959/DL-Lab/DataSet/MTMC_Tracking_2025_Preprocessed/val/Warehouse_015/crops/Person_0239/Camera_06/Person_0239_Camera_06_f008040_r005.jpg,None,6,Warehouse_015__Person_0191,0.3333333333333333,False,True,-0.4086623,-0.059064373,-0.40866235,-0.059064142,-0.013645575
39,Person_0239,Warehouse_015__Person_0239,115,115,Camera_07,17,Warehouse_015,Person,1,0.6666666666666666,8340,8700,/pfs/data6/home/st/st_us-053000/st_st191959/DL-Lab/DataSet/MTMC_Tracking_2025_Preprocessed/val/Warehouse_015/crops/Person_0239/Camera_07/Person_0239_Camera_07_f008340_r011.jpg,None,-1,NOISE,0.0,True,False,-0.011107543,-0.026973983,-0.011107429,-0.026973642,0.22319333
392,Person_0239,Warehouse_015__Person_0239,115,115,Camera_08,18,Warehouse_015,Person,1,0.45408163265306123,0,7230,/pfs/data6/home/st/st_us-053000/st_st191959/DL-Lab/DataSet/MTMC_Tracking_2025_Preprocessed/val/Warehouse_015/crops/Person_0239/Camera_08/Person_0239_Camera_08_f000000_r022.jpg,None,119,Warehouse_015__Person_0191,0.42857142857142855,False,True,0.17268983,-0.10881876,0.17269002,-0.108818166,0.008147286
532,Person_0239,Warehouse_015__Person_0239,115,115,Camera_10,20,Warehouse_015,Person,1,0.6353383458646616,2610,8970,/pfs/data6/home/st/st_us-053000/st_st191959/DL-Lab/DataSet/MTMC_Tracking_2025_Preprocessed/val/Warehouse_015/crops/Person_0239/Camera_10/Person_0239_Camera_10_f002610_r051.jpg,None,-1,NOISE,0.0,True,False,0.097808234,-0.06660119,0.097808465,-0.066600285,0.119329505
30,Person_0239,Warehouse_015__Person_0239,115,115,Camera_11,21,Warehouse_015,Person,1,0.6666666666666666,7770,8970,/pfs/data6/home/st/st_us-053000/st_st191959/DL-Lab/DataSet/MTMC_Tracking_2025_Preprocessed/val/Warehouse_015/crops/Person_0239/Camera_11/Person_0239_Camera_11_f007770_r005.jpg,None,-1,NOISE,0.0,True,False,0.0019896822,0.02640671,0.0019898845,0.026406942,0.17133036
359,Person_0239,Warehouse_015__Person_0239,115,115,Camera_12,22,Warehouse_015,Person,1,0.36768802228412256,0,8250,/pfs/data6/home/st/st_us-053000/st_st191959/DL-Lab/DataSet/MTMC_Tracking_2025_Preprocessed/val/Warehouse_015/crops/Person_0239/Camera_12/Person_0239_Camera_12_f000000_r043.jpg,None,-1,NOISE,0.0,True,False,0.19984823,-0.0706369,0.19984849,-0.070636354,-0.019221662
327,Person_0240,Warehouse_015__Person_0240,116,116,Camera_01,11,Warehouse_015,Person,1,0.654434250764526,1980,8970,/pfs/data6/home/st/st_us-053000/st_st191959/DL-Lab/DataSet/MTMC_Tracking_2025_Preprocessed/val/Warehouse_015/crops/Person_0240/Camera_01/Person_0240_Camera_01_f001980_r022.jpg,None,-1,NOISE,0.0,True,False,0.09709734,-0.1771942,0.097097196,-0.1771942,-0.11825226
475,Person_0240,Warehouse_015__Person_0240,116,116,Camera_02,12,Warehouse_015,Person,1,0.6610526315789473,0,6540,/pfs/data6/home/st/st_us-053000/st_st191959/DL-Lab/DataSet/MTMC_Tracking_2025_Preprocessed/val/Warehouse_015/crops/Person_0240/Camera_02/Person_0240_Camera_02_f000000_r007.jpg,None,-1,NOISE,0.0,True,False,0.12899308,-0.1379484,0.12899259,-0.13794865,-0.10634929
81,Person_0240,Warehouse_015__Person_0240,116,116,Camera_03,13,Warehouse_015,Person,1,0.6666666666666666,5430,7110,/pfs/data6/home/st/st_us-053000/st_st191959/DL-Lab/DataSet/MTMC_Tracking_2025_Preprocessed/val/Warehouse_015/crops/Person_0240/Camera_03/Person_0240_Camera_03_f005430_r021.jpg,None,-1,NOISE,0.0,True,False,-0.13423388,-0.110840194,-0.1342341,-0.110840626,-0.124000095
177,Person_0240,Warehouse_015__Person_0240,116,116,Camera_05,15,Warehouse_015,Person,1,0.655367231638418,6780,8970,/pfs/data6/home/st/st_us-053000/st_st191959/DL-Lab/DataSet/MTMC_Tracking_2025_Preprocessed/val/Warehouse_015/crops/Person_0240/Camera_05/Person_0240_Camera_05_f006780_r013.jpg,None,-1,NOISE,0.0,True,False,-0.1442036,-0.17774928,-0.14420408,-0.17775,-0.07389443
12,Person_0240,Warehouse_015__Person_0240,116,116,Camera_06,16,Warehouse_015,Person,1,0.6666666666666666,8880,8970,/pfs/data6/home/st/st_us-053000/st_st191959/DL-Lab/DataSet/MTMC_Tracking_2025_Preprocessed/val/Warehouse_015/crops/Person_0240/Camera_06/Person_0240_Camera_06_f008880_r001.jpg,None,-1,NOISE,0.0,True,False,0.028676724,-0.2151753,0.028676674,-0.21517567,-0.13597119
216,Person_0240,Warehouse_015__Person_0240,116,116,Camera_08,18,Warehouse_015,Person,1,0.4166666666666667,0,6570,/pfs/data6/home/st/st_us-053000/st_st191959/DL-Lab/DataSet/MTMC_Tracking_2025_Preprocessed/val/Warehouse_015/crops/Person_0240/Camera_08/Person_0240_Camera_08_f000000_r013.jpg,None,-1,NOISE,0.0,True,False,0.09415795,-0.19536725,0.094158165,-0.19536725,-0.111193284
370,Person_0240,Warehouse_015__Person_0240,116,116,Camera_10,20,Warehouse_015,Person,1,0.6216216216216216,510,8970,/pfs/data6/home/st/st_us-053000/st_st191959/DL-Lab/DataSet/MTMC_Tracking_2025_Preprocessed/val/Warehouse_015/crops/Person_0240/Camera_10/Person_0240_Camera_10_f000510_r030.jpg,None,-1,NOISE,0.0,True,False,-0.04498945,-0.17765392,-0.044989754,-0.17765446,-0.09263759
9,Person_0240,Warehouse_015__Person_0240,116,116,Camera_11,21,Warehouse_015,Person,1,0.6666666666666666,8910,8970,/pfs/data6/home/st/st_us-053000/st_st191959/DL-Lab/DataSet/MTMC_Tracking_2025_Preprocessed/val/Warehouse_015/crops/Person_0240/Camera_11/Person_0240_Camera_11_f008910_r004.jpg,None,-1,NOISE,0.0,True,False,-0.18694901,-0.09618434,-0.18694912,-0.09618489,-0.0545328
342,Person_0240,Warehouse_015__Person_0240,116,116,Camera_12,22,Warehouse_015,Person,1,0.34502923976608185,0,8940,/pfs/data6/home/st/st_us-053000/st_st191959/DL-Lab/DataSet/MTMC_Tracking_2025_Preprocessed/val/Warehouse_015/crops/Person_0240/Camera_12/Person_0240_Camera_12_f000000_r025.jpg,None,-1,NOISE,0.0,True,False,0.13945247,-0.16112609,0.13945258,-0.16112588,-0.112893544
520,Person_0241,Warehouse_015__Person_0241,117,117,Camera_01,11,Warehouse_015,Person,1,0.6653846153846154,2520,8970,/pfs/data6/home/st/st_us-053000/st_st191959/DL-Lab/DataSet/MTMC_Tracking_2025_Preprocessed/val/Warehouse_015/crops/Person_0241/Camera_01/Person_0241_Camera_01_f002520_r025.jpg,None,71,Warehouse_015__Person_0241,1.0,False,False,-0.10737062,-0.13448113,-0.10737132,-0.13448264,-0.24282324
517,Person_0241,Warehouse_015__Person_0241,117,117,Camera_02,12,Warehouse_015,Person,1,0.6653771760154739,0,8970,/pfs/data6/home/st/st_us-053000/st_st191959/DL-Lab/DataSet/MTMC_Tracking_2025_Preprocessed/val/Warehouse_015/crops/Person_0241/Camera_02/Person_0241_Camera_02_f000000_r006.jpg,None,71,Warehouse_015__Person_0241,1.0,False,False,0.00076874543,-0.0962516,0.000768175,-0.09625255,-0.19643357
486,Person_0241,Warehouse_015__Person_0241,117,117,Camera_05,15,Warehouse_015,Person,1,0.6625514403292181,3570,8970,/pfs/data6/home/st/st_us-053000/st_st191959/DL-Lab/DataSet/MTMC_Tracking_2025_Preprocessed/val/Warehouse_015/crops/Person_0241/Camera_05/Person_0241_Camera_05_f003570_r014.jpg,None,-1,NOISE,0.0,True,False,-0.22176133,-0.07039827,-0.22176161,-0.07039929,-0.35293812
92,Person_0241,Warehouse_015__Person_0241,117,117,Camera_06,16,Warehouse_015,Person,1,0.5869565217391305,3930,5820,/pfs/data6/home/st/st_us-053000/st_st191959/DL-Lab/DataSet/MTMC_Tracking_2025_Preprocessed/val/Warehouse_015/crops/Person_0241/Camera_06/Person_0241_Camera_06_f003930_r003.jpg,None,71,Warehouse_015__Person_0241,1.0,False,False,-0.025090143,-0.098275736,-0.025090717,-0.09827676,-0.16616574
105,Person_0241,Warehouse_015__Person_0241,117,117,Camera_08,18,Warehouse_015,Person,1,0.2857142857142857,0,3030,/pfs/data6/home/st/st_us-053000/st_st191959/DL-Lab/DataSet/MTMC_Tracking_2025_Preprocessed/val/Warehouse_015/crops/Person_0241/Camera_08/Person_0241_Camera_08_f000000_r012.jpg,None,71,Warehouse_015__Person_0241,1.0,False,False,0.026808782,-0.09566307,0.026808463,-0.09566374,-0.21142016
509,Person_0241,Warehouse_015__Person_0241,117,117,Camera_10,20,Warehouse_015,Person,1,0.6483300589390962,0,8970,/pfs/data6/home/st/st_us-053000/st_st191959/DL-Lab/DataSet/MTMC_Tracking_2025_Preprocessed/val/Warehouse_015/crops/Person_0241/Camera_10/Person_0241_Camera_10_f000000_r027.jpg,None,71,Warehouse_015__Person_0241,1.0,False,False,-0.15867983,-0.09808351,-0.1586806,-0.09808512,-0.2669118
273,Person_0241,Warehouse_015__Person_0241,117,117,Camera_11,21,Warehouse_015,Person,1,0.6666666666666666,3630,6420,/pfs/data6/home/st/st_us-053000/st_st191959/DL-Lab/DataSet/MTMC_Tracking_2025_Preprocessed/val/Warehouse_015/crops/Person_0241/Camera_11/Person_0241_Camera_11_f003630_r002.jpg,None,-1,NOISE,0.0,True,False,-0.17758588,-0.08851972,-0.17758669,-0.08852116,-0.2530768
371,Person_0241,Warehouse_015__Person_0241,117,117,Camera_12,22,Warehouse_015,Person,1,0.3557951482479784,0,8970,/pfs/data6/home/st/st_us-053000/st_st191959/DL-Lab/DataSet/MTMC_Tracking_2025_Preprocessed/val/Warehouse_015/crops/Person_0241/Camera_12/Person_0241_Camera_12_f000000_r023.jpg,None,71,Warehouse_015__Person_0241,1.0,False,False,0.060520876,-0.0919838,0.060520533,-0.091984555,-0.20002867
264,Person_0242,Warehouse_015__Person_0242,118,118,Camera_01,11,Warehouse_015,Person,1,0.6666666666666666,570,3180,/pfs/data6/home/st/st_us-053000/st_st191959/DL-Lab/DataSet/MTMC_Tracking_2025_Preprocessed/val/Warehouse_015/crops/Person_0242/Camera_01/Person_0242_Camera_01_f000570_r046.jpg,None,22,Warehouse_015__Person_0242,1.0,False,False,0.010425981,0.2444519,0.010425382,0.24445109,-0.010875218
33,Person_0242,Warehouse_015__Person_0242,118,118,Camera_02,12,Warehouse_015,Person,1,0.6666666666666666,0,330,/pfs/data6/home/st/st_us-053000/st_st191959/DL-Lab/DataSet/MTMC_Tracking_2025_Preprocessed/val/Warehouse_015/crops/Person_0242/Camera_02/Person_0242_Camera_02_f000000_r010.jpg,None,22,Warehouse_015__Person_0242,1.0,False,False,-0.006305255,0.17805135,-0.006305714,0.17805107,0.038036667
21,Person_0242,Warehouse_015__Person_0242,118,118,Camera_03,13,Warehouse_015,Person,1,0.6666666666666666,1860,2790,/pfs/data6/home/st/st_us-053000/st_st191959/DL-Lab/DataSet/MTMC_Tracking_2025_Preprocessed/val/Warehouse_015/crops/Person_0242/Camera_03/Person_0242_Camera_03_f001860_r031.jpg,None,-1,NOISE,0.0,True,False,0.04253401,0.041961264,0.04253397,0.04196047,-0.08308322
853,Person_0242,Warehouse_015__Person_0242,118,118,Camera_05,15,Warehouse_015,Person,1,0.6635404454865181,390,8970,/pfs/data6/home/st/st_us-053000/st_st191959/DL-Lab/DataSet/MTMC_Tracking_2025_Preprocessed/val/Warehouse_015/crops/Person_0242/Camera_05/Person_0242_Camera_05_f000390_r022.jpg,None,-1,NOISE,0.0,True,False,-0.043677118,0.20953748,-0.04367769,0.20953706,-0.011371697
219,Person_0242,Warehouse_015__Person_0242,118,118,Camera_06,16,Warehouse_015,Person,1,0.6666666666666666,360,3150,/pfs/data6/home/st/st_us-053000/st_st191959/DL-Lab/DataSet/MTMC_Tracking_2025_Preprocessed/val/Warehouse_015/crops/Person_0242/Camera_06/Person_0242_Camera_06_f000360_r008.jpg,None,22,Warehouse_015__Person_0242,1.0,False,False,0.05681589,0.27801085,0.05681515,0.27801022,0.0139257945
833,Person_0242,Warehouse_015__Person_0242,118,118,Camera_10,20,Warehouse_015,Person,1,0.6650660264105642,510,8970,/pfs/data6/home/st/st_us-053000/st_st191959/DL-Lab/DataSet/MTMC_Tracking_2025_Preprocessed/val/Warehouse_015/crops/Person_0242/Camera_10/Person_0242_Camera_10_f000510_r054.jpg,None,-1,NOISE,0.0,True,False,0.029033184,0.18594243,0.029032765,0.18594195,-0.028958758
793,Person_0242,Warehouse_015__Person_0242,118,118,Camera_11,21,Warehouse_015,Person,1,0.6658259773013872,270,8970,/pfs/data6/home/st/st_us-053000/st_st191959/DL-Lab/DataSet/MTMC_Tracking_2025_Preprocessed/val/Warehouse_015/crops/Person_0242/Camera_11/Person_0242_Camera_11_f000270_r009.jpg,None,22,Warehouse_015__Person_0242,1.0,False,False,0.07759948,0.21255332,0.07759886,0.21255228,-0.07762588
749,Person_0242,Warehouse_015__Person_0242,118,118,Camera_12,22,Warehouse_015,Person,1,0.6114819759679573,0,8970,/pfs/data6/home/st/st_us-053000/st_st191959/DL-Lab/DataSet/MTMC_Tracking_2025_Preprocessed/val/Warehouse_015/crops/Person_0242/Camera_12/Person_0242_Camera_12_f000000_r041.jpg,None,-1,NOISE,0.0,True,False,0.16784781,0.17106102,0.1678477,0.17106123,0.011102221
33,Transporter_0007,Warehouse_015__Transporter_0007,119,119,Camera,0,Warehouse_015,Transporter,1,0.5454545454545454,5970,8970,/pfs/data6/home/st/st_us-053000/st_st191959/DL-Lab/DataSet/MTMC_Tracking_2025_Preprocessed/val/Warehouse_015/crops/Transporter_0007/Camera/Transporter_0007_Camera_f005970_r001.jpg,None,5,Warehouse_015__Transporter_0007,0.7692307692307693,False,False,-0.23445003,-0.02094195,-0.23444945,-0.020942902,-0.10777873
317,Transporter_0007,Warehouse_015__Transporter_0007,119,119,Camera_01,11,Warehouse_015,Transporter,1,0.5678233438485805,90,7770,/pfs/data6/home/st/st_us-053000/st_st191959/DL-Lab/DataSet/MTMC_Tracking_2025_Preprocessed/val/Warehouse_015/crops/Transporter_0007/Camera_01/Transporter_0007_Camera_01_f000090_r003.jpg,None,5,Warehouse_015__Transporter_0007,0.7692307692307693,False,False,-0.30880278,-0.08936946,-0.30880243,-0.08937064,-0.07453323
3,Transporter_0007,Warehouse_015__Transporter_0007,119,119,Camera_02,12,Warehouse_015,Transporter,0,0.0,1890,1950,/pfs/data6/home/st/st_us-053000/st_st191959/DL-Lab/DataSet/MTMC_Tracking_2025_Preprocessed/val/Warehouse_015/crops/Transporter_0007/Camera_02/Transporter_0007_Camera_02_f001890_r000.jpg,None,-1,NOISE,0.0,True,False,-0.31561944,-0.09121836,-0.3156195,-0.09121903,-0.10702941
210,Transporter_0007,Warehouse_015__Transporter_0007,119,119,Camera_03,13,Warehouse_015,Transporter,1,0.4380952380952381,3810,8940,/pfs/data6/home/st/st_us-053000/st_st191959/DL-Lab/DataSet/MTMC_Tracking_2025_Preprocessed/val/Warehouse_015/crops/Transporter_0007/Camera_03/Transporter_0007_Camera_03_f003810_r002.jpg,None,5,Warehouse_015__Transporter_0007,0.7692307692307693,False,False,-0.22160679,-0.041674808,-0.22160654,-0.04167617,-0.053898543
372,Transporter_0007,Warehouse_015__Transporter_0007,119,119,Camera_05,15,Warehouse_015,Transporter,1,0.6021505376344086,0,7740,/pfs/data6/home/st/st_us-053000/st_st191959/DL-Lab/DataSet/MTMC_Tracking_2025_Preprocessed/val/Warehouse_015/crops/Transporter_0007/Camera_05/Transporter_0007_Camera_05_f000000_r001.jpg,None,5,Warehouse_015__Transporter_0007,0.7692307692307693,False,False,-0.25821114,-0.032031752,-0.25821087,-0.032033246,-0.11347864
305,Transporter_0007,Warehouse_015__Transporter_0007,119,119,Camera_06,16,Warehouse_015,Transporter,1,0.6622950819672131,0,3570,/pfs/data6/home/st/st_us-053000/st_st191959/DL-Lab/DataSet/MTMC_Tracking_2025_Preprocessed/val/Warehouse_015/crops/Transporter_0007/Camera_06/Transporter_0007_Camera_06_f000000_r000.jpg,None,5,Warehouse_015__Transporter_0007,0.7692307692307693,False,False,-0.189768,-0.0391408,-0.1897677,-0.03914214,-0.13428581
359,Transporter_0007,Warehouse_015__Transporter_0007,119,119,Camera_07,17,Warehouse_015,Transporter,1,0.6629526462395543,5100,8970,/pfs/data6/home/st/st_us-053000/st_st191959/DL-Lab/DataSet/MTMC_Tracking_2025_Preprocessed/val/Warehouse_015/crops/Transporter_0007/Camera_07/Transporter_0007_Camera_07_f005100_r001.jpg,None,5,Warehouse_015__Transporter_0007,0.7692307692307693,False,False,-0.14069524,0.027080044,-0.14069484,0.027078861,-0.18020526
175,Transporter_0007,Warehouse_015__Transporter_0007,119,119,Camera_09,19,Warehouse_015,Transporter,1,0.6628571428571428,5940,8970,/pfs/data6/home/st/st_us-053000/st_st191959/DL-Lab/DataSet/MTMC_Tracking_2025_Preprocessed/val/Warehouse_015/crops/Transporter_0007/Camera_09/Transporter_0007_Camera_09_f005940_r000.jpg,None,5,Warehouse_015__Transporter_0007,0.7692307692307693,False,False,-0.1998895,0.009613158,-0.19988912,0.009611884,-0.13700834
433,Transporter_0007,Warehouse_015__Transporter_0007,119,119,Camera_10,20,Warehouse_015,Transporter,1,0.6374133949191686,0,7740,/pfs/data6/home/st/st_us-053000/st_st191959/DL-Lab/DataSet/MTMC_Tracking_2025_Preprocessed/val/Warehouse_015/crops/Transporter_0007/Camera_10/Transporter_0007_Camera_10_f000000_r002.jpg,None,5,Warehouse_015__Transporter_0007,0.7692307692307693,False,False,-0.20739742,-0.012580436,-0.20739712,-0.01258166,-0.0569177
326,Transporter_0007,Warehouse_015__Transporter_0007,119,119,Camera_11,21,Warehouse_015,Transporter,1,0.6625766871165644,30,4020,/pfs/data6/home/st/st_us-053000/st_st191959/DL-Lab/DataSet/MTMC_Tracking_2025_Preprocessed/val/Warehouse_015/crops/Transporter_0007/Camera_11/Transporter_0007_Camera_11_f000030_r000.jpg,None,5,Warehouse_015__Transporter_0007,0.7692307692307693,False,False,-0.21009457,0.009836107,-0.21009418,0.00983474,-0.15317012
306,Transporter_0007,Warehouse_015__Transporter_0007,119,119,Camera_12,22,Warehouse_015,Transporter,1,0.5882352941176471,480,7740,/pfs/data6/home/st/st_us-053000/st_st191959/DL-Lab/DataSet/MTMC_Tracking_2025_Preprocessed/val/Warehouse_015/crops/Transporter_0007/Camera_12/Transporter_0007_Camera_12_f000480_r003.jpg,None,5,Warehouse_015__Transporter_0007,0.7692307692307693,False,False,-0.298078,-0.07230207,-0.29807773,-0.07230349,-0.043317735
755,FourierGR1T2_0352,Warehouse_016__FourierGR1T2_0352,120,120,Camera,0,Warehouse_016,FourierGR1T2,1,0.6569536423841059,0,8970,/pfs/data6/home/st/st_us-053000/st_st191959/DL-Lab/DataSet/MTMC_Tracking_2025_Preprocessed/val/Warehouse_016/crops/FourierGR1T2_0352/Camera/FourierGR1T2_0352_Camera_f000000_r002.jpg,None,24,Warehouse_016__FourierGR1T2_0352,0.3333333333333333,False,False,-0.2866229,-0.15518123,-0.28662348,-0.1551821,-0.11384805
863,FourierGR1T2_0352,Warehouse_016__FourierGR1T2_0352,120,120,Camera_01,11,Warehouse_016,FourierGR1T2,1,0.6628041714947857,0,8970,/pfs/data6/home/st/st_us-053000/st_st191959/DL-Lab/DataSet/MTMC_Tracking_2025_Preprocessed/val/Warehouse_016/crops/FourierGR1T2_0352/Camera_01/FourierGR1T2_0352_Camera_01_f000000_r002.jpg,None,23,Warehouse_016__FourierGR1T2_0627,0.23333333333333334,False,True,-0.1884829,-0.18254952,-0.188483,-0.18254986,-0.1246398
606,FourierGR1T2_0352,Warehouse_016__FourierGR1T2_0352,120,120,Camera_02,12,Warehouse_016,FourierGR1T2,1,0.6600660066006601,0,8970,/pfs/data6/home/st/st_us-053000/st_st191959/DL-Lab/DataSet/MTMC_Tracking_2025_Preprocessed/val/Warehouse_016/crops/FourierGR1T2_0352/Camera_02/FourierGR1T2_0352_Camera_02_f000000_r002.jpg,None,24,Warehouse_016__FourierGR1T2_0352,0.3333333333333333,False,False,-0.3011505,-0.10783629,-0.301151,-0.10783669,-0.15464641
860,FourierGR1T2_0352,Warehouse_016__FourierGR1T2_0352,120,120,Camera_03,13,Warehouse_016,FourierGR1T2,1,0.6651162790697674,0,8880,/pfs/data6/home/st/st_us-053000/st_st191959/DL-Lab/DataSet/MTMC_Tracking_2025_Preprocessed/val/Warehouse_016/crops/FourierGR1T2_0352/Camera_03/FourierGR1T2_0352_Camera_03_f000000_r001.jpg,None,23,Warehouse_016__FourierGR1T2_0627,0.23333333333333334,False,True,0.06450913,-0.188122,0.06450875,-0.18812253,-0.20401786
474,FourierGR1T2_0352,Warehouse_016__FourierGR1T2_0352,120,120,Camera_04,14,Warehouse_016,FourierGR1T2,1,0.6582278481012658,0,8970,/pfs/data6/home/st/st_us-053000/st_st191959/DL-Lab/DataSet/MTMC_Tracking_2025_Preprocessed/val/Warehouse_016/crops/FourierGR1T2_0352/Camera_04/FourierGR1T2_0352_Camera_04_f000000_r001.jpg,None,23,Warehouse_016__FourierGR1T2_0627,0.23333333333333334,False,True,0.016979229,-0.22225569,0.016978875,-0.22225624,-0.18590288
429,FourierGR1T2_0352,Warehouse_016__FourierGR1T2_0352,120,120,Camera_05,15,Warehouse_016,FourierGR1T2,1,0.6666666666666666,30,8370,/pfs/data6/home/st/st_us-053000/st_st191959/DL-Lab/DataSet/MTMC_Tracking_2025_Preprocessed/val/Warehouse_016/crops/FourierGR1T2_0352/Camera_05/FourierGR1T2_0352_Camera_05_f000030_r000.jpg,None,23,Warehouse_016__FourierGR1T2_0627,0.23333333333333334,False,True,-0.08367279,-0.15877421,-0.08367312,-0.15877466,-0.18428135
22,FourierGR1T2_0352,Warehouse_016__FourierGR1T2_0352,120,120,Camera_06,16,Warehouse_016,FourierGR1T2,1,0.6363636363636364,360,570,/pfs/data6/home/st/st_us-053000/st_st191959/DL-Lab/DataSet/MTMC_Tracking_2025_Preprocessed/val/Warehouse_016/crops/FourierGR1T2_0352/Camera_06/FourierGR1T2_0352_Camera_06_f000360_r000.jpg,None,-1,NOISE,0.0,True,False,-0.1750626,-0.08476121,-0.17506288,-0.08476198,-0.09076614
560,FourierGR1T2_0352,Warehouse_016__FourierGR1T2_0352,120,120,Camera_07,17,Warehouse_016,FourierGR1T2,1,0.6464285714285715,60,8490,/pfs/data6/home/st/st_us-053000/st_st191959/DL-Lab/DataSet/MTMC_Tracking_2025_Preprocessed/val/Warehouse_016/crops/FourierGR1T2_0352/Camera_07/FourierGR1T2_0352_Camera_07_f000060_r002.jpg,None,23,Warehouse_016__FourierGR1T2_0627,0.23333333333333334,False,True,0.087481976,-0.18415487,0.08748186,-0.18415499,-0.21516295
168,FourierGR1T2_0352,Warehouse_016__FourierGR1T2_0352,120,120,Camera_08,18,Warehouse_016,FourierGR1T2,1,0.6666666666666666,780,2640,/pfs/data6/home/st/st_us-053000/st_st191959/DL-Lab/DataSet/MTMC_Tracking_2025_Preprocessed/val/Warehouse_016/crops/FourierGR1T2_0352/Camera_08/FourierGR1T2_0352_Camera_08_f000780_r000.jpg,None,-1,NOISE,0.0,True,False,-0.24835539,-0.084500186,-0.24835558,-0.08450021,-0.1556381
155,FourierGR1T2_0352,Warehouse_016__FourierGR1T2_0352,120,120,Camera_09,19,Warehouse_016,FourierGR1T2,1,0.5935483870967742,0,8370,/pfs/data6/home/st/st_us-053000/st_st191959/DL-Lab/DataSet/MTMC_Tracking_2025_Preprocessed/val/Warehouse_016/crops/FourierGR1T2_0352/Camera_09/FourierGR1T2_0352_Camera_09_f000000_r000.jpg,None,25,Warehouse_016__FourierGR1T2_0352,0.16666666666666666,False,False,-0.09213662,-0.05838254,-0.09213672,-0.058382843,-0.054980982
429,FourierGR1T2_0352,Warehouse_016__FourierGR1T2_0352,120,120,Camera_10,20,Warehouse_016,FourierGR1T2,1,0.662004662004662,810,8340,/pfs/data6/home/st/st_us-053000/st_st191959/DL-Lab/DataSet/MTMC_Tracking_2025_Preprocessed/val/Warehouse_016/crops/FourierGR1T2_0352/Camera_10/FourierGR1T2_0352_Camera_10_f000810_r002.jpg,None,23,Warehouse_016__FourierGR1T2_0627,0.23333333333333334,False,True,0.08940937,-0.13787785,0.0894092,-0.13787803,-0.18493305
105,FourierGR1T2_0352,Warehouse_016__FourierGR1T2_0352,120,120,Camera_11,21,Warehouse_016,FourierGR1T2,1,0.6666666666666666,1020,5640,/pfs/data6/home/st/st_us-053000/st_st191959/DL-Lab/DataSet/MTMC_Tracking_2025_Preprocessed/val/Warehouse_016/crops/FourierGR1T2_0352/Camera_11/FourierGR1T2_0352_Camera_11_f001020_r002.jpg,None,-1,NOISE,0.0,True,False,-0.0062944633,-0.119927354,-0.0062947897,-0.119928256,-0.25865144
254,FourierGR1T2_0353,Warehouse_016__FourierGR1T2_0353,121,121,Camera,0,Warehouse_016,FourierGR1T2,1,0.6299212598425197,1920,8550,/pfs/data6/home/st/st_us-053000/st_st191959/DL-Lab/DataSet/MTMC_Tracking_2025_Preprocessed/val/Warehouse_016/crops/FourierGR1T2_0353/Camera/FourierGR1T2_0353_Camera_f001920_r002.jpg,None,-1,NOISE,0.0,True,False,-0.352791,-0.05400266,-0.3527914,-0.054003127,-0.10224578
321,FourierGR1T2_0353,Warehouse_016__FourierGR1T2_0353,121,121,Camera_01,11,Warehouse_016,FourierGR1T2,1,0.6417445482866043,450,8970,/pfs/data6/home/st/st_us-053000/st_st191959/DL-Lab/DataSet/MTMC_Tracking_2025_Preprocessed/val/Warehouse_016/crops/FourierGR1T2_0353/Camera_01/FourierGR1T2_0353_Camera_01_f000450_r003.jpg,None,-1,NOISE,0.0,True,False,-0.29100186,-0.10192916,-0.29100218,-0.10193033,-0.11436752
33,FourierGR1T2_0353,Warehouse_016__FourierGR1T2_0353,121,121,Camera_02,12,Warehouse_016,FourierGR1T2,1,0.6666666666666666,1950,3600,/pfs/data6/home/st/st_us-053000/st_st191959/DL-Lab/DataSet/MTMC_Tracking_2025_Preprocessed/val/Warehouse_016/crops/FourierGR1T2_0353/Camera_02/FourierGR1T2_0353_Camera_02_f001950_r002.jpg,None,-1,NOISE,0.0,True,False,-0.24649842,-0.16300057,-0.24649872,-0.16300091,-0.06939691
654,FourierGR1T2_0353,Warehouse_016__FourierGR1T2_0353,121,121,Camera_03,13,Warehouse_016,FourierGR1T2,1,0.6636085626911316,540,8970,/pfs/data6/home/st/st_us-053000/st_st191959/DL-Lab/DataSet/MTMC_Tracking_2025_Preprocessed/val/Warehouse_016/crops/FourierGR1T2_0353/Camera_03/FourierGR1T2_0353_Camera_03_f000540_r003.jpg,None,23,Warehouse_016__FourierGR1T2_0627,0.23333333333333334,False,True,0.02588075,-0.1748989,0.025880463,-0.1748992,-0.2043916
76,FourierGR1T2_0353,Warehouse_016__FourierGR1T2_0353,121,121,Camera_04,14,Warehouse_016,FourierGR1T2,1,0.6578947368421053,570,8520,/pfs/data6/home/st/st_us-053000/st_st191959/DL-Lab/DataSet/MTMC_Tracking_2025_Preprocessed/val/Warehouse_016/crops/FourierGR1T2_0353/Camera_04/FourierGR1T2_0353_Camera_04_f000570_r001.jpg,None,-1,NOISE,0.0,True,False,-0.18045628,-0.00020639069,-0.18045612,-0.00020637321,-0.06255299
866,FourierGR1T2_0353,Warehouse_016__FourierGR1T2_0353,121,121,Camera_05,15,Warehouse_016,FourierGR1T2,1,0.6651270207852193,0,8970,/pfs/data6/home/st/st_us-053000/st_st191959/DL-Lab/DataSet/MTMC_Tracking_2025_Preprocessed/val/Warehouse_016/crops/FourierGR1T2_0353/Camera_05/FourierGR1T2_0353_Camera_05_f000000_r000.jpg,None,23,Warehouse_016__FourierGR1T2_0627,0.23333333333333334,False,True,0.07403424,-0.16807304,0.07403402,-0.16807413,-0.21812566
757,FourierGR1T2_0353,Warehouse_016__FourierGR1T2_0353,121,121,Camera_07,17,Warehouse_016,FourierGR1T2,1,0.6235138705416117,0,8970,/pfs/data6/home/st/st_us-053000/st_st191959/DL-Lab/DataSet/MTMC_Tracking_2025_Preprocessed/val/Warehouse_016/crops/FourierGR1T2_0353/Camera_07/FourierGR1T2_0353_Camera_07_f000000_r002.jpg,None,-1,NOISE,0.0,True,False,0.07372321,-0.05301148,0.07372342,-0.05301102,-0.12434855
514,FourierGR1T2_0353,Warehouse_016__FourierGR1T2_0353,121,121,Camera_08,18,Warehouse_016,FourierGR1T2,1,0.6536964980544747,0,8970,/pfs/data6/home/st/st_us-053000/st_st191959/DL-Lab/DataSet/MTMC_Tracking_2025_Preprocessed/val/Warehouse_016/crops/FourierGR1T2_0353/Camera_08/FourierGR1T2_0353_Camera_08_f000000_r000.jpg,None,23,Warehouse_016__FourierGR1T2_0627,0.23333333333333334,False,True,-0.023667324,-0.09253809,-0.023667349,-0.09253915,-0.14400889
506,FourierGR1T2_0353,Warehouse_016__FourierGR1T2_0353,121,121,Camera_09,19,Warehouse_016,FourierGR1T2,1,0.5731225296442688,0,8970,/pfs/data6/home/st/st_us-053000/st_st191959/DL-Lab/DataSet/MTMC_Tracking_2025_Preprocessed/val/Warehouse_016/crops/FourierGR1T2_0353/Camera_09/FourierGR1T2_0353_Camera_09_f000000_r001.jpg,None,25,Warehouse_016__FourierGR1T2_0352,0.16666666666666666,False,True,-0.06765239,0.03005978,-0.06765241,0.030059436,-0.091257855
746,FourierGR1T2_0353,Warehouse_016__FourierGR1T2_0353,121,121,Camera_10,20,Warehouse_016,FourierGR1T2,1,0.6568364611260054,0,8970,/pfs/data6/home/st/st_us-053000/st_st191959/DL-Lab/DataSet/MTMC_Tracking_2025_Preprocessed/val/Warehouse_016/crops/FourierGR1T2_0353/Camera_10/FourierGR1T2_0353_Camera_10_f000000_r001.jpg,None,23,Warehouse_016__FourierGR1T2_0627,0.23333333333333334,False,True,0.13075987,-0.18333682,0.13075967,-0.18333745,-0.22479324
613,FourierGR1T2_0353,Warehouse_016__FourierGR1T2_0353,121,121,Camera_11,21,Warehouse_016,FourierGR1T2,1,0.6590538336052202,1290,8970,/pfs/data6/home/st/st_us-053000/st_st191959/DL-Lab/DataSet/MTMC_Tracking_2025_Preprocessed/val/Warehouse_016/crops/FourierGR1T2_0353/Camera_11/FourierGR1T2_0353_Camera_11_f001290_r002.jpg,None,23,Warehouse_016__FourierGR1T2_0627,0.23333333333333334,False,True,0.022033386,-0.121858716,0.02203324,-0.12185908,-0.20699619
649,FourierGR1T2_0354,Warehouse_016__FourierGR1T2_0354,122,122,Camera,0,Warehouse_016,FourierGR1T2,1,0.6471494607087828,1950,8970,/pfs/data6/home/st/st_us-053000/st_st191959/DL-Lab/DataSet/MTMC_Tracking_2025_Preprocessed/val/Warehouse_016/crops/FourierGR1T2_0354/Camera/FourierGR1T2_0354_Camera_f001950_r003.jpg,None,23,Warehouse_016__FourierGR1T2_0627,0.23333333333333334,False,True,-0.047167175,-0.1851509,-0.04716746,-0.18515165,-0.17333382
563,FourierGR1T2_0354,Warehouse_016__FourierGR1T2_0354,122,122,Camera_01,11,Warehouse_016,FourierGR1T2,1,0.6607460035523979,0,8970,/pfs/data6/home/st/st_us-053000/st_st191959/DL-Lab/DataSet/MTMC_Tracking_2025_Preprocessed/val/Warehouse_016/crops/FourierGR1T2_0354/Camera_01/FourierGR1T2_0354_Camera_01_f000000_r003.jpg,None,24,Warehouse_016__FourierGR1T2_0352,0.3333333333333333,False,True,-0.32238558,-0.12627599,-0.32238582,-0.12627707,-0.1467796
491,FourierGR1T2_0354,Warehouse_016__FourierGR1T2_0354,122,122,Camera_02,12,Warehouse_016,FourierGR1T2,1,0.6639511201629328,1980,8970,/pfs/data6/home/st/st_us-053000/st_st191959/DL-Lab/DataSet/MTMC_Tracking_2025_Preprocessed/val/Warehouse_016/crops/FourierGR1T2_0354/Camera_02/FourierGR1T2_0354_Camera_02_f001980_r003.jpg,None,24,Warehouse_016__FourierGR1T2_0352,0.3333333333333333,False,True,-0.28366128,-0.09101132,-0.28366172,-0.09101176,-0.14357793
431,FourierGR1T2_0354,Warehouse_016__FourierGR1T2_0354,122,122,Camera_03,13,Warehouse_016,FourierGR1T2,1,0.6125290023201856,0,8970,/pfs/data6/home/st/st_us-053000/st_st191959/DL-Lab/DataSet/MTMC_Tracking_2025_Preprocessed/val/Warehouse_016/crops/FourierGR1T2_0354/Camera_03/FourierGR1T2_0354_Camera_03_f000000_r002.jpg,None,23,Warehouse_016__FourierGR1T2_0627,0.23333333333333334,False,True,0.0053377156,-0.17690462,0.005337185,-0.17690527,-0.1651248
60,FourierGR1T2_0354,Warehouse_016__FourierGR1T2_0354,122,122,Camera_04,14,Warehouse_016,FourierGR1T2,1,0.6666666666666666,1740,2430,/pfs/data6/home/st/st_us-053000/st_st191959/DL-Lab/DataSet/MTMC_Tracking_2025_Preprocessed/val/Warehouse_016/crops/FourierGR1T2_0354/Camera_04/FourierGR1T2_0354_Camera_04_f001740_r001.jpg,None,-1,NOISE,0.0,True,False,-0.18191208,-0.11277287,-0.18191233,-0.11277367,-0.11366019
202,FourierGR1T2_0354,Warehouse_016__FourierGR1T2_0354,122,122,Camera_05,15,Warehouse_016,FourierGR1T2,1,0.6138613861386139,0,2430,/pfs/data6/home/st/st_us-053000/st_st191959/DL-Lab/DataSet/MTMC_Tracking_2025_Preprocessed/val/Warehouse_016/crops/FourierGR1T2_0354/Camera_05/FourierGR1T2_0354_Camera_05_f000000_r001.jpg,None,23,Warehouse_016__FourierGR1T2_0627,0.23333333333333334,False,True,0.032151416,-0.15518208,0.03215098,-0.15518257,-0.21545704
742,FourierGR1T2_0354,Warehouse_016__FourierGR1T2_0354,122,122,Camera_07,17,Warehouse_016,FourierGR1T2,1,0.6388140161725068,0,8970,/pfs/data6/home/st/st_us-053000/st_st191959/DL-Lab/DataSet/MTMC_Tracking_2025_Preprocessed/val/Warehouse_016/crops/FourierGR1T2_0354/Camera_07/FourierGR1T2_0354_Camera_07_f000000_r003.jpg,None,23,Warehouse_016__FourierGR1T2_0627,0.23333333333333334,False,True,0.107989855,-0.17268054,0.10798973,-0.17268077,-0.22292107
192,FourierGR1T2_0354,Warehouse_016__FourierGR1T2_0354,122,122,Camera_08,18,Warehouse_016,FourierGR1T2,1,0.6666666666666666,0,1920,/pfs/data6/home/st/st_us-053000/st_st191959/DL-Lab/DataSet/MTMC_Tracking_2025_Preprocessed/val/Warehouse_016/crops/FourierGR1T2_0354/Camera_08/FourierGR1T2_0354_Camera_08_f000000_r001.jpg,None,-1,NOISE,0.0,True,False,-0.22335723,-0.019482896,-0.223357,-0.019482983,-0.120567955
63,FourierGR1T2_0354,Warehouse_016__FourierGR1T2_0354,122,122,Camera_09,19,Warehouse_016,FourierGR1T2,1,0.4444444444444444,0,2400,/pfs/data6/home/st/st_us-053000/st_st191959/DL-Lab/DataSet/MTMC_Tracking_2025_Preprocessed/val/Warehouse_016/crops/FourierGR1T2_0354/Camera_09/FourierGR1T2_0354_Camera_09_f000000_r002.jpg,None,-1,NOISE,0.0,True,False,-0.15636022,-0.028589776,-0.15636,-0.028590165,-0.15225269
603,FourierGR1T2_0354,Warehouse_016__FourierGR1T2_0354,122,122,Camera_10,20,Warehouse_016,FourierGR1T2,1,0.6633499170812603,0,8820,/pfs/data6/home/st/st_us-053000/st_st191959/DL-Lab/DataSet/MTMC_Tracking_2025_Preprocessed/val/Warehouse_016/crops/FourierGR1T2_0354/Camera_10/FourierGR1T2_0354_Camera_10_f000000_r002.jpg,None,23,Warehouse_016__FourierGR1T2_0627,0.23333333333333334,False,True,0.01899433,-0.15735784,0.018993987,-0.15735844,-0.23063846
402,FourierGR1T2_0354,Warehouse_016__FourierGR1T2_0354,122,122,Camera_11,21,Warehouse_016,FourierGR1T2,1,0.6467661691542289,330,8970,/pfs/data6/home/st/st_us-053000/st_st191959/DL-Lab/DataSet/MTMC_Tracking_2025_Preprocessed/val/Warehouse_016/crops/FourierGR1T2_0354/Camera_11/FourierGR1T2_0354_Camera_11_f000330_r001.jpg,None,23,Warehouse_016__FourierGR1T2_0627,0.23333333333333334,False,True,0.09013118,-0.18228208,0.09013111,-0.18228246,-0.2356482
482,FourierGR1T2_0626,Warehouse_016__FourierGR1T2_0626,123,123,Camera,0,Warehouse_016,FourierGR1T2,1,0.6307053941908713,0,8970,/pfs/data6/home/st/st_us-053000/st_st191959/DL-Lab/DataSet/MTMC_Tracking_2025_Preprocessed/val/Warehouse_016/crops/FourierGR1T2_0626/Camera/FourierGR1T2_0626_Camera_f000000_r000.jpg,None,23,Warehouse_016__FourierGR1T2_0627,0.23333333333333334,False,True,-0.12441757,-0.16638628,-0.12441784,-0.16638726,-0.17012836
286,FourierGR1T2_0626,Warehouse_016__FourierGR1T2_0626,123,123,Camera_01,11,Warehouse_016,FourierGR1T2,1,0.6573426573426573,0,8970,/pfs/data6/home/st/st_us-053000/st_st191959/DL-Lab/DataSet/MTMC_Tracking_2025_Preprocessed/val/Warehouse_016/crops/FourierGR1T2_0626/Camera_01/FourierGR1T2_0626_Camera_01_f000000_r000.jpg,None,-1,NOISE,0.0,True,False,-0.26718974,-0.07352086,-0.26719016,-0.07352143,-0.11270635
370,FourierGR1T2_0626,Warehouse_016__FourierGR1T2_0626,123,123,Camera_02,12,Warehouse_016,FourierGR1T2,1,0.6594594594594595,0,8970,/pfs/data6/home/st/st_us-053000/st_st191959/DL-Lab/DataSet/MTMC_Tracking_2025_Preprocessed/val/Warehouse_016/crops/FourierGR1T2_0626/Camera_02/FourierGR1T2_0626_Camera_02_f000000_r000.jpg,None,24,Warehouse_016__FourierGR1T2_0352,0.3333333333333333,False,True,-0.30036578,-0.08163626,-0.30036598,-0.08163717,-0.09580774
296,FourierGR1T2_0626,Warehouse_016__FourierGR1T2_0626,123,123,Camera_03,13,Warehouse_016,FourierGR1T2,1,0.6283783783783784,360,8970,/pfs/data6/home/st/st_us-053000/st_st191959/DL-Lab/DataSet/MTMC_Tracking_2025_Preprocessed/val/Warehouse_016/crops/FourierGR1T2_0626/Camera_03/FourierGR1T2_0626_Camera_03_f000360_r000.jpg,None,23,Warehouse_016__FourierGR1T2_0627,0.23333333333333334,False,True,-0.023684291,-0.17563787,-0.023684334,-0.17563805,-0.13978949
82,FourierGR1T2_0626,Warehouse_016__FourierGR1T2_0626,123,123,Camera_04,14,Warehouse_016,FourierGR1T2,1,0.6585365853658537,4800,5610,/pfs/data6/home/st/st_us-053000/st_st191959/DL-Lab/DataSet/MTMC_Tracking_2025_Preprocessed/val/Warehouse_016/crops/FourierGR1T2_0626/Camera_04/FourierGR1T2_0626_Camera_04_f004800_r000.jpg,None,23,Warehouse_016__FourierGR1T2_0627,0.23333333333333334,False,True,-0.034729872,-0.17103828,-0.034729972,-0.17103912,-0.23003086
184,FourierGR1T2_0626,Warehouse_016__FourierGR1T2_0626,123,123,Camera_05,15,Warehouse_016,FourierGR1T2,1,0.6413043478260869,1020,6960,/pfs/data6/home/st/st_us-053000/st_st191959/DL-Lab/DataSet/MTMC_Tracking_2025_Preprocessed/val/Warehouse_016/crops/FourierGR1T2_0626/Camera_05/FourierGR1T2_0626_Camera_05_f001020_r000.jpg,None,-1,NOISE,0.0,True,False,0.006011731,-0.039613303,0.0060115554,-0.03961422,-0.21463753
1,FourierGR1T2_0626,Warehouse_016__FourierGR1T2_0626,123,123,Camera_06,16,Warehouse_016,FourierGR1T2,0,0.0,5370,5370,/pfs/data6/home/st/st_us-053000/st_st191959/DL-Lab/DataSet/MTMC_Tracking_2025_Preprocessed/val/Warehouse_016/crops/FourierGR1T2_0626/Camera_06/FourierGR1T2_0626_Camera_06_f005370_r000.jpg,None,-1,NOISE,0.0,True,False,-0.28459346,-0.17683326,-0.28459352,-0.17683259,-0.03373444
546,FourierGR1T2_0626,Warehouse_016__FourierGR1T2_0626,123,123,Camera_07,17,Warehouse_016,FourierGR1T2,1,0.5787545787545788,0,8970,/pfs/data6/home/st/st_us-053000/st_st191959/DL-Lab/DataSet/MTMC_Tracking_2025_Preprocessed/val/Warehouse_016/crops/FourierGR1T2_0626/Camera_07/FourierGR1T2_0626_Camera_07_f000000_r000.jpg,None,23,Warehouse_016__FourierGR1T2_0627,0.23333333333333334,False,True,0.12516229,-0.081418015,0.12516229,-0.081418015,-0.22829096
44,FourierGR1T2_0626,Warehouse_016__FourierGR1T2_0626,123,123,Camera_08,18,Warehouse_016,FourierGR1T2,1,0.5909090909090909,5640,6930,/pfs/data6/home/st/st_us-053000/st_st191959/DL-Lab/DataSet/MTMC_Tracking_2025_Preprocessed/val/Warehouse_016/crops/FourierGR1T2_0626/Camera_08/FourierGR1T2_0626_Camera_08_f005640_r000.jpg,None,-1,NOISE,0.0,True,False,-0.036660768,-0.0961012,-0.036660757,-0.09610199,-0.12545615
83,FourierGR1T2_0626,Warehouse_016__FourierGR1T2_0626,123,123,Camera_09,19,Warehouse_016,FourierGR1T2,1,0.5542168674698795,5550,6960,/pfs/data6/home/st/st_us-053000/st_st191959/DL-Lab/DataSet/MTMC_Tracking_2025_Preprocessed/val/Warehouse_016/crops/FourierGR1T2_0626/Camera_09/FourierGR1T2_0626_Camera_09_f005550_r000.jpg,None,25,Warehouse_016__FourierGR1T2_0352,0.16666666666666666,False,True,0.0053070383,0.04493402,0.005307005,0.04493385,-0.1383518
548,FourierGR1T2_0626,Warehouse_016__FourierGR1T2_0626,123,123,Camera_10,20,Warehouse_016,FourierGR1T2,1,0.6459854014598541,360,8970,/pfs/data6/home/st/st_us-053000/st_st191959/DL-Lab/DataSet/MTMC_Tracking_2025_Preprocessed/val/Warehouse_016/crops/FourierGR1T2_0626/Camera_10/FourierGR1T2_0626_Camera_10_f000360_r000.jpg,None,23,Warehouse_016__FourierGR1T2_0627,0.23333333333333334,False,True,0.11556209,-0.094593175,0.115561925,-0.094593436,-0.20987087
684,FourierGR1T2_0626,Warehouse_016__FourierGR1T2_0626,123,123,Camera_11,21,Warehouse_016,FourierGR1T2,1,0.6578947368421053,0,8970,/pfs/data6/home/st/st_us-053000/st_st191959/DL-Lab/DataSet/MTMC_Tracking_2025_Preprocessed/val/Warehouse_016/crops/FourierGR1T2_0626/Camera_11/FourierGR1T2_0626_Camera_11_f000000_r000.jpg,None,23,Warehouse_016__FourierGR1T2_0627,0.23333333333333334,False,True,0.07364766,-0.055426054,0.07364727,-0.055426832,-0.23951466
858,FourierGR1T2_0627,Warehouse_016__FourierGR1T2_0627,124,124,Camera,0,Warehouse_016,FourierGR1T2,1,0.6666666666666666,0,8970,/pfs/data6/home/st/st_us-053000/st_st191959/DL-Lab/DataSet/MTMC_Tracking_2025_Preprocessed/val/Warehouse_016/crops/FourierGR1T2_0627/Camera/FourierGR1T2_0627_Camera_f000000_r001.jpg,None,23,Warehouse_016__FourierGR1T2_0627,0.23333333333333334,False,False,-0.15449667,-0.18067572,-0.15449692,-0.18067646,-0.20478714
867,FourierGR1T2_0627,Warehouse_016__FourierGR1T2_0627,124,124,Camera_01,11,Warehouse_016,FourierGR1T2,1,0.6643598615916955,0,8970,/pfs/data6/home/st/st_us-053000/st_st191959/DL-Lab/DataSet/MTMC_Tracking_2025_Preprocessed/val/Warehouse_016/crops/FourierGR1T2_0627/Camera_01/FourierGR1T2_0627_Camera_01_f000000_r001.jpg,None,-1,NOISE,0.0,True,False,-0.34838825,-0.12832062,-0.34838867,-0.12832148,-0.18516159
764,FourierGR1T2_0627,Warehouse_016__FourierGR1T2_0627,124,124,Camera_02,12,Warehouse_016,FourierGR1T2,1,0.662303664921466,0,8970,/pfs/data6/home/st/st_us-053000/st_st191959/DL-Lab/DataSet/MTMC_Tracking_2025_Preprocessed/val/Warehouse_016/crops/FourierGR1T2_0627/Camera_02/FourierGR1T2_0627_Camera_02_f000000_r001.jpg,None,24,Warehouse_016__FourierGR1T2_0352,0.3333333333333333,False,True,-0.29982987,-0.11107384,-0.2998303,-0.11107466,-0.08251918
614,FourierGR1T2_0627,Warehouse_016__FourierGR1T2_0627,124,124,Camera_03,13,Warehouse_016,FourierGR1T2,1,0.6254071661237784,0,8370,/pfs/data6/home/st/st_us-053000/st_st191959/DL-Lab/DataSet/MTMC_Tracking_2025_Preprocessed/val/Warehouse_016/crops/FourierGR1T2_0627/Camera_03/FourierGR1T2_0627_Camera_03_f000000_r000.jpg,None,23,Warehouse_016__FourierGR1T2_0627,0.23333333333333334,False,False,0.042251002,-0.20063819,0.042250514,-0.20063876,-0.15143153
86,FourierGR1T2_0627,Warehouse_016__FourierGR1T2_0627,124,124,Camera_04,14,Warehouse_016,FourierGR1T2,1,0.6511627906976745,7740,8970,/pfs/data6/home/st/st_us-053000/st_st191959/DL-Lab/DataSet/MTMC_Tracking_2025_Preprocessed/val/Warehouse_016/crops/FourierGR1T2_0627/Camera_04/FourierGR1T2_0627_Camera_04_f007740_r000.jpg,None,23,Warehouse_016__FourierGR1T2_0627,0.23333333333333334,False,False,0.063801534,-0.1588047,0.06380146,-0.15880522,-0.19205528
15,FourierGR1T2_0627,Warehouse_016__FourierGR1T2_0627,124,124,Camera_05,15,Warehouse_016,FourierGR1T2,1,0.6666666666666666,7680,7800,/pfs/data6/home/st/st_us-053000/st_st191959/DL-Lab/DataSet/MTMC_Tracking_2025_Preprocessed/val/Warehouse_016/crops/FourierGR1T2_0627/Camera_05/FourierGR1T2_0627_Camera_05_f007680_r000.jpg,None,-1,NOISE,0.0,True,False,-0.24060224,-0.16976514,-0.2406025,-0.16976544,-0.111013
54,FourierGR1T2_0627,Warehouse_016__FourierGR1T2_0627,124,124,Camera_06,16,Warehouse_016,FourierGR1T2,1,0.6666666666666666,8460,8970,/pfs/data6/home/st/st_us-053000/st_st191959/DL-Lab/DataSet/MTMC_Tracking_2025_Preprocessed/val/Warehouse_016/crops/FourierGR1T2_0627/Camera_06/FourierGR1T2_0627_Camera_06_f008460_r000.jpg,None,23,Warehouse_016__FourierGR1T2_0627,0.23333333333333334,False,False,-0.074985154,-0.124238744,-0.07498544,-0.12423893,-0.109618776
681,FourierGR1T2_0627,Warehouse_016__FourierGR1T2_0627,124,124,Camera_07,17,Warehouse_016,FourierGR1T2,1,0.6226138032305433,0,7800,/pfs/data6/home/st/st_us-053000/st_st191959/DL-Lab/DataSet/MTMC_Tracking_2025_Preprocessed/val/Warehouse_016/crops/FourierGR1T2_0627/Camera_07/FourierGR1T2_0627_Camera_07_f000000_r001.jpg,None,23,Warehouse_016__FourierGR1T2_0627,0.23333333333333334,False,False,0.09683482,-0.1463628,0.09683479,-0.14636311,-0.23275366
16,FourierGR1T2_0627,Warehouse_016__FourierGR1T2_0627,124,124,Camera_09,19,Warehouse_016,FourierGR1T2,1,0.625,7710,8880,/pfs/data6/home/st/st_us-053000/st_st191959/DL-Lab/DataSet/MTMC_Tracking_2025_Preprocessed/val/Warehouse_016/crops/FourierGR1T2_0627/Camera_09/FourierGR1T2_0627_Camera_09_f007710_r000.jpg,None,25,Warehouse_016__FourierGR1T2_0352,0.16666666666666666,False,True,-0.13301985,-0.050227016,-0.13302,-0.050227262,-0.036917545
606,FourierGR1T2_0627,Warehouse_016__FourierGR1T2_0627,124,124,Camera_10,20,Warehouse_016,FourierGR1T2,1,0.6633663366336634,540,7710,/pfs/data6/home/st/st_us-053000/st_st191959/DL-Lab/DataSet/MTMC_Tracking_2025_Preprocessed/val/Warehouse_016/crops/FourierGR1T2_0627/Camera_10/FourierGR1T2_0627_Camera_10_f000540_r001.jpg,None,23,Warehouse_016__FourierGR1T2_0627,0.23333333333333334,False,False,0.013604838,-0.17873362,0.013604484,-0.17873387,-0.1944184
525,FourierGR1T2_0627,Warehouse_016__FourierGR1T2_0627,124,124,Camera_11,21,Warehouse_016,FourierGR1T2,1,0.659047619047619,600,6900,/pfs/data6/home/st/st_us-053000/st_st191959/DL-Lab/DataSet/MTMC_Tracking_2025_Preprocessed/val/Warehouse_016/crops/FourierGR1T2_0627/Camera_11/FourierGR1T2_0627_Camera_11_f000600_r001.jpg,None,23,Warehouse_016__FourierGR1T2_0627,0.23333333333333334,False,False,-0.007793426,-0.15947686,-0.0077937907,-0.15947744,-0.21772665
212,Person_0182,Warehouse_016__Person_0182,125,125,Camera,0,Warehouse_016,Person,1,0.6509433962264151,2520,8970,/pfs/data6/home/st/st_us-053000/st_st191959/DL-Lab/DataSet/MTMC_Tracking_2025_Preprocessed/val/Warehouse_016/crops/Person_0182/Camera/Person_0182_Camera_f002520_r005.jpg,None,-1,NOISE,0.0,True,False,-0.2495472,-0.06621766,-0.24954714,-0.06621782,0.19735402
593,Person_0182,Warehouse_016__Person_0182,125,125,Camera_01,11,Warehouse_016,Person,1,0.6104553119730185,180,8970,/pfs/data6/home/st/st_us-053000/st_st191959/DL-Lab/DataSet/MTMC_Tracking_2025_Preprocessed/val/Warehouse_016/crops/Person_0182/Camera_01/Person_0182_Camera_01_f000180_r005.jpg,None,-1,NOISE,0.0,True,False,-0.2090948,-0.29313186,-0.20909505,-0.2931323,0.23430587
284,Person_0182,Warehouse_016__Person_0182,125,125,Camera_02,12,Warehouse_016,Person,1,0.6549295774647887,0,8580,/pfs/data6/home/st/st_us-053000/st_st191959/DL-Lab/DataSet/MTMC_Tracking_2025_Preprocessed/val/Warehouse_016/crops/Person_0182/Camera_02/Person_0182_Camera_02_f000000_r004.jpg,None,-1,NOISE,0.0,True,False,-0.27773225,-0.020354785,-0.27773184,-0.020354934,0.18722938
591,Person_0182,Warehouse_016__Person_0182,125,125,Camera_03,13,Warehouse_016,Person,1,0.6666666666666666,900,8970,/pfs/data6/home/st/st_us-053000/st_st191959/DL-Lab/DataSet/MTMC_Tracking_2025_Preprocessed/val/Warehouse_016/crops/Person_0182/Camera_03/Person_0182_Camera_03_f000900_r005.jpg,None,95,Warehouse_016__Person_0182,1.0,False,False,-0.11070453,-0.0272628,-0.11070454,-0.027263192,0.30126417
531,Person_0182,Warehouse_016__Person_0182,125,125,Camera_04,14,Warehouse_016,Person,1,0.6516007532956686,180,6150,/pfs/data6/home/st/st_us-053000/st_st191959/DL-Lab/DataSet/MTMC_Tracking_2025_Preprocessed/val/Warehouse_016/crops/Person_0182/Camera_04/Person_0182_Camera_04_f000180_r004.jpg,None,-1,NOISE,0.0,True,False,0.08513161,0.05993675,0.08513154,0.05993696,0.23650159
359,Person_0182,Warehouse_016__Person_0182,125,125,Camera_05,15,Warehouse_016,Person,1,0.6629526462395543,2010,7650,/pfs/data6/home/st/st_us-053000/st_st191959/DL-Lab/DataSet/MTMC_Tracking_2025_Preprocessed/val/Warehouse_016/crops/Person_0182/Camera_05/Person_0182_Camera_05_f002010_r004.jpg,None,-1,NOISE,0.0,True,False,0.048489995,0.04866081,0.048490133,0.048661105,0.23795551
421,Person_0182,Warehouse_016__Person_0182,125,125,Camera_06,16,Warehouse_016,Person,1,0.6555819477434679,0,5220,/pfs/data6/home/st/st_us-053000/st_st191959/DL-Lab/DataSet/MTMC_Tracking_2025_Preprocessed/val/Warehouse_016/crops/Person_0182/Camera_06/Person_0182_Camera_06_f000000_r000.jpg,None,-1,NOISE,0.0,True,False,-0.06865136,-0.015374598,-0.06865139,-0.0153747555,0.2466579
326,Person_0182,Warehouse_016__Person_0182,125,125,Camera_07,17,Warehouse_016,Person,1,0.6380368098159509,5280,8970,/pfs/data6/home/st/st_us-053000/st_st191959/DL-Lab/DataSet/MTMC_Tracking_2025_Preprocessed/val/Warehouse_016/crops/Person_0182/Camera_07/Person_0182_Camera_07_f005280_r005.jpg,None,-1,NOISE,0.0,True,False,-0.00016147521,-0.032430287,-0.00016145778,-0.0324302,0.06969662
307,Person_0182,Warehouse_016__Person_0182,125,125,Camera_08,18,Warehouse_016,Person,1,0.6579804560260586,2040,7560,/pfs/data6/home/st/st_us-053000/st_st191959/DL-Lab/DataSet/MTMC_Tracking_2025_Preprocessed/val/Warehouse_016/crops/Person_0182/Camera_08/Person_0182_Camera_08_f002040_r001.jpg,None,95,Warehouse_016__Person_0182,1.0,False,False,-0.018997801,0.023361491,-0.018997632,0.023361636,0.24520205
359,Person_0182,Warehouse_016__Person_0182,125,125,Camera_09,19,Warehouse_016,Person,1,0.6183844011142061,0,7620,/pfs/data6/home/st/st_us-053000/st_st191959/DL-Lab/DataSet/MTMC_Tracking_2025_Preprocessed/val/Warehouse_016/crops/Person_0182/Camera_09/Person_0182_Camera_09_f000000_r004.jpg,None,25,Warehouse_016__FourierGR1T2_0352,0.16666666666666666,False,True,0.09909528,-0.04077369,0.09909537,-0.040773634,-0.020627214
281,Person_0182,Warehouse_016__Person_0182,125,125,Camera_10,20,Warehouse_016,Person,1,0.6548042704626335,6090,8970,/pfs/data6/home/st/st_us-053000/st_st191959/DL-Lab/DataSet/MTMC_Tracking_2025_Preprocessed/val/Warehouse_016/crops/Person_0182/Camera_10/Person_0182_Camera_10_f006090_r005.jpg,None,95,Warehouse_016__Person_0182,1.0,False,False,-0.03926833,-0.015171291,-0.039268427,-0.015171432,0.3098387
159,Person_0182,Warehouse_016__Person_0182,125,125,Camera_11,21,Warehouse_016,Person,1,0.6666666666666666,6420,8970,/pfs/data6/home/st/st_us-053000/st_st191959/DL-Lab/DataSet/MTMC_Tracking_2025_Preprocessed/val/Warehouse_016/crops/Person_0182/Camera_11/Person_0182_Camera_11_f006420_r003.jpg,None,95,Warehouse_016__Person_0182,1.0,False,False,-0.08450595,-0.046745487,-0.08450603,-0.046745982,0.31567097
697,Person_0350,Warehouse_016__Person_0350,126,126,Camera,0,Warehouse_016,Person,1,0.6599713055954088,0,8970,/pfs/data6/home/st/st_us-053000/st_st191959/DL-Lab/DataSet/MTMC_Tracking_2025_Preprocessed/val/Warehouse_016/crops/Person_0350/Camera/Person_0350_Camera_f000000_r006.jpg,None,-1,NOISE,0.0,True,False,-0.3103839,0.16110203,-0.31038392,0.16110307,0.18515006
625,Person_0350,Warehouse_016__Person_0350,126,126,Camera_01,11,Warehouse_016,Person,1,0.6624,210,8970,/pfs/data6/home/st/st_us-053000/st_st191959/DL-Lab/DataSet/MTMC_Tracking_2025_Preprocessed/val/Warehouse_016/crops/Person_0350/Camera_01/Person_0350_Camera_01_f000210_r008.jpg,None,-1,NOISE,0.0,True,False,-0.25869974,0.21136272,-0.25869998,0.2113638,0.13591984
521,Person_0350,Warehouse_016__Person_0350,126,126,Camera_02,12,Warehouse_016,Person,1,0.6641074856046065,2040,8970,/pfs/data6/home/st/st_us-053000/st_st191959/DL-Lab/DataSet/MTMC_Tracking_2025_Preprocessed/val/Warehouse_016/crops/Person_0350/Camera_02/Person_0350_Camera_02_f002040_r005.jpg,None,-1,NOISE,0.0,True,False,-0.22065526,0.26066753,-0.22065544,0.26066828,0.13149883
608,Person_0350,Warehouse_016__Person_0350,126,126,Camera_03,13,Warehouse_016,Person,1,0.6546052631578947,0,8970,/pfs/data6/home/st/st_us-053000/st_st191959/DL-Lab/DataSet/MTMC_Tracking_2025_Preprocessed/val/Warehouse_016/crops/Person_0350/Camera_03/Person_0350_Camera_03_f000000_r006.jpg,None,55,Warehouse_016__Person_0350,1.0,False,False,-0.06535067,0.13950196,-0.06535048,0.13950315,0.07744705
273,Person_0350,Warehouse_016__Person_0350,126,126,Camera_04,14,Warehouse_016,Person,1,0.6666666666666666,6270,8970,/pfs/data6/home/st/st_us-053000/st_st191959/DL-Lab/DataSet/MTMC_Tracking_2025_Preprocessed/val/Warehouse_016/crops/Person_0350/Camera_04/Person_0350_Camera_04_f006270_r004.jpg,None,55,Warehouse_016__Person_0350,1.0,False,False,-0.10841172,0.28969532,-0.10841172,0.28969625,0.16123365
249,Person_0350,Warehouse_016__Person_0350,126,126,Camera_05,15,Warehouse_016,Person,1,0.6666666666666666,0,4860,/pfs/data6/home/st/st_us-053000/st_st191959/DL-Lab/DataSet/MTMC_Tracking_2025_Preprocessed/val/Warehouse_016/crops/Person_0350/Camera_05/Person_0350_Camera_05_f000000_r004.jpg,None,55,Warehouse_016__Person_0350,1.0,False,False,-0.03170864,0.27188104,-0.0317086,0.27188194,0.13288233
99,Person_0350,Warehouse_016__Person_0350,126,126,Camera_06,16,Warehouse_016,Person,1,0.6666666666666666,7140,8670,/pfs/data6/home/st/st_us-053000/st_st191959/DL-Lab/DataSet/MTMC_Tracking_2025_Preprocessed/val/Warehouse_016/crops/Person_0350/Camera_06/Person_0350_Camera_06_f007140_r001.jpg,None,-1,NOISE,0.0,True,False,-0.35565358,-0.0043960484,-0.3556533,-0.0043948777,0.15442392
618,Person_0350,Warehouse_016__Person_0350,126,126,Camera_07,17,Warehouse_016,Person,1,0.627831715210356,0,7080,/pfs/data6/home/st/st_us-053000/st_st191959/DL-Lab/DataSet/MTMC_Tracking_2025_Preprocessed/val/Warehouse_016/crops/Person_0350/Camera_07/Person_0350_Camera_07_f000000_r006.jpg,None,-1,NOISE,0.0,True,False,0.03740227,0.32570663,0.03740214,0.32570785,0.11491357
61,Person_0350,Warehouse_016__Person_0350,126,126,Camera_08,18,Warehouse_016,Person,1,0.6557377049180327,690,4140,/pfs/data6/home/st/st_us-053000/st_st191959/DL-Lab/DataSet/MTMC_Tracking_2025_Preprocessed/val/Warehouse_016/crops/Person_0350/Camera_08/Person_0350_Camera_08_f000690_r002.jpg,None,-1,NOISE,0.0,True,False,-0.13223591,0.18683068,-0.1322357,0.18683043,0.08828683
135,Person_0350,Warehouse_016__Person_0350,126,126,Camera_09,19,Warehouse_016,Person,1,0.6222222222222222,0,4830,/pfs/data6/home/st/st_us-053000/st_st191959/DL-Lab/DataSet/MTMC_Tracking_2025_Preprocessed/val/Warehouse_016/crops/Person_0350/Camera_09/Person_0350_Camera_09_f000000_r006.jpg,None,25,Warehouse_016__FourierGR1T2_0352,0.16666666666666666,False,True,0.03499115,0.13730453,0.03499128,0.137305,-0.122112826
625,Person_0350,Warehouse_016__Person_0350,126,126,Camera_10,20,Warehouse_016,Person,1,0.6656,0,6240,/pfs/data6/home/st/st_us-053000/st_st191959/DL-Lab/DataSet/MTMC_Tracking_2025_Preprocessed/val/Warehouse_016/crops/Person_0350/Camera_10/Person_0350_Camera_10_f000000_r005.jpg,None,55,Warehouse_016__Person_0350,1.0,False,False,-0.062452573,0.29067063,-0.06245272,0.29067177,0.14676231
529,Person_0350,Warehouse_016__Person_0350,126,126,Camera_11,21,Warehouse_016,Person,1,0.6616257088846881,0,6210,/pfs/data6/home/st/st_us-053000/st_st191959/DL-Lab/DataSet/MTMC_Tracking_2025_Preprocessed/val/Warehouse_016/crops/Person_0350/Camera_11/Person_0350_Camera_11_f000000_r003.jpg,None,55,Warehouse_016__Person_0350,1.0,False,False,-0.019584818,0.31565076,-0.01958491,0.3156516,0.13367984
802,Person_0351,Warehouse_016__Person_0351,127,127,Camera,0,Warehouse_016,Person,1,0.6633416458852868,240,8970,/pfs/data6/home/st/st_us-053000/st_st191959/DL-Lab/DataSet/MTMC_Tracking_2025_Preprocessed/val/Warehouse_016/crops/Person_0351/Camera/Person_0351_Camera_f000240_r006.jpg,None,-1,NOISE,0.0,True,False,-0.21320295,-0.035162766,-0.21320269,-0.03516269,0.0356878
523,Person_0351,Warehouse_016__Person_0351,127,127,Camera_01,11,Warehouse_016,Person,1,0.6577437858508605,240,8970,/pfs/data6/home/st/st_us-053000/st_st191959/DL-Lab/DataSet/MTMC_Tracking_2025_Preprocessed/val/Warehouse_016/crops/Person_0351/Camera_01/Person_0351_Camera_01_f000240_r008.jpg,None,-1,NOISE,0.0,True,False,-0.3085409,0.041793957,-0.30854082,0.04179433,-0.0023738868
418,Person_0351,Warehouse_016__Person_0351,127,127,Camera_02,12,Warehouse_016,Person,1,0.6650717703349283,660,8970,/pfs/data6/home/st/st_us-053000/st_st191959/DL-Lab/DataSet/MTMC_Tracking_2025_Preprocessed/val/Warehouse_016/crops/Person_0351/Camera_02/Person_0351_Camera_02_f000660_r005.jpg,None,-1,NOISE,0.0,True,False,-0.37018675,-0.10447757,-0.37018657,-0.10447812,0.0798279
526,Person_0351,Warehouse_016__Person_0351,127,127,Camera_03,13,Warehouse_016,Person,1,0.6387832699619772,180,8970,/pfs/data6/home/st/st_us-053000/st_st191959/DL-Lab/DataSet/MTMC_Tracking_2025_Preprocessed/val/Warehouse_016/crops/Person_0351/Camera_03/Person_0351_Camera_03_f000180_r006.jpg,None,-1,NOISE,0.0,True,False,-0.23831245,-0.13975509,-0.23831224,-0.13975531,-0.13225955
70,Person_0351,Warehouse_016__Person_0351,127,127,Camera_05,15,Warehouse_016,Person,1,0.6571428571428571,0,1140,/pfs/data6/home/st/st_us-053000/st_st191959/DL-Lab/DataSet/MTMC_Tracking_2025_Preprocessed/val/Warehouse_016/crops/Person_0351/Camera_05/Person_0351_Camera_05_f000000_r003.jpg,None,35,Warehouse_016__Person_0351,1.0,False,False,-0.08426848,0.021484438,-0.08426817,0.02148459,0.0013883794
754,Person_0351,Warehouse_016__Person_0351,127,127,Camera_07,17,Warehouse_016,Person,1,0.6180371352785146,180,8970,/pfs/data6/home/st/st_us-053000/st_st191959/DL-Lab/DataSet/MTMC_Tracking_2025_Preprocessed/val/Warehouse_016/crops/Person_0351/Camera_07/Person_0351_Camera_07_f000180_r007.jpg,None,-1,NOISE,0.0,True,False,-0.01467064,0.10925695,-0.014670318,0.10925749,-0.0528007
24,Person_0351,Warehouse_016__Person_0351,127,127,Camera_08,18,Warehouse_016,Person,1,0.6666666666666666,0,210,/pfs/data6/home/st/st_us-053000/st_st191959/DL-Lab/DataSet/MTMC_Tracking_2025_Preprocessed/val/Warehouse_016/crops/Person_0351/Camera_08/Person_0351_Camera_08_f000000_r002.jpg,None,-1,NOISE,0.0,True,False,-0.09135104,-0.012586082,-0.0913507,-0.012586619,-0.1172749
31,Person_0351,Warehouse_016__Person_0351,127,127,Camera_09,19,Warehouse_016,Person,1,0.6451612903225806,0,300,/pfs/data6/home/st/st_us-053000/st_st191959/DL-Lab/DataSet/MTMC_Tracking_2025_Preprocessed/val/Warehouse_016/crops/Person_0351/Camera_09/Person_0351_Camera_09_f000000_r005.jpg,None,-1,NOISE,0.0,True,False,-0.1051397,0.082742564,-0.10513912,0.08274237,-0.17640558
734,Person_0351,Warehouse_016__Person_0351,127,127,Camera_10,20,Warehouse_016,Person,1,0.662125340599455,0,8550,/pfs/data6/home/st/st_us-053000/st_st191959/DL-Lab/DataSet/MTMC_Tracking_2025_Preprocessed/val/Warehouse_016/crops/Person_0351/Camera_10/Person_0351_Camera_10_f000000_r004.jpg,None,35,Warehouse_016__Person_0351,1.0,False,False,-0.09333634,0.081120074,-0.09333606,0.081120394,-0.015047554
708,Person_0351,Warehouse_016__Person_0351,127,127,Camera_11,21,Warehouse_016,Person,1,0.6638418079096046,0,8370,/pfs/data6/home/st/st_us-053000/st_st191959/DL-Lab/DataSet/MTMC_Tracking_2025_Preprocessed/val/Warehouse_016/crops/Person_0351/Camera_11/Person_0351_Camera_11_f000000_r002.jpg,None,35,Warehouse_016__Person_0351,1.0,False,False,-0.13330336,0.1607862,-0.13330323,0.16078612,0.010785523
532,Person_0625,Warehouse_016__Person_0625,128,128,Camera,0,Warehouse_016,Person,1,0.6578947368421053,0,6090,/pfs/data6/home/st/st_us-053000/st_st191959/DL-Lab/DataSet/MTMC_Tracking_2025_Preprocessed/val/Warehouse_016/crops/Person_0625/Camera/Person_0625_Camera_f000000_r004.jpg,None,14,Hospital_000__Person_0022,0.5263157894736842,False,True,-0.35043558,0.11436149,-0.35043618,0.11436177,0.17818263
507,Person_0625,Warehouse_016__Person_0625,128,128,Camera_01,11,Warehouse_016,Person,1,0.6469428007889546,240,8850,/pfs/data6/home/st/st_us-053000/st_st191959/DL-Lab/DataSet/MTMC_Tracking_2025_Preprocessed/val/Warehouse_016/crops/Person_0625/Camera_01/Person_0625_Camera_01_f000240_r005.jpg,None,-1,NOISE,0.0,True,False,-0.41596317,0.113953084,-0.4159636,0.11395333,0.104083166
428,Person_0625,Warehouse_016__Person_0625,128,128,Camera_02,12,Warehouse_016,Person,1,0.6448598130841121,240,8520,/pfs/data6/home/st/st_us-053000/st_st191959/DL-Lab/DataSet/MTMC_Tracking_2025_Preprocessed/val/Warehouse_016/crops/Person_0625/Camera_02/Person_0625_Camera_02_f000240_r004.jpg,None,-1,NOISE,0.0,True,False,-0.4050481,0.09284724,-0.4050485,0.09284698,0.056872007
451,Person_0625,Warehouse_016__Person_0625,128,128,Camera_03,13,Warehouse_016,Person,1,0.5986696230598669,270,8970,/pfs/data6/home/st/st_us-053000/st_st191959/DL-Lab/DataSet/MTMC_Tracking_2025_Preprocessed/val/Warehouse_016/crops/Person_0625/Camera_03/Person_0625_Camera_03_f000270_r004.jpg,None,14,Hospital_000__Person_0022,0.5263157894736842,False,True,-0.30993515,0.10791928,-0.30993566,0.10791937,0.11620127
349,Person_0625,Warehouse_016__Person_0625,128,128,Camera_04,14,Warehouse_016,Person,1,0.664756446991404,5340,8970,/pfs/data6/home/st/st_us-053000/st_st191959/DL-Lab/DataSet/MTMC_Tracking_2025_Preprocessed/val/Warehouse_016/crops/Person_0625/Camera_04/Person_0625_Camera_04_f005340_r002.jpg,None,14,Hospital_000__Person_0022,0.5263157894736842,False,True,-0.24786894,0.11452011,-0.24786966,0.11452022,0.20724371
127,Person_0625,Warehouse_016__Person_0625,128,128,Camera_05,15,Warehouse_016,Person,1,0.6614173228346457,4950,7680,/pfs/data6/home/st/st_us-053000/st_st191959/DL-Lab/DataSet/MTMC_Tracking_2025_Preprocessed/val/Warehouse_016/crops/Person_0625/Camera_05/Person_0625_Camera_05_f004950_r003.jpg,None,14,Hospital_000__Person_0022,0.5263157894736842,False,True,-0.313579,0.078748226,-0.31357923,0.07874841,0.23327138
268,Person_0625,Warehouse_016__Person_0625,128,128,Camera_06,16,Warehouse_016,Person,1,0.664179104477612,6090,8970,/pfs/data6/home/st/st_us-053000/st_st191959/DL-Lab/DataSet/MTMC_Tracking_2025_Preprocessed/val/Warehouse_016/crops/Person_0625/Camera_06/Person_0625_Camera_06_f006090_r000.jpg,None,-1,NOISE,0.0,True,False,-0.24434687,0.054693565,-0.24434689,0.05469345,0.13036855
475,Person_0625,Warehouse_016__Person_0625,128,128,Camera_07,17,Warehouse_016,Person,1,0.6063157894736843,60,6030,/pfs/data6/home/st/st_us-053000/st_st191959/DL-Lab/DataSet/MTMC_Tracking_2025_Preprocessed/val/Warehouse_016/crops/Person_0625/Camera_07/Person_0625_Camera_07_f000060_r005.jpg,None,14,Hospital_000__Person_0022,0.5263157894736842,False,True,-0.06576146,0.10414686,-0.065761775,0.10414719,0.12002022
117,Person_0625,Warehouse_016__Person_0625,128,128,Camera_08,18,Warehouse_016,Person,1,0.6666666666666666,5280,8040,/pfs/data6/home/st/st_us-053000/st_st191959/DL-Lab/DataSet/MTMC_Tracking_2025_Preprocessed/val/Warehouse_016/crops/Person_0625/Camera_08/Person_0625_Camera_08_f005280_r000.jpg,None,14,Hospital_000__Person_0022,0.5263157894736842,False,True,-0.36036673,0.02984212,-0.3603671,0.029842254,0.2716763
230,Person_0625,Warehouse_016__Person_0625,128,128,Camera_09,19,Warehouse_016,Person,1,0.6434782608695652,5010,8820,/pfs/data6/home/st/st_us-053000/st_st191959/DL-Lab/DataSet/MTMC_Tracking_2025_Preprocessed/val/Warehouse_016/crops/Person_0625/Camera_09/Person_0625_Camera_09_f005010_r002.jpg,None,14,Hospital_000__Person_0022,0.5263157894736842,False,True,-0.20256525,0.14104572,-0.20256606,0.14104563,0.12181011
426,Person_0625,Warehouse_016__Person_0625,128,128,Camera_10,20,Warehouse_016,Person,1,0.6619718309859155,0,5790,/pfs/data6/home/st/st_us-053000/st_st191959/DL-Lab/DataSet/MTMC_Tracking_2025_Preprocessed/val/Warehouse_016/crops/Person_0625/Camera_10/Person_0625_Camera_10_f000000_r003.jpg,None,14,Hospital_000__Person_0022,0.5263157894736842,False,True,-0.2591213,0.10211329,-0.25912192,0.10211347,0.21079566
526,Person_0625,Warehouse_016__Person_0625,128,128,Camera_11,21,Warehouse_016,Person,1,0.6653992395437263,0,5280,/pfs/data6/home/st/st_us-053000/st_st191959/DL-Lab/DataSet/MTMC_Tracking_2025_Preprocessed/val/Warehouse_016/crops/Person_0625/Camera_11/Person_0625_Camera_11_f000000_r001.jpg,None,14,Hospital_000__Person_0022,0.5263157894736842,False,True,-0.25423238,0.12570892,-0.25423306,0.12570913,0.20466504
883,Person_0699,Warehouse_016__Person_0699,129,129,Camera,0,Warehouse_016,Person,1,0.665911664779162,0,8970,/pfs/data6/home/st/st_us-053000/st_st191959/DL-Lab/DataSet/MTMC_Tracking_2025_Preprocessed/val/Warehouse_016/crops/Person_0699/Camera/Person_0699_Camera_f000000_r005.jpg,None,8,Warehouse_016__Person_0699,1.0,False,False,-0.26445875,-0.043644562,-0.2644583,-0.043644838,-0.06337965
711,Person_0699,Warehouse_016__Person_0699,129,129,Camera_01,11,Warehouse_016,Person,1,0.6638537271448663,0,8970,/pfs/data6/home/st/st_us-053000/st_st191959/DL-Lab/DataSet/MTMC_Tracking_2025_Preprocessed/val/Warehouse_016/crops/Person_0699/Camera_01/Person_0699_Camera_01_f000000_r006.jpg,None,8,Warehouse_016__Person_0699,1.0,False,False,-0.2937361,-0.061226707,-0.29373565,-0.06122697,-0.05475531
624,Person_0699,Warehouse_016__Person_0699,129,129,Camera_02,12,Warehouse_016,Person,1,0.657051282051282,0,8970,/pfs/data6/home/st/st_us-053000/st_st191959/DL-Lab/DataSet/MTMC_Tracking_2025_Preprocessed/val/Warehouse_016/crops/Person_0699/Camera_02/Person_0699_Camera_02_f000000_r005.jpg,None,8,Warehouse_016__Person_0699,1.0,False,False,-0.35227206,0.021671802,-0.35227174,0.021671642,-0.12132837
678,Person_0699,Warehouse_016__Person_0699,129,129,Camera_03,13,Warehouse_016,Person,1,0.6578171091445427,0,8970,/pfs/data6/home/st/st_us-053000/st_st191959/DL-Lab/DataSet/MTMC_Tracking_2025_Preprocessed/val/Warehouse_016/crops/Person_0699/Camera_03/Person_0699_Camera_03_f000000_r004.jpg,None,8,Warehouse_016__Person_0699,1.0,False,False,-0.20548724,-0.02088697,-0.20548688,-0.020886945,-0.07479559
239,Person_0699,Warehouse_016__Person_0699,129,129,Camera_04,14,Warehouse_016,Person,1,0.6276150627615062,0,8310,/pfs/data6/home/st/st_us-053000/st_st191959/DL-Lab/DataSet/MTMC_Tracking_2025_Preprocessed/val/Warehouse_016/crops/Person_0699/Camera_04/Person_0699_Camera_04_f000000_r005.jpg,None,8,Warehouse_016__Person_0699,1.0,False,False,-0.24761759,-0.053580128,-0.24761723,-0.053580265,-0.04247505
233,Person_0699,Warehouse_016__Person_0699,129,129,Camera_05,15,Warehouse_016,Person,1,0.6609442060085837,4770,8970,/pfs/data6/home/st/st_us-053000/st_st191959/DL-Lab/DataSet/MTMC_Tracking_2025_Preprocessed/val/Warehouse_016/crops/Person_0699/Camera_05/Person_0699_Camera_05_f004770_r002.jpg,None,8,Warehouse_016__Person_0699,1.0,False,False,-0.27444345,-0.03420596,-0.27444324,-0.034206145,-0.046301786
870,Person_0699,Warehouse_016__Person_0699,129,129,Camera_07,17,Warehouse_016,Person,1,0.6666666666666666,90,8970,/pfs/data6/home/st/st_us-053000/st_st191959/DL-Lab/DataSet/MTMC_Tracking_2025_Preprocessed/val/Warehouse_016/crops/Person_0699/Camera_07/Person_0699_Camera_07_f000090_r006.jpg,None,8,Warehouse_016__Person_0699,1.0,False,False,-0.1451725,0.043546934,-0.14517193,0.04354747,-0.0572177
15,Person_0699,Warehouse_016__Person_0699,129,129,Camera_08,18,Warehouse_016,Person,1,0.6666666666666666,5490,5610,/pfs/data6/home/st/st_us-053000/st_st191959/DL-Lab/DataSet/MTMC_Tracking_2025_Preprocessed/val/Warehouse_016/crops/Person_0699/Camera_08/Person_0699_Camera_08_f005490_r002.jpg,None,-1,NOISE,0.0,True,False,0.046396364,-0.027705183,0.04639671,-0.02770483,-0.11851842
154,Person_0699,Warehouse_016__Person_0699,129,129,Camera_09,19,Warehouse_016,Person,1,0.5454545454545454,4860,8970,/pfs/data6/home/st/st_us-053000/st_st191959/DL-Lab/DataSet/MTMC_Tracking_2025_Preprocessed/val/Warehouse_016/crops/Person_0699/Camera_09/Person_0699_Camera_09_f004860_r002.jpg,None,-1,NOISE,0.0,True,False,-0.0075793634,0.0014915193,-0.0075794808,0.0014915529,-0.1395532
561,Person_0699,Warehouse_016__Person_0699,129,129,Camera_10,20,Warehouse_016,Person,1,0.6666666666666666,480,8970,/pfs/data6/home/st/st_us-053000/st_st191959/DL-Lab/DataSet/MTMC_Tracking_2025_Preprocessed/val/Warehouse_016/crops/Person_0699/Camera_10/Person_0699_Camera_10_f000480_r005.jpg,None,8,Warehouse_016__Person_0699,1.0,False,False,-0.2366586,0.039550193,-0.23665813,0.039550256,-0.016427299
492,Person_0699,Warehouse_016__Person_0699,129,129,Camera_11,21,Warehouse_016,Person,1,0.6666666666666666,510,5610,/pfs/data6/home/st/st_us-053000/st_st191959/DL-Lab/DataSet/MTMC_Tracking_2025_Preprocessed/val/Warehouse_016/crops/Person_0699/Camera_11/Person_0699_Camera_11_f000510_r003.jpg,None,8,Warehouse_016__Person_0699,1.0,False,False,-0.22024213,0.051805563,-0.22024176,0.05180581,-0.0227446
900,Transporter_0349,Warehouse_016__Transporter_0349,130,130,Camera,0,Warehouse_016,Transporter,1,0.6666666666666666,0,8970,/pfs/data6/home/st/st_us-053000/st_st191959/DL-Lab/DataSet/MTMC_Tracking_2025_Preprocessed/val/Warehouse_016/crops/Transporter_0349/Camera/Transporter_0349_Camera_f000000_r003.jpg,None,-1,NOISE,0.0,True,False,-0.20599729,0.050005235,-0.20599726,0.05000365,-0.04676774
900,Transporter_0349,Warehouse_016__Transporter_0349,130,130,Camera_01,11,Warehouse_016,Transporter,1,0.6666666666666666,0,8970,/pfs/data6/home/st/st_us-053000/st_st191959/DL-Lab/DataSet/MTMC_Tracking_2025_Preprocessed/val/Warehouse_016/crops/Transporter_0349/Camera_01/Transporter_0349_Camera_01_f000000_r004.jpg,None,-1,NOISE,0.0,True,False,-0.36764672,-0.077948146,-0.36764625,-0.077950075,-0.1570789
900,Transporter_0349,Warehouse_016__Transporter_0349,130,130,Camera_02,12,Warehouse_016,Transporter,1,0.6666666666666666,0,8970,/pfs/data6/home/st/st_us-053000/st_st191959/DL-Lab/DataSet/MTMC_Tracking_2025_Preprocessed/val/Warehouse_016/crops/Transporter_0349/Camera_02/Transporter_0349_Camera_02_f000000_r003.jpg,None,-1,NOISE,0.0,True,False,-0.21284997,-0.13309416,-0.2128497,-0.13309571,-0.09097535
900,Transporter_0349,Warehouse_016__Transporter_0349,130,130,Camera_03,13,Warehouse_016,Transporter,1,0.6666666666666666,0,8970,/pfs/data6/home/st/st_us-053000/st_st191959/DL-Lab/DataSet/MTMC_Tracking_2025_Preprocessed/val/Warehouse_016/crops/Transporter_0349/Camera_03/Transporter_0349_Camera_03_f000000_r003.jpg,None,-1,NOISE,0.0,True,False,-0.2594382,0.018908108,-0.25943816,0.018906763,-0.06788392
900,Transporter_0349,Warehouse_016__Transporter_0349,130,130,Camera_04,14,Warehouse_016,Transporter,1,0.6666666666666666,0,8970,/pfs/data6/home/st/st_us-053000/st_st191959/DL-Lab/DataSet/MTMC_Tracking_2025_Preprocessed/val/Warehouse_016/crops/Transporter_0349/Camera_04/Transporter_0349_Camera_04_f000000_r003.jpg,None,-1,NOISE,0.0,True,False,-0.3068321,-0.08938562,-0.306832,-0.08938643,-0.1322507
900,Transporter_0349,Warehouse_016__Transporter_0349,130,130,Camera_05,15,Warehouse_016,Transporter,1,0.6666666666666666,0,8970,/pfs/data6/home/st/st_us-053000/st_st191959/DL-Lab/DataSet/MTMC_Tracking_2025_Preprocessed/val/Warehouse_016/crops/Transporter_0349/Camera_05/Transporter_0349_Camera_05_f000000_r002.jpg,None,5,Warehouse_015__Transporter_0007,0.7692307692307693,False,True,-0.25064778,-0.023180224,-0.2506475,-0.023181934,-0.10229926
900,Transporter_0349,Warehouse_016__Transporter_0349,130,130,Camera_09,19,Warehouse_016,Transporter,1,0.6666666666666666,0,8970,/pfs/data6/home/st/st_us-053000/st_st191959/DL-Lab/DataSet/MTMC_Tracking_2025_Preprocessed/val/Warehouse_016/crops/Transporter_0349/Camera_09/Transporter_0349_Camera_09_f000000_r003.jpg,None,5,Warehouse_015__Transporter_0007,0.7692307692307693,False,True,-0.26717675,0.044655968,-0.26717618,0.044655316,-0.08723039
