query_index,query_id,query_camera,top1_index,top1_id,top1_camera,top1_score,top1_correct,ap
0,Hospital_000__Person_0000,Camera,490,Hospital_000__Person_0034,Camera_07,0.9852723479270935,0,0.4093384427049353
1,Hospital_000__Person_0000,Camera_03,10,Hospital_000__Person_0000,Camera_24,0.9935733079910278,1,0.7029302184604432
2,Hospital_000__Person_0000,Camera_04,332,Hospital_000__Person_0022,Camera_27,0.9599876403808594,0,0.07158775789228898
3,Hospital_000__Person_0000,Camera_05,10,Hospital_000__Person_0000,Camera_24,0.9873520731925964,1,0.6384187537162462
4,Hospital_000__Person_0000,Camera_06,11,Hospital_000__Person_0000,Camera_26,0.9925220608711243,1,0.5777172197070856
5,Hospital_000__Person_0000,Camera_08,7,Hospital_000__Person_0000,Camera_20,0.9782232642173767,1,0.567941543548132
6,Hospital_000__Person_0000,Camera_09,11,Hospital_000__Person_0000,Camera_26,0.9910878539085388,1,0.6891376598133971
7,Hospital_000__Person_0000,Camera_20,5,Hospital_000__Person_0000,Camera_08,0.9782232642173767,1,0.3790435396204323
8,Hospital_000__Person_0000,Camera_22,10,Hospital_000__Person_0000,Camera_24,0.9929648637771606,1,0.6320029536294456
9,Hospital_000__Person_0000,Camera_23,488,Hospital_000__Person_0034,Camera_03,0.9304035902023315,0,0.04170285442755455
10,Hospital_000__Person_0000,Camera_24,1,Hospital_000__Person_0000,Camera_03,0.9935733079910278,1,0.6577956199113798
11,Hospital_000__Person_0000,Camera_26,4,Hospital_000__Person_0000,Camera_06,0.9925220608711243,1,0.5819919581869408
12,Hospital_000__Person_0000,Camera_27,5,Hospital_000__Person_0000,Camera_08,0.9749827980995178,1,0.4783333897600445
13,Hospital_000__Person_0000,Camera_31,436,Hospital_000__Person_0030,Camera_08,0.9086678624153137,0,0.21975041806029874
14,Hospital_000__Person_0001,Camera_03,253,Hospital_000__Person_0017,Camera_24,0.8525812029838562,0,0.038877879400989426
15,Hospital_000__Person_0001,Camera_04,25,Hospital_000__Person_0001,Camera_29,0.9734976887702942,1,0.5147712671630756
16,Hospital_000__Person_0001,Camera_07,20,Hospital_000__Person_0001,Camera_21,0.9821316003799438,1,0.4620299241355903
17,Hospital_000__Person_0001,Camera_10,23,Hospital_000__Person_0001,Camera_25,0.9700362682342529,1,0.6173837579751977
18,Hospital_000__Person_0001,Camera_16,20,Hospital_000__Person_0001,Camera_21,0.9829577803611755,1,0.5414715037941313
19,Hospital_000__Person_0001,Camera_19,157,Hospital_000__Person_0011,Camera_03,0.97109454870224,0,0.039820617223427814
20,Hospital_000__Person_0001,Camera_21,25,Hospital_000__Person_0001,Camera_29,0.9890154600143433,1,0.4823239565655871
21,Hospital_000__Person_0001,Camera_23,23,Hospital_000__Person_0001,Camera_25,0.9864152669906616,1,0.5648586725122322
22,Hospital_000__Person_0001,Camera_24,199,Hospital_000__Person_0014,Camera_03,0.9379837512969971,0,0.047417368760625495
23,Hospital_000__Person_0001,Camera_25,21,Hospital_000__Person_0001,Camera_23,0.9864152669906616,1,0.5663183339017203
24,Hospital_000__Person_0001,Camera_28,165,Hospital_000__Person_0011,Camera_24,0.9479562640190125,0,0.0918881845151597
25,Hospital_000__Person_0001,Camera_29,20,Hospital_000__Person_0001,Camera_21,0.9890154600143433,1,0.5869272597534134
26,Hospital_000__Person_0001,Camera_30,489,Hospital_000__Person_0034,Camera_04,0.9612682461738586,0,0.010943950886974252
27,Hospital_000__Person_0002,Camera,40,Hospital_000__Person_0002,Camera_26,0.8558467030525208,1,0.43099063743361554
28,Hospital_000__Person_0002,Camera_03,37,Hospital_000__Person_0002,Camera_22,0.9840446710586548,1,0.8510512049311202
29,Hospital_000__Person_0002,Camera_04,390,Hospital_000__Person_0027,Camera,0.9627538919448853,0,0.020156591305977266
30,Hospital_000__Person_0002,Camera_05,40,Hospital_000__Person_0002,Camera_26,0.9237267374992371,1,0.4402206100443797
31,Hospital_000__Person_0002,Camera_07,35,Hospital_000__Person_0002,Camera_19,0.9679489135742188,1,0.7667571293525121
32,Hospital_000__Person_0002,Camera_08,42,Hospital_000__Person_0002,Camera_28,0.9610868096351624,1,0.723849543258952
33,Hospital_000__Person_0002,Camera_16,36,Hospital_000__Person_0002,Camera_21,0.9742158651351929,1,0.5205290236736881
34,Hospital_000__Person_0002,Camera_18,35,Hospital_000__Person_0002,Camera_19,0.9686587452888489,1,0.6503833762380591
35,Hospital_000__Person_0002,Camera_19,36,Hospital_000__Person_0002,Camera_21,0.977306604385376,1,0.7917043018626171
36,Hospital_000__Person_0002,Camera_21,35,Hospital_000__Person_0002,Camera_19,0.977306604385376,1,0.6030698199988507
37,Hospital_000__Person_0002,Camera_22,28,Hospital_000__Person_0002,Camera_03,0.9840446710586548,1,0.7920348620108856
38,Hospital_000__Person_0002,Camera_23,35,Hospital_000__Person_0002,Camera_19,0.9525977373123169,1,0.5628700934985037
39,Hospital_000__Person_0002,Camera_24,28,Hospital_000__Person_0002,Camera_03,0.9800407886505127,1,0.8465714748957545
40,Hospital_000__Person_0002,Camera_26,30,Hospital_000__Person_0002,Camera_05,0.9237267374992371,1,0.5695255749391807
41,Hospital_000__Person_0002,Camera_27,36,Hospital_000__Person_0002,Camera_21,0.9663560390472412,1,0.5136446309919465
42,Hospital_000__Person_0002,Camera_28,32,Hospital_000__Person_0002,Camera_08,0.9610868096351624,1,0.8122465254044201
43,Hospital_000__Person_0002,Camera_29,36,Hospital_000__Person_0002,Camera_21,0.9726997017860413,1,0.5325382328617202
44,Hospital_000__Person_0003,Camera,46,Hospital_000__Person_0003,Camera_04,0.9768714308738708,1,0.391704738987649
45,Hospital_000__Person_0003,Camera_03,52,Hospital_000__Person_0003,Camera_19,0.9833548069000244,1,0.4981968890227301
46,Hospital_000__Person_0003,Camera_04,360,Hospital_000__Person_0024,Camera_27,0.9802188873291016,0,0.4254963512628826
47,Hospital_000__Person_0003,Camera_05,56,Hospital_000__Person_0003,Camera_24,0.9741935729980469,1,0.35655184331517864
48,Hospital_000__Person_0003,Camera_06,52,Hospital_000__Person_0003,Camera_19,0.9767963290214539,1,0.6902007640134752
49,Hospital_000__Person_0003,Camera_08,54,Hospital_000__Person_0003,Camera_22,0.9783797264099121,1,0.4808313837249635
50,Hospital_000__Person_0003,Camera_09,54,Hospital_000__Person_0003,Camera_22,0.976808488368988,1,0.6264023891859787
51,Hospital_000__Person_0003,Camera_18,52,Hospital_000__Person_0003,Camera_19,0.9642759561538696,1,0.5004209291004584
52,Hospital_000__Person_0003,Camera_19,45,Hospital_000__Person_0003,Camera_03,0.9833548069000244,1,0.5351704030896958
53,Hospital_000__Person_0003,Camera_20,480,Hospital_000__Person_0033,Camera_23,0.9493252635002136,0,0.02336117582364168
54,Hospital_000__Person_0003,Camera_22,354,Hospital_000__Person_0024,Camera_08,0.9829849004745483,0,0.47919782853993376
55,Hospital_000__Person_0003,Camera_23,157,Hospital_000__Person_0011,Camera_03,0.9367364048957825,0,0.033117487863586606
56,Hospital_000__Person_0003,Camera_24,54,Hospital_000__Person_0003,Camera_22,0.9817904829978943,1,0.5176079385576571
57,Hospital_000__Person_0003,Camera_26,356,Hospital_000__Person_0024,Camera_19,0.9875809550285339,0,0.4963157613635798
58,Hospital_000__Person_0003,Camera_27,352,Hospital_000__Person_0024,Camera_04,0.9844565391540527,0,0.3415934911942389
59,Hospital_000__Person_0003,Camera_31,57,Hospital_000__Person_0003,Camera_26,0.9866594672203064,1,0.306420848083221
60,Hospital_000__Person_0004,Camera,486,Hospital_000__Person_0033,Camera_31,0.9677731990814209,0,0.053981558543445184
61,Hospital_000__Person_0004,Camera_03,70,Hospital_000__Person_0004,Camera_24,0.9764865636825562,1,0.6703015581358546
62,Hospital_000__Person_0004,Camera_04,332,Hospital_000__Person_0022,Camera_27,0.9577130079269409,0,0.01716918659705859
63,Hospital_000__Person_0004,Camera_05,70,Hospital_000__Person_0004,Camera_24,0.9839417338371277,1,0.6653046111392159
64,Hospital_000__Person_0004,Camera_06,66,Hospital_000__Person_0004,Camera_09,0.9685805439949036,1,0.6045858034189174
65,Hospital_000__Person_0004,Camera_08,72,Hospital_000__Person_0004,Camera_27,0.9276625514030457,1,0.18828552421592076
66,Hospital_000__Person_0004,Camera_09,69,Hospital_000__Person_0004,Camera_22,0.9867697954177856,1,0.6606937542274662
67,Hospital_000__Person_0004,Camera_19,277,Hospital_000__Person_0019,Camera_04,0.84787917137146,0,0.06081828663823357
68,Hospital_000__Person_0004,Camera_20,70,Hospital_000__Person_0004,Camera_24,0.9628139138221741,1,0.35433187827501267
69,Hospital_000__Person_0004,Camera_22,70,Hospital_000__Person_0004,Camera_24,0.9902256727218628,1,0.6605694616415753
70,Hospital_000__Person_0004,Camera_24,69,Hospital_000__Person_0004,Camera_22,0.9902256727218628,1,0.6704817323009519
71,Hospital_000__Person_0004,Camera_26,69,Hospital_000__Person_0004,Camera_22,0.9887945652008057,1,0.6698836428248184
72,Hospital_000__Person_0004,Camera_27,65,Hospital_000__Person_0004,Camera_08,0.9276625514030457,1,0.12385408652534823
73,Hospital_000__Person_0005,Camera_02,78,Hospital_000__Person_0005,Camera_17,0.9823171496391296,1,0.5032262189009571
74,Hospital_000__Person_0005,Camera_03,80,Hospital_000__Person_0005,Camera_24,0.9222487807273865,1,0.2598238046280729
75,Hospital_000__Person_0005,Camera_10,76,Hospital_000__Person_0005,Camera_12,0.9860040545463562,1,0.5035865085596717
76,Hospital_000__Person_0005,Camera_12,75,Hospital_000__Person_0005,Camera_10,0.9860040545463562,1,0.5032583302143159
77,Hospital_000__Person_0005,Camera_13,78,Hospital_000__Person_0005,Camera_17,0.9919299483299255,1,0.50334154633878
78,Hospital_000__Person_0005,Camera_17,77,Hospital_000__Person_0005,Camera_13,0.9919299483299255,1,0.47828728207702115
79,Hospital_000__Person_0005,Camera_23,1059,Warehouse_015__Person_0191,Camera_11,0.8897331357002258,0,0.012609437744577434
80,Hospital_000__Person_0005,Camera_24,81,Hospital_000__Person_0005,Camera_28,0.9590205550193787,1,0.18532771456356725
81,Hospital_000__Person_0005,Camera_28,419,Hospital_000__Person_0029,Camera_03,0.9630545973777771,0,0.09543865752129288
82,Hospital_000__Person_0006,Camera,1243,Warehouse_015__Person_0221,Camera_07,0.8034469485282898,0,0.01823766360088306
83,Hospital_000__Person_0006,Camera_03,90,Hospital_000__Person_0006,Camera_24,0.9898824691772461,1,0.3428351272706726
84,Hospital_000__Person_0006,Camera_04,87,Hospital_000__Person_0006,Camera_16,0.9813426733016968,1,0.7917929292929292
85,Hospital_000__Person_0006,Camera_07,88,Hospital_000__Person_0006,Camera_21,0.9703865647315979,1,0.6597970161402997
86,Hospital_000__Person_0006,Camera_10,94,Hospital_000__Person_0006,Camera_30,0.9770703911781311,1,0.8262711363833256
87,Hospital_000__Person_0006,Camera_16,88,Hospital_000__Person_0006,Camera_21,0.9914447069168091,1,0.7833477407099102
88,Hospital_000__Person_0006,Camera_21,89,Hospital_000__Person_0006,Camera_23,0.9931762218475342,1,0.8096882118775994
89,Hospital_000__Person_0006,Camera_23,88,Hospital_000__Person_0006,Camera_21,0.9931762218475342,1,0.8387141730265434
90,Hospital_000__Person_0006,Camera_24,83,Hospital_000__Person_0006,Camera_03,0.9898824691772461,1,0.24533780728532992
91,Hospital_000__Person_0006,Camera_25,88,Hospital_000__Person_0006,Camera_21,0.9928181767463684,1,0.7745962654953884
92,Hospital_000__Person_0006,Camera_28,83,Hospital_000__Person_0006,Camera_03,0.9818823337554932,1,0.7213015087559597
93,Hospital_000__Person_0006,Camera_29,91,Hospital_000__Person_0006,Camera_25,0.9799325466156006,1,0.8479539271123847
94,Hospital_000__Person_0006,Camera_30,86,Hospital_000__Person_0006,Camera_10,0.9770703911781311,1,0.8029785306035622
95,Hospital_000__Person_0007,Camera,108,Hospital_000__Person_0007,Camera_26,0.9147545099258423,1,0.3018873295366606
96,Hospital_000__Person_0007,Camera_01,102,Hospital_000__Person_0007,Camera_09,0.9650148749351501,1,0.5606571391021576
97,Hospital_000__Person_0007,Camera_03,107,Hospital_000__Person_0007,Camera_24,0.9924793839454651,1,0.6727698471735187
98,Hospital_000__Person_0007,Camera_04,96,Hospital_000__Person_0007,Camera_01,0.9614672064781189,1,0.25667853017260595
99,Hospital_000__Person_0007,Camera_05,105,Hospital_000__Person_0007,Camera_22,0.9901290535926819,1,0.6870418415743894
100,Hospital_000__Person_0007,Camera_06,102,Hospital_000__Person_0007,Camera_09,0.9878732562065125,1,0.704264622807898
101,Hospital_000__Person_0007,Camera_08,389,Hospital_000__Person_0026,Camera_27,0.961376965045929,0,0.026073520734795616
102,Hospital_000__Person_0007,Camera_09,100,Hospital_000__Person_0007,Camera_06,0.9878732562065125,1,0.7206004889760408
103,Hospital_000__Person_0007,Camera_19,1286,Warehouse_015__Person_0233,Camera_03,0.8141061663627625,0,0.01515828636587264
104,Hospital_000__Person_0007,Camera_20,97,Hospital_000__Person_0007,Camera_03,0.9870690703392029,1,0.6724883966478377
105,Hospital_000__Person_0007,Camera_22,99,Hospital_000__Person_0007,Camera_05,0.9901290535926819,1,0.6877452755168366
106,Hospital_000__Person_0007,Camera_23,427,Hospital_000__Person_0029,Camera_24,0.8827608823776245,0,0.0648122793665502
107,Hospital_000__Person_0007,Camera_24,97,Hospital_000__Person_0007,Camera_03,0.9924793839454651,1,0.6859875865625323
108,Hospital_000__Person_0007,Camera_26,102,Hospital_000__Person_0007,Camera_09,0.9822629690170288,1,0.703851649910617
109,Hospital_000__Person_0007,Camera_27,96,Hospital_000__Person_0007,Camera_01,0.9606714844703674,1,0.32449681846682477
110,Hospital_000__Person_0007,Camera_31,246,Hospital_000__Person_0016,Camera_30,0.9390137195587158,0,0.017335241538561606
111,Hospital_000__Person_0008,Camera,115,Hospital_000__Person_0008,Camera_06,0.9788002967834473,1,0.9046183533843611
112,Hospital_000__Person_0008,Camera_03,123,Hospital_000__Person_0008,Camera_24,0.9952624440193176,1,0.9378872761225703
113,Hospital_000__Person_0008,Camera_04,122,Hospital_000__Person_0008,Camera_23,0.9538164734840393,1,0.5900614585696484
114,Hospital_000__Person_0008,Camera_05,125,Hospital_000__Person_0008,Camera_26,0.9827036261558533,1,0.8676647615439976
115,Hospital_000__Person_0008,Camera_06,117,Hospital_000__Person_0008,Camera_09,0.9946521520614624,1,0.9350038096891488
116,Hospital_000__Person_0008,Camera_08,126,Hospital_000__Person_0008,Camera_27,0.9758460521697998,1,0.938608776844071
117,Hospital_000__Person_0008,Camera_09,115,Hospital_000__Person_0008,Camera_06,0.9946521520614624,1,0.934598571991912
118,Hospital_000__Person_0008,Camera_18,115,Hospital_000__Person_0008,Camera_06,0.9724186062812805,1,0.9268837655922517
119,Hospital_000__Person_0008,Camera_19,118,Hospital_000__Person_0008,Camera_18,0.9321585297584534,1,0.9452697389116075
120,Hospital_000__Person_0008,Camera_20,114,Hospital_000__Person_0008,Camera_05,0.9579903483390808,1,0.6096335643984931
121,Hospital_000__Person_0008,Camera_22,114,Hospital_000__Person_0008,Camera_05,0.9822492599487305,1,0.8322371257046771
122,Hospital_000__Person_0008,Camera_23,111,Hospital_000__Person_0008,Camera,0.9586371183395386,1,0.9137096134000158
123,Hospital_000__Person_0008,Camera_24,112,Hospital_000__Person_0008,Camera_03,0.9952624440193176,1,0.9357645138838889
124,Hospital_000__Person_0008,Camera_25,128,Hospital_000__Person_0008,Camera_31,0.8606647849082947,1,0.18282015617300762
125,Hospital_000__Person_0008,Camera_26,112,Hospital_000__Person_0008,Camera_03,0.9885224103927612,1,0.9094821904615873
126,Hospital_000__Person_0008,Camera_27,127,Hospital_000__Person_0008,Camera_28,0.9817078113555908,1,0.9052934243606258
127,Hospital_000__Person_0008,Camera_28,126,Hospital_000__Person_0008,Camera_27,0.9817078113555908,1,0.911585617853699
128,Hospital_000__Person_0008,Camera_31,1502,Warehouse_016__Person_0699,Camera_07,0.8964980244636536,0,0.44776608265923373
129,Hospital_000__Person_0009,Camera,143,Hospital_000__Person_0009,Camera_28,0.9898613095283508,1,0.5270218240599427
130,Hospital_000__Person_0009,Camera_03,142,Hospital_000__Person_0009,Camera_27,0.9867139458656311,1,0.39732629090936944
131,Hospital_000__Person_0009,Camera_04,142,Hospital_000__Person_0009,Camera_27,0.9819625616073608,1,0.39667587255705583
132,Hospital_000__Person_0009,Camera_05,508,Hospital_000__Person_0035,Camera_08,0.9398738145828247,0,0.16886887710174783
133,Hospital_000__Person_0009,Camera_06,142,Hospital_000__Person_0009,Camera_27,0.9887574315071106,1,0.6267943290655724
134,Hospital_000__Person_0009,Camera_08,135,Hospital_000__Person_0009,Camera_09,0.9861900806427002,1,0.6008292233790572
135,Hospital_000__Person_0009,Camera_09,134,Hospital_000__Person_0009,Camera_08,0.9861900806427002,1,0.6054514801618132
136,Hospital_000__Person_0009,Camera_18,134,Hospital_000__Person_0009,Camera_08,0.9497220516204834,1,0.2554320303883687
137,Hospital_000__Person_0009,Camera_19,135,Hospital_000__Person_0009,Camera_09,0.9683452844619751,1,0.6447349626148204
138,Hospital_000__Person_0009,Camera_22,140,Hospital_000__Person_0009,Camera_24,0.9822104573249817,1,0.32363839896353797
139,Hospital_000__Person_0009,Camera_23,130,Hospital_000__Person_0009,Camera_03,0.9829773902893066,1,0.2288981626898683
140,Hospital_000__Person_0009,Camera_24,138,Hospital_000__Person_0009,Camera_22,0.9822104573249817,1,0.3930706688368524
141,Hospital_000__Person_0009,Camera_26,132,Hospital_000__Person_0009,Camera_05,0.9351528882980347,1,0.29280340599729116
142,Hospital_000__Person_0009,Camera_27,133,Hospital_000__Person_0009,Camera_06,0.9887574315071106,1,0.5313865575999466
143,Hospital_000__Person_0009,Camera_28,129,Hospital_000__Person_0009,Camera,0.9898613095283508,1,0.5566776657204412
144,Hospital_000__Person_0010,Camera_03,152,Hospital_000__Person_0010,Camera_24,0.9730203151702881,1,0.2726656405401928
145,Hospital_000__Person_0010,Camera_04,1184,Warehouse_015__Person_0215,Camera_11,0.9222608208656311,0,0.10238655990267709
146,Hospital_000__Person_0010,Camera_07,390,Hospital_000__Person_0027,Camera,0.9633197784423828,0,0.025372813304610522
147,Hospital_000__Person_0010,Camera_10,151,Hospital_000__Person_0010,Camera_23,0.9776201844215393,1,0.5582696554011106
148,Hospital_000__Person_0010,Camera_16,150,Hospital_000__Person_0010,Camera_21,0.9864289164543152,1,0.6490373995614853
149,Hospital_000__Person_0010,Camera_19,154,Hospital_000__Person_0010,Camera_28,0.9628850221633911,1,0.2958150214400093
150,Hospital_000__Person_0010,Camera_21,156,Hospital_000__Person_0010,Camera_30,0.9866833090782166,1,0.6356158182719736
151,Hospital_000__Person_0010,Camera_23,147,Hospital_000__Person_0010,Camera_10,0.9776201844215393,1,0.5797297605304979
152,Hospital_000__Person_0010,Camera_24,144,Hospital_000__Person_0010,Camera_03,0.9730203151702881,1,0.24671609497726324
153,Hospital_000__Person_0010,Camera_25,148,Hospital_000__Person_0010,Camera_16,0.9740176796913147,1,0.5084589031296727
154,Hospital_000__Person_0010,Camera_28,149,Hospital_000__Person_0010,Camera_19,0.9628850221633911,1,0.2992624951621009
155,Hospital_000__Person_0010,Camera_29,148,Hospital_000__Person_0010,Camera_16,0.9541172981262207,1,0.5220906526058222
156,Hospital_000__Person_0010,Camera_30,150,Hospital_000__Person_0010,Camera_21,0.9866833090782166,1,0.645159526041879
157,Hospital_000__Person_0011,Camera_03,165,Hospital_000__Person_0011,Camera_24,0.9907670617103577,1,0.4029803472015185
158,Hospital_000__Person_0011,Camera_04,161,Hospital_000__Person_0011,Camera_16,0.9498149156570435,1,0.603006593336782
159,Hospital_000__Person_0011,Camera_07,160,Hospital_000__Person_0011,Camera_10,0.97263103723526,1,0.6593386731229198
160,Hospital_000__Person_0011,Camera_10,159,Hospital_000__Person_0011,Camera_07,0.97263103723526,1,0.6800638167144253
161,Hospital_000__Person_0011,Camera_16,164,Hospital_000__Person_0011,Camera_23,0.9882233738899231,1,0.6962169534537956
162,Hospital_000__Person_0011,Camera_19,159,Hospital_000__Person_0011,Camera_07,0.9573801159858704,1,0.5725745094723685
163,Hospital_000__Person_0011,Camera_21,164,Hospital_000__Person_0011,Camera_23,0.9921296834945679,1,0.5204147667624708
164,Hospital_000__Person_0011,Camera_23,163,Hospital_000__Person_0011,Camera_21,0.9921296834945679,1,0.6877158205224113
165,Hospital_000__Person_0011,Camera_24,157,Hospital_000__Person_0011,Camera_03,0.9907670617103577,1,0.2785264088340277
166,Hospital_000__Person_0011,Camera_25,164,Hospital_000__Person_0011,Camera_23,0.989700436592102,1,0.5286268318626475
167,Hospital_000__Person_0011,Camera_28,165,Hospital_000__Person_0011,Camera_24,0.9818658232688904,1,0.4689843774507496
168,Hospital_000__Person_0011,Camera_29,169,Hospital_000__Person_0011,Camera_30,0.9680594205856323,1,0.29943565573435127
169,Hospital_000__Person_0011,Camera_30,163,Hospital_000__Person_0011,Camera_21,0.9784628748893738,1,0.5100014680232821
170,Hospital_000__Person_0012,Camera,190,Hospital_000__Person_0013,Camera_20,0.9486865401268005,0,0.07019344289240706
171,Hospital_000__Person_0012,Camera_01,370,Hospital_000__Person_0025,Camera_20,0.8988489508628845,0,0.06264927229955024
172,Hospital_000__Person_0012,Camera_03,179,Hospital_000__Person_0012,Camera_22,0.9555240273475647,1,0.35675111831915496
173,Hospital_000__Person_0012,Camera_05,1235,Warehouse_015__Person_0220,Camera_11,0.9204761385917664,0,0.010520652632891354
174,Hospital_000__Person_0012,Camera_06,178,Hospital_000__Person_0012,Camera_20,0.9342333674430847,1,0.32218872385510156
175,Hospital_000__Person_0012,Camera_08,389,Hospital_000__Person_0026,Camera_27,0.9737116694450378,0,0.006556970585519615
176,Hospital_000__Person_0012,Camera_09,178,Hospital_000__Person_0012,Camera_20,0.967807412147522,1,0.14334809317873187
177,Hospital_000__Person_0012,Camera_14,180,Hospital_000__Person_0012,Camera_24,0.9394640326499939,1,0.3304110870737626
178,Hospital_000__Person_0012,Camera_20,176,Hospital_000__Person_0012,Camera_09,0.967807412147522,1,0.12757007985997912
179,Hospital_000__Person_0012,Camera_22,172,Hospital_000__Person_0012,Camera_03,0.9555240273475647,1,0.37420537266442566
180,Hospital_000__Person_0012,Camera_24,177,Hospital_000__Person_0012,Camera_14,0.9394640326499939,1,0.46787936225237386
181,Hospital_000__Person_0012,Camera_26,172,Hospital_000__Person_0012,Camera_03,0.9354952573776245,1,0.26544116992997235
182,Hospital_000__Person_0012,Camera_27,505,Hospital_000__Person_0035,Camera_04,0.9458508491516113,0,0.03207901256443925
183,Hospital_000__Person_0013,Camera,190,Hospital_000__Person_0013,Camera_20,0.9695694446563721,1,0.6279279468024244
184,Hospital_000__Person_0013,Camera_03,193,Hospital_000__Person_0013,Camera_24,0.9948766231536865,1,0.5802111456165949
185,Hospital_000__Person_0013,Camera_04,438,Hospital_000__Person_0030,Camera_19,0.9187512993812561,0,0.008195923686862344
186,Hospital_000__Person_0013,Camera_05,195,Hospital_000__Person_0013,Camera_26,0.9674670696258545,1,0.6309114317311041
187,Hospital_000__Person_0013,Camera_06,193,Hospital_000__Person_0013,Camera_24,0.9927768707275391,1,0.5799478711234999
188,Hospital_000__Person_0013,Camera_08,192,Hospital_000__Person_0013,Camera_23,0.9192540049552917,1,0.3855838577496851
189,Hospital_000__Person_0013,Camera_09,187,Hospital_000__Person_0013,Camera_06,0.9870630502700806,1,0.5481654948043766
190,Hospital_000__Person_0013,Camera_20,183,Hospital_000__Person_0013,Camera,0.9695694446563721,1,0.38322258912909707
191,Hospital_000__Person_0013,Camera_22,187,Hospital_000__Person_0013,Camera_06,0.9857305288314819,1,0.5928972156408481
192,Hospital_000__Person_0013,Camera_23,174,Hospital_000__Person_0012,Camera_06,0.9270536303520203,0,0.12511675689955482
193,Hospital_000__Person_0013,Camera_24,184,Hospital_000__Person_0013,Camera_03,0.9948766231536865,1,0.5652219517925916
194,Hospital_000__Person_0013,Camera_25,188,Hospital_000__Person_0013,Camera_08,0.8690093755722046,1,0.29937798558630857
195,Hospital_000__Person_0013,Camera_26,191,Hospital_000__Person_0013,Camera_22,0.9782674908638,1,0.5811076266217325
196,Hospital_000__Person_0013,Camera_27,395,Hospital_000__Person_0027,Camera_08,0.9751577377319336,0,0.010238148309920656
197,Hospital_000__Person_0013,Camera_28,188,Hospital_000__Person_0013,Camera_08,0.8461462259292603,1,0.23605190848402627
198,Hospital_000__Person_0013,Camera_31,193,Hospital_000__Person_0013,Camera_24,0.985628068447113,1,0.6106384513146768
199,Hospital_000__Person_0014,Camera_03,207,Hospital_000__Person_0014,Camera_24,0.961848258972168,1,0.3059724812877006
200,Hospital_000__Person_0014,Camera_04,202,Hospital_000__Person_0014,Camera_10,0.9861732721328735,1,0.6939419938771344
201,Hospital_000__Person_0014,Camera_07,205,Hospital_000__Person_0014,Camera_21,0.9726116061210632,1,0.5332742956888358
202,Hospital_000__Person_0014,Camera_10,200,Hospital_000__Person_0014,Camera_04,0.9861732721328735,1,0.7336574346225393
203,Hospital_000__Person_0014,Camera_16,200,Hospital_000__Person_0014,Camera_04,0.9788351058959961,1,0.6940142394300914
204,Hospital_000__Person_0014,Camera_19,209,Hospital_000__Person_0014,Camera_28,0.9609709978103638,1,0.34352309332310527
205,Hospital_000__Person_0014,Camera_21,202,Hospital_000__Person_0014,Camera_10,0.9861593842506409,1,0.7841620561017322
206,Hospital_000__Person_0014,Camera_23,210,Hospital_000__Person_0014,Camera_29,0.9897077679634094,1,0.6690144519902691
207,Hospital_000__Person_0014,Camera_24,199,Hospital_000__Person_0014,Camera_03,0.961848258972168,1,0.30019511111740144
208,Hospital_000__Person_0014,Camera_25,206,Hospital_000__Person_0014,Camera_23,0.9778122901916504,1,0.6436006747337947
209,Hospital_000__Person_0014,Camera_28,204,Hospital_000__Person_0014,Camera_19,0.9609709978103638,1,0.504852478619513
210,Hospital_000__Person_0014,Camera_29,206,Hospital_000__Person_0014,Camera_23,0.9897077679634094,1,0.6564158943884232
211,Hospital_000__Person_0015,Camera,217,Hospital_000__Person_0015,Camera_08,0.9852308034896851,1,0.7347393640127983
212,Hospital_000__Person_0015,Camera_03,227,Hospital_000__Person_0015,Camera_24,0.9907842874526978,1,0.7768269953424707
213,Hospital_000__Person_0015,Camera_04,226,Hospital_000__Person_0015,Camera_23,0.9785274863243103,1,0.3530491485404907
214,Hospital_000__Person_0015,Camera_05,229,Hospital_000__Person_0015,Camera_26,0.9547967314720154,1,0.49690752492115503
215,Hospital_000__Person_0015,Camera_06,233,Hospital_000__Person_0015,Camera_31,0.9930012226104736,1,0.7618584712970453
216,Hospital_000__Person_0015,Camera_07,220,Hospital_000__Person_0015,Camera_16,0.980700671672821,1,0.7369464728534973
217,Hospital_000__Person_0015,Camera_08,218,Hospital_000__Person_0015,Camera_09,0.9852741956710815,1,0.7355566208633898
218,Hospital_000__Person_0015,Camera_09,217,Hospital_000__Person_0015,Camera_08,0.9852741956710815,1,0.734582394173445
219,Hospital_000__Person_0015,Camera_10,229,Hospital_000__Person_0015,Camera_26,0.8897532820701599,1,0.6316190176980786
220,Hospital_000__Person_0015,Camera_16,216,Hospital_000__Person_0015,Camera_07,0.980700671672821,1,0.7436997558896443
221,Hospital_000__Person_0015,Camera_18,220,Hospital_000__Person_0015,Camera_16,0.978901743888855,1,0.7749151519216372
222,Hospital_000__Person_0015,Camera_19,215,Hospital_000__Person_0015,Camera_06,0.9841781258583069,1,0.8250587236945423
223,Hospital_000__Person_0015,Camera_20,212,Hospital_000__Person_0015,Camera_03,0.9333392381668091,1,0.5010540861251387
224,Hospital_000__Person_0015,Camera_21,212,Hospital_000__Person_0015,Camera_03,0.9843794107437134,1,0.7399660855575028
225,Hospital_000__Person_0015,Camera_22,227,Hospital_000__Person_0015,Camera_24,0.9471524953842163,1,0.7935591829703805
226,Hospital_000__Person_0015,Camera_23,213,Hospital_000__Person_0015,Camera_04,0.9785274863243103,1,0.3367105714643226
227,Hospital_000__Person_0015,Camera_24,212,Hospital_000__Person_0015,Camera_03,0.9907842874526978,1,0.8247993493240027
228,Hospital_000__Person_0015,Camera_25,382,Hospital_000__Person_0026,Camera_06,0.8968232870101929,0,0.022773588434395333
229,Hospital_000__Person_0015,Camera_26,214,Hospital_000__Person_0015,Camera_05,0.9547967314720154,1,0.6837241699691108
230,Hospital_000__Person_0015,Camera_27,217,Hospital_000__Person_0015,Camera_08,0.9839543700218201,1,0.7343101688382974
231,Hospital_000__Person_0015,Camera_28,211,Hospital_000__Person_0015,Camera,0.9821375608444214,1,0.7222109906824666
232,Hospital_000__Person_0015,Camera_29,224,Hospital_000__Person_0015,Camera_21,0.9784964323043823,1,0.6747869002312369
233,Hospital_000__Person_0015,Camera_31,215,Hospital_000__Person_0015,Camera_06,0.9930012226104736,1,0.7536673397159428
234,Hospital_000__Person_0016,Camera_03,242,Hospital_000__Person_0016,Camera_24,0.9658231735229492,1,0.20297060978880296
235,Hospital_000__Person_0016,Camera_04,237,Hospital_000__Person_0016,Camera_10,0.9739792943000793,1,0.49302528476576596
236,Hospital_000__Person_0016,Camera_07,244,Hospital_000__Person_0016,Camera_28,0.9598454833030701,1,0.36777429679094986
237,Hospital_000__Person_0016,Camera_10,235,Hospital_000__Person_0016,Camera_04,0.9739792943000793,1,0.362504945295643
238,Hospital_000__Person_0016,Camera_16,237,Hospital_000__Person_0016,Camera_10,0.9690635800361633,1,0.4329271184859686
239,Hospital_000__Person_0016,Camera_19,244,Hospital_000__Person_0016,Camera_28,0.9822854995727539,1,0.3301080125868179
240,Hospital_000__Person_0016,Camera_21,68,Hospital_000__Person_0004,Camera_20,0.9181809425354004,0,0.19562735599135386
241,Hospital_000__Person_0016,Camera_23,235,Hospital_000__Person_0016,Camera_04,0.93916255235672,1,0.3936368611713496
242,Hospital_000__Person_0016,Camera_24,234,Hospital_000__Person_0016,Camera_03,0.9658231735229492,1,0.14420124880981142
243,Hospital_000__Person_0016,Camera_25,235,Hospital_000__Person_0016,Camera_04,0.9204217791557312,1,0.43126922627038494
244,Hospital_000__Person_0016,Camera_28,239,Hospital_000__Person_0016,Camera_19,0.9822854995727539,1,0.29274507132271743
245,Hospital_000__Person_0016,Camera_29,169,Hospital_000__Person_0011,Camera_30,0.9614007472991943,0,0.24780462010678855
246,Hospital_000__Person_0016,Camera_30,164,Hospital_000__Person_0011,Camera_23,0.9605367183685303,0,0.0787417213061199
247,Hospital_000__Person_0017,Camera_03,253,Hospital_000__Person_0017,Camera_24,0.9764879941940308,1,0.839932864070795
248,Hospital_000__Person_0017,Camera_04,256,Hospital_000__Person_0017,Camera_29,0.9537581205368042,1,0.8813455988455988
249,Hospital_000__Person_0017,Camera_10,256,Hospital_000__Person_0017,Camera_29,0.9536780118942261,1,0.8813455988455987
250,Hospital_000__Person_0017,Camera_16,251,Hospital_000__Person_0017,Camera_21,0.9699915051460266,1,0.9999999999999999
251,Hospital_000__Person_0017,Camera_21,252,Hospital_000__Person_0017,Camera_23,0.9880517721176147,1,0.8571078431372549
252,Hospital_000__Person_0017,Camera_23,251,Hospital_000__Person_0017,Camera_21,0.9880517721176147,1,0.9163888888888888
253,Hospital_000__Person_0017,Camera_24,247,Hospital_000__Person_0017,Camera_03,0.9764879941940308,1,0.9588235294117647
254,Hospital_000__Person_0017,Camera_25,251,Hospital_000__Person_0017,Camera_21,0.9835929274559021,1,0.8616700404858298
255,Hospital_000__Person_0017,Camera_28,253,Hospital_000__Person_0017,Camera_24,0.9718186259269714,1,0.8626482213438735
256,Hospital_000__Person_0017,Camera_29,251,Hospital_000__Person_0017,Camera_21,0.9733912944793701,1,0.9714285714285714
257,Hospital_000__Person_0017,Camera_30,250,Hospital_000__Person_0017,Camera_16,0.9681133031845093,1,0.9714285714285714
258,Hospital_000__Person_0018,Camera,264,Hospital_000__Person_0018,Camera_08,0.9725190997123718,1,0.6400846664662803
259,Hospital_000__Person_0018,Camera_01,370,Hospital_000__Person_0025,Camera_20,0.9483611583709717,0,0.17005507537824094
260,Hospital_000__Person_0018,Camera_03,263,Hospital_000__Person_0018,Camera_06,0.984305202960968,1,0.7315272918121455
261,Hospital_000__Person_0018,Camera_04,517,Hospital_000__Person_0035,Camera_27,0.9458296895027161,0,0.5076756898339342
262,Hospital_000__Person_0018,Camera_05,270,Hospital_000__Person_0018,Camera_24,0.9816709756851196,1,0.7257321909487899
263,Hospital_000__Person_0018,Camera_06,265,Hospital_000__Person_0018,Camera_09,0.9886826872825623,1,0.7751328454176695
264,Hospital_000__Person_0018,Camera_08,258,Hospital_000__Person_0018,Camera,0.9725190997123718,1,0.30009833283038395
265,Hospital_000__Person_0018,Camera_09,263,Hospital_000__Person_0018,Camera_06,0.9886826872825623,1,0.7389850214012879
266,Hospital_000__Person_0018,Camera_19,786,Warehouse_015__Person_0016,Camera,0.8643062114715576,0,0.015960785718220273
267,Hospital_000__Person_0018,Camera_20,265,Hospital_000__Person_0018,Camera_09,0.9856212139129639,1,0.6690397797691722
268,Hospital_000__Person_0018,Camera_22,267,Hospital_000__Person_0018,Camera_20,0.9839205145835876,1,0.6707530555670445
269,Hospital_000__Person_0018,Camera_23,273,Hospital_000__Person_0018,Camera_27,0.9244299530982971,1,0.45180825411803294
270,Hospital_000__Person_0018,Camera_24,262,Hospital_000__Person_0018,Camera_05,0.9816709756851196,1,0.728334056074178
271,Hospital_000__Person_0018,Camera_25,269,Hospital_000__Person_0018,Camera_23,0.8218218088150024,1,0.09214670777076427
272,Hospital_000__Person_0018,Camera_26,267,Hospital_000__Person_0018,Camera_20,0.9798990488052368,1,0.49974631318559126
273,Hospital_000__Person_0018,Camera_27,263,Hospital_000__Person_0018,Camera_06,0.9444254040718079,1,0.6927816431518632
274,Hospital_000__Person_0018,Camera_31,263,Hospital_000__Person_0018,Camera_06,0.9878695011138916,1,0.7250013680531833
275,Hospital_000__Person_0019,Camera,279,Hospital_000__Person_0019,Camera_06,0.9766955971717834,1,0.3143976247375744
276,Hospital_000__Person_0019,Camera_03,286,Hospital_000__Person_0019,Camera_24,0.9865460991859436,1,0.4654379214814187
277,Hospital_000__Person_0019,Camera_04,289,Hospital_000__Person_0019,Camera_27,0.9553818106651306,1,0.1409446245983036
278,Hospital_000__Person_0019,Camera_05,284,Hospital_000__Person_0019,Camera_22,0.9795172810554504,1,0.31340553845461694
279,Hospital_000__Person_0019,Camera_06,284,Hospital_000__Person_0019,Camera_22,0.9823910593986511,1,0.3975962362690261
280,Hospital_000__Person_0019,Camera_08,332,Hospital_000__Person_0022,Camera_27,0.970533549785614,0,0.04099373753306339
281,Hospital_000__Person_0019,Camera_09,288,Hospital_000__Person_0019,Camera_26,0.9880908131599426,1,0.5119011733949488
282,Hospital_000__Person_0019,Camera_19,757,Warehouse_015__Person_0013,Camera_03,0.8009174466133118,0,0.06832017232300851
283,Hospital_000__Person_0019,Camera_20,489,Hospital_000__Person_0034,Camera_04,0.9810378551483154,0,0.07652752307015624
284,Hospital_000__Person_0019,Camera_22,279,Hospital_000__Person_0019,Camera_06,0.9823910593986511,1,0.5002736500353803
285,Hospital_000__Person_0019,Camera_23,427,Hospital_000__Person_0029,Camera_24,0.9337243437767029,0,0.009420586723080786
286,Hospital_000__Person_0019,Camera_24,276,Hospital_000__Person_0019,Camera_03,0.9865460991859436,1,0.5217462282757321
287,Hospital_000__Person_0019,Camera_25,269,Hospital_000__Person_0018,Camera_23,0.8094617128372192,0,0.017022722365321097
288,Hospital_000__Person_0019,Camera_26,281,Hospital_000__Person_0019,Camera_09,0.9880908131599426,1,0.48749913689033514
289,Hospital_000__Person_0019,Camera_27,277,Hospital_000__Person_0019,Camera_04,0.9553818106651306,1,0.15954955552849973
290,Hospital_000__Person_0019,Camera_31,284,Hospital_000__Person_0019,Camera_22,0.95421302318573,1,0.3254747681735057
291,Hospital_000__Person_0020,Camera,297,Hospital_000__Person_0020,Camera_08,0.978495180606842,1,0.635478153506869
292,Hospital_000__Person_0020,Camera_01,291,Hospital_000__Person_0020,Camera,0.976890504360199,1,0.7726001604814153
293,Hospital_000__Person_0020,Camera_03,303,Hospital_000__Person_0020,Camera_24,0.9926049113273621,1,0.843490021635194
294,Hospital_000__Person_0020,Camera_04,1469,Warehouse_016__Person_0350,Camera_07,0.9594043493270874,0,0.20859905765730657
295,Hospital_000__Person_0020,Camera_05,296,Hospital_000__Person_0020,Camera_06,0.990318775177002,1,0.8806528403650705
296,Hospital_000__Person_0020,Camera_06,301,Hospital_000__Person_0020,Camera_22,0.9926927089691162,1,0.8439484120468972
297,Hospital_000__Person_0020,Camera_08,305,Hospital_000__Person_0020,Camera_27,0.9863294363021851,1,0.8266376759321716
298,Hospital_000__Person_0020,Camera_09,296,Hospital_000__Person_0020,Camera_06,0.9894720315933228,1,0.897252086366142
299,Hospital_000__Person_0020,Camera_19,298,Hospital_000__Person_0020,Camera_09,0.9031063318252563,1,0.7519821882362022
300,Hospital_000__Person_0020,Camera_20,130,Hospital_000__Person_0009,Camera_03,0.9573162198066711,0,0.1680103847090107
301,Hospital_000__Person_0020,Camera_22,296,Hospital_000__Person_0020,Camera_06,0.9926927089691162,1,0.8568362217749577
302,Hospital_000__Person_0020,Camera_23,451,Hospital_000__Person_0031,Camera_24,0.8565480709075928,0,0.01416719572174915
303,Hospital_000__Person_0020,Camera_24,293,Hospital_000__Person_0020,Camera_03,0.9926049113273621,1,0.8223874270301892
304,Hospital_000__Person_0020,Camera_26,296,Hospital_000__Person_0020,Camera_06,0.976142942905426,1,0.865216467602444
305,Hospital_000__Person_0020,Camera_27,297,Hospital_000__Person_0020,Camera_08,0.9863294363021851,1,0.7976520788412709
306,Hospital_000__Person_0020,Camera_31,304,Hospital_000__Person_0020,Camera_26,0.9695696830749512,1,0.7992116142236365
307,Hospital_000__Person_0021,Camera,314,Hospital_000__Person_0021,Camera_20,0.9834251403808594,1,0.3774436347058849
308,Hospital_000__Person_0021,Camera_03,315,Hospital_000__Person_0021,Camera_22,0.9888145327568054,1,0.683674387525084
309,Hospital_000__Person_0021,Camera_04,138,Hospital_000__Person_0009,Camera_22,0.9174944758415222,0,0.059246836131785795
310,Hospital_000__Person_0021,Camera_05,315,Hospital_000__Person_0021,Camera_22,0.989072859287262,1,0.6542712560288717
311,Hospital_000__Person_0021,Camera_06,313,Hospital_000__Person_0021,Camera_09,0.9891032576560974,1,0.6387802866490859
312,Hospital_000__Person_0021,Camera_08,196,Hospital_000__Person_0013,Camera_27,0.9388835430145264,0,0.012899354251977533
313,Hospital_000__Person_0021,Camera_09,311,Hospital_000__Person_0021,Camera_06,0.9891032576560974,1,0.6396220162297692
314,Hospital_000__Person_0021,Camera_20,307,Hospital_000__Person_0021,Camera,0.9834251403808594,1,0.4258530341014243
315,Hospital_000__Person_0021,Camera_22,310,Hospital_000__Person_0021,Camera_05,0.989072859287262,1,0.6516936225424215
316,Hospital_000__Person_0021,Camera_23,361,Hospital_000__Person_0025,Camera,0.9023903012275696,0,0.06460365014964597
317,Hospital_000__Person_0021,Camera_24,311,Hospital_000__Person_0021,Camera_06,0.9889134764671326,1,0.6996187541975184
318,Hospital_000__Person_0021,Camera_26,313,Hospital_000__Person_0021,Camera_09,0.977078378200531,1,0.6444451938236109
319,Hospital_000__Person_0021,Camera_27,291,Hospital_000__Person_0020,Camera,0.954806923866272,0,0.06274035156006244
320,Hospital_000__Person_0021,Camera_31,308,Hospital_000__Person_0021,Camera_03,0.9418547749519348,1,0.3468526980493502
321,Hospital_000__Person_0022,Camera,322,Hospital_000__Person_0022,Camera_01,0.9742084741592407,1,0.6532052593263934
322,Hospital_000__Person_0022,Camera_01,321,Hospital_000__Person_0022,Camera,0.9742084741592407,1,0.8159802043422734
323,Hospital_000__Person_0022,Camera_03,330,Hospital_000__Person_0022,Camera_24,0.9949025511741638,1,0.8041480166553211
324,Hospital_000__Person_0022,Camera_05,330,Hospital_000__Person_0022,Camera_24,0.9894640445709229,1,0.7617637853872925
325,Hospital_000__Person_0022,Camera_06,327,Hospital_000__Person_0022,Camera_09,0.9871569871902466,1,0.6434255093293995
326,Hospital_000__Person_0022,Camera_08,332,Hospital_000__Person_0022,Camera_27,0.9528564214706421,1,0.09377858509100027
327,Hospital_000__Person_0022,Camera_09,328,Hospital_000__Person_0022,Camera_20,0.9933642745018005,1,0.7872545255712227
328,Hospital_000__Person_0022,Camera_20,327,Hospital_000__Person_0022,Camera_09,0.9933642745018005,1,0.7430668868168868
329,Hospital_000__Person_0022,Camera_22,324,Hospital_000__Person_0022,Camera_05,0.9869456887245178,1,0.7325944033105061
330,Hospital_000__Person_0022,Camera_24,323,Hospital_000__Person_0022,Camera_03,0.9949025511741638,1,0.7764484359249505
331,Hospital_000__Person_0022,Camera_26,330,Hospital_000__Person_0022,Camera_24,0.985105037689209,1,0.6877628777898697
332,Hospital_000__Person_0022,Camera_27,280,Hospital_000__Person_0019,Camera_08,0.970533549785614,0,0.024592028513959144
333,Hospital_000__Person_0022,Camera_31,331,Hospital_000__Person_0022,Camera_26,0.9411086440086365,1,0.5061643361583134
334,Hospital_000__Person_0023,Camera,343,Hospital_000__Person_0023,Camera_20,0.98232102394104,1,0.113128388747935
335,Hospital_000__Person_0023,Camera_01,355,Hospital_000__Person_0024,Camera_18,0.9459795951843262,0,0.050477077659591404
336,Hospital_000__Person_0023,Camera_03,346,Hospital_000__Person_0023,Camera_24,0.9884512424468994,1,0.5772280214330531
337,Hospital_000__Person_0023,Camera_04,332,Hospital_000__Person_0022,Camera_27,0.9363307952880859,0,0.028386913441935446
338,Hospital_000__Person_0023,Camera_05,346,Hospital_000__Person_0023,Camera_24,0.9813612699508667,1,0.4913794677321934
339,Hospital_000__Person_0023,Camera_06,341,Hospital_000__Person_0023,Camera_09,0.9894616603851318,1,0.5742038152741599
340,Hospital_000__Person_0023,Camera_08,1434,Warehouse_016__FourierGR1T2_0626,Camera_07,0.9583583474159241,0,0.05071994257444249
341,Hospital_000__Person_0023,Camera_09,344,Hospital_000__Person_0023,Camera_22,0.9908875823020935,1,0.5784407572481854
342,Hospital_000__Person_0023,Camera_19,280,Hospital_000__Person_0019,Camera_08,0.9007141590118408,0,0.045988887292413586
343,Hospital_000__Person_0023,Camera_20,334,Hospital_000__Person_0023,Camera,0.98232102394104,1,0.18469431102919556
344,Hospital_000__Person_0023,Camera_22,341,Hospital_000__Person_0023,Camera_09,0.9908875823020935,1,0.5815749180462138
345,Hospital_000__Person_0023,Camera_23,204,Hospital_000__Person_0014,Camera_19,0.9062473773956299,0,0.009677383089471433
346,Hospital_000__Person_0023,Camera_24,336,Hospital_000__Person_0023,Camera_03,0.9884512424468994,1,0.5721055135664995
347,Hospital_000__Person_0023,Camera_25,22,Hospital_000__Person_0001,Camera_24,0.7856650352478027,0,0.01322441199034776
348,Hospital_000__Person_0023,Camera_26,344,Hospital_000__Person_0023,Camera_22,0.989389181137085,1,0.5850491597632999
349,Hospital_000__Person_0023,Camera_27,343,Hospital_000__Person_0023,Camera_20,0.9656868577003479,1,0.10049824498548564
350,Hospital_000__Person_0023,Camera_31,348,Hospital_000__Person_0023,Camera_26,0.9543219208717346,1,0.5350679976489493
351,Hospital_000__Person_0024,Camera_03,357,Hospital_000__Person_0024,Camera_22,0.9713343977928162,1,0.4643373747464109
352,Hospital_000__Person_0024,Camera_04,360,Hospital_000__Person_0024,Camera_27,0.9894205927848816,1,0.17874783419505874
353,Hospital_000__Person_0024,Camera_05,357,Hospital_000__Person_0024,Camera_22,0.9533852338790894,1,0.4599659518780591
354,Hospital_000__Person_0024,Camera_08,54,Hospital_000__Person_0003,Camera_22,0.9829849004745483,0,0.0935316504376379
355,Hospital_000__Person_0024,Camera_18,356,Hospital_000__Person_0024,Camera_19,0.9667225480079651,1,0.18584948057640918
356,Hospital_000__Person_0024,Camera_19,57,Hospital_000__Person_0003,Camera_26,0.9875809550285339,0,0.11443814476524516
357,Hospital_000__Person_0024,Camera_22,358,Hospital_000__Person_0024,Camera_24,0.9728866815567017,1,0.5049954373333574
358,Hospital_000__Person_0024,Camera_24,357,Hospital_000__Person_0024,Camera_22,0.9728866815567017,1,0.5757373224344488
359,Hospital_000__Person_0024,Camera_26,357,Hospital_000__Person_0024,Camera_22,0.9667389988899231,1,0.4765121308894267
360,Hospital_000__Person_0024,Camera_27,352,Hospital_000__Person_0024,Camera_04,0.9894205927848816,1,0.18752646170023426
361,Hospital_000__Person_0025,Camera,362,Hospital_000__Person_0025,Camera_03,0.9674656987190247,1,0.6301243143102819
362,Hospital_000__Person_0025,Camera_03,374,Hospital_000__Person_0025,Camera_26,0.9844009280204773,1,0.7946621149893072
363,Hospital_000__Person_0025,Camera_04,1459,Warehouse_016__Person_0182,Camera_09,0.9384718537330627,0,0.02184149743276171
364,Hospital_000__Person_0025,Camera_05,373,Hospital_000__Person_0025,Camera_24,0.9721534848213196,1,0.6356593794462778
365,Hospital_000__Person_0025,Camera_06,374,Hospital_000__Person_0025,Camera_26,0.9888409972190857,1,0.7765317371405825
366,Hospital_000__Person_0025,Camera_08,362,Hospital_000__Person_0025,Camera_03,0.9607793092727661,1,0.7472197705490766
367,Hospital_000__Person_0025,Camera_09,365,Hospital_000__Person_0025,Camera_06,0.9676291346549988,1,0.7616530117323196
368,Hospital_000__Person_0025,Camera_18,367,Hospital_000__Person_0025,Camera_09,0.8712033629417419,1,0.6211465602915103
369,Hospital_000__Person_0025,Camera_19,367,Hospital_000__Person_0025,Camera_09,0.9440358877182007,1,0.7167451305288636
370,Hospital_000__Person_0025,Camera_20,390,Hospital_000__Person_0027,Camera,0.9597687721252441,0,0.2575085723535029
371,Hospital_000__Person_0025,Camera_22,365,Hospital_000__Person_0025,Camera_06,0.9811056852340698,1,0.7563294441155443
372,Hospital_000__Person_0025,Camera_23,495,Hospital_000__Person_0034,Camera_19,0.9409245848655701,0,0.09682302348443164
373,Hospital_000__Person_0025,Camera_24,374,Hospital_000__Person_0025,Camera_26,0.9808734059333801,1,0.6761685015607942
374,Hospital_000__Person_0025,Camera_26,365,Hospital_000__Person_0025,Camera_06,0.9888409972190857,1,0.7592225045766068
375,Hospital_000__Person_0025,Camera_27,367,Hospital_000__Person_0025,Camera_09,0.9637774229049683,1,0.7836192668309893
376,Hospital_000__Person_0025,Camera_31,382,Hospital_000__Person_0026,Camera_06,0.9688773155212402,0,0.04047839070806461
377,Hospital_000__Person_0026,Camera,378,Hospital_000__Person_0026,Camera_01,0.9616825580596924,1,0.6416962494767436
378,Hospital_000__Person_0026,Camera_01,384,Hospital_000__Person_0026,Camera_09,0.9631311297416687,1,0.664356303872433
379,Hospital_000__Person_0026,Camera_03,387,Hospital_000__Person_0026,Camera_24,0.9338563680648804,1,0.5587308892786025
380,Hospital_000__Person_0026,Camera_04,389,Hospital_000__Person_0026,Camera_27,0.9183841347694397,1,0.1505963866083662
381,Hospital_000__Person_0026,Camera_05,386,Hospital_000__Person_0026,Camera_22,0.9844741225242615,1,0.6865587953402988
382,Hospital_000__Person_0026,Camera_06,376,Hospital_000__Person_0025,Camera_31,0.9688773155212402,0,0.12221432933046651
383,Hospital_000__Person_0026,Camera_08,196,Hospital_000__Person_0013,Camera_27,0.9670930504798889,0,0.06628397597802388
384,Hospital_000__Person_0026,Camera_09,381,Hospital_000__Person_0026,Camera_05,0.9800568222999573,1,0.6741784049381918
385,Hospital_000__Person_0026,Camera_20,388,Hospital_000__Person_0026,Camera_26,0.9798842072486877,1,0.6751398607515492
386,Hospital_000__Person_0026,Camera_22,381,Hospital_000__Person_0026,Camera_05,0.9844741225242615,1,0.7021150904459174
387,Hospital_000__Person_0026,Camera_24,386,Hospital_000__Person_0026,Camera_22,0.9680976867675781,1,0.7001770573367859
388,Hospital_000__Person_0026,Camera_26,385,Hospital_000__Person_0026,Camera_20,0.9798842072486877,1,0.48586967456897223
389,Hospital_000__Person_0026,Camera_27,175,Hospital_000__Person_0012,Camera_08,0.9737116694450378,0,0.06363262327648239
390,Hospital_000__Person_0027,Camera,1007,Warehouse_015__Person_0186,Camera_10,0.9689189195632935,0,0.0159853806766002
391,Hospital_000__Person_0027,Camera_01,307,Hospital_000__Person_0021,Camera,0.9642571806907654,0,0.27673191746396636
392,Hospital_000__Person_0027,Camera_03,400,Hospital_000__Person_0027,Camera_24,0.9800090789794922,1,0.5241526056384274
393,Hospital_000__Person_0027,Camera_05,396,Hospital_000__Person_0027,Camera_09,0.9882912635803223,1,0.5005370562592155
394,Hospital_000__Person_0027,Camera_06,396,Hospital_000__Person_0027,Camera_09,0.9812601208686829,1,0.5059293878900433
395,Hospital_000__Person_0027,Camera_08,196,Hospital_000__Person_0013,Camera_27,0.9751577377319336,0,0.014449284776229913
396,Hospital_000__Person_0027,Camera_09,393,Hospital_000__Person_0027,Camera_05,0.9882912635803223,1,0.5406276348752733
397,Hospital_000__Person_0027,Camera_20,392,Hospital_000__Person_0027,Camera_03,0.9792690277099609,1,0.5073583883965382
398,Hospital_000__Person_0027,Camera_22,401,Hospital_000__Person_0027,Camera_26,0.9758300185203552,1,0.4833122340343103
399,Hospital_000__Person_0027,Camera_23,90,Hospital_000__Person_0006,Camera_24,0.8760650753974915,0,0.028670440734499064
400,Hospital_000__Person_0027,Camera_24,392,Hospital_000__Person_0027,Camera_03,0.9800090789794922,1,0.6448285899629559
401,Hospital_000__Person_0027,Camera_26,398,Hospital_000__Person_0027,Camera_22,0.9758300185203552,1,0.47879745618922454
402,Hospital_000__Person_0027,Camera_27,291,Hospital_000__Person_0020,Camera,0.9608254432678223,0,0.023659492840989865
403,Hospital_000__Person_0027,Camera_31,904,Warehouse_015__Person_0174,Camera_07,0.9238275289535522,0,0.023658574986886154
404,Hospital_000__Person_0028,Camera,412,Hospital_000__Person_0028,Camera_20,0.9624570608139038,1,0.7294898994525791
405,Hospital_000__Person_0028,Camera_01,417,Hospital_000__Person_0028,Camera_27,0.951472282409668,1,0.6428848877412363
406,Hospital_000__Person_0028,Camera_03,409,Hospital_000__Person_0028,Camera_06,0.989158034324646,1,0.5775957852526195
407,Hospital_000__Person_0028,Camera_04,544,Hospital_000__Person_0038,Camera_08,0.9736158847808838,0,0.2706701120070851
408,Hospital_000__Person_0028,Camera_05,415,Hospital_000__Person_0028,Camera_24,0.9917052388191223,1,0.5722097627557439
409,Hospital_000__Person_0028,Camera_06,411,Hospital_000__Person_0028,Camera_09,0.9918146133422852,1,0.590389685639092
410,Hospital_000__Person_0028,Camera_08,407,Hospital_000__Person_0028,Camera_04,0.9659038782119751,1,0.44862051107895495
411,Hospital_000__Person_0028,Camera_09,409,Hospital_000__Person_0028,Camera_06,0.9918146133422852,1,0.6033941091921909
412,Hospital_000__Person_0028,Camera_20,547,Hospital_000__Person_0038,Camera_14,0.9748887419700623,0,0.564868339235432
413,Hospital_000__Person_0028,Camera_22,415,Hospital_000__Person_0028,Camera_24,0.9923399090766907,1,0.5820777855650253
414,Hospital_000__Person_0028,Camera_23,427,Hospital_000__Person_0029,Camera_24,0.8968453407287598,0,0.07856453670402133
415,Hospital_000__Person_0028,Camera_24,413,Hospital_000__Person_0028,Camera_22,0.9923399090766907,1,0.6037379732663446
416,Hospital_000__Person_0028,Camera_26,411,Hospital_000__Person_0028,Camera_09,0.9603195190429688,1,0.6692271686050691
417,Hospital_000__Person_0028,Camera_27,549,Hospital_000__Person_0038,Camera_20,0.9708918929100037,0,0.5275980304260847
418,Hospital_000__Person_0029,Camera_02,420,Hospital_000__Person_0029,Camera_10,0.9602002501487732,1,0.33382358389989775
419,Hospital_000__Person_0029,Camera_03,81,Hospital_000__Person_0005,Camera_28,0.9630545973777771,0,0.040344176431485856
420,Hospital_000__Person_0029,Camera_10,418,Hospital_000__Person_0029,Camera_02,0.9602002501487732,1,0.49726337600415943
421,Hospital_000__Person_0029,Camera_12,418,Hospital_000__Person_0029,Camera_02,0.9099188446998596,1,0.2651180506139701
422,Hospital_000__Person_0029,Camera_13,424,Hospital_000__Person_0029,Camera_17,0.9969702363014221,1,0.4751792572814647
423,Hospital_000__Person_0029,Camera_16,428,Hospital_000__Person_0029,Camera_25,0.9888060688972473,1,0.5044975454277473
424,Hospital_000__Person_0029,Camera_17,422,Hospital_000__Person_0029,Camera_13,0.9969702363014221,1,0.419695075972861
425,Hospital_000__Person_0029,Camera_21,428,Hospital_000__Person_0029,Camera_25,0.9886280298233032,1,0.499850299371245
426,Hospital_000__Person_0029,Camera_23,428,Hospital_000__Person_0029,Camera_25,0.9895739555358887,1,0.5552514197014548
427,Hospital_000__Person_0029,Camera_24,419,Hospital_000__Person_0029,Camera_03,0.9504984021186829,1,0.13104600131996602
428,Hospital_000__Person_0029,Camera_25,426,Hospital_000__Person_0029,Camera_23,0.9895739555358887,1,0.5322926337329923
429,Hospital_000__Person_0029,Camera_28,425,Hospital_000__Person_0029,Camera_21,0.9498363137245178,1,0.3401785068620785
430,Hospital_000__Person_0029,Camera_29,425,Hospital_000__Person_0029,Camera_21,0.976333737373352,1,0.5160205073226606
431,Hospital_000__Person_0029,Camera_30,428,Hospital_000__Person_0029,Camera_25,0.9861028790473938,1,0.555004698423957
432,Hospital_000__Person_0030,Camera_03,439,Hospital_000__Person_0030,Camera_22,0.9939076900482178,1,0.7507819575060954
433,Hospital_000__Person_0030,Camera_04,500,Hospital_000__Person_0034,Camera_28,0.9672280550003052,0,0.11148246949317306
434,Hospital_000__Person_0030,Camera_05,441,Hospital_000__Person_0030,Camera_26,0.9171640276908875,1,0.35747007541200376
435,Hospital_000__Person_0030,Camera_07,441,Hospital_000__Person_0030,Camera_26,0.9084519743919373,1,0.5126839364339364
436,Hospital_000__Person_0030,Camera_08,442,Hospital_000__Person_0030,Camera_27,0.9921656847000122,1,0.4116654333646368
437,Hospital_000__Person_0030,Camera_18,442,Hospital_000__Person_0030,Camera_27,0.9882283210754395,1,0.39195434830379927
438,Hospital_000__Person_0030,Camera_19,442,Hospital_000__Person_0030,Camera_27,0.9848406314849854,1,0.42136839962938377
439,Hospital_000__Person_0030,Camera_22,432,Hospital_000__Person_0030,Camera_03,0.9939076900482178,1,0.7469696969696968
440,Hospital_000__Person_0030,Camera_24,439,Hospital_000__Person_0030,Camera_22,0.9821418523788452,1,0.6853044157002676
441,Hospital_000__Person_0030,Camera_26,434,Hospital_000__Person_0030,Camera_05,0.9171640276908875,1,0.6428153268475849
442,Hospital_000__Person_0030,Camera_27,436,Hospital_000__Person_0030,Camera_08,0.9921656847000122,1,0.40838026840290104
443,Hospital_000__Person_0031,Camera_03,448,Hospital_000__Person_0031,Camera_19,0.9716429710388184,1,0.269439838244989
444,Hospital_000__Person_0031,Camera_04,447,Hospital_000__Person_0031,Camera_16,0.981078028678894,1,0.6990420793292966
445,Hospital_000__Person_0031,Camera_07,449,Hospital_000__Person_0031,Camera_21,0.9706588387489319,1,0.3048506109383662
446,Hospital_000__Person_0031,Camera_10,449,Hospital_000__Person_0031,Camera_21,0.9814090132713318,1,0.6058251286777508
447,Hospital_000__Person_0031,Camera_16,450,Hospital_000__Person_0031,Camera_23,0.9921509027481079,1,0.6909811904741733
448,Hospital_000__Person_0031,Camera_19,443,Hospital_000__Person_0031,Camera_03,0.9716429710388184,1,0.27643448582705565
449,Hospital_000__Person_0031,Camera_21,450,Hospital_000__Person_0031,Camera_23,0.9833859801292419,1,0.6258552597783564
450,Hospital_000__Person_0031,Camera_23,447,Hospital_000__Person_0031,Camera_16,0.9921509027481079,1,0.6852361490704189
451,Hospital_000__Person_0031,Camera_24,443,Hospital_000__Person_0031,Camera_03,0.9545450806617737,1,0.20071750132740054
452,Hospital_000__Person_0031,Camera_25,447,Hospital_000__Person_0031,Camera_16,0.9856685400009155,1,0.6581716066715776
453,Hospital_000__Person_0031,Camera_28,165,Hospital_000__Person_0011,Camera_24,0.9250996708869934,0,0.030769159923322378
454,Hospital_000__Person_0031,Camera_29,452,Hospital_000__Person_0031,Camera_25,0.9782348871231079,1,0.6487201545652099
455,Hospital_000__Person_0031,Camera_30,452,Hospital_000__Person_0031,Camera_25,0.9796201586723328,1,0.6621153279308767
456,Hospital_000__Person_0032,Camera_03,462,Hospital_000__Person_0032,Camera_18,0.9278088212013245,1,0.6448976448907843
457,Hospital_000__Person_0032,Camera_04,467,Hospital_000__Person_0032,Camera_27,0.9625208377838135,1,0.3455121426021952
458,Hospital_000__Person_0032,Camera_05,283,Hospital_000__Person_0019,Camera_20,0.9654775261878967,0,0.006552397922598514
459,Hospital_000__Person_0032,Camera_07,463,Hospital_000__Person_0032,Camera_19,0.9665079116821289,1,0.5643152577114046
460,Hospital_000__Person_0032,Camera_08,467,Hospital_000__Person_0032,Camera_27,0.9791558384895325,1,0.4862692587940112
461,Hospital_000__Person_0032,Camera_09,462,Hospital_000__Person_0032,Camera_18,0.9211073517799377,1,0.6809881604271065
462,Hospital_000__Person_0032,Camera_18,459,Hospital_000__Person_0032,Camera_07,0.9454955458641052,1,0.8857142857142858
463,Hospital_000__Person_0032,Camera_19,460,Hospital_000__Person_0032,Camera_08,0.9762755632400513,1,0.5469770530246418
464,Hospital_000__Person_0032,Camera_22,465,Hospital_000__Person_0032,Camera_24,0.9679672122001648,1,0.7440820681579063
465,Hospital_000__Person_0032,Camera_24,464,Hospital_000__Person_0032,Camera_22,0.9679672122001648,1,0.6101172718736301
466,Hospital_000__Person_0032,Camera_26,164,Hospital_000__Person_0011,Camera_23,0.9531022906303406,0,0.11382509707304532
467,Hospital_000__Person_0032,Camera_27,460,Hospital_000__Person_0032,Camera_08,0.9791558384895325,1,0.4093682852401149
468,Hospital_000__Person_0033,Camera,469,Hospital_000__Person_0033,Camera_01,0.9872808456420898,1,0.5064132861153845
469,Hospital_000__Person_0033,Camera_01,468,Hospital_000__Person_0033,Camera,0.9872808456420898,1,0.4396794459125273
470,Hospital_000__Person_0033,Camera_03,473,Hospital_000__Person_0033,Camera_06,0.9927210807800293,1,0.5092906933080806
471,Hospital_000__Person_0033,Camera_04,349,Hospital_000__Person_0023,Camera_27,0.9602687358856201,0,0.06738785613307091
472,Hospital_000__Person_0033,Camera_05,473,Hospital_000__Person_0033,Camera_06,0.987473726272583,1,0.4775994889945828
473,Hospital_000__Person_0033,Camera_06,470,Hospital_000__Person_0033,Camera_03,0.9927210807800293,1,0.5354520515150373
474,Hospital_000__Person_0033,Camera_08,389,Hospital_000__Person_0026,Camera_27,0.9565803408622742,0,0.0311278865108789
475,Hospital_000__Person_0033,Camera_09,481,Hospital_000__Person_0033,Camera_24,0.9902003407478333,1,0.4592352044528372
476,Hospital_000__Person_0033,Camera_14,472,Hospital_000__Person_0033,Camera_05,0.967043399810791,1,0.2985312775887857
477,Hospital_000__Person_0033,Camera_19,1286,Warehouse_015__Person_0233,Camera_03,0.8554440140724182,0,0.03910860960815416
478,Hospital_000__Person_0033,Camera_20,480,Hospital_000__Person_0033,Camera_23,0.9653291702270508,1,0.22457328904748494
479,Hospital_000__Person_0033,Camera_22,481,Hospital_000__Person_0033,Camera_24,0.9892510771751404,1,0.4013099009399597
480,Hospital_000__Person_0033,Camera_23,478,Hospital_000__Person_0033,Camera_20,0.9653291702270508,1,0.20549132663056688
481,Hospital_000__Person_0033,Camera_24,475,Hospital_000__Person_0033,Camera_09,0.9902003407478333,1,0.47032960180535854
482,Hospital_000__Person_0033,Camera_25,80,Hospital_000__Person_0005,Camera_24,0.8001723885536194,0,0.017520140421572277
483,Hospital_000__Person_0033,Camera_26,479,Hospital_000__Person_0033,Camera_22,0.9637221693992615,1,0.13456627645489197
484,Hospital_000__Person_0033,Camera_27,468,Hospital_000__Person_0033,Camera,0.9663279056549072,1,0.31891359341014874
485,Hospital_000__Person_0033,Camera_28,266,Hospital_000__Person_0018,Camera_19,0.7961528301239014,0,0.028710339063918414
486,Hospital_000__Person_0033,Camera_31,493,Hospital_000__Person_0034,Camera_16,0.970848023891449,0,0.02079605861944588
487,Hospital_000__Person_0034,Camera_02,496,Hospital_000__Person_0034,Camera_21,0.9826651811599731,1,0.6182229590777748
488,Hospital_000__Person_0034,Camera_03,498,Hospital_000__Person_0034,Camera_24,0.9840571284294128,1,0.1934633627278413
489,Hospital_000__Person_0034,Camera_04,283,Hospital_000__Person_0019,Camera_20,0.9810378551483154,0,0.027791987053961582
490,Hospital_000__Person_0034,Camera_07,0,Hospital_000__Person_0000,Camera,0.9852723479270935,0,0.24559908922626128
491,Hospital_000__Person_0034,Camera_10,497,Hospital_000__Person_0034,Camera_23,0.9901002645492554,1,0.6576369935021642
492,Hospital_000__Person_0034,Camera_13,494,Hospital_000__Person_0034,Camera_17,0.9954366087913513,1,0.5322010271833607
493,Hospital_000__Person_0034,Camera_16,499,Hospital_000__Person_0034,Camera_25,0.9904847145080566,1,0.4128059369558916
494,Hospital_000__Person_0034,Camera_17,492,Hospital_000__Person_0034,Camera_13,0.9954366087913513,1,0.5132688387308652
495,Hospital_000__Person_0034,Camera_19,498,Hospital_000__Person_0034,Camera_24,0.9649873375892639,1,0.3925880277519362
496,Hospital_000__Person_0034,Camera_21,497,Hospital_000__Person_0034,Camera_23,0.9901199340820312,1,0.6902041379484866
497,Hospital_000__Person_0034,Camera_23,496,Hospital_000__Person_0034,Camera_21,0.9901199340820312,1,0.6492258918032449
498,Hospital_000__Person_0034,Camera_24,488,Hospital_000__Person_0034,Camera_03,0.9840571284294128,1,0.2901471767602751
499,Hospital_000__Person_0034,Camera_25,493,Hospital_000__Person_0034,Camera_16,0.9904847145080566,1,0.35566813535107483
500,Hospital_000__Person_0034,Camera_28,492,Hospital_000__Person_0034,Camera_13,0.9831389784812927,1,0.49440822805231127
501,Hospital_000__Person_0034,Camera_29,496,Hospital_000__Person_0034,Camera_21,0.982430100440979,1,0.6071295582056705
502,Hospital_000__Person_0034,Camera_30,491,Hospital_000__Person_0034,Camera_10,0.9859744310379028,1,0.6284995786266399
503,Hospital_000__Person_0035,Camera,142,Hospital_000__Person_0009,Camera_27,0.9771206378936768,0,0.2062538559499172
504,Hospital_000__Person_0035,Camera_03,514,Hospital_000__Person_0035,Camera_24,0.9889857172966003,1,0.5367350099165187
505,Hospital_000__Person_0035,Camera_04,264,Hospital_000__Person_0018,Camera_08,0.9519210457801819,0,0.08143840327578955
506,Hospital_000__Person_0035,Camera_05,514,Hospital_000__Person_0035,Camera_24,0.9850905537605286,1,0.5550528568289717
507,Hospital_000__Person_0035,Camera_06,512,Hospital_000__Person_0035,Camera_22,0.9764652252197266,1,0.5635070181976448
508,Hospital_000__Person_0035,Camera_08,517,Hospital_000__Person_0035,Camera_27,0.951951265335083,1,0.11626572787183496
509,Hospital_000__Person_0035,Camera_09,516,Hospital_000__Person_0035,Camera_26,0.9912911653518677,1,0.5590975560708854
510,Hospital_000__Person_0035,Camera_19,786,Warehouse_015__Person_0016,Camera,0.8643701076507568,0,0.00783917094185863
511,Hospital_000__Person_0035,Camera_20,142,Hospital_000__Person_0009,Camera_27,0.9793152213096619,0,0.14120927709696268
512,Hospital_000__Person_0035,Camera_22,514,Hospital_000__Person_0035,Camera_24,0.9929123520851135,1,0.5667136828860067
513,Hospital_000__Person_0035,Camera_23,170,Hospital_000__Person_0012,Camera,0.9029767513275146,0,0.05263975806293893
514,Hospital_000__Person_0035,Camera_24,512,Hospital_000__Person_0035,Camera_22,0.9929123520851135,1,0.5502454152388775
515,Hospital_000__Person_0035,Camera_25,269,Hospital_000__Person_0018,Camera_23,0.8024416565895081,0,0.07195599870845643
516,Hospital_000__Person_0035,Camera_26,512,Hospital_000__Person_0035,Camera_22,0.9926971793174744,1,0.5556453473979414
517,Hospital_000__Person_0035,Camera_27,508,Hospital_000__Person_0035,Camera_08,0.951951265335083,1,0.20711975787721482
518,Hospital_000__Person_0035,Camera_31,509,Hospital_000__Person_0035,Camera_09,0.9799380302429199,1,0.5781908101017723
519,Hospital_000__Person_0036,Camera_02,528,Hospital_000__Person_0036,Camera_23,0.9758304953575134,1,0.8482042778765685
520,Hospital_000__Person_0036,Camera_03,529,Hospital_000__Person_0036,Camera_24,0.9822900891304016,1,0.20550924369373538
521,Hospital_000__Person_0036,Camera_07,531,Hospital_000__Person_0036,Camera_28,0.9615328907966614,1,0.5397779417813009
522,Hospital_000__Person_0036,Camera_10,527,Hospital_000__Person_0036,Camera_21,0.967251718044281,1,0.794762381746107
523,Hospital_000__Person_0036,Camera_12,519,Hospital_000__Person_0036,Camera_02,0.8675546050071716,1,0.7166061980347693
524,Hospital_000__Person_0036,Camera_13,526,Hospital_000__Person_0036,Camera_17,0.9970856308937073,1,0.791408989901073
525,Hospital_000__Person_0036,Camera_16,528,Hospital_000__Person_0036,Camera_23,0.9835171103477478,1,0.7923797245095162
526,Hospital_000__Person_0036,Camera_17,524,Hospital_000__Person_0036,Camera_13,0.9970856308937073,1,0.7852712019826029
527,Hospital_000__Person_0036,Camera_21,526,Hospital_000__Person_0036,Camera_17,0.985217809677124,1,0.7704296499717047
528,Hospital_000__Person_0036,Camera_23,525,Hospital_000__Person_0036,Camera_16,0.9835171103477478,1,0.7979585821950352
529,Hospital_000__Person_0036,Camera_24,520,Hospital_000__Person_0036,Camera_03,0.9822900891304016,1,0.24058457688907867
530,Hospital_000__Person_0036,Camera_25,527,Hospital_000__Person_0036,Camera_21,0.9831340909004211,1,0.8061869107608959
531,Hospital_000__Person_0036,Camera_28,521,Hospital_000__Person_0036,Camera_07,0.9615328907966614,1,0.5298778720479096
532,Hospital_000__Person_0036,Camera_29,527,Hospital_000__Person_0036,Camera_21,0.983913779258728,1,0.7419112708437213
533,Hospital_000__Person_0036,Camera_30,527,Hospital_000__Person_0036,Camera_21,0.9609664678573608,1,0.5506501916454034
534,Hospital_000__Person_0037,Camera_01,536,Hospital_000__Person_0037,Camera_14,0.9768166542053223,1,1.0
535,Hospital_000__Person_0037,Camera_11,537,Hospital_000__Person_0037,Camera_15,0.9337782859802246,1,1.0
536,Hospital_000__Person_0037,Camera_14,534,Hospital_000__Person_0037,Camera_01,0.9768166542053223,1,1.0
537,Hospital_000__Person_0037,Camera_15,536,Hospital_000__Person_0037,Camera_14,0.9518933296203613,1,1.0
538,Hospital_000__Person_0038,Camera,417,Hospital_000__Person_0028,Camera_27,0.9655213356018066,0,0.36082758323028213
539,Hospital_000__Person_0038,Camera_01,545,Hospital_000__Person_0038,Camera_09,0.9822412729263306,1,0.5939486142043082
540,Hospital_000__Person_0038,Camera_03,552,Hospital_000__Person_0038,Camera_24,0.9944167733192444,1,0.5880214339814492
541,Hospital_000__Person_0038,Camera_04,544,Hospital_000__Person_0038,Camera_08,0.9566155076026917,1,0.14892372346787902
542,Hospital_000__Person_0038,Camera_05,552,Hospital_000__Person_0038,Camera_24,0.9931198358535767,1,0.5084575285584909
543,Hospital_000__Person_0038,Camera_06,542,Hospital_000__Person_0038,Camera_05,0.9823455214500427,1,0.6171852635005132
544,Hospital_000__Person_0038,Camera_08,407,Hospital_000__Person_0028,Camera_04,0.9736158847808838,0,0.06160979046442432
545,Hospital_000__Person_0038,Camera_09,539,Hospital_000__Person_0038,Camera_01,0.9822412729263306,1,0.5657374621862771
546,Hospital_000__Person_0038,Camera_11,550,Hospital_000__Person_0038,Camera_22,0.9726338386535645,1,0.5114321731138679
547,Hospital_000__Person_0038,Camera_14,542,Hospital_000__Person_0038,Camera_05,0.982641339302063,1,0.4703059067180533
548,Hospital_000__Person_0038,Camera_15,539,Hospital_000__Person_0038,Camera_01,0.9064460396766663,1,0.33540752014531305
549,Hospital_000__Person_0038,Camera_20,550,Hospital_000__Person_0038,Camera_22,0.984616219997406,1,0.5209383779199875
550,Hospital_000__Person_0038,Camera_22,542,Hospital_000__Person_0038,Camera_05,0.9915724992752075,1,0.5391358491886107
551,Hospital_000__Person_0038,Camera_23,555,Hospital_000__Person_0038,Camera_27,0.919316291809082,1,0.5714930304151326
552,Hospital_000__Person_0038,Camera_24,540,Hospital_000__Person_0038,Camera_03,0.9944167733192444,1,0.48539819238042137
553,Hospital_000__Person_0038,Camera_25,551,Hospital_000__Person_0038,Camera_23,0.787918746471405,1,0.1999238610344767
554,Hospital_000__Person_0038,Camera_26,542,Hospital_000__Person_0038,Camera_05,0.980769157409668,1,0.5902474557556426
555,Hospital_000__Person_0038,Camera_27,549,Hospital_000__Person_0038,Camera_20,0.9595515727996826,1,0.44275743493337444
556,Hospital_000__Person_0038,Camera_31,351,Hospital_000__Person_0024,Camera_03,0.8737124800682068,0,0.06178345637971851
557,Hospital_000__Person_0039,Camera,352,Hospital_000__Person_0024,Camera_04,0.9742507338523865,0,0.1815828861674558
558,Hospital_000__Person_0039,Camera_01,560,Hospital_000__Person_0039,Camera_05,0.9855200052261353,1,0.5378608439688765
559,Hospital_000__Person_0039,Camera_03,568,Hospital_000__Person_0039,Camera_22,0.9707117080688477,1,0.5909679702413273
560,Hospital_000__Person_0039,Camera_05,563,Hospital_000__Person_0039,Camera_09,0.9857780933380127,1,0.4987239765666061
561,Hospital_000__Person_0039,Camera_06,565,Hospital_000__Person_0039,Camera_14,0.977454423904419,1,0.5201695955610386
562,Hospital_000__Person_0039,Camera_08,196,Hospital_000__Person_0013,Camera_27,0.9519376158714294,0,0.07692041665545991
563,Hospital_000__Person_0039,Camera_09,560,Hospital_000__Person_0039,Camera_05,0.9857780933380127,1,0.5641164416009234
564,Hospital_000__Person_0039,Camera_11,560,Hospital_000__Person_0039,Camera_05,0.9807249307632446,1,0.590539646532616
565,Hospital_000__Person_0039,Camera_14,560,Hospital_000__Person_0039,Camera_05,0.9835252165794373,1,0.45032551824063505
566,Hospital_000__Person_0039,Camera_19,60,Hospital_000__Person_0004,Camera,0.9346500039100647,0,0.03798270154320853
567,Hospital_000__Person_0039,Camera_20,569,Hospital_000__Person_0039,Camera_24,0.9812545776367188,1,0.23220109745470202
568,Hospital_000__Person_0039,Camera_22,569,Hospital_000__Person_0039,Camera_24,0.9866026639938354,1,0.663556664045862
569,Hospital_000__Person_0039,Camera_24,568,Hospital_000__Person_0039,Camera_22,0.9866026639938354,1,0.5151245797360272
570,Hospital_000__Person_0039,Camera_26,569,Hospital_000__Person_0039,Camera_24,0.9755336046218872,1,0.3367270954728217
571,Hospital_000__Person_0039,Camera_27,280,Hospital_000__Person_0019,Camera_08,0.9670853018760681,0,0.057080259357979654
572,Hospital_000__Person_0039,Camera_31,489,Hospital_000__Person_0034,Camera_04,0.9674171209335327,0,0.10291223907180509
573,Lab_000__Person_0000,Camera_0000,1,Hospital_000__Person_0000,Camera_03,0.9534420967102051,0,0.019986317795861387
574,Lab_000__Person_0000,Camera_0001,575,Lab_000__Person_0000,Camera_0002,0.9566602110862732,1,0.542950773767828
575,Lab_000__Person_0000,Camera_0002,574,Lab_000__Person_0000,Camera_0001,0.9566602110862732,1,0.5402152531636688
576,Lab_000__Person_0000,Camera_0003,573,Lab_000__Person_0000,Camera_0000,0.8833505511283875,1,0.5160762469141832
577,Lab_000__Person_0000,Camera_0004,574,Lab_000__Person_0000,Camera_0001,0.9472129940986633,1,0.3034547841581023
578,Lab_000__Person_0000,Camera_0005,10,Hospital_000__Person_0000,Camera_24,0.9488013982772827,0,0.056823073190097884
579,Lab_000__Person_0000,Camera_0006,581,Lab_000__Person_0000,Camera_0008,0.9290400147438049,1,0.5834589279033724
580,Lab_000__Person_0000,Camera_0007,434,Hospital_000__Person_0030,Camera_05,0.8113206624984741,0,0.05182872266663546
581,Lab_000__Person_0000,Camera_0008,579,Lab_000__Person_0000,Camera_0006,0.9290400147438049,1,0.8128330730082404
582,Lab_000__Person_0000,Camera_0009,574,Lab_000__Person_0000,Camera_0001,0.9348555207252502,1,0.633722898135078
583,Lab_000__Person_0001,Camera_0000,1194,Warehouse_015__Person_0216,Camera_10,0.9183591604232788,0,0.0057201586362799345
584,Lab_000__Person_0001,Camera_0001,585,Lab_000__Person_0001,Camera_0002,0.9098380208015442,1,0.4355484611035941
585,Lab_000__Person_0001,Camera_0002,587,Lab_000__Person_0001,Camera_0004,0.9436513781547546,1,0.4628179258192851
586,Lab_000__Person_0001,Camera_0003,1364,Warehouse_015__Person_0240,Camera_11,0.8132854700088501,0,0.012309418781772706
587,Lab_000__Person_0001,Camera_0004,585,Lab_000__Person_0001,Camera_0002,0.9436513781547546,1,0.13800036751530687
588,Lab_000__Person_0001,Camera_0005,1405,Warehouse_016__FourierGR1T2_0353,Camera,0.8081272840499878,0,0.0038604015976094193
589,Lab_000__Person_0001,Camera_0006,585,Lab_000__Person_0001,Camera_0002,0.9209023118019104,1,0.4758757911857403
590,Lab_000__Person_0001,Camera_0007,1451,Warehouse_016__Person_0182,Camera_01,0.8440960645675659,0,0.006357021539027659
591,Lab_000__Person_0001,Camera_0008,587,Lab_000__Person_0001,Camera_0004,0.8617234230041504,1,0.36219856230351827
592,Lab_000__Person_0001,Camera_0009,585,Lab_000__Person_0001,Camera_0002,0.8970680236816406,1,0.4297304110984426
593,Lab_000__Person_0002,Camera_0000,597,Lab_000__Person_0002,Camera_0004,0.9014569520950317,1,0.25726482140569557
594,Lab_000__Person_0002,Camera_0001,597,Lab_000__Person_0002,Camera_0004,0.9453173875808716,1,0.7514982999063717
595,Lab_000__Person_0002,Camera_0002,597,Lab_000__Person_0002,Camera_0004,0.8855696320533752,1,0.7714128907162712
596,Lab_000__Person_0002,Camera_0003,786,Warehouse_015__Person_0016,Camera,0.8207327127456665,0,0.06199828112139198
597,Lab_000__Person_0002,Camera_0004,594,Lab_000__Person_0002,Camera_0001,0.9453173875808716,1,0.784114103402493
598,Lab_000__Person_0002,Camera_0005,597,Lab_000__Person_0002,Camera_0004,0.8865842223167419,1,0.4610793050163535
599,Lab_000__Person_0002,Camera_0006,601,Lab_000__Person_0002,Camera_0008,0.9491438865661621,1,0.6430372865701506
600,Lab_000__Person_0002,Camera_0007,152,Hospital_000__Person_0010,Camera_24,0.8876239657402039,0,0.15258145764150133
601,Lab_000__Person_0002,Camera_0008,599,Lab_000__Person_0002,Camera_0006,0.9491438865661621,1,0.7851698383466341
602,Lab_000__Person_0002,Camera_0009,598,Lab_000__Person_0002,Camera_0005,0.7760029435157776,1,0.3134186128966
603,Warehouse_015__Forklift_0182,Camera,606,Warehouse_015__Forklift_0182,Camera_08,0.9146392941474915,1,0.5559649122807018
604,Warehouse_015__Forklift_0182,Camera_01,607,Warehouse_015__Forklift_0182,Camera_10,0.9110851883888245,1,0.5848717948717947
605,Warehouse_015__Forklift_0182,Camera_03,612,Warehouse_015__Forklift_0183,Camera_07,0.9437249898910522,0,0.24628593628593626
606,Warehouse_015__Forklift_0182,Camera_08,603,Warehouse_015__Forklift_0182,Camera,0.9146392941474915,1,0.620250626566416
607,Warehouse_015__Forklift_0182,Camera_10,604,Warehouse_015__Forklift_0182,Camera_01,0.9110851883888245,1,0.52
608,Warehouse_015__Forklift_0182,Camera_12,805,Warehouse_015__Person_0017,Camera_08,0.906632661819458,0,0.004104037051952208
609,Warehouse_015__Forklift_0183,Camera_01,611,Warehouse_015__Forklift_0183,Camera_05,0.935494601726532,1,0.8253968253968254
610,Warehouse_015__Forklift_0183,Camera_03,611,Warehouse_015__Forklift_0183,Camera_05,0.955719530582428,1,0.7921568627450979
611,Warehouse_015__Forklift_0183,Camera_05,610,Warehouse_015__Forklift_0183,Camera_03,0.955719530582428,1,0.8369230769230769
612,Warehouse_015__Forklift_0183,Camera_07,610,Warehouse_015__Forklift_0183,Camera_03,0.9523546099662781,1,0.6555555555555554
613,Warehouse_015__Forklift_0183,Camera_10,610,Warehouse_015__Forklift_0183,Camera_03,0.9399829506874084,1,0.9266666666666665
614,Warehouse_015__Forklift_0183,Camera_12,613,Warehouse_015__Forklift_0183,Camera_10,0.9057120084762573,1,0.42063492063492064
615,Warehouse_015__NovaCarter_0229,Camera,622,Warehouse_015__NovaCarter_0229,Camera_10,0.9849561452865601,1,0.9211469534050181
616,Warehouse_015__NovaCarter_0229,Camera_01,621,Warehouse_015__NovaCarter_0229,Camera_08,0.9652679562568665,1,0.9658119658119659
617,Warehouse_015__NovaCarter_0229,Camera_02,615,Warehouse_015__NovaCarter_0229,Camera,0.9667624235153198,1,0.9305555555555556
618,Warehouse_015__NovaCarter_0229,Camera_03,616,Warehouse_015__NovaCarter_0229,Camera_01,0.9337717294692993,1,0.9025875190258752
619,Warehouse_015__NovaCarter_0229,Camera_04,615,Warehouse_015__NovaCarter_0229,Camera,0.9821552038192749,1,0.9191919191919191
620,Warehouse_015__NovaCarter_0229,Camera_05,665,Warehouse_015__Person_0003,Camera_08,0.8697171807289124,0,0.014917665112271845
621,Warehouse_015__NovaCarter_0229,Camera_08,615,Warehouse_015__NovaCarter_0229,Camera,0.9847317337989807,1,0.9211469534050181
622,Warehouse_015__NovaCarter_0229,Camera_10,615,Warehouse_015__NovaCarter_0229,Camera,0.9849561452865601,1,0.9183006535947713
623,Warehouse_015__NovaCarter_0229,Camera_11,616,Warehouse_015__NovaCarter_0229,Camera_01,0.9418821930885315,1,0.9246031746031746
624,Warehouse_015__NovaCarter_0229,Camera_12,622,Warehouse_015__NovaCarter_0229,Camera_10,0.9831701517105103,1,0.9027777777777777
625,Warehouse_015__Person_0000,Camera,635,Warehouse_015__Person_0000,Camera_12,0.9449349045753479,1,0.4160416203848424
626,Warehouse_015__Person_0000,Camera_01,629,Warehouse_015__Person_0000,Camera_05,0.983862578868866,1,0.3364984561115938
627,Warehouse_015__Person_0000,Camera_02,629,Warehouse_015__Person_0000,Camera_05,0.9168477058410645,1,0.22065510273542055
628,Warehouse_015__Person_0000,Camera_03,933,Warehouse_015__Person_0177,Camera_01,0.9812483787536621,0,0.09421058589026396
629,Warehouse_015__Person_0000,Camera_05,626,Warehouse_015__Person_0000,Camera_01,0.983862578868866,1,0.6324468590175321
630,Warehouse_015__Person_0000,Camera_06,629,Warehouse_015__Person_0000,Camera_05,0.9626802802085876,1,0.446868198114256
631,Warehouse_015__Person_0000,Camera_07,629,Warehouse_015__Person_0000,Camera_05,0.9707788825035095,1,0.6496082398127953
632,Warehouse_015__Person_0000,Camera_09,631,Warehouse_015__Person_0000,Camera_07,0.9573997259140015,1,0.47043299657463744
633,Warehouse_015__Person_0000,Camera_10,631,Warehouse_015__Person_0000,Camera_07,0.9622594714164734,1,0.6135002835002836
634,Warehouse_015__Person_0000,Camera_11,629,Warehouse_015__Person_0000,Camera_05,0.9436310529708862,1,0.658673320864834
635,Warehouse_015__Person_0000,Camera_12,626,Warehouse_015__Person_0000,Camera_01,0.9676112532615662,1,0.5487544974287746
636,Warehouse_015__Person_0001,Camera,644,Warehouse_015__Person_0001,Camera_12,0.9944210648536682,1,0.7784549331489166
637,Warehouse_015__Person_0001,Camera_01,644,Warehouse_015__Person_0001,Camera_12,0.9916599988937378,1,0.6497737674225088
638,Warehouse_015__Person_0001,Camera_03,1028,Warehouse_015__Person_0189,Camera_01,0.95473712682724,0,0.17863368828942783
639,Warehouse_015__Person_0001,Camera_04,636,Warehouse_015__Person_0001,Camera,0.9921895861625671,1,0.7118821936357482
640,Warehouse_015__Person_0001,Camera_07,641,Warehouse_015__Person_0001,Camera_08,0.9707803726196289,1,0.5673550986050986
641,Warehouse_015__Person_0001,Camera_08,639,Warehouse_015__Person_0001,Camera_04,0.990989625453949,1,0.6820692998684885
642,Warehouse_015__Person_0001,Camera_09,636,Warehouse_015__Person_0001,Camera,0.9857959747314453,1,0.6460236068111456
643,Warehouse_015__Person_0001,Camera_10,819,Warehouse_015__Person_0167,Camera_01,0.990451991558075,0,0.31985792647139727
644,Warehouse_015__Person_0001,Camera_12,636,Warehouse_015__Person_0001,Camera,0.9944210648536682,1,0.6902338332177531
645,Warehouse_015__Person_0002,Camera,647,Warehouse_015__Person_0002,Camera_02,0.9252568483352661,1,0.5312765900120551
646,Warehouse_015__Person_0002,Camera_01,650,Warehouse_015__Person_0002,Camera_05,0.9861512780189514,1,0.48397840948214077
647,Warehouse_015__Person_0002,Camera_02,655,Warehouse_015__Person_0002,Camera_10,0.9889317154884338,1,0.6060447179859709
648,Warehouse_015__Person_0002,Camera_03,652,Warehouse_015__Person_0002,Camera_07,0.9800442457199097,1,0.5093786662677664
649,Warehouse_015__Person_0002,Camera_04,727,Warehouse_015__Person_0010,Camera_02,0.9350199699401855,0,0.21070535378207078
650,Warehouse_015__Person_0002,Camera_05,646,Warehouse_015__Person_0002,Camera_01,0.9861512780189514,1,0.5768535442961238
651,Warehouse_015__Person_0002,Camera_06,1053,Warehouse_015__Person_0191,Camera_03,0.9794108271598816,0,0.05854693416065822
652,Warehouse_015__Person_0002,Camera_07,648,Warehouse_015__Person_0002,Camera_03,0.9800442457199097,1,0.49492638415349743
653,Warehouse_015__Person_0002,Camera_08,1036,Warehouse_015__Person_0189,Camera_12,0.9659865498542786,0,0.032939299189882934
654,Warehouse_015__Person_0002,Camera_09,647,Warehouse_015__Person_0002,Camera_02,0.9853126406669617,1,0.5302108882151443
655,Warehouse_015__Person_0002,Camera_10,647,Warehouse_015__Person_0002,Camera_02,0.9889317154884338,1,0.43403649520885923
656,Warehouse_015__Person_0002,Camera_11,799,Warehouse_015__Person_0017,Camera_02,0.9757169485092163,0,0.06830358039811057
657,Warehouse_015__Person_0002,Camera_12,654,Warehouse_015__Person_0002,Camera_09,0.9822890758514404,1,0.3780594646247882
658,Warehouse_015__Person_0003,Camera,1121,Warehouse_015__Person_0197,Camera_12,0.95909184217453,0,0.20324924544342207
659,Warehouse_015__Person_0003,Camera_01,661,Warehouse_015__Person_0003,Camera_03,0.99172443151474,1,0.3526031182839848
660,Warehouse_015__Person_0003,Camera_02,667,Warehouse_015__Person_0003,Camera_10,0.9743141531944275,1,0.5950477906071074
661,Warehouse_015__Person_0003,Camera_03,659,Warehouse_015__Person_0003,Camera_01,0.99172443151474,1,0.3156054676330327
662,Warehouse_015__Person_0003,Camera_04,1476,Warehouse_016__Person_0351,Camera_02,0.8600557446479797,0,0.028596361379390228
663,Warehouse_015__Person_0003,Camera_05,667,Warehouse_015__Person_0003,Camera_10,0.957461416721344,1,0.4821657780746221
664,Warehouse_015__Person_0003,Camera_07,666,Warehouse_015__Person_0003,Camera_09,0.9784148335456848,1,0.6845320741088766
665,Warehouse_015__Person_0003,Camera_08,946,Warehouse_015__Person_0178,Camera_03,0.9547700881958008,0,0.01482499723947988
666,Warehouse_015__Person_0003,Camera_09,664,Warehouse_015__Person_0003,Camera_07,0.9784148335456848,1,0.6139812829039544
667,Warehouse_015__Person_0003,Camera_10,659,Warehouse_015__Person_0003,Camera_01,0.988611102104187,1,0.6078022425172511
668,Warehouse_015__Person_0003,Camera_11,1045,Warehouse_015__Person_0190,Camera_08,0.9661270976066589,0,0.056952934518421844
669,Warehouse_015__Person_0003,Camera_12,659,Warehouse_015__Person_0003,Camera_01,0.9842929840087891,1,0.4159571125017398
670,Warehouse_015__Person_0004,Camera,956,Warehouse_015__Person_0179,Camera_04,0.9846373796463013,0,0.5866555054516086
671,Warehouse_015__Person_0004,Camera_01,754,Warehouse_015__Person_0012,Camera_12,0.987008273601532,0,0.33362591342881304
672,Warehouse_015__Person_0004,Camera_02,952,Warehouse_015__Person_0179,Camera,0.9824316501617432,0,0.6483350421508316
673,Warehouse_015__Person_0004,Camera_03,676,Warehouse_015__Person_0004,Camera_07,0.9823257923126221,1,0.5174671974052779
674,Warehouse_015__Person_0004,Camera_04,670,Warehouse_015__Person_0004,Camera,0.981910765171051,1,0.6059797220323536
675,Warehouse_015__Person_0004,Camera_05,670,Warehouse_015__Person_0004,Camera,0.9685254693031311,1,0.30711620857089983
676,Warehouse_015__Person_0004,Camera_07,673,Warehouse_015__Person_0004,Camera_03,0.9823257923126221,1,0.4494747596955868
677,Warehouse_015__Person_0004,Camera_08,960,Warehouse_015__Person_0179,Camera_12,0.9843610525131226,0,0.5226068376068376
678,Warehouse_015__Person_0004,Camera_09,674,Warehouse_015__Person_0004,Camera_04,0.9714578986167908,1,0.7550378787878788
679,Warehouse_015__Person_0004,Camera_10,671,Warehouse_015__Person_0004,Camera_01,0.9861531257629395,1,0.5647414965986394
680,Warehouse_015__Person_0004,Camera_12,671,Warehouse_015__Person_0004,Camera_01,0.9860849976539612,1,0.6130898268398268
681,Warehouse_015__Person_0005,Camera,687,Warehouse_015__Person_0005,Camera_07,0.9790874123573303,1,0.7896062490036665
682,Warehouse_015__Person_0005,Camera_01,683,Warehouse_015__Person_0005,Camera_03,0.9848535060882568,1,0.7094047619047619
683,Warehouse_015__Person_0005,Camera_03,682,Warehouse_015__Person_0005,Camera_01,0.9848535060882568,1,0.7856088495291046
684,Warehouse_015__Person_0005,Camera_04,681,Warehouse_015__Person_0005,Camera,0.9727649092674255,1,0.8028198896348387
685,Warehouse_015__Person_0005,Camera_05,683,Warehouse_015__Person_0005,Camera_03,0.9812431931495667,1,0.8154745594557566
686,Warehouse_015__Person_0005,Camera_06,994,Warehouse_015__Person_0185,Camera_07,0.7787299156188965,0,0.016986056460524028
687,Warehouse_015__Person_0005,Camera_07,691,Warehouse_015__Person_0005,Camera_12,0.9833314418792725,1,0.8077409732079489
688,Warehouse_015__Person_0005,Camera_08,1471,Warehouse_016__Person_0350,Camera_09,0.9256730675697327,0,0.10971114216424092
689,Warehouse_015__Person_0005,Camera_09,687,Warehouse_015__Person_0005,Camera_07,0.9739089012145996,1,0.8028816271269884
690,Warehouse_015__Person_0005,Camera_10,682,Warehouse_015__Person_0005,Camera_01,0.9841976761817932,1,0.6033510399599253
691,Warehouse_015__Person_0005,Camera_12,687,Warehouse_015__Person_0005,Camera_07,0.9833314418792725,1,0.7930394991773033
692,Warehouse_015__Person_0006,Camera,700,Warehouse_015__Person_0006,Camera_10,0.9773788452148438,1,0.6357682027877188
693,Warehouse_015__Person_0006,Camera_01,695,Warehouse_015__Person_0006,Camera_03,0.9931978583335876,1,0.5643923182632076
694,Warehouse_015__Person_0006,Camera_02,724,Warehouse_015__Person_0009,Camera_11,0.9637710452079773,0,0.00578860480766903
695,Warehouse_015__Person_0006,Camera_03,693,Warehouse_015__Person_0006,Camera_01,0.9931978583335876,1,0.5593062310038552
696,Warehouse_015__Person_0006,Camera_05,693,Warehouse_015__Person_0006,Camera_01,0.991009533405304,1,0.5984172926124822
697,Warehouse_015__Person_0006,Camera_06,698,Warehouse_015__Person_0006,Camera_07,0.9813982248306274,1,0.712014652014652
698,Warehouse_015__Person_0006,Camera_07,697,Warehouse_015__Person_0006,Camera_06,0.9813982248306274,1,0.5373421621896806
699,Warehouse_015__Person_0006,Camera_09,172,Hospital_000__Person_0012,Camera_03,0.9233560562133789,0,0.038505103681765115
700,Warehouse_015__Person_0006,Camera_10,692,Warehouse_015__Person_0006,Camera,0.9773788452148438,1,0.5988404780690219
701,Warehouse_015__Person_0006,Camera_11,1274,Warehouse_015__Person_0232,Camera_01,0.9511547088623047,0,0.09611452556344639
702,Warehouse_015__Person_0006,Camera_12,696,Warehouse_015__Person_0006,Camera_05,0.9771021604537964,1,0.6414148750306289
703,Warehouse_015__Person_0008,Camera,720,Warehouse_015__Person_0009,Camera_05,0.8432178497314453,0,0.06992641478494878
704,Warehouse_015__Person_0008,Camera_01,707,Warehouse_015__Person_0008,Camera_05,0.9827848076820374,1,0.48484017294165915
705,Warehouse_015__Person_0008,Camera_02,713,Warehouse_015__Person_0008,Camera_11,0.968224823474884,1,0.2245958366418347
706,Warehouse_015__Person_0008,Camera_03,707,Warehouse_015__Person_0008,Camera_05,0.9823249578475952,1,0.1790299439573586
707,Warehouse_015__Person_0008,Camera_05,704,Warehouse_015__Person_0008,Camera_01,0.9827848076820374,1,0.25446397407704036
708,Warehouse_015__Person_0008,Camera_06,712,Warehouse_015__Person_0008,Camera_10,0.9791116118431091,1,0.5250031733802983
709,Warehouse_015__Person_0008,Camera_07,1038,Warehouse_015__Person_0190,Camera_01,0.9584107398986816,0,0.335149835281973
710,Warehouse_015__Person_0008,Camera_08,953,Warehouse_015__Person_0179,Camera_01,0.9632439017295837,0,0.008861493707494603
711,Warehouse_015__Person_0008,Camera_09,1331,Warehouse_015__Person_0237,Camera_06,0.8361862897872925,0,0.1270976005548491
712,Warehouse_015__Person_0008,Camera_10,714,Warehouse_015__Person_0008,Camera_12,0.9805903434753418,1,0.3606374191979249
713,Warehouse_015__Person_0008,Camera_11,706,Warehouse_015__Person_0008,Camera_03,0.9732565879821777,1,0.17875357113179152
714,Warehouse_015__Person_0008,Camera_12,712,Warehouse_015__Person_0008,Camera_10,0.9805903434753418,1,0.3368561659138628
715,Warehouse_015__Person_0009,Camera,719,Warehouse_015__Person_0009,Camera_04,0.9934240579605103,1,0.3165343565034673
716,Warehouse_015__Person_0009,Camera_01,718,Warehouse_015__Person_0009,Camera_03,0.9870312809944153,1,0.3484319725316467
717,Warehouse_015__Person_0009,Camera_02,943,Warehouse_015__Person_0177,Camera_12,0.9746584296226501,0,0.14694771807354687
718,Warehouse_015__Person_0009,Camera_03,937,Warehouse_015__Person_0177,Camera_06,0.9905269145965576,0,0.24258968019784288
719,Warehouse_015__Person_0009,Camera_04,715,Warehouse_015__Person_0009,Camera,0.9934240579605103,1,0.2861524245910528
720,Warehouse_015__Person_0009,Camera_05,1286,Warehouse_015__Person_0233,Camera_03,0.9082678556442261,0,0.01377222325311165
721,Warehouse_015__Person_0009,Camera_06,934,Warehouse_015__Person_0177,Camera_03,0.975479781627655,0,0.19020479312774904
722,Warehouse_015__Person_0009,Camera_08,937,Warehouse_015__Person_0177,Camera_06,0.977256715297699,0,0.2784828467211019
723,Warehouse_015__Person_0009,Camera_10,1292,Warehouse_015__Person_0233,Camera_12,0.9939079284667969,0,0.21416175318656336
724,Warehouse_015__Person_0009,Camera_11,1285,Warehouse_015__Person_0233,Camera_02,0.9842928051948547,0,0.025447687383963438
725,Warehouse_015__Person_0009,Camera_12,1289,Warehouse_015__Person_0233,Camera_08,0.9897629022598267,0,0.17637521383797805
726,Warehouse_015__Person_0010,Camera_01,733,Warehouse_015__Person_0010,Camera_11,0.9866832494735718,1,0.6707459207459208
727,Warehouse_015__Person_0010,Camera_02,728,Warehouse_015__Person_0010,Camera_03,0.9740105867385864,1,0.9861111111111112
728,Warehouse_015__Person_0010,Camera_03,727,Warehouse_015__Person_0010,Camera_02,0.9740105867385864,1,0.975
729,Warehouse_015__Person_0010,Camera_05,733,Warehouse_015__Person_0010,Camera_11,0.9878053069114685,1,1.0
730,Warehouse_015__Person_0010,Camera_06,733,Warehouse_015__Person_0010,Camera_11,0.9848247170448303,1,0.7901268115942028
731,Warehouse_015__Person_0010,Camera_08,727,Warehouse_015__Person_0010,Camera_02,0.9669920206069946,1,0.975
732,Warehouse_015__Person_0010,Camera_10,729,Warehouse_015__Person_0010,Camera_05,0.9751148819923401,1,1.0
733,Warehouse_015__Person_0010,Camera_11,729,Warehouse_015__Person_0010,Camera_05,0.9878053069114685,1,0.9502840909090909
734,Warehouse_015__Person_0010,Camera_12,726,Warehouse_015__Person_0010,Camera_01,0.9819027185440063,1,0.28946089482854187
735,Warehouse_015__Person_0011,Camera,743,Warehouse_015__Person_0011,Camera_10,0.9762377738952637,1,0.7920606060606061
736,Warehouse_015__Person_0011,Camera_01,890,Warehouse_015__Person_0173,Camera_03,0.9827430844306946,0,0.4567595206725641
737,Warehouse_015__Person_0011,Camera_02,940,Warehouse_015__Person_0177,Camera_09,0.9694116711616516,0,0.20449164742358114
738,Warehouse_015__Person_0011,Camera_03,736,Warehouse_015__Person_0011,Camera_01,0.9800446033477783,1,0.4590022910992953
739,Warehouse_015__Person_0011,Camera_05,744,Warehouse_015__Person_0011,Camera_11,0.9858269095420837,1,0.7350511988011988
740,Warehouse_015__Person_0011,Camera_06,739,Warehouse_015__Person_0011,Camera_05,0.9808622598648071,1,0.6712760675273087
741,Warehouse_015__Person_0011,Camera_07,739,Warehouse_015__Person_0011,Camera_05,0.9830837845802307,1,0.6145714952647726
742,Warehouse_015__Person_0011,Camera_08,740,Warehouse_015__Person_0011,Camera_06,0.9214698076248169,1,0.20440720536286103
743,Warehouse_015__Person_0011,Camera_10,735,Warehouse_015__Person_0011,Camera,0.9762377738952637,1,0.6938136171373994
744,Warehouse_015__Person_0011,Camera_11,739,Warehouse_015__Person_0011,Camera_05,0.9858269095420837,1,0.8613986013986014
745,Warehouse_015__Person_0011,Camera_12,736,Warehouse_015__Person_0011,Camera_01,0.9787830114364624,1,0.7089537676657351
746,Warehouse_015__Person_0012,Camera_01,758,Warehouse_015__Person_0013,Camera_05,0.9890069365501404,0,0.4707986111111111
747,Warehouse_015__Person_0012,Camera_02,750,Warehouse_015__Person_0012,Camera_06,0.987922728061676,1,0.494258088008088
748,Warehouse_015__Person_0012,Camera_03,749,Warehouse_015__Person_0012,Camera_05,0.9754656553268433,1,0.3366280064964275
749,Warehouse_015__Person_0012,Camera_05,746,Warehouse_015__Person_0012,Camera_01,0.9884040951728821,1,0.5431807081807082
750,Warehouse_015__Person_0012,Camera_06,756,Warehouse_015__Person_0013,Camera_02,0.9888556003570557,0,0.4788947990543735
751,Warehouse_015__Person_0012,Camera_08,1226,Warehouse_015__Person_0219,Camera_12,0.9732800126075745,0,0.14868127969584244
752,Warehouse_015__Person_0012,Camera_10,746,Warehouse_015__Person_0012,Camera_01,0.985448956489563,1,0.4560921717171717
753,Warehouse_015__Person_0012,Camera_11,747,Warehouse_015__Person_0012,Camera_02,0.9818634390830994,1,0.5770551801801802
754,Warehouse_015__Person_0012,Camera_12,671,Warehouse_015__Person_0004,Camera_01,0.987008273601532,0,0.18427245581475432
755,Warehouse_015__Person_0013,Camera_01,758,Warehouse_015__Person_0013,Camera_05,0.9895036816596985,1,0.2722373545612578
756,Warehouse_015__Person_0013,Camera_02,750,Warehouse_015__Person_0012,Camera_06,0.9888556003570557,0,0.12320631715660801
757,Warehouse_015__Person_0013,Camera_03,793,Warehouse_015__Person_0016,Camera_09,0.9323930144309998,0,0.046132432393052245
758,Warehouse_015__Person_0013,Camera_05,755,Warehouse_015__Person_0013,Camera_01,0.9895036816596985,1,0.2683138845158763
759,Warehouse_015__Person_0013,Camera_06,776,Warehouse_015__Person_0015,Camera_03,0.9748710989952087,0,0.06130085141173826
760,Warehouse_015__Person_0013,Camera_07,1013,Warehouse_015__Person_0187,Camera_04,0.9239701628684998,0,0.08219454175630536
761,Warehouse_015__Person_0013,Camera_08,1469,Warehouse_016__Person_0350,Camera_07,0.9530954957008362,0,0.05151767199073844
762,Warehouse_015__Person_0013,Camera_10,758,Warehouse_015__Person_0013,Camera_05,0.9794867634773254,1,0.33547192945149223
763,Warehouse_015__Person_0013,Camera_11,1278,Warehouse_015__Person_0232,Camera_05,0.9009373784065247,0,0.020395924893986086
764,Warehouse_015__Person_0013,Camera_12,1101,Warehouse_015__Person_0196,Camera_01,0.9833143353462219,0,0.014243123773666773
765,Warehouse_015__Person_0014,Camera_01,768,Warehouse_015__Person_0014,Camera_05,0.9696894884109497,1,0.975
766,Warehouse_015__Person_0014,Camera_02,769,Warehouse_015__Person_0014,Camera_06,0.9803357124328613,1,0.9704861111111112
767,Warehouse_015__Person_0014,Camera_03,1238,Warehouse_015__Person_0221,Camera_01,0.9625332355499268,0,0.15242756783459366
768,Warehouse_015__Person_0014,Camera_05,765,Warehouse_015__Person_0014,Camera_01,0.9696894884109497,1,0.907258064516129
769,Warehouse_015__Person_0014,Camera_06,766,Warehouse_015__Person_0014,Camera_02,0.9803357124328613,1,0.9861111111111112
770,Warehouse_015__Person_0014,Camera_08,773,Warehouse_015__Person_0014,Camera_12,0.9820394515991211,1,0.5102135763070299
771,Warehouse_015__Person_0014,Camera_10,772,Warehouse_015__Person_0014,Camera_11,0.9549276828765869,1,0.5499271561771562
772,Warehouse_015__Person_0014,Camera_11,769,Warehouse_015__Person_0014,Camera_06,0.9728805422782898,1,0.7488220620842572
773,Warehouse_015__Person_0014,Camera_12,770,Warehouse_015__Person_0014,Camera_08,0.9820394515991211,1,0.667572463768116
774,Warehouse_015__Person_0015,Camera,785,Warehouse_015__Person_0015,Camera_12,0.9891317486763,1,0.5771599111700548
775,Warehouse_015__Person_0015,Camera_01,776,Warehouse_015__Person_0015,Camera_03,0.9869371056556702,1,0.2487350134035768
776,Warehouse_015__Person_0015,Camera_03,775,Warehouse_015__Person_0015,Camera_01,0.9869371056556702,1,0.4032189412775019
777,Warehouse_015__Person_0015,Camera_04,783,Warehouse_015__Person_0015,Camera_10,0.9735669493675232,1,0.4604857379067015
778,Warehouse_015__Person_0015,Camera_05,780,Warehouse_015__Person_0015,Camera_07,0.9846845269203186,1,0.5091546586295316
779,Warehouse_015__Person_0015,Camera_06,778,Warehouse_015__Person_0015,Camera_05,0.9750261902809143,1,0.6145676237832818
780,Warehouse_015__Person_0015,Camera_07,778,Warehouse_015__Person_0015,Camera_05,0.9846845269203186,1,0.5217002882170008
781,Warehouse_015__Person_0015,Camera_08,785,Warehouse_015__Person_0015,Camera_12,0.9334854483604431,1,0.2627666257791224
782,Warehouse_015__Person_0015,Camera_09,777,Warehouse_015__Person_0015,Camera_04,0.9674710035324097,1,0.6453844381492784
783,Warehouse_015__Person_0015,Camera_10,796,Warehouse_015__Person_0016,Camera_12,0.9764102697372437,0,0.2376035002201096
784,Warehouse_015__Person_0015,Camera_11,1263,Warehouse_015__Person_0231,Camera_02,0.9610870480537415,0,0.16578177204147243
785,Warehouse_015__Person_0015,Camera_12,774,Warehouse_015__Person_0015,Camera,0.9891317486763,1,0.3746024563206998
786,Warehouse_015__Person_0016,Camera,510,Hospital_000__Person_0035,Camera_19,0.8643701076507568,0,0.015200618544791596
787,Warehouse_015__Person_0016,Camera_01,789,Warehouse_015__Person_0016,Camera_03,0.9760456681251526,1,0.27344829689743655
788,Warehouse_015__Person_0016,Camera_02,1007,Warehouse_015__Person_0186,Camera_10,0.9535057544708252,0,0.013854144025135927
789,Warehouse_015__Person_0016,Camera_03,787,Warehouse_015__Person_0016,Camera_01,0.9760456681251526,1,0.2872842769516562
790,Warehouse_015__Person_0016,Camera_05,791,Warehouse_015__Person_0016,Camera_06,0.9839285016059875,1,0.43134213279113076
791,Warehouse_015__Person_0016,Camera_06,795,Warehouse_015__Person_0016,Camera_11,0.9852291941642761,1,0.32471119054172315
792,Warehouse_015__Person_0016,Camera_07,787,Warehouse_015__Person_0016,Camera_01,0.9628056287765503,1,0.34612867625477306
793,Warehouse_015__Person_0016,Camera_09,757,Warehouse_015__Person_0013,Camera_03,0.9323930144309998,0,0.007101256561411459
794,Warehouse_015__Person_0016,Camera_10,796,Warehouse_015__Person_0016,Camera_12,0.958345353603363,1,0.277569645915202
795,Warehouse_015__Person_0016,Camera_11,791,Warehouse_015__Person_0016,Camera_06,0.9852291941642761,1,0.33463235953294557
796,Warehouse_015__Person_0016,Camera_12,783,Warehouse_015__Person_0015,Camera_10,0.9764102697372437,0,0.09740360648630576
797,Warehouse_015__Person_0017,Camera,802,Warehouse_015__Person_0017,Camera_05,0.9857286810874939,1,0.6366751257818452
798,Warehouse_015__Person_0017,Camera_01,802,Warehouse_015__Person_0017,Camera_05,0.9834068417549133,1,0.34379062830672513
799,Warehouse_015__Person_0017,Camera_02,1089,Warehouse_015__Person_0194,Camera_09,0.9790347814559937,0,0.1158778528148223
800,Warehouse_015__Person_0017,Camera_03,1082,Warehouse_015__Person_0194,Camera,0.9763231873512268,0,0.5454583936864368
801,Warehouse_015__Person_0017,Camera_04,803,Warehouse_015__Person_0017,Camera_06,0.9834494590759277,1,0.7988573340982981
802,Warehouse_015__Person_0017,Camera_05,797,Warehouse_015__Person_0017,Camera,0.9857286810874939,1,0.5011777425977542
803,Warehouse_015__Person_0017,Camera_06,801,Warehouse_015__Person_0017,Camera_04,0.9834494590759277,1,0.7650530570936807
804,Warehouse_015__Person_0017,Camera_07,805,Warehouse_015__Person_0017,Camera_08,0.946151852607727,1,0.2647960884301867
805,Warehouse_015__Person_0017,Camera_08,12,Hospital_000__Person_0000,Camera_27,0.9530712366104126,0,0.3250713653345233
806,Warehouse_015__Person_0017,Camera_10,797,Warehouse_015__Person_0017,Camera,0.9855798482894897,1,0.6744593222750301
807,Warehouse_015__Person_0017,Camera_11,803,Warehouse_015__Person_0017,Camera_06,0.9815616607666016,1,0.5762007648673793
808,Warehouse_015__Person_0017,Camera_12,1058,Warehouse_015__Person_0191,Camera_10,0.9874352812767029,0,0.21039894401510872
809,Warehouse_015__Person_0166,Camera,812,Warehouse_015__Person_0166,Camera_04,0.9886208772659302,1,0.2963438580613814
810,Warehouse_015__Person_0166,Camera_01,816,Warehouse_015__Person_0166,Camera_10,0.9944043755531311,1,0.19036706148758567
811,Warehouse_015__Person_0166,Camera_03,1148,Warehouse_015__Person_0200,Camera_12,0.9787945747375488,0,0.13046900338259956
812,Warehouse_015__Person_0166,Camera_04,809,Warehouse_015__Person_0166,Camera,0.9886208772659302,1,0.2996045630323605
813,Warehouse_015__Person_0166,Camera_07,982,Warehouse_015__Person_0184,Camera_02,0.8948417901992798,0,0.00413112022287734
814,Warehouse_015__Person_0166,Camera_08,817,Warehouse_015__Person_0166,Camera_12,0.9638798832893372,1,0.3256526217163525
815,Warehouse_015__Person_0166,Camera_09,831,Warehouse_015__Person_0168,Camera_03,0.9571107029914856,0,0.04632654629528797
816,Warehouse_015__Person_0166,Camera_10,810,Warehouse_015__Person_0166,Camera_01,0.9944043755531311,1,0.21896229858816674
817,Warehouse_015__Person_0166,Camera_12,812,Warehouse_015__Person_0166,Camera_04,0.9745084643363953,1,0.39869078396260604
818,Warehouse_015__Person_0167,Camera,644,Warehouse_015__Person_0001,Camera_12,0.9886022210121155,0,0.3591671853926756
819,Warehouse_015__Person_0167,Camera_01,643,Warehouse_015__Person_0001,Camera_10,0.990451991558075,0,0.14200164692874154
820,Warehouse_015__Person_0167,Camera_03,823,Warehouse_015__Person_0167,Camera_07,0.9886335134506226,1,0.45325946029910225
821,Warehouse_015__Person_0167,Camera_04,820,Warehouse_015__Person_0167,Camera_03,0.9864095449447632,1,0.5330962713424025
822,Warehouse_015__Person_0167,Camera_05,798,Warehouse_015__Person_0017,Camera_01,0.9723538160324097,0,0.2128036737012548
823,Warehouse_015__Person_0167,Camera_07,820,Warehouse_015__Person_0167,Camera_03,0.9886335134506226,1,0.3245888064281794
824,Warehouse_015__Person_0167,Camera_08,802,Warehouse_015__Person_0017,Camera_05,0.9608520269393921,0,0.11401634623690193
825,Warehouse_015__Person_0167,Camera_09,1045,Warehouse_015__Person_0190,Camera_08,0.9666562676429749,0,0.05049100276824547
826,Warehouse_015__Person_0167,Camera_10,819,Warehouse_015__Person_0167,Camera_01,0.986629843711853,1,0.2532077347712134
827,Warehouse_015__Person_0167,Camera_12,821,Warehouse_015__Person_0167,Camera_04,0.9725556969642639,1,0.3493535894281222
828,Warehouse_015__Person_0168,Camera,838,Warehouse_015__Person_0168,Camera_10,0.9888824224472046,1,0.48439369107078756
829,Warehouse_015__Person_0168,Camera_01,831,Warehouse_015__Person_0168,Camera_03,0.9915510416030884,1,0.5918932918932919
830,Warehouse_015__Person_0168,Camera_02,809,Warehouse_015__Person_0166,Camera,0.9802679419517517,0,0.48480886773569704
831,Warehouse_015__Person_0168,Camera_03,829,Warehouse_015__Person_0168,Camera_01,0.9915510416030884,1,0.6200471463402498
832,Warehouse_015__Person_0168,Camera_04,836,Warehouse_015__Person_0168,Camera_08,0.9880587458610535,1,0.5011418131742429
833,Warehouse_015__Person_0168,Camera_05,829,Warehouse_015__Person_0168,Camera_01,0.988359808921814,1,0.7243787746178969
834,Warehouse_015__Person_0168,Camera_06,833,Warehouse_015__Person_0168,Camera_05,0.9806421995162964,1,0.4680829847273542
835,Warehouse_015__Person_0168,Camera_07,839,Warehouse_015__Person_0168,Camera_11,0.9808492660522461,1,0.670416863114883
836,Warehouse_015__Person_0168,Camera_08,832,Warehouse_015__Person_0168,Camera_04,0.9880587458610535,1,0.5939764405439463
837,Warehouse_015__Person_0168,Camera_09,832,Warehouse_015__Person_0168,Camera_04,0.9808529615402222,1,0.40238660844164953
838,Warehouse_015__Person_0168,Camera_10,840,Warehouse_015__Person_0168,Camera_12,0.9916258454322815,1,0.5690563174430452
839,Warehouse_015__Person_0168,Camera_11,829,Warehouse_015__Person_0168,Camera_01,0.98396235704422,1,0.5016087509055998
840,Warehouse_015__Person_0168,Camera_12,838,Warehouse_015__Person_0168,Camera_10,0.9916258454322815,1,0.5560376926210554
841,Warehouse_015__Person_0169,Camera,844,Warehouse_015__Person_0169,Camera_03,0.9755611419677734,1,0.6366599757972253
842,Warehouse_015__Person_0169,Camera_01,849,Warehouse_015__Person_0169,Camera_08,0.985634982585907,1,0.7184818962424859
843,Warehouse_015__Person_0169,Camera_02,1045,Warehouse_015__Person_0190,Camera_08,0.9677227139472961,0,0.010409211030467744
844,Warehouse_015__Person_0169,Camera_03,852,Warehouse_015__Person_0169,Camera_12,0.986579954624176,1,0.7558157949667385
845,Warehouse_015__Person_0169,Camera_04,1198,Warehouse_015__Person_0217,Camera_02,0.9791710376739502,0,0.33212933362607383
846,Warehouse_015__Person_0169,Camera_05,842,Warehouse_015__Person_0169,Camera_01,0.9806305170059204,1,0.6621737511301408
847,Warehouse_015__Person_0169,Camera_06,852,Warehouse_015__Person_0169,Camera_12,0.9810748100280762,1,0.6281931065452222
848,Warehouse_015__Person_0169,Camera_07,1341,Warehouse_015__Person_0238,Camera_05,0.9588157534599304,0,0.4195296726641519
849,Warehouse_015__Person_0169,Camera_08,1336,Warehouse_015__Person_0238,Camera,0.986462414264679,0,0.4602104973551639
850,Warehouse_015__Person_0169,Camera_10,1336,Warehouse_015__Person_0238,Camera,0.9803552031517029,0,0.4090737043003935
851,Warehouse_015__Person_0169,Camera_11,846,Warehouse_015__Person_0169,Camera_05,0.9760240912437439,1,0.6345688588931981
852,Warehouse_015__Person_0169,Camera_12,844,Warehouse_015__Person_0169,Camera_03,0.986579954624176,1,0.5999748539864073
853,Warehouse_015__Person_0170,Camera,1198,Warehouse_015__Person_0217,Camera_02,0.970691442489624,0,0.20085389493416847
854,Warehouse_015__Person_0170,Camera_01,1204,Warehouse_015__Person_0217,Camera_08,0.986801266670227,0,0.11864935687339366
855,Warehouse_015__Person_0170,Camera_03,854,Warehouse_015__Person_0170,Camera_01,0.9840185642242432,1,0.19694182305456456
856,Warehouse_015__Person_0170,Camera_04,1208,Warehouse_015__Person_0217,Camera_12,0.97083979845047,0,0.1605338612040177
857,Warehouse_015__Person_0170,Camera_05,724,Warehouse_015__Person_0009,Camera_11,0.9681309461593628,0,0.016128791415287856
858,Warehouse_015__Person_0170,Camera_07,1202,Warehouse_015__Person_0217,Camera_06,0.9474440217018127,0,0.011234385967762607
859,Warehouse_015__Person_0170,Camera_08,556,Hospital_000__Person_0038,Camera_31,0.8626298904418945,0,0.03310329771318146
860,Warehouse_015__Person_0170,Camera_09,1198,Warehouse_015__Person_0217,Camera_02,0.9726512432098389,0,0.2215044829194476
861,Warehouse_015__Person_0170,Camera_10,1197,Warehouse_015__Person_0217,Camera_01,0.9799938797950745,0,0.16398715285813348
862,Warehouse_015__Person_0170,Camera_12,1198,Warehouse_015__Person_0217,Camera_02,0.9667040109634399,0,0.11706582210861415
863,Warehouse_015__Person_0171,Camera,874,Warehouse_015__Person_0171,Camera_12,0.9848356246948242,1,0.6569632936233727
864,Warehouse_015__Person_0171,Camera_01,866,Warehouse_015__Person_0171,Camera_03,0.9870156049728394,1,0.16642222661389308
865,Warehouse_015__Person_0171,Camera_02,1045,Warehouse_015__Person_0190,Camera_08,0.9742395281791687,0,0.018454442386915834
866,Warehouse_015__Person_0171,Camera_03,864,Warehouse_015__Person_0171,Camera_01,0.9870156049728394,1,0.32466556869544205
867,Warehouse_015__Person_0171,Camera_04,870,Warehouse_015__Person_0171,Camera_07,0.9655864238739014,1,0.7817065345721472
868,Warehouse_015__Person_0171,Camera_05,873,Warehouse_015__Person_0171,Camera_11,0.9698010087013245,1,0.6494503337476548
869,Warehouse_015__Person_0171,Camera_06,889,Warehouse_015__Person_0173,Camera_02,0.937652587890625,0,0.11469591100694401
870,Warehouse_015__Person_0171,Camera_07,866,Warehouse_015__Person_0171,Camera_03,0.9722297787666321,1,0.6870779771543131
871,Warehouse_015__Person_0171,Camera_09,863,Warehouse_015__Person_0171,Camera,0.9790456891059875,1,0.6044943846209266
872,Warehouse_015__Person_0171,Camera_10,897,Warehouse_015__Person_0173,Camera_12,0.983488142490387,0,0.3618633218895823
873,Warehouse_015__Person_0171,Camera_11,866,Warehouse_015__Person_0171,Camera_03,0.975143313407898,1,0.7974685623109027
874,Warehouse_015__Person_0171,Camera_12,863,Warehouse_015__Person_0171,Camera,0.9848356246948242,1,0.6507175749004146
875,Warehouse_015__Person_0172,Camera,879,Warehouse_015__Person_0172,Camera_04,0.9850637316703796,1,0.7705769585101834
876,Warehouse_015__Person_0172,Camera_01,875,Warehouse_015__Person_0172,Camera,0.9787067770957947,1,0.820724833236813
877,Warehouse_015__Person_0172,Camera_02,886,Warehouse_015__Person_0172,Camera_12,0.9765750169754028,1,0.5577760556801608
878,Warehouse_015__Person_0172,Camera_03,875,Warehouse_015__Person_0172,Camera,0.9732969403266907,1,0.8331645647304305
879,Warehouse_015__Person_0172,Camera_04,875,Warehouse_015__Person_0172,Camera,0.9850637316703796,1,0.8213812304343867
880,Warehouse_015__Person_0172,Camera_05,876,Warehouse_015__Person_0172,Camera_01,0.9746565222740173,1,0.7933043399300679
881,Warehouse_015__Person_0172,Camera_07,883,Warehouse_015__Person_0172,Camera_09,0.8847883939743042,1,0.6363865932047751
882,Warehouse_015__Person_0172,Camera_08,879,Warehouse_015__Person_0172,Camera_04,0.9709698557853699,1,0.7683578044181667
883,Warehouse_015__Person_0172,Camera_09,878,Warehouse_015__Person_0172,Camera_03,0.8902537822723389,1,0.5109237156799321
884,Warehouse_015__Person_0172,Camera_10,886,Warehouse_015__Person_0172,Camera_12,0.9900156855583191,1,0.23653452440201872
885,Warehouse_015__Person_0172,Camera_11,880,Warehouse_015__Person_0172,Camera_05,0.961603045463562,1,0.7191010807374445
886,Warehouse_015__Person_0172,Camera_12,884,Warehouse_015__Person_0172,Camera_10,0.9900156855583191,1,0.3693104051073367
887,Warehouse_015__Person_0173,Camera,891,Warehouse_015__Person_0173,Camera_04,0.9919744729995728,1,0.8174200760116253
888,Warehouse_015__Person_0173,Camera_01,896,Warehouse_015__Person_0173,Camera_10,0.9907689094543457,1,0.32050833302362775
889,Warehouse_015__Person_0173,Camera_02,869,Warehouse_015__Person_0171,Camera_06,0.937652587890625,0,0.23186902333390857
890,Warehouse_015__Person_0173,Camera_03,888,Warehouse_015__Person_0173,Camera_01,0.9894399046897888,1,0.48472866818636534
891,Warehouse_015__Person_0173,Camera_04,887,Warehouse_015__Person_0173,Camera,0.9919744729995728,1,0.7756062650799493
892,Warehouse_015__Person_0173,Camera_05,893,Warehouse_015__Person_0173,Camera_07,0.971004843711853,1,0.5706400616926932
893,Warehouse_015__Person_0173,Camera_07,887,Warehouse_015__Person_0173,Camera,0.985507607460022,1,0.7581547619047618
894,Warehouse_015__Person_0173,Camera_08,891,Warehouse_015__Person_0173,Camera_04,0.9855214357376099,1,0.6281913208742477
895,Warehouse_015__Person_0173,Camera_09,887,Warehouse_015__Person_0173,Camera,0.9733172059059143,1,0.7982255033102491
896,Warehouse_015__Person_0173,Camera_10,888,Warehouse_015__Person_0173,Camera_01,0.9907689094543457,1,0.2838756598215049
897,Warehouse_015__Person_0173,Camera_12,891,Warehouse_015__Person_0173,Camera_04,0.9846495985984802,1,0.6400545758209387
898,Warehouse_015__Person_0174,Camera,909,Warehouse_015__Person_0174,Camera_12,0.9857025742530823,1,0.6386887359757852
899,Warehouse_015__Person_0174,Camera_01,900,Warehouse_015__Person_0174,Camera_03,0.9897450804710388,1,0.4891846329628231
900,Warehouse_015__Person_0174,Camera_03,899,Warehouse_015__Person_0174,Camera_01,0.9897450804710388,1,0.4412290495881828
901,Warehouse_015__Person_0174,Camera_04,905,Warehouse_015__Person_0174,Camera_08,0.9794153571128845,1,0.5992185844458573
902,Warehouse_015__Person_0174,Camera_05,900,Warehouse_015__Person_0174,Camera_03,0.9809148907661438,1,0.3444432600099745
903,Warehouse_015__Person_0174,Camera_06,900,Warehouse_015__Person_0174,Camera_03,0.9581857919692993,1,0.4468784532420896
904,Warehouse_015__Person_0174,Camera_07,1098,Warehouse_015__Person_0195,Camera_11,0.9753251671791077,0,0.12408929711895314
905,Warehouse_015__Person_0174,Camera_08,898,Warehouse_015__Person_0174,Camera,0.9821396470069885,1,0.6703517021698839
906,Warehouse_015__Person_0174,Camera_09,1113,Warehouse_015__Person_0197,Camera_02,0.9417497515678406,0,0.15793290820306308
907,Warehouse_015__Person_0174,Camera_10,909,Warehouse_015__Person_0174,Camera_12,0.9900059700012207,1,0.4595014485688104
908,Warehouse_015__Person_0174,Camera_11,902,Warehouse_015__Person_0174,Camera_05,0.9539053440093994,1,0.3938721213008366
909,Warehouse_015__Person_0174,Camera_12,907,Warehouse_015__Person_0174,Camera_10,0.9900059700012207,1,0.5734685156983412
910,Warehouse_015__Person_0175,Camera,1243,Warehouse_015__Person_0221,Camera_07,0.8746639490127563,0,0.044772244922379814
911,Warehouse_015__Person_0175,Camera_01,915,Warehouse_015__Person_0175,Camera_05,0.9796655178070068,1,0.6273438969726327
912,Warehouse_015__Person_0175,Camera_02,577,Lab_000__Person_0000,Camera_0004,0.8931639194488525,0,0.02605530251952366
913,Warehouse_015__Person_0175,Camera_03,916,Warehouse_015__Person_0175,Camera_06,0.979239284992218,1,0.6062908099682114
914,Warehouse_015__Person_0175,Camera_04,921,Warehouse_015__Person_0175,Camera_12,0.9764583706855774,1,0.3597125709767972
915,Warehouse_015__Person_0175,Camera_05,911,Warehouse_015__Person_0175,Camera_01,0.9796655178070068,1,0.37588429846828386
916,Warehouse_015__Person_0175,Camera_06,919,Warehouse_015__Person_0175,Camera_10,0.9847004413604736,1,0.6639410812109728
917,Warehouse_015__Person_0175,Camera_07,1240,Warehouse_015__Person_0221,Camera_03,0.9585603475570679,0,0.09833766067140849
918,Warehouse_015__Person_0175,Camera_08,921,Warehouse_015__Person_0175,Camera_12,0.9813178777694702,1,0.3013062096034226
919,Warehouse_015__Person_0175,Camera_10,921,Warehouse_015__Person_0175,Camera_12,0.9917870759963989,1,0.5939763508071749
920,Warehouse_015__Person_0175,Camera_11,911,Warehouse_015__Person_0175,Camera_01,0.9753625392913818,1,0.634632769761775
921,Warehouse_015__Person_0175,Camera_12,919,Warehouse_015__Person_0175,Camera_10,0.9917870759963989,1,0.4642068138994186
922,Warehouse_015__Person_0176,Camera,931,Warehouse_015__Person_0176,Camera_12,0.981070339679718,1,1.0000000000000002
923,Warehouse_015__Person_0176,Camera_01,930,Warehouse_015__Person_0176,Camera_10,0.9937885999679565,1,0.6700874056689015
924,Warehouse_015__Person_0176,Camera_03,930,Warehouse_015__Person_0176,Camera_10,0.9858883619308472,1,0.4277348246796897
925,Warehouse_015__Person_0176,Camera_04,922,Warehouse_015__Person_0176,Camera,0.9798279404640198,1,1.0
926,Warehouse_015__Person_0176,Camera_05,927,Warehouse_015__Person_0176,Camera_07,0.9528074264526367,1,0.9575757575757576
927,Warehouse_015__Person_0176,Camera_07,931,Warehouse_015__Person_0176,Camera_12,0.9733616709709167,1,0.9888888888888892
928,Warehouse_015__Person_0176,Camera_08,922,Warehouse_015__Person_0176,Camera,0.9735109806060791,1,0.9555555555555557
929,Warehouse_015__Person_0176,Camera_09,927,Warehouse_015__Person_0176,Camera_07,0.9659112095832825,1,1.0000000000000002
930,Warehouse_015__Person_0176,Camera_10,923,Warehouse_015__Person_0176,Camera_01,0.9937885999679565,1,0.5182990303374169
931,Warehouse_015__Person_0176,Camera_12,922,Warehouse_015__Person_0176,Camera,0.981070339679718,1,0.9797979797979799
932,Warehouse_015__Person_0177,Camera,1290,Warehouse_015__Person_0233,Camera_10,0.9841646552085876,0,0.4916870657097444
933,Warehouse_015__Person_0177,Camera_01,934,Warehouse_015__Person_0177,Camera_03,0.9887309670448303,1,0.5616651390021203
934,Warehouse_015__Person_0177,Camera_03,933,Warehouse_015__Person_0177,Camera_01,0.9887309670448303,1,0.4808145286086463
935,Warehouse_015__Person_0177,Camera_04,1285,Warehouse_015__Person_0233,Camera_02,0.9828188419342041,0,0.5491664016834585
936,Warehouse_015__Person_0177,Camera_05,933,Warehouse_015__Person_0177,Camera_01,0.9832367897033691,1,0.491382693529174
937,Warehouse_015__Person_0177,Camera_06,718,Warehouse_015__Person_0009,Camera_03,0.9905269145965576,0,0.28262563127641155
938,Warehouse_015__Person_0177,Camera_07,720,Warehouse_015__Person_0009,Camera_05,0.8892654776573181,0,0.02890667281055165
939,Warehouse_015__Person_0177,Camera_08,716,Warehouse_015__Person_0009,Camera_01,0.9583116173744202,0,0.06332059287656422
940,Warehouse_015__Person_0177,Camera_09,715,Warehouse_015__Person_0009,Camera,0.9881182909011841,0,0.22474482205207472
941,Warehouse_015__Person_0177,Camera_10,943,Warehouse_015__Person_0177,Camera_12,0.9909957051277161,1,0.5519824755788425
942,Warehouse_015__Person_0177,Camera_11,933,Warehouse_015__Person_0177,Camera_01,0.9833723902702332,1,0.6182489858414939
943,Warehouse_015__Person_0177,Camera_12,941,Warehouse_015__Person_0177,Camera_10,0.9909957051277161,1,0.34281907921406357
944,Warehouse_015__Person_0178,Camera,950,Warehouse_015__Person_0178,Camera_10,0.9682528376579285,1,0.5748493906844109
945,Warehouse_015__Person_0178,Camera_01,1033,Warehouse_015__Person_0189,Camera_08,0.9730331897735596,0,0.14689693461885314
946,Warehouse_015__Person_0178,Camera_03,1006,Warehouse_015__Person_0186,Camera_08,0.9732180237770081,0,0.0939452219623027
947,Warehouse_015__Person_0178,Camera_04,944,Warehouse_015__Person_0178,Camera,0.9672797918319702,1,0.3446157085898043
948,Warehouse_015__Person_0178,Camera_07,1032,Warehouse_015__Person_0189,Camera_06,0.8995100855827332,0,0.010753188540986088
949,Warehouse_015__Person_0178,Camera_08,379,Hospital_000__Person_0026,Camera_03,0.9275090098381042,0,0.039294177917568535
950,Warehouse_015__Person_0178,Camera_10,944,Warehouse_015__Person_0178,Camera,0.9682528376579285,1,0.40916445903303755
951,Warehouse_015__Person_0178,Camera_12,947,Warehouse_015__Person_0178,Camera_04,0.9248834848403931,1,0.41502102200901453
952,Warehouse_015__Person_0179,Camera,956,Warehouse_015__Person_0179,Camera_04,0.987166702747345,1,0.33709254007034894
953,Warehouse_015__Person_0179,Camera_01,702,Warehouse_015__Person_0006,Camera_12,0.9738223552703857,0,0.06277936402367126
954,Warehouse_015__Person_0179,Camera_02,957,Warehouse_015__Person_0179,Camera_07,0.9662199020385742,1,0.1338588775765099
955,Warehouse_015__Person_0179,Camera_03,958,Warehouse_015__Person_0179,Camera_08,0.9741196632385254,1,0.4143199124792185
956,Warehouse_015__Person_0179,Camera_04,952,Warehouse_015__Person_0179,Camera,0.987166702747345,1,0.38076859428903453
957,Warehouse_015__Person_0179,Camera_07,954,Warehouse_015__Person_0179,Camera_02,0.9662199020385742,1,0.13327483167058057
958,Warehouse_015__Person_0179,Camera_08,956,Warehouse_015__Person_0179,Camera_04,0.980562150478363,1,0.4691961641243186
959,Warehouse_015__Person_0179,Camera_10,960,Warehouse_015__Person_0179,Camera_12,0.981321394443512,1,0.14076290588272683
960,Warehouse_015__Person_0179,Camera_12,677,Warehouse_015__Person_0004,Camera_08,0.9843610525131226,0,0.2383392141844827
961,Warehouse_015__Person_0180,Camera,970,Warehouse_015__Person_0180,Camera_12,0.9793633222579956,1,0.6872571872571872
962,Warehouse_015__Person_0180,Camera_01,969,Warehouse_015__Person_0180,Camera_10,0.9838348627090454,1,0.1316858663979678
963,Warehouse_015__Person_0180,Camera_02,961,Warehouse_015__Person_0180,Camera,0.9397593140602112,1,0.386239176228694
964,Warehouse_015__Person_0180,Camera_03,967,Warehouse_015__Person_0180,Camera_08,0.9760948419570923,1,0.3408931957782533
965,Warehouse_015__Person_0180,Camera_04,967,Warehouse_015__Person_0180,Camera_08,0.9807438850402832,1,0.6885891646873559
966,Warehouse_015__Person_0180,Camera_07,961,Warehouse_015__Person_0180,Camera,0.9683015942573547,1,0.6904056270375714
967,Warehouse_015__Person_0180,Camera_08,970,Warehouse_015__Person_0180,Camera_12,0.9819040298461914,1,0.7097266158538744
968,Warehouse_015__Person_0180,Camera_09,967,Warehouse_015__Person_0180,Camera_08,0.9737709760665894,1,0.6635262725779967
969,Warehouse_015__Person_0180,Camera_10,962,Warehouse_015__Person_0180,Camera_01,0.9838348627090454,1,0.12037887954402114
970,Warehouse_015__Person_0180,Camera_12,967,Warehouse_015__Person_0180,Camera_08,0.9819040298461914,1,0.7139231139231139
971,Warehouse_015__Person_0181,Camera,974,Warehouse_015__Person_0181,Camera_03,0.9757477045059204,1,0.9232804232804235
972,Warehouse_015__Person_0181,Camera_01,974,Warehouse_015__Person_0181,Camera_03,0.9907737374305725,1,0.6218553718553719
973,Warehouse_015__Person_0181,Camera_02,971,Warehouse_015__Person_0181,Camera,0.9743591547012329,1,0.8787878787878789
974,Warehouse_015__Person_0181,Camera_03,972,Warehouse_015__Person_0181,Camera_01,0.9907737374305725,1,0.7431938431938432
975,Warehouse_015__Person_0181,Camera_04,971,Warehouse_015__Person_0181,Camera,0.9638977646827698,1,0.6646034941489487
976,Warehouse_015__Person_0181,Camera_05,974,Warehouse_015__Person_0181,Camera_03,0.9823889136314392,1,0.6238325281803543
977,Warehouse_015__Person_0181,Camera_07,971,Warehouse_015__Person_0181,Camera,0.9448510408401489,1,0.7572681704260651
978,Warehouse_015__Person_0181,Camera_08,980,Warehouse_015__Person_0181,Camera_12,0.9814890623092651,1,0.3177291659613153
979,Warehouse_015__Person_0181,Camera_10,980,Warehouse_015__Person_0181,Camera_12,0.9914949536323547,1,0.5815077742549044
980,Warehouse_015__Person_0181,Camera_12,979,Warehouse_015__Person_0181,Camera_10,0.9914949536323547,1,0.4080376963598725
981,Warehouse_015__Person_0184,Camera_01,1058,Warehouse_015__Person_0191,Camera_10,0.9800136089324951,0,0.03232897547444778
982,Warehouse_015__Person_0184,Camera_02,1031,Warehouse_015__Person_0189,Camera_05,0.9077571034431458,0,0.012083237569605575
983,Warehouse_015__Person_0184,Camera_03,1091,Warehouse_015__Person_0194,Camera_12,0.9677734971046448,0,0.04519513810647996
984,Warehouse_015__Person_0184,Camera_05,1045,Warehouse_015__Person_0190,Camera_08,0.9681958556175232,0,0.0464905617403379
985,Warehouse_015__Person_0184,Camera_08,1036,Warehouse_015__Person_0189,Camera_12,0.9816000461578369,0,0.014799198237897613
986,Warehouse_015__Person_0184,Camera_10,808,Warehouse_015__Person_0017,Camera_12,0.9636223316192627,0,0.05361848013022552
987,Warehouse_015__Person_0184,Camera_12,1147,Warehouse_015__Person_0200,Camera_10,0.9824549555778503,0,0.040512370684353545
988,Warehouse_015__Person_0185,Camera,990,Warehouse_015__Person_0185,Camera_02,0.9890797138214111,1,0.7039895240577825
989,Warehouse_015__Person_0185,Camera_01,991,Warehouse_015__Person_0185,Camera_03,0.9895941615104675,1,0.7071259562964782
990,Warehouse_015__Person_0185,Camera_02,988,Warehouse_015__Person_0185,Camera,0.9890797138214111,1,0.7037344958429556
991,Warehouse_015__Person_0185,Camera_03,989,Warehouse_015__Person_0185,Camera_01,0.9895941615104675,1,0.7243846054500839
992,Warehouse_015__Person_0185,Camera_04,991,Warehouse_015__Person_0185,Camera_03,0.9883498549461365,1,0.7067260478777331
993,Warehouse_015__Person_0185,Camera_05,991,Warehouse_015__Person_0185,Camera_03,0.8958772420883179,1,0.6577612414907497
994,Warehouse_015__Person_0185,Camera_07,993,Warehouse_015__Person_0185,Camera_05,0.8914021849632263,1,0.5133470764310316
995,Warehouse_015__Person_0185,Camera_08,989,Warehouse_015__Person_0185,Camera_01,0.9805048108100891,1,0.7062195636586589
996,Warehouse_015__Person_0185,Camera_10,998,Warehouse_015__Person_0185,Camera_12,0.9921176433563232,1,0.6581346913405414
997,Warehouse_015__Person_0185,Camera_11,685,Warehouse_015__Person_0005,Camera_05,0.8761246800422668,0,0.3359009093794333
998,Warehouse_015__Person_0185,Camera_12,996,Warehouse_015__Person_0185,Camera_10,0.9921176433563232,1,0.672747516558944
999,Warehouse_015__Person_0186,Camera,1002,Warehouse_015__Person_0186,Camera_03,0.9566742777824402,1,0.5188516263599803
1000,Warehouse_015__Person_0186,Camera_01,1006,Warehouse_015__Person_0186,Camera_08,0.9772050380706787,1,0.4947851231318199
1001,Warehouse_015__Person_0186,Camera_02,1008,Warehouse_015__Person_0186,Camera_12,0.9842010736465454,1,0.6325217925125132
1002,Warehouse_015__Person_0186,Camera_03,1000,Warehouse_015__Person_0186,Camera_01,0.9711619019508362,1,0.5640358697790112
1003,Warehouse_015__Person_0186,Camera_04,1008,Warehouse_015__Person_0186,Camera_12,0.9714940190315247,1,0.4552441534991971
1004,Warehouse_015__Person_0186,Camera_05,999,Warehouse_015__Person_0186,Camera,0.9176788330078125,1,0.31094728515495207
1005,Warehouse_015__Person_0186,Camera_07,1032,Warehouse_015__Person_0189,Camera_06,0.840606689453125,0,0.026031175870295676
1006,Warehouse_015__Person_0186,Camera_08,1008,Warehouse_015__Person_0186,Camera_12,0.9926034212112427,1,0.5522240590904157
1007,Warehouse_015__Person_0186,Camera_10,1008,Warehouse_015__Person_0186,Camera_12,0.9862722158432007,1,0.2596781353022326
1008,Warehouse_015__Person_0186,Camera_12,1006,Warehouse_015__Person_0186,Camera_08,0.9926034212112427,1,0.5350733197469929
1009,Warehouse_015__Person_0187,Camera,1017,Warehouse_015__Person_0187,Camera_12,0.97798752784729,1,0.1511923470782353
1010,Warehouse_015__Person_0187,Camera_01,1012,Warehouse_015__Person_0187,Camera_03,0.8750823140144348,1,0.3048940086053861
1011,Warehouse_015__Person_0187,Camera_02,1012,Warehouse_015__Person_0187,Camera_03,0.9631457924842834,1,0.43724675347937436
1012,Warehouse_015__Person_0187,Camera_03,1011,Warehouse_015__Person_0187,Camera_02,0.9631457924842834,1,0.24887577068147074
1013,Warehouse_015__Person_0187,Camera_04,665,Warehouse_015__Person_0003,Camera_08,0.949288010597229,0,0.0290825500762315
1014,Warehouse_015__Person_0187,Camera_05,1071,Warehouse_015__Person_0193,Camera,0.7951396107673645,0,0.0055134583434842755
1015,Warehouse_015__Person_0187,Camera_08,987,Warehouse_015__Person_0184,Camera_12,0.9809985756874084,0,0.008058645696719779
1016,Warehouse_015__Person_0187,Camera_10,1012,Warehouse_015__Person_0187,Camera_03,0.9471262097358704,1,0.44748037482141995
1017,Warehouse_015__Person_0187,Camera_12,1244,Warehouse_015__Person_0221,Camera_08,0.98002028465271,0,0.038643227018070825
1018,Warehouse_015__Person_0188,Camera,1027,Warehouse_015__Person_0188,Camera_12,0.9756931662559509,1,0.5695084949107937
1019,Warehouse_015__Person_0188,Camera_01,1026,Warehouse_015__Person_0188,Camera_10,0.9935423135757446,1,0.23570599932601374
1020,Warehouse_015__Person_0188,Camera_03,1026,Warehouse_015__Person_0188,Camera_10,0.9829334616661072,1,0.24270622142317058
1021,Warehouse_015__Person_0188,Camera_04,1024,Warehouse_015__Person_0188,Camera_08,0.9631194472312927,1,0.4258871800199338
1022,Warehouse_015__Person_0188,Camera_05,1020,Warehouse_015__Person_0188,Camera_03,0.9656832218170166,1,0.13467596104148158
1023,Warehouse_015__Person_0188,Camera_07,656,Warehouse_015__Person_0002,Camera_11,0.9589090347290039,0,0.022717909152245305
1024,Warehouse_015__Person_0188,Camera_08,1027,Warehouse_015__Person_0188,Camera_12,0.9711580276489258,1,0.5026716207927562
1025,Warehouse_015__Person_0188,Camera_09,1018,Warehouse_015__Person_0188,Camera,0.9471087455749512,1,0.4684394065973013
1026,Warehouse_015__Person_0188,Camera_10,1019,Warehouse_015__Person_0188,Camera_01,0.9935424327850342,1,0.23469120344293645
1027,Warehouse_015__Person_0188,Camera_12,1018,Warehouse_015__Person_0188,Camera,0.9756931662559509,1,0.5513322224014048
1028,Warehouse_015__Person_0189,Camera_01,1030,Warehouse_015__Person_0189,Camera_03,0.975904107093811,1,0.3887506680364498
1029,Warehouse_015__Person_0189,Camera_02,1034,Warehouse_015__Person_0189,Camera_10,0.9756321907043457,1,0.5296951643037128
1030,Warehouse_015__Person_0189,Camera_03,1028,Warehouse_015__Person_0189,Camera_01,0.975904107093811,1,0.38478392233097064
1031,Warehouse_015__Person_0189,Camera_05,1028,Warehouse_015__Person_0189,Camera_01,0.9452496767044067,1,0.29938344012136325
1032,Warehouse_015__Person_0189,Camera_06,948,Warehouse_015__Person_0178,Camera_07,0.8995101451873779,0,0.019827561768526243
1033,Warehouse_015__Person_0189,Camera_08,1036,Warehouse_015__Person_0189,Camera_12,0.9826058149337769,1,0.16986016986706917
1034,Warehouse_015__Person_0189,Camera_10,1036,Warehouse_015__Person_0189,Camera_12,0.97886061668396,1,0.41800405609321023
1035,Warehouse_015__Person_0189,Camera_11,1029,Warehouse_015__Person_0189,Camera_02,0.9502192735671997,1,0.3278380942998403
1036,Warehouse_015__Person_0189,Camera_12,819,Warehouse_015__Person_0167,Camera_01,0.9865587949752808,0,0.0815444658403687
1037,Warehouse_015__Person_0190,Camera,1049,Warehouse_015__Person_0190,Camera_12,0.9766712188720703,1,0.7400114313198399
1038,Warehouse_015__Person_0190,Camera_01,1049,Warehouse_015__Person_0190,Camera_12,0.9891489744186401,1,0.7611357630168312
1039,Warehouse_015__Person_0190,Camera_02,1046,Warehouse_015__Person_0190,Camera_09,0.984750509262085,1,0.6201311549141938
1040,Warehouse_015__Person_0190,Camera_03,1038,Warehouse_015__Person_0190,Camera_01,0.9878004789352417,1,0.5108658771310902
1041,Warehouse_015__Person_0190,Camera_04,1037,Warehouse_015__Person_0190,Camera,0.9561946392059326,1,0.30832175337204026
1042,Warehouse_015__Person_0190,Camera_05,1044,Warehouse_015__Person_0190,Camera_07,0.986987829208374,1,0.6931055477746655
1043,Warehouse_015__Person_0190,Camera_06,1042,Warehouse_015__Person_0190,Camera_05,0.982622504234314,1,0.7353417315807167
1044,Warehouse_015__Person_0190,Camera_07,1042,Warehouse_015__Person_0190,Camera_05,0.986987829208374,1,0.7240470655039799
1045,Warehouse_015__Person_0190,Camera_08,489,Hospital_000__Person_0034,Camera_04,0.9766230583190918,0,0.05630674224122906
1046,Warehouse_015__Person_0190,Camera_09,1044,Warehouse_015__Person_0190,Camera_07,0.98549884557724,1,0.737779989079494
1047,Warehouse_015__Person_0190,Camera_10,1049,Warehouse_015__Person_0190,Camera_12,0.9890121221542358,1,0.6060629251700682
1048,Warehouse_015__Person_0190,Camera_11,1042,Warehouse_015__Person_0190,Camera_05,0.9749090671539307,1,0.6241449472734379
1049,Warehouse_015__Person_0190,Camera_12,1038,Warehouse_015__Person_0190,Camera_01,0.9891489744186401,1,0.7306620017221424
1050,Warehouse_015__Person_0191,Camera,1054,Warehouse_015__Person_0191,Camera_05,0.9738298654556274,1,0.20218077506153495
1051,Warehouse_015__Person_0191,Camera_01,1058,Warehouse_015__Person_0191,Camera_10,0.9950716495513916,1,0.4068819073027041
1052,Warehouse_015__Person_0191,Camera_02,1053,Warehouse_015__Person_0191,Camera_03,0.9839649200439453,1,0.3106458754130387
1053,Warehouse_015__Person_0191,Camera_03,1051,Warehouse_015__Person_0191,Camera_01,0.9906483888626099,1,0.3916354156214837
1054,Warehouse_015__Person_0191,Camera_05,1158,Warehouse_015__Person_0201,Camera_10,0.97928786277771,0,0.26700186694384304
1055,Warehouse_015__Person_0191,Camera_07,1076,Warehouse_015__Person_0193,Camera_06,0.9898952841758728,0,0.19856650731421116
1056,Warehouse_015__Person_0191,Camera_08,1356,Warehouse_015__Person_0239,Camera_12,0.982659101486206,0,0.0773252996886997
1057,Warehouse_015__Person_0191,Camera_09,1285,Warehouse_015__Person_0233,Camera_02,0.9633386731147766,0,0.05286629638393359
1058,Warehouse_015__Person_0191,Camera_10,1051,Warehouse_015__Person_0191,Camera_01,0.9950716495513916,1,0.3977031494914492
1059,Warehouse_015__Person_0191,Camera_11,1351,Warehouse_015__Person_0239,Camera_06,0.9058139324188232,0,0.010075824158120104
1060,Warehouse_015__Person_0191,Camera_12,1058,Warehouse_015__Person_0191,Camera_10,0.9934724569320679,1,0.4289145164733734
1061,Warehouse_015__Person_0192,Camera,1068,Warehouse_015__Person_0192,Camera_08,0.9831053018569946,1,0.8295036533131771
1062,Warehouse_015__Person_0192,Camera_01,1070,Warehouse_015__Person_0192,Camera_12,0.9887269735336304,1,0.8093085382301068
1063,Warehouse_015__Person_0192,Camera_02,1066,Warehouse_015__Person_0192,Camera_05,0.9794427752494812,1,0.8987854251012146
1064,Warehouse_015__Person_0192,Camera_03,1066,Warehouse_015__Person_0192,Camera_05,0.9867950677871704,1,0.9054093567251462
1065,Warehouse_015__Person_0192,Camera_04,1068,Warehouse_015__Person_0192,Camera_08,0.984697699546814,1,0.9049773755656109
1066,Warehouse_015__Person_0192,Camera_05,1064,Warehouse_015__Person_0192,Camera_03,0.9867950677871704,1,0.9435897435897438
1067,Warehouse_015__Person_0192,Camera_07,1066,Warehouse_015__Person_0192,Camera_05,0.9253881573677063,1,0.8801981806367771
1068,Warehouse_015__Person_0192,Camera_08,1065,Warehouse_015__Person_0192,Camera_04,0.984697699546814,1,0.859603789836348
1069,Warehouse_015__Person_0192,Camera_10,1070,Warehouse_015__Person_0192,Camera_12,0.9858639240264893,1,0.13415226902909824
1070,Warehouse_015__Person_0192,Camera_12,1062,Warehouse_015__Person_0192,Camera_01,0.9887269735336304,1,0.6896259232466128
1071,Warehouse_015__Person_0193,Camera,1351,Warehouse_015__Person_0239,Camera_06,0.9234272837638855,0,0.010469599848505363
1072,Warehouse_015__Person_0193,Camera_01,1075,Warehouse_015__Person_0193,Camera_05,0.9914042949676514,1,0.4129062753414982
1073,Warehouse_015__Person_0193,Camera_02,1350,Warehouse_015__Person_0239,Camera_05,0.9816873669624329,0,0.18721760719102884
1074,Warehouse_015__Person_0193,Camera_03,1075,Warehouse_015__Person_0193,Camera_05,0.989486813545227,1,0.3025070726596006
1075,Warehouse_015__Person_0193,Camera_05,1072,Warehouse_015__Person_0193,Camera_01,0.9914042949676514,1,0.403063000357118
1076,Warehouse_015__Person_0193,Camera_06,1055,Warehouse_015__Person_0191,Camera_07,0.9898952841758728,0,0.32429845157060283
1077,Warehouse_015__Person_0193,Camera_07,1072,Warehouse_015__Person_0193,Camera_01,0.9812940359115601,1,0.4475795094772784
1078,Warehouse_015__Person_0193,Camera_08,991,Warehouse_015__Person_0185,Camera_03,0.9513403177261353,0,0.03392917549691485
1079,Warehouse_015__Person_0193,Camera_10,1060,Warehouse_015__Person_0191,Camera_12,0.9832248091697693,0,0.20637494078084676
1080,Warehouse_015__Person_0193,Camera_11,1348,Warehouse_015__Person_0239,Camera_02,0.9838285446166992,0,0.3145344378008672
1081,Warehouse_015__Person_0193,Camera_12,1058,Warehouse_015__Person_0191,Camera_10,0.9889895915985107,0,0.10154013146126105
1082,Warehouse_015__Person_0194,Camera,1091,Warehouse_015__Person_0194,Camera_12,0.988946795463562,1,0.6138225069119378
1083,Warehouse_015__Person_0194,Camera_01,1090,Warehouse_015__Person_0194,Camera_10,0.9877681732177734,1,0.37068505230605686
1084,Warehouse_015__Person_0194,Camera_03,1091,Warehouse_015__Person_0194,Camera_12,0.9882776737213135,1,0.7233417798176833
1085,Warehouse_015__Person_0194,Camera_04,1091,Warehouse_015__Person_0194,Camera_12,0.9847593307495117,1,0.7915824915824915
1086,Warehouse_015__Person_0194,Camera_05,808,Warehouse_015__Person_0017,Camera_12,0.9752328991889954,0,0.07429570523179968
1087,Warehouse_015__Person_0194,Camera_07,1084,Warehouse_015__Person_0194,Camera_03,0.9736984968185425,1,0.6221435792721934
1088,Warehouse_015__Person_0194,Camera_08,1082,Warehouse_015__Person_0194,Camera,0.9664733409881592,1,0.5561269026455105
1089,Warehouse_015__Person_0194,Camera_09,799,Warehouse_015__Person_0017,Camera_02,0.9790349006652832,0,0.21008355899552542
1090,Warehouse_015__Person_0194,Camera_10,1083,Warehouse_015__Person_0194,Camera_01,0.9877681732177734,1,0.19167871143442772
1091,Warehouse_015__Person_0194,Camera_12,1082,Warehouse_015__Person_0194,Camera,0.988946795463562,1,0.5899281634575751
1092,Warehouse_015__Person_0195,Camera_01,1097,Warehouse_015__Person_0195,Camera_10,0.9752001166343689,1,0.35424202114705544
1093,Warehouse_015__Person_0195,Camera_02,1309,Warehouse_015__Person_0235,Camera_04,0.983941912651062,0,0.16520799391444813
1094,Warehouse_015__Person_0195,Camera_03,1305,Warehouse_015__Person_0235,Camera,0.9691082239151001,0,0.12979065120490701
1095,Warehouse_015__Person_0195,Camera_05,1092,Warehouse_015__Person_0195,Camera_01,0.973992109298706,1,0.22778710553423995
1096,Warehouse_015__Person_0195,Camera_08,1099,Warehouse_015__Person_0195,Camera_12,0.9879469871520996,1,0.15980717164527822
1097,Warehouse_015__Person_0195,Camera_10,1315,Warehouse_015__Person_0235,Camera_12,0.9824812412261963,0,0.14379294006553645
1098,Warehouse_015__Person_0195,Camera_11,904,Warehouse_015__Person_0174,Camera_07,0.9753255844116211,0,0.11038789631099838
1099,Warehouse_015__Person_0195,Camera_12,1120,Warehouse_015__Person_0197,Camera_10,0.9914532899856567,0,0.11868480236505245
1100,Warehouse_015__Person_0196,Camera,649,Warehouse_015__Person_0002,Camera_04,0.9086123108863831,0,0.18567725739208105
1101,Warehouse_015__Person_0196,Camera_01,764,Warehouse_015__Person_0013,Camera_12,0.9833140969276428,0,0.10742162316280109
1102,Warehouse_015__Person_0196,Camera_03,1101,Warehouse_015__Person_0196,Camera_01,0.9794609546661377,1,0.3566336310653503
1103,Warehouse_015__Person_0196,Camera_04,805,Warehouse_015__Person_0017,Camera_08,0.8621423244476318,0,0.027694884690331344
1104,Warehouse_015__Person_0196,Camera_05,1106,Warehouse_015__Person_0196,Camera_07,0.9878867268562317,1,0.5390407127223454
1105,Warehouse_015__Person_0196,Camera_06,1268,Warehouse_015__Person_0231,Camera_07,0.8956153988838196,0,0.10509863748155113
1106,Warehouse_015__Person_0196,Camera_07,1104,Warehouse_015__Person_0196,Camera_05,0.9878867268562317,1,0.39851068799229944
1107,Warehouse_015__Person_0196,Camera_09,1102,Warehouse_015__Person_0196,Camera_03,0.9593604803085327,1,0.6166794405732328
1108,Warehouse_015__Person_0196,Camera_10,1110,Warehouse_015__Person_0196,Camera_12,0.9724375009536743,1,0.6477816757694703
1109,Warehouse_015__Person_0196,Camera_11,1106,Warehouse_015__Person_0196,Camera_07,0.984107255935669,1,0.49999788522558375
1110,Warehouse_015__Person_0196,Camera_12,1108,Warehouse_015__Person_0196,Camera_10,0.9724375009536743,1,0.6398314530266243
1111,Warehouse_015__Person_0197,Camera,1116,Warehouse_015__Person_0197,Camera_05,0.9812414646148682,1,0.3874564796905222
1112,Warehouse_015__Person_0197,Camera_01,1120,Warehouse_015__Person_0197,Camera_10,0.9892909526824951,1,0.18699212209664337
1113,Warehouse_015__Person_0197,Camera_02,665,Warehouse_015__Person_0003,Camera_08,0.9479032754898071,0,0.09208316283671254
1114,Warehouse_015__Person_0197,Camera_03,1311,Warehouse_015__Person_0235,Camera_07,0.9775639772415161,0,0.28010256024087793
1115,Warehouse_015__Person_0197,Camera_04,1111,Warehouse_015__Person_0197,Camera,0.970948338508606,1,0.3676640748253325
1116,Warehouse_015__Person_0197,Camera_05,1311,Warehouse_015__Person_0235,Camera_07,0.9818365573883057,0,0.28514167026787685
1117,Warehouse_015__Person_0197,Camera_07,1116,Warehouse_015__Person_0197,Camera_05,0.9585776329040527,1,0.5232793522267206
1118,Warehouse_015__Person_0197,Camera_08,1185,Warehouse_015__Person_0215,Camera_12,0.965664803981781,0,0.04355290494132904
1119,Warehouse_015__Person_0197,Camera_09,1309,Warehouse_015__Person_0235,Camera_04,0.9773361086845398,0,0.18996702278055366
1120,Warehouse_015__Person_0197,Camera_10,1099,Warehouse_015__Person_0195,Camera_12,0.9914532899856567,0,0.07387594503934782
1121,Warehouse_015__Person_0197,Camera_12,1312,Warehouse_015__Person_0235,Camera_08,0.9793776273727417,0,0.19018331130873628
1122,Warehouse_015__Person_0198,Camera,1130,Warehouse_015__Person_0198,Camera_10,0.9893937706947327,1,0.9464285714285713
1123,Warehouse_015__Person_0198,Camera_01,1126,Warehouse_015__Person_0198,Camera_05,0.9856822490692139,1,0.6541775280563271
1124,Warehouse_015__Person_0198,Camera_03,1126,Warehouse_015__Person_0198,Camera_05,0.9770683646202087,1,0.8425245098039215
1125,Warehouse_015__Person_0198,Camera_04,1129,Warehouse_015__Person_0198,Camera_09,0.9712469577789307,1,0.23939810939490863
1126,Warehouse_015__Person_0198,Camera_05,1123,Warehouse_015__Person_0198,Camera_01,0.9856822490692139,1,0.8507051282051282
1127,Warehouse_015__Person_0198,Camera_06,1128,Warehouse_015__Person_0198,Camera_07,0.9704210758209229,1,0.9042857142857142
1128,Warehouse_015__Person_0198,Camera_07,1130,Warehouse_015__Person_0198,Camera_10,0.9725677967071533,1,0.9999999999999999
1129,Warehouse_015__Person_0198,Camera_09,1125,Warehouse_015__Person_0198,Camera_04,0.9712469577789307,1,0.3185835040744827
1130,Warehouse_015__Person_0198,Camera_10,1122,Warehouse_015__Person_0198,Camera,0.9893937706947327,1,0.9587412587412588
1131,Warehouse_015__Person_0198,Camera_11,1124,Warehouse_015__Person_0198,Camera_03,0.9697039127349854,1,0.765009593581022
1132,Warehouse_015__Person_0198,Camera_12,1128,Warehouse_015__Person_0198,Camera_07,0.9713983535766602,1,1.0
1133,Warehouse_015__Person_0199,Camera,1140,Warehouse_015__Person_0199,Camera_09,0.9627790451049805,1,0.9626543209876546
1134,Warehouse_015__Person_0199,Camera_01,1139,Warehouse_015__Person_0199,Camera_08,0.963505744934082,1,0.8011164274322169
1135,Warehouse_015__Person_0199,Camera_02,1136,Warehouse_015__Person_0199,Camera_03,0.9716848134994507,1,0.9888888888888892
1136,Warehouse_015__Person_0199,Camera_03,1142,Warehouse_015__Person_0199,Camera_12,0.9724489450454712,1,1.0000000000000002
1137,Warehouse_015__Person_0199,Camera_04,1142,Warehouse_015__Person_0199,Camera_12,0.9608819484710693,1,0.9797979797979799
1138,Warehouse_015__Person_0199,Camera_07,1140,Warehouse_015__Person_0199,Camera_09,0.9740045070648193,1,0.9888888888888892
1139,Warehouse_015__Person_0199,Camera_08,1141,Warehouse_015__Person_0199,Camera_10,0.9759447574615479,1,0.6266494392996607
1140,Warehouse_015__Person_0199,Camera_09,1138,Warehouse_015__Person_0199,Camera_07,0.9740045070648193,1,1.0000000000000002
1141,Warehouse_015__Person_0199,Camera_10,1139,Warehouse_015__Person_0199,Camera_08,0.9759447574615479,1,0.31013776965348755
1142,Warehouse_015__Person_0199,Camera_12,1136,Warehouse_015__Person_0199,Camera_03,0.9724489450454712,1,1.0
1143,Warehouse_015__Person_0200,Camera_01,834,Warehouse_015__Person_0168,Camera_06,0.9312670230865479,0,0.006169407975723645
1144,Warehouse_015__Person_0200,Camera_02,1248,Warehouse_015__Person_0222,Camera_01,0.9369019269943237,0,0.014119168615816254
1145,Warehouse_015__Person_0200,Camera_03,1251,Warehouse_015__Person_0222,Camera_05,0.8860917687416077,0,0.004524607773223928
1146,Warehouse_015__Person_0200,Camera_08,1148,Warehouse_015__Person_0200,Camera_12,0.9767132997512817,1,0.2162502907861067
1147,Warehouse_015__Person_0200,Camera_10,987,Warehouse_015__Person_0184,Camera_12,0.9824549555778503,0,0.11911963428585531
1148,Warehouse_015__Person_0200,Camera_12,1252,Warehouse_015__Person_0222,Camera_08,0.9855664968490601,0,0.072110557119459
1149,Warehouse_015__Person_0201,Camera,1157,Warehouse_015__Person_0201,Camera_08,0.988074541091919,1,0.6973142545224926
1150,Warehouse_015__Person_0201,Camera_01,1154,Warehouse_015__Person_0201,Camera_05,0.9918013215065002,1,0.624076282898982
1151,Warehouse_015__Person_0201,Camera_02,1000,Warehouse_015__Person_0186,Camera_01,0.944096565246582,0,0.14369650549245055
1152,Warehouse_015__Person_0201,Camera_03,1150,Warehouse_015__Person_0201,Camera_01,0.9916170835494995,1,0.6701910661602867
1153,Warehouse_015__Person_0201,Camera_04,1157,Warehouse_015__Person_0201,Camera_08,0.9913690090179443,1,0.7435428906017141
1154,Warehouse_015__Person_0201,Camera_05,1150,Warehouse_015__Person_0201,Camera_01,0.9918013215065002,1,0.7126922819205357
1155,Warehouse_015__Person_0201,Camera_06,1152,Warehouse_015__Person_0201,Camera_03,0.9877649545669556,1,0.7159760529325747
1156,Warehouse_015__Person_0201,Camera_07,1349,Warehouse_015__Person_0239,Camera_03,0.9780652523040771,0,0.5119459446309541
1157,Warehouse_015__Person_0201,Camera_08,1153,Warehouse_015__Person_0201,Camera_04,0.9913690090179443,1,0.7788718634306869
1158,Warehouse_015__Person_0201,Camera_10,1160,Warehouse_015__Person_0201,Camera_12,0.9885852336883545,1,0.5728449734825712
1159,Warehouse_015__Person_0201,Camera_11,1154,Warehouse_015__Person_0201,Camera_05,0.9754819273948669,1,0.8025252525252526
1160,Warehouse_015__Person_0201,Camera_12,1150,Warehouse_015__Person_0201,Camera_01,0.9909825325012207,1,0.5955733951967166
1161,Warehouse_015__Person_0202,Camera,249,Hospital_000__Person_0017,Camera_10,0.942688524723053,0,0.3351267266532012
1162,Warehouse_015__Person_0202,Camera_01,1165,Warehouse_015__Person_0202,Camera_05,0.9879505634307861,1,0.8538931218035696
1163,Warehouse_015__Person_0202,Camera_02,1162,Warehouse_015__Person_0202,Camera_01,0.9848814606666565,1,0.8391137653911377
1164,Warehouse_015__Person_0202,Camera_03,1166,Warehouse_015__Person_0202,Camera_06,0.9797738194465637,1,0.8208486753038565
1165,Warehouse_015__Person_0202,Camera_05,1162,Warehouse_015__Person_0202,Camera_01,0.9879505634307861,1,0.879527523758293
1166,Warehouse_015__Person_0202,Camera_06,1162,Warehouse_015__Person_0202,Camera_01,0.9867907762527466,1,0.8297321310421749
1167,Warehouse_015__Person_0202,Camera_07,1166,Warehouse_015__Person_0202,Camera_06,0.9737093448638916,1,0.8058300944481162
1168,Warehouse_015__Person_0202,Camera_08,1172,Warehouse_015__Person_0202,Camera_12,0.9660797119140625,1,0.7547149971901258
1169,Warehouse_015__Person_0202,Camera_09,912,Warehouse_015__Person_0175,Camera_02,0.8202605247497559,0,0.014678876304701724
1170,Warehouse_015__Person_0202,Camera_10,1162,Warehouse_015__Person_0202,Camera_01,0.9864929914474487,1,0.9015840220385676
1171,Warehouse_015__Person_0202,Camera_11,1162,Warehouse_015__Person_0202,Camera_01,0.9826220273971558,1,0.8888375775168228
1172,Warehouse_015__Person_0202,Camera_12,1163,Warehouse_015__Person_0202,Camera_02,0.9835275411605835,1,0.829140370397393
1173,Warehouse_015__Person_0215,Camera,1179,Warehouse_015__Person_0215,Camera_06,0.9596492648124695,1,0.7718826859059599
1174,Warehouse_015__Person_0215,Camera_01,1178,Warehouse_015__Person_0215,Camera_05,0.9862930178642273,1,0.5937348304918106
1175,Warehouse_015__Person_0215,Camera_02,805,Warehouse_015__Person_0017,Camera_08,0.8749687671661377,0,0.00843341132915248
1176,Warehouse_015__Person_0215,Camera_03,1178,Warehouse_015__Person_0215,Camera_05,0.9869217872619629,1,0.6835608124126578
1177,Warehouse_015__Person_0215,Camera_04,1175,Warehouse_015__Person_0215,Camera_02,0.7306101322174072,1,0.10272932578524394
1178,Warehouse_015__Person_0215,Camera_05,1176,Warehouse_015__Person_0215,Camera_03,0.9869217872619629,1,0.7519593454462044
1179,Warehouse_015__Person_0215,Camera_06,1178,Warehouse_015__Person_0215,Camera_05,0.9851198792457581,1,0.7499809628197638
1180,Warehouse_015__Person_0215,Camera_07,1184,Warehouse_015__Person_0215,Camera_11,0.986433744430542,1,0.6301791391891861
1181,Warehouse_015__Person_0215,Camera_08,1178,Warehouse_015__Person_0215,Camera_05,0.9564919471740723,1,0.7556871675671148
1182,Warehouse_015__Person_0215,Camera_09,865,Warehouse_015__Person_0171,Camera_02,0.9698483943939209,0,0.05485762090081172
1183,Warehouse_015__Person_0215,Camera_10,1185,Warehouse_015__Person_0215,Camera_12,0.9911036491394043,1,0.4358638954970539
1184,Warehouse_015__Person_0215,Camera_11,1180,Warehouse_015__Person_0215,Camera_07,0.986433744430542,1,0.6337189904730512
1185,Warehouse_015__Person_0215,Camera_12,1183,Warehouse_015__Person_0215,Camera_10,0.9911036491394043,1,0.6401115516380239
1186,Warehouse_015__Person_0216,Camera,1195,Warehouse_015__Person_0216,Camera_12,0.9860438108444214,1,0.5755483584969266
1187,Warehouse_015__Person_0216,Camera_01,834,Warehouse_015__Person_0168,Camera_06,0.9728280901908875,0,0.17578156167507303
1188,Warehouse_015__Person_0216,Camera_02,1194,Warehouse_015__Person_0216,Camera_10,0.983027458190918,1,0.6197735121497215
1189,Warehouse_015__Person_0216,Camera_03,1194,Warehouse_015__Person_0216,Camera_10,0.9602760076522827,1,0.6254491695668165
1190,Warehouse_015__Person_0216,Camera_04,1186,Warehouse_015__Person_0216,Camera,0.9838581085205078,1,0.5920163828165373
1191,Warehouse_015__Person_0216,Camera_05,813,Warehouse_015__Person_0166,Camera_07,0.8606563210487366,0,0.021954393383262567
1192,Warehouse_015__Person_0216,Camera_07,1145,Warehouse_015__Person_0200,Camera_03,0.8545945882797241,0,0.010997810667244926
1193,Warehouse_015__Person_0216,Camera_08,1194,Warehouse_015__Person_0216,Camera_10,0.9888310432434082,1,0.5536614529195966
1194,Warehouse_015__Person_0216,Camera_10,1193,Warehouse_015__Person_0216,Camera_08,0.9888310432434082,1,0.5602394031424061
1195,Warehouse_015__Person_0216,Camera_12,1186,Warehouse_015__Person_0216,Camera,0.9860438108444214,1,0.35770654371419097
1196,Warehouse_015__Person_0217,Camera,1205,Warehouse_015__Person_0217,Camera_09,0.9569157958030701,1,0.6926987201975108
1197,Warehouse_015__Person_0217,Camera_01,1206,Warehouse_015__Person_0217,Camera_10,0.9899817109107971,1,0.5071059988248874
1198,Warehouse_015__Person_0217,Camera_02,845,Warehouse_015__Person_0169,Camera_04,0.9791704416275024,0,0.2115104967566352
1199,Warehouse_015__Person_0217,Camera_03,1197,Warehouse_015__Person_0217,Camera_01,0.9872808456420898,1,0.7180808835857403
1200,Warehouse_015__Person_0217,Camera_04,1207,Warehouse_015__Person_0217,Camera_11,0.9764665365219116,1,0.7701924718836483
1201,Warehouse_015__Person_0217,Camera_05,1208,Warehouse_015__Person_0217,Camera_12,0.9731861352920532,1,0.738470849523013
1202,Warehouse_015__Person_0217,Camera_06,858,Warehouse_015__Person_0170,Camera_07,0.947443962097168,0,0.008918631184263993
1203,Warehouse_015__Person_0217,Camera_07,1208,Warehouse_015__Person_0217,Camera_12,0.9846680164337158,1,0.8151947775841581
1204,Warehouse_015__Person_0217,Camera_08,854,Warehouse_015__Person_0170,Camera_01,0.986801266670227,0,0.1306130313464494
1205,Warehouse_015__Person_0217,Camera_09,1203,Warehouse_015__Person_0217,Camera_07,0.9832462668418884,1,0.8030952677533397
1206,Warehouse_015__Person_0217,Camera_10,1197,Warehouse_015__Person_0217,Camera_01,0.9899817109107971,1,0.5312778896350222
1207,Warehouse_015__Person_0217,Camera_11,1200,Warehouse_015__Person_0217,Camera_04,0.9764665365219116,1,0.7316469753786335
1208,Warehouse_015__Person_0217,Camera_12,1203,Warehouse_015__Person_0217,Camera_07,0.9846680164337158,1,0.7515981355268633
1209,Warehouse_015__Person_0218,Camera,1213,Warehouse_015__Person_0218,Camera_04,0.9693717956542969,1,0.8541666666666667
1210,Warehouse_015__Person_0218,Camera_01,1214,Warehouse_015__Person_0218,Camera_05,0.9853686094284058,1,0.9888888888888892
1211,Warehouse_015__Person_0218,Camera_02,1215,Warehouse_015__Person_0218,Camera_08,0.9867541193962097,1,0.4360541945355713
1212,Warehouse_015__Person_0218,Camera_03,1210,Warehouse_015__Person_0218,Camera_01,0.9774606227874756,1,0.6483164983164984
1213,Warehouse_015__Person_0218,Camera_04,1211,Warehouse_015__Person_0218,Camera_02,0.9850131273269653,1,0.6274962100621916
1214,Warehouse_015__Person_0218,Camera_05,1210,Warehouse_015__Person_0218,Camera_01,0.9853686094284058,1,0.7146686159844056
1215,Warehouse_015__Person_0218,Camera_08,1218,Warehouse_015__Person_0218,Camera_12,0.993505597114563,1,0.4088559888517837
1216,Warehouse_015__Person_0218,Camera_10,1218,Warehouse_015__Person_0218,Camera_12,0.9824894070625305,1,0.6947081832124804
1217,Warehouse_015__Person_0218,Camera_11,1212,Warehouse_015__Person_0218,Camera_03,0.9552657604217529,1,0.6716964610372744
1218,Warehouse_015__Person_0218,Camera_12,1215,Warehouse_015__Person_0218,Camera_08,0.993505597114563,1,0.37333493492885267
1219,Warehouse_015__Person_0219,Camera_01,1221,Warehouse_015__Person_0219,Camera_05,0.9811165928840637,1,0.5286324786324785
1220,Warehouse_015__Person_0219,Camera_02,1223,Warehouse_015__Person_0219,Camera_08,0.9859784841537476,1,0.335035488410493
1221,Warehouse_015__Person_0219,Camera_05,1219,Warehouse_015__Person_0219,Camera_01,0.9811165928840637,1,0.27554927948763563
1222,Warehouse_015__Person_0219,Camera_06,764,Warehouse_015__Person_0013,Camera_12,0.9724466800689697,0,0.18543636476753378
1223,Warehouse_015__Person_0219,Camera_08,1220,Warehouse_015__Person_0219,Camera_02,0.9859784841537476,1,0.28297372777999596
1224,Warehouse_015__Person_0219,Camera_10,1219,Warehouse_015__Person_0219,Camera_01,0.9687838554382324,1,0.6549118562237699
1225,Warehouse_015__Person_0219,Camera_11,1219,Warehouse_015__Person_0219,Camera_01,0.9661879539489746,1,0.8333333333333333
1226,Warehouse_015__Person_0219,Camera_12,1223,Warehouse_015__Person_0219,Camera_08,0.981891393661499,1,0.3130985220823828
1227,Warehouse_015__Person_0220,Camera_01,1230,Warehouse_015__Person_0220,Camera_05,0.9698324799537659,1,0.5979302832244009
1228,Warehouse_015__Person_0220,Camera_02,695,Warehouse_015__Person_0006,Camera_03,0.9506161212921143,0,0.2551523251103083
1229,Warehouse_015__Person_0220,Camera_03,700,Warehouse_015__Person_0006,Camera_10,0.9688138365745544,0,0.2954597737206433
1230,Warehouse_015__Person_0220,Camera_05,698,Warehouse_015__Person_0006,Camera_07,0.9708566665649414,0,0.44879188712522045
1231,Warehouse_015__Person_0220,Camera_06,698,Warehouse_015__Person_0006,Camera_07,0.975799560546875,0,0.3163919413919414
1232,Warehouse_015__Person_0220,Camera_07,696,Warehouse_015__Person_0006,Camera_05,0.9607234001159668,0,0.1265702162013229
1233,Warehouse_015__Person_0220,Camera_08,700,Warehouse_015__Person_0006,Camera_10,0.9626955389976501,0,0.3465938680381174
1234,Warehouse_015__Person_0220,Camera_10,693,Warehouse_015__Person_0006,Camera_01,0.9774568676948547,0,0.19659837167468763
1235,Warehouse_015__Person_0220,Camera_11,953,Warehouse_015__Person_0179,Camera_01,0.9582908749580383,0,0.3030959342801448
1236,Warehouse_015__Person_0220,Camera_12,1234,Warehouse_015__Person_0220,Camera_10,0.9733827710151672,1,0.1814854398758908
1237,Warehouse_015__Person_0221,Camera,1247,Warehouse_015__Person_0221,Camera_12,0.9852017164230347,1,0.709420924216861
1238,Warehouse_015__Person_0221,Camera_01,1244,Warehouse_015__Person_0221,Camera_08,0.9869717955589294,1,0.3285865495175668
1239,Warehouse_015__Person_0221,Camera_02,1245,Warehouse_015__Person_0221,Camera_10,0.983924388885498,1,0.521184496684934
1240,Warehouse_015__Person_0221,Camera_03,1247,Warehouse_015__Person_0221,Camera_12,0.9726665019989014,1,0.40827114800768793
1241,Warehouse_015__Person_0221,Camera_04,1239,Warehouse_015__Person_0221,Camera_02,0.9756141901016235,1,0.6782621758004586
1242,Warehouse_015__Person_0221,Camera_05,1238,Warehouse_015__Person_0221,Camera_01,0.96782386302948,1,0.3102480488285793
1243,Warehouse_015__Person_0221,Camera_07,910,Warehouse_015__Person_0175,Camera,0.874663770198822,0,0.016695251459174058
1244,Warehouse_015__Person_0221,Camera_08,1238,Warehouse_015__Person_0221,Camera_01,0.9869717955589294,1,0.17399221759890623
1245,Warehouse_015__Person_0221,Camera_10,1239,Warehouse_015__Person_0221,Camera_02,0.983924388885498,1,0.46569440109471555
1246,Warehouse_015__Person_0221,Camera_11,43,Hospital_000__Person_0002,Camera_29,0.8181526064872742,0,0.03345680617435928
1247,Warehouse_015__Person_0221,Camera_12,1237,Warehouse_015__Person_0221,Camera,0.9852017164230347,1,0.5959273004830808
1248,Warehouse_015__Person_0222,Camera_01,1144,Warehouse_015__Person_0200,Camera_02,0.9369019269943237,0,0.006696125952270289
1249,Warehouse_015__Person_0222,Camera_02,839,Warehouse_015__Person_0168,Camera_11,0.9754452109336853,0,0.07615259183769776
1250,Warehouse_015__Person_0222,Camera_03,1251,Warehouse_015__Person_0222,Camera_05,0.947728157043457,1,0.17128334492141234
1251,Warehouse_015__Person_0222,Camera_05,1250,Warehouse_015__Person_0222,Camera_03,0.947728157043457,1,0.17152050594799131
1252,Warehouse_015__Person_0222,Camera_08,829,Warehouse_015__Person_0168,Camera_01,0.9876618981361389,0,0.06273744953914634
1253,Warehouse_015__Person_0222,Camera_10,828,Warehouse_015__Person_0168,Camera,0.9710277318954468,0,0.07115730599707547
1254,Warehouse_015__Person_0222,Camera_12,829,Warehouse_015__Person_0168,Camera_01,0.9861935377120972,0,0.08025726189547802
1255,Warehouse_015__Person_0230,Camera_01,1257,Warehouse_015__Person_0230,Camera_03,0.917439341545105,1,0.4305088839054684
1256,Warehouse_015__Person_0230,Camera_02,1043,Warehouse_015__Person_0190,Camera_06,0.9505106210708618,0,0.10455703211517166
1257,Warehouse_015__Person_0230,Camera_03,1256,Warehouse_015__Person_0230,Camera_02,0.9417831301689148,1,0.4372228401928068
1258,Warehouse_015__Person_0230,Camera_08,1017,Warehouse_015__Person_0187,Camera_12,0.9797415733337402,0,0.008452785143926769
1259,Warehouse_015__Person_0230,Camera_10,1195,Warehouse_015__Person_0216,Camera_12,0.9629325270652771,0,0.05836841982738639
1260,Warehouse_015__Person_0230,Camera_12,1194,Warehouse_015__Person_0216,Camera_10,0.9723283648490906,0,0.03309753450344017
1261,Warehouse_015__Person_0231,Camera,1265,Warehouse_015__Person_0231,Camera_04,0.9792833924293518,1,0.6364936204101261
1262,Warehouse_015__Person_0231,Camera_01,1261,Warehouse_015__Person_0231,Camera,0.9789717197418213,1,0.5818954011492604
1263,Warehouse_015__Person_0231,Camera_02,1272,Warehouse_015__Person_0231,Camera_12,0.9840463399887085,1,0.34902807151929516
1264,Warehouse_015__Person_0231,Camera_03,1271,Warehouse_015__Person_0231,Camera_11,0.9751183986663818,1,0.6276500383244582
1265,Warehouse_015__Person_0231,Camera_04,1261,Warehouse_015__Person_0231,Camera,0.9792833924293518,1,0.44177672269098944
1266,Warehouse_015__Person_0231,Camera_05,1262,Warehouse_015__Person_0231,Camera_01,0.9604398608207703,1,0.5983004714419801
1267,Warehouse_015__Person_0231,Camera_06,1272,Warehouse_015__Person_0231,Camera_12,0.966884970664978,1,0.48810164170784986
1268,Warehouse_015__Person_0231,Camera_07,954,Warehouse_015__Person_0179,Camera_02,0.9323389530181885,0,0.01615995794228243
1269,Warehouse_015__Person_0231,Camera_08,1270,Warehouse_015__Person_0231,Camera_10,0.974998950958252,1,0.20698147561873798
1270,Warehouse_015__Person_0231,Camera_10,754,Warehouse_015__Person_0012,Camera_12,0.981977641582489,0,0.2239379212412453
1271,Warehouse_015__Person_0231,Camera_11,1264,Warehouse_015__Person_0231,Camera_03,0.9751183986663818,1,0.5064799877240069
1272,Warehouse_015__Person_0231,Camera_12,1263,Warehouse_015__Person_0231,Camera_02,0.9840463399887085,1,0.6007475119371234
1273,Warehouse_015__Person_0232,Camera,1285,Warehouse_015__Person_0233,Camera_02,0.9350917935371399,0,0.07891724756767662
1274,Warehouse_015__Person_0232,Camera_01,1282,Warehouse_015__Person_0232,Camera_11,0.9806293845176697,1,0.5808716490074765
1275,Warehouse_015__Person_0232,Camera_02,1280,Warehouse_015__Person_0232,Camera_08,0.9822559356689453,1,0.887598528638991
1276,Warehouse_015__Person_0232,Camera_03,1281,Warehouse_015__Person_0232,Camera_10,0.9574440717697144,1,0.8544015970396338
1277,Warehouse_015__Person_0232,Camera_04,1281,Warehouse_015__Person_0232,Camera_10,0.9558312296867371,1,0.8830186620102586
1278,Warehouse_015__Person_0232,Camera_05,1282,Warehouse_015__Person_0232,Camera_11,0.9805487394332886,1,0.819953194953195
1279,Warehouse_015__Person_0232,Camera_06,1275,Warehouse_015__Person_0232,Camera_02,0.9771077036857605,1,0.9044843049327355
1280,Warehouse_015__Person_0232,Camera_08,1283,Warehouse_015__Person_0232,Camera_12,0.9873281717300415,1,0.8347827970967392
1281,Warehouse_015__Person_0232,Camera_10,1275,Warehouse_015__Person_0232,Camera_02,0.9805207848548889,1,0.904424778761062
1282,Warehouse_015__Person_0232,Camera_11,1275,Warehouse_015__Person_0232,Camera_02,0.9808759689331055,1,0.7492918719211823
1283,Warehouse_015__Person_0232,Camera_12,1280,Warehouse_015__Person_0232,Camera_08,0.9873281717300415,1,0.7338412586768485
1284,Warehouse_015__Person_0233,Camera_01,1287,Warehouse_015__Person_0233,Camera_05,0.9808933138847351,1,0.20018384754181612
1285,Warehouse_015__Person_0233,Camera_02,724,Warehouse_015__Person_0009,Camera_11,0.9842933416366577,0,0.046807338732382735
1286,Warehouse_015__Person_0233,Camera_03,720,Warehouse_015__Person_0009,Camera_05,0.9082678556442261,0,0.014869191954794811
1287,Warehouse_015__Person_0233,Camera_05,1284,Warehouse_015__Person_0233,Camera_01,0.9808933138847351,1,0.18953082991607742
1288,Warehouse_015__Person_0233,Camera_06,934,Warehouse_015__Person_0177,Camera_03,0.9789897203445435,0,0.060585456660486134
1289,Warehouse_015__Person_0233,Camera_08,1292,Warehouse_015__Person_0233,Camera_12,0.9916006922721863,1,0.173104655319388
1290,Warehouse_015__Person_0233,Camera_10,943,Warehouse_015__Person_0177,Camera_12,0.9861845374107361,0,0.12619686792763715
1291,Warehouse_015__Person_0233,Camera_11,936,Warehouse_015__Person_0177,Camera_05,0.9746473431587219,0,0.08586553949984771
1292,Warehouse_015__Person_0233,Camera_12,723,Warehouse_015__Person_0009,Camera_10,0.9939079284667969,0,0.12868115676089087
1293,Warehouse_015__Person_0234,Camera,1302,Warehouse_015__Person_0234,Camera_10,0.9823837876319885,1,0.5544521440031972
1294,Warehouse_015__Person_0234,Camera_01,1296,Warehouse_015__Person_0234,Camera_03,0.9870901703834534,1,0.8223101852324163
1295,Warehouse_015__Person_0234,Camera_02,1294,Warehouse_015__Person_0234,Camera_01,0.9868338108062744,1,0.825463214304478
1296,Warehouse_015__Person_0234,Camera_03,1294,Warehouse_015__Person_0234,Camera_01,0.9870901703834534,1,0.7713497336226486
1297,Warehouse_015__Person_0234,Camera_04,1295,Warehouse_015__Person_0234,Camera_02,0.9749083518981934,1,0.8153057695819588
1298,Warehouse_015__Person_0234,Camera_05,1294,Warehouse_015__Person_0234,Camera_01,0.9829261302947998,1,0.7649306300554692
1299,Warehouse_015__Person_0234,Camera_06,1303,Warehouse_015__Person_0234,Camera_11,0.9463210105895996,1,0.8185559548767096
1300,Warehouse_015__Person_0234,Camera_07,1286,Warehouse_015__Person_0233,Camera_03,0.82045578956604,0,0.011467411401318389
1301,Warehouse_015__Person_0234,Camera_08,1295,Warehouse_015__Person_0234,Camera_02,0.9783344864845276,1,0.5991849700337394
1302,Warehouse_015__Person_0234,Camera_10,1304,Warehouse_015__Person_0234,Camera_12,0.9869526624679565,1,0.8047382418409903
1303,Warehouse_015__Person_0234,Camera_11,1298,Warehouse_015__Person_0234,Camera_05,0.979881763458252,1,0.7580425665747905
1304,Warehouse_015__Person_0234,Camera_12,1302,Warehouse_015__Person_0234,Camera_10,0.9869526624679565,1,0.548813031397471
1305,Warehouse_015__Person_0235,Camera,1315,Warehouse_015__Person_0235,Camera_12,0.9843370914459229,1,0.6210465345558513
1306,Warehouse_015__Person_0235,Camera_01,1312,Warehouse_015__Person_0235,Camera_08,0.9891256093978882,1,0.5534368686868686
1307,Warehouse_015__Person_0235,Camera_02,1306,Warehouse_015__Person_0235,Camera_01,0.9798566102981567,1,0.6019685431527536
1308,Warehouse_015__Person_0235,Camera_03,1315,Warehouse_015__Person_0235,Camera_12,0.9846292734146118,1,0.5143537458843186
1309,Warehouse_015__Person_0235,Camera_04,1093,Warehouse_015__Person_0195,Camera_02,0.983941912651062,0,0.34216675825034953
1310,Warehouse_015__Person_0235,Camera_05,1112,Warehouse_015__Person_0197,Camera_01,0.9674266576766968,0,0.05119140660258691
1311,Warehouse_015__Person_0235,Camera_07,1116,Warehouse_015__Person_0197,Camera_05,0.9818365573883057,0,0.4525375209585736
1312,Warehouse_015__Person_0235,Camera_08,1306,Warehouse_015__Person_0235,Camera_01,0.9891256093978882,1,0.4713602244749785
1313,Warehouse_015__Person_0235,Camera_09,1306,Warehouse_015__Person_0235,Camera_01,0.9705116748809814,1,0.5810574776848495
1314,Warehouse_015__Person_0235,Camera_10,1112,Warehouse_015__Person_0197,Camera_01,0.9829857349395752,0,0.24119338967368048
1315,Warehouse_015__Person_0235,Camera_12,900,Warehouse_015__Person_0174,Camera_03,0.9864916205406189,0,0.4544994591790027
1316,Warehouse_015__Person_0236,Camera,1319,Warehouse_015__Person_0236,Camera_03,0.9892589449882507,1,0.9147058823529411
1317,Warehouse_015__Person_0236,Camera_01,1326,Warehouse_015__Person_0236,Camera_12,0.990680992603302,1,0.7780077155707196
1318,Warehouse_015__Person_0236,Camera_02,1319,Warehouse_015__Person_0236,Camera_03,0.8759576678276062,1,0.819537037037037
1319,Warehouse_015__Person_0236,Camera_03,1316,Warehouse_015__Person_0236,Camera,0.9892589449882507,1,0.8931746031746032
1320,Warehouse_015__Person_0236,Camera_04,1316,Warehouse_015__Person_0236,Camera,0.9681347608566284,1,0.7358190885136628
1321,Warehouse_015__Person_0236,Camera_05,1322,Warehouse_015__Person_0236,Camera_07,0.9592092037200928,1,0.8881944444444444
1322,Warehouse_015__Person_0236,Camera_07,1321,Warehouse_015__Person_0236,Camera_05,0.9592092037200928,1,0.9174999999999999
1323,Warehouse_015__Person_0236,Camera_08,1326,Warehouse_015__Person_0236,Camera_12,0.9813371300697327,1,0.6622058229177377
1324,Warehouse_015__Person_0236,Camera_09,1319,Warehouse_015__Person_0236,Camera_03,0.9720590114593506,1,0.9500000000000001
1325,Warehouse_015__Person_0236,Camera_10,1326,Warehouse_015__Person_0236,Camera_12,0.9874690771102905,1,0.6191821725976265
1326,Warehouse_015__Person_0236,Camera_12,1317,Warehouse_015__Person_0236,Camera_01,0.990680992603302,1,0.7123373085909331
1327,Warehouse_015__Person_0237,Camera_01,1330,Warehouse_015__Person_0237,Camera_05,0.9652357697486877,1,0.9526289682539683
1328,Warehouse_015__Person_0237,Camera_02,1333,Warehouse_015__Person_0237,Camera_10,0.9705853462219238,1,0.7655579745202387
1329,Warehouse_015__Person_0237,Camera_03,1327,Warehouse_015__Person_0237,Camera_01,0.9454571604728699,1,0.908531746031746
1330,Warehouse_015__Person_0237,Camera_05,1333,Warehouse_015__Person_0237,Camera_10,0.9725437760353088,1,0.9107142857142857
1331,Warehouse_015__Person_0237,Camera_06,1327,Warehouse_015__Person_0237,Camera_01,0.9263790845870972,1,0.843671679197995
1332,Warehouse_015__Person_0237,Camera_08,1335,Warehouse_015__Person_0237,Camera_12,0.9900267124176025,1,0.28516737396151753
1333,Warehouse_015__Person_0237,Camera_10,1330,Warehouse_015__Person_0237,Camera_05,0.9725437760353088,1,0.8903846153846153
1334,Warehouse_015__Person_0237,Camera_11,1327,Warehouse_015__Person_0237,Camera_01,0.9647868871688843,1,0.8648018648018648
1335,Warehouse_015__Person_0237,Camera_12,1332,Warehouse_015__Person_0237,Camera_08,0.9900267124176025,1,0.31864823488943855
1336,Warehouse_015__Person_0238,Camera,849,Warehouse_015__Person_0169,Camera_08,0.9864629507064819,0,0.44185826427335595
1337,Warehouse_015__Person_0238,Camera_01,849,Warehouse_015__Person_0169,Camera_08,0.980441689491272,0,0.40531100478468896
1338,Warehouse_015__Person_0238,Camera_02,1346,Warehouse_015__Person_0238,Camera_12,0.9861286878585815,1,0.4875284028044631
1339,Warehouse_015__Person_0238,Camera_03,845,Warehouse_015__Person_0169,Camera_04,0.9491755366325378,0,0.3471040209938236
1340,Warehouse_015__Person_0238,Camera_04,852,Warehouse_015__Person_0169,Camera_12,0.9812760353088379,0,0.29989047081240877
1341,Warehouse_015__Person_0238,Camera_05,1337,Warehouse_015__Person_0238,Camera_01,0.9692968130111694,1,0.31337021142659405
1342,Warehouse_015__Person_0238,Camera_06,849,Warehouse_015__Person_0169,Camera_08,0.976549506187439,0,0.24597096223958265
1343,Warehouse_015__Person_0238,Camera_08,1344,Warehouse_015__Person_0238,Camera_10,0.9887116551399231,1,0.37192526234759055
1344,Warehouse_015__Person_0238,Camera_10,1346,Warehouse_015__Person_0238,Camera_12,0.9937719702720642,1,0.43855535493941117
1345,Warehouse_015__Person_0238,Camera_11,1341,Warehouse_015__Person_0238,Camera_05,0.9190100431442261,1,0.4416132180070617
1346,Warehouse_015__Person_0238,Camera_12,1344,Warehouse_015__Person_0238,Camera_10,0.9937719702720642,1,0.4594783624328935
1347,Warehouse_015__Person_0239,Camera_01,1350,Warehouse_015__Person_0239,Camera_05,0.9941889047622681,1,0.20345473234641304
1348,Warehouse_015__Person_0239,Camera_02,1353,Warehouse_015__Person_0239,Camera_08,0.9853711128234863,1,0.22971248146360973
1349,Warehouse_015__Person_0239,Camera_03,1156,Warehouse_015__Person_0201,Camera_07,0.9780652523040771,0,0.10555426864472535
1350,Warehouse_015__Person_0239,Camera_05,1347,Warehouse_015__Person_0239,Camera_01,0.9941889047622681,1,0.1959065356459808
1351,Warehouse_015__Person_0239,Camera_06,1071,Warehouse_015__Person_0193,Camera,0.9234272837638855,0,0.01091411398094262
1352,Warehouse_015__Person_0239,Camera_07,1355,Warehouse_015__Person_0239,Camera_11,0.9302287101745605,1,0.2978029176490563
1353,Warehouse_015__Person_0239,Camera_08,1356,Warehouse_015__Person_0239,Camera_12,0.9924474954605103,1,0.27051208832945345
1354,Warehouse_015__Person_0239,Camera_10,1160,Warehouse_015__Person_0201,Camera_12,0.9838309288024902,0,0.16034830391943802
1355,Warehouse_015__Person_0239,Camera_11,1154,Warehouse_015__Person_0201,Camera_05,0.9529439806938171,0,0.1542525383555039
1356,Warehouse_015__Person_0239,Camera_12,1353,Warehouse_015__Person_0239,Camera_08,0.9924474954605103,1,0.24518478577899114
1357,Warehouse_015__Person_0240,Camera_01,1049,Warehouse_015__Person_0190,Camera_12,0.965240478515625,0,0.25810703637583027
1358,Warehouse_015__Person_0240,Camera_02,943,Warehouse_015__Person_0177,Camera_12,0.9738380908966064,0,0.12390934536508101
1359,Warehouse_015__Person_0240,Camera_03,1363,Warehouse_015__Person_0240,Camera_10,0.9505112767219543,1,0.2889380725863284
1360,Warehouse_015__Person_0240,Camera_05,1363,Warehouse_015__Person_0240,Camera_10,0.9540407657623291,1,0.5641148325358851
1361,Warehouse_015__Person_0240,Camera_06,1047,Warehouse_015__Person_0190,Camera_10,0.9641125798225403,0,0.04248174772834744
1362,Warehouse_015__Person_0240,Camera_08,1365,Warehouse_015__Person_0240,Camera_12,0.981252133846283,1,0.24081776542273203
1363,Warehouse_015__Person_0240,Camera_10,1362,Warehouse_015__Person_0240,Camera_08,0.9749770164489746,1,0.4139168498168498
1364,Warehouse_015__Person_0240,Camera_11,939,Warehouse_015__Person_0177,Camera_08,0.9175678491592407,0,0.08446572861110808
1365,Warehouse_015__Person_0240,Camera_12,1362,Warehouse_015__Person_0240,Camera_08,0.981252133846283,1,0.2250322331239765
1366,Warehouse_015__Person_0241,Camera_01,1372,Warehouse_015__Person_0241,Camera_11,0.9698562622070312,1,0.9126984126984126
1367,Warehouse_015__Person_0241,Camera_02,1373,Warehouse_015__Person_0241,Camera_12,0.9424155950546265,1,0.5619181151195484
1368,Warehouse_015__Person_0241,Camera_05,1372,Warehouse_015__Person_0241,Camera_11,0.8974118232727051,1,0.6690090220485356
1369,Warehouse_015__Person_0241,Camera_06,1366,Warehouse_015__Person_0241,Camera_01,0.9569225311279297,1,0.7612924557761898
1370,Warehouse_015__Person_0241,Camera_08,1373,Warehouse_015__Person_0241,Camera_12,0.9885010719299316,1,0.1595924266801997
1371,Warehouse_015__Person_0241,Camera_10,1372,Warehouse_015__Person_0241,Camera_11,0.9592997431755066,1,0.8735362997658078
1372,Warehouse_015__Person_0241,Camera_11,1366,Warehouse_015__Person_0241,Camera_01,0.9698562622070312,1,0.9159663865546217
1373,Warehouse_015__Person_0241,Camera_12,1370,Warehouse_015__Person_0241,Camera_08,0.9885010719299316,1,0.2320183111397562
1374,Warehouse_015__Person_0242,Camera_01,1378,Warehouse_015__Person_0242,Camera_06,0.974520206451416,1,0.474477934559758
1375,Warehouse_015__Person_0242,Camera_02,1374,Warehouse_015__Person_0242,Camera_01,0.9413622617721558,1,0.41639651899818503
1376,Warehouse_015__Person_0242,Camera_03,833,Warehouse_015__Person_0168,Camera_05,0.9595687389373779,0,0.009134527728981386
1377,Warehouse_015__Person_0242,Camera_05,1374,Warehouse_015__Person_0242,Camera_01,0.92421555519104,1,0.4514822055191307
1378,Warehouse_015__Person_0242,Camera_06,1374,Warehouse_015__Person_0242,Camera_01,0.974520206451416,1,0.30346653161506437
1379,Warehouse_015__Person_0242,Camera_10,1282,Warehouse_015__Person_0232,Camera_11,0.9295360445976257,0,0.16202848276666248
1380,Warehouse_015__Person_0242,Camera_11,1274,Warehouse_015__Person_0232,Camera_01,0.9427613615989685,0,0.34567920191332346
1381,Warehouse_015__Person_0242,Camera_12,1258,Warehouse_015__Person_0230,Camera_08,0.9611177444458008,0,0.00841783379976022
1382,Warehouse_015__Transporter_0007,Camera,1391,Warehouse_015__Transporter_0007,Camera_11,0.9746145009994507,1,0.9025380710659898
1383,Warehouse_015__Transporter_0007,Camera_01,1386,Warehouse_015__Transporter_0007,Camera_05,0.9882893562316895,1,0.9014306151645207
1384,Warehouse_015__Transporter_0007,Camera_02,65,Hospital_000__Person_0004,Camera_08,0.7976569533348083,0,0.017218873785439882
1385,Warehouse_015__Transporter_0007,Camera_03,1386,Warehouse_015__Transporter_0007,Camera_05,0.9859007596969604,1,0.9010718113612004
1386,Warehouse_015__Transporter_0007,Camera_05,1383,Warehouse_015__Transporter_0007,Camera_01,0.9882893562316895,1,0.9014992503748126
1387,Warehouse_015__Transporter_0007,Camera_06,1385,Warehouse_015__Transporter_0007,Camera_03,0.985729992389679,1,0.9010266940451745
1388,Warehouse_015__Transporter_0007,Camera_07,1387,Warehouse_015__Transporter_0007,Camera_06,0.9854716062545776,1,0.9009861932938856
1389,Warehouse_015__Transporter_0007,Camera_09,1386,Warehouse_015__Transporter_0007,Camera_05,0.981183648109436,1,0.9014598540145986
1390,Warehouse_015__Transporter_0007,Camera_10,1392,Warehouse_015__Transporter_0007,Camera_12,0.9689883589744568,1,0.9010288065843621
1391,Warehouse_015__Transporter_0007,Camera_11,1389,Warehouse_015__Transporter_0007,Camera_09,0.978462278842926,1,0.9017667844522969
1392,Warehouse_015__Transporter_0007,Camera_12,1383,Warehouse_015__Transporter_0007,Camera_01,0.9781519174575806,1,0.9020491803278687
1393,Warehouse_016__FourierGR1T2_0352,Camera,1417,Warehouse_016__FourierGR1T2_0354,Camera_01,0.9840335845947266,0,0.2252455687669631
1394,Warehouse_016__FourierGR1T2_0352,Camera_01,1439,Warehouse_016__FourierGR1T2_0627,Camera,0.9891810417175293,0,0.20845343346429418
1395,Warehouse_016__FourierGR1T2_0352,Camera_02,1393,Warehouse_016__FourierGR1T2_0352,Camera,0.9499642252922058,1,0.3433321450606955
1396,Warehouse_016__FourierGR1T2_0352,Camera_03,1421,Warehouse_016__FourierGR1T2_0354,Camera_05,0.9893670082092285,0,0.23242795883015405
1397,Warehouse_016__FourierGR1T2_0352,Camera_04,1396,Warehouse_016__FourierGR1T2_0352,Camera_03,0.9866142272949219,1,0.2792083521752447
1398,Warehouse_016__FourierGR1T2_0352,Camera_05,1397,Warehouse_016__FourierGR1T2_0352,Camera_04,0.9738147258758545,1,0.32384765190459386
1399,Warehouse_016__FourierGR1T2_0352,Camera_06,1435,Warehouse_016__FourierGR1T2_0626,Camera_08,0.9280848503112793,0,0.16396393817448077
1400,Warehouse_016__FourierGR1T2_0352,Camera_07,1443,Warehouse_016__FourierGR1T2_0627,Camera_04,0.9862327575683594,0,0.1150234847613802
1401,Warehouse_016__FourierGR1T2_0352,Camera_08,1418,Warehouse_016__FourierGR1T2_0354,Camera_02,0.9319945573806763,0,0.24375502911070604
1402,Warehouse_016__FourierGR1T2_0352,Camera_09,1435,Warehouse_016__FourierGR1T2_0626,Camera_08,0.9020609855651855,0,0.026012812132646293
1403,Warehouse_016__FourierGR1T2_0352,Camera_10,1421,Warehouse_016__FourierGR1T2_0354,Camera_05,0.9868193864822388,0,0.17284412257818943
1404,Warehouse_016__FourierGR1T2_0352,Camera_11,1410,Warehouse_016__FourierGR1T2_0353,Camera_05,0.9556390047073364,0,0.2065930776577326
1405,Warehouse_016__FourierGR1T2_0353,Camera,1440,Warehouse_016__FourierGR1T2_0627,Camera_01,0.8830523490905762,0,0.11096996538652285
1406,Warehouse_016__FourierGR1T2_0353,Camera_01,1393,Warehouse_016__FourierGR1T2_0352,Camera,0.9296722412109375,0,0.17523109739032663
1407,Warehouse_016__FourierGR1T2_0353,Camera_02,1444,Warehouse_016__FourierGR1T2_0627,Camera_05,0.9342662692070007,0,0.10339577829323353
1408,Warehouse_016__FourierGR1T2_0353,Camera_03,1421,Warehouse_016__FourierGR1T2_0354,Camera_05,0.9889872670173645,0,0.14309428402164734
1409,Warehouse_016__FourierGR1T2_0353,Camera_04,1435,Warehouse_016__FourierGR1T2_0626,Camera_08,0.9262091517448425,0,0.3074865905774535
1410,Warehouse_016__FourierGR1T2_0353,Camera_05,1408,Warehouse_016__FourierGR1T2_0353,Camera_03,0.9837482571601868,1,0.2111492331462896
1411,Warehouse_016__FourierGR1T2_0353,Camera_07,1435,Warehouse_016__FourierGR1T2_0626,Camera_08,0.9600679874420166,0,0.27735934936528933
1412,Warehouse_016__FourierGR1T2_0353,Camera_08,1410,Warehouse_016__FourierGR1T2_0353,Camera_05,0.9593727588653564,1,0.2826476007062024
1413,Warehouse_016__FourierGR1T2_0353,Camera_09,1435,Warehouse_016__FourierGR1T2_0626,Camera_08,0.9378004670143127,0,0.12249873798340723
1414,Warehouse_016__FourierGR1T2_0353,Camera_10,1422,Warehouse_016__FourierGR1T2_0354,Camera_07,0.9873399138450623,0,0.11895392217991699
1415,Warehouse_016__FourierGR1T2_0353,Camera_11,1425,Warehouse_016__FourierGR1T2_0354,Camera_10,0.9824612736701965,0,0.17639697722024655
1416,Warehouse_016__FourierGR1T2_0354,Camera,1394,Warehouse_016__FourierGR1T2_0352,Camera_01,0.9849655032157898,0,0.2850477016963085
1417,Warehouse_016__FourierGR1T2_0354,Camera_01,1393,Warehouse_016__FourierGR1T2_0352,Camera,0.9840335845947266,0,0.2343409661019223
1418,Warehouse_016__FourierGR1T2_0354,Camera_02,1393,Warehouse_016__FourierGR1T2_0352,Camera,0.9523990154266357,0,0.18318427902289436
1419,Warehouse_016__FourierGR1T2_0354,Camera_03,1449,Warehouse_016__FourierGR1T2_0627,Camera_11,0.971502423286438,0,0.2370839392765238
1420,Warehouse_016__FourierGR1T2_0354,Camera_04,1427,Warehouse_016__FourierGR1T2_0626,Camera,0.9452104568481445,0,0.30279008591454787
1421,Warehouse_016__FourierGR1T2_0354,Camera_05,1396,Warehouse_016__FourierGR1T2_0352,Camera_03,0.9893670082092285,0,0.15122119326644934
1422,Warehouse_016__FourierGR1T2_0354,Camera_07,1414,Warehouse_016__FourierGR1T2_0353,Camera_10,0.9873399138450623,0,0.1279405192959236
1423,Warehouse_016__FourierGR1T2_0354,Camera_08,1409,Warehouse_016__FourierGR1T2_0353,Camera_04,0.9123371839523315,0,0.18310140529074623
1424,Warehouse_016__FourierGR1T2_0354,Camera_09,1435,Warehouse_016__FourierGR1T2_0626,Camera_08,0.9148261547088623,0,0.030171309316527853
1425,Warehouse_016__FourierGR1T2_0354,Camera_10,1415,Warehouse_016__FourierGR1T2_0353,Camera_11,0.9824612736701965,0,0.16365135913911075
1426,Warehouse_016__FourierGR1T2_0354,Camera_11,1410,Warehouse_016__FourierGR1T2_0353,Camera_05,0.9824228286743164,0,0.1871160307458037
1427,Warehouse_016__FourierGR1T2_0626,Camera,1394,Warehouse_016__FourierGR1T2_0352,Camera_01,0.9787055253982544,0,0.14196560226237973
1428,Warehouse_016__FourierGR1T2_0626,Camera_01,1441,Warehouse_016__FourierGR1T2_0627,Camera_02,0.9514105319976807,0,0.12166314566638754
1429,Warehouse_016__FourierGR1T2_0626,Camera_02,1417,Warehouse_016__FourierGR1T2_0354,Camera_01,0.947800874710083,0,0.1299517414962374
1430,Warehouse_016__FourierGR1T2_0626,Camera_03,280,Hospital_000__Person_0019,Camera_08,0.919474720954895,0,0.08959856414365391
1431,Warehouse_016__FourierGR1T2_0626,Camera_04,1426,Warehouse_016__FourierGR1T2_0354,Camera_11,0.9601755142211914,0,0.15072662618049298
1432,Warehouse_016__FourierGR1T2_0626,Camera_05,1426,Warehouse_016__FourierGR1T2_0354,Camera_11,0.9457685947418213,0,0.21240501532358746
1433,Warehouse_016__FourierGR1T2_0626,Camera_06,1393,Warehouse_016__FourierGR1T2_0352,Camera,0.779423713684082,0,0.04705879974933392
1434,Warehouse_016__FourierGR1T2_0626,Camera_07,1438,Warehouse_016__FourierGR1T2_0626,Camera_11,0.9799707531929016,1,0.13525760303570558
1435,Warehouse_016__FourierGR1T2_0626,Camera_08,1411,Warehouse_016__FourierGR1T2_0353,Camera_07,0.9600679874420166,0,0.13104642935952465
1436,Warehouse_016__FourierGR1T2_0626,Camera_09,1411,Warehouse_016__FourierGR1T2_0353,Camera_07,0.926734209060669,0,0.17023963535397582
1437,Warehouse_016__FourierGR1T2_0626,Camera_10,1410,Warehouse_016__FourierGR1T2_0353,Camera_05,0.9716127514839172,0,0.09248926662115908
1438,Warehouse_016__FourierGR1T2_0626,Camera_11,1410,Warehouse_016__FourierGR1T2_0353,Camera_05,0.9811748266220093,0,0.1411369088743327
1439,Warehouse_016__FourierGR1T2_0627,Camera,1394,Warehouse_016__FourierGR1T2_0352,Camera_01,0.9891810417175293,0,0.15267721180955457
1440,Warehouse_016__FourierGR1T2_0627,Camera_01,1393,Warehouse_016__FourierGR1T2_0352,Camera,0.9712433815002441,0,0.1767746356346204
1441,Warehouse_016__FourierGR1T2_0627,Camera_02,1428,Warehouse_016__FourierGR1T2_0626,Camera_01,0.9514105319976807,0,0.18816531989625726
1442,Warehouse_016__FourierGR1T2_0627,Camera_03,1397,Warehouse_016__FourierGR1T2_0352,Camera_04,0.9495863914489746,0,0.1563360368952809
1443,Warehouse_016__FourierGR1T2_0627,Camera_04,1400,Warehouse_016__FourierGR1T2_0352,Camera_07,0.9862327575683594,0,0.04838758241681125
1444,Warehouse_016__FourierGR1T2_0627,Camera_05,1418,Warehouse_016__FourierGR1T2_0354,Camera_02,0.9427196979522705,0,0.2105196240260829
1445,Warehouse_016__FourierGR1T2_0627,Camera_06,1425,Warehouse_016__FourierGR1T2_0354,Camera_10,0.9650231599807739,0,0.12393790374935866
1446,Warehouse_016__FourierGR1T2_0627,Camera_07,1414,Warehouse_016__FourierGR1T2_0353,Camera_10,0.9669933319091797,0,0.0604249872320576
1447,Warehouse_016__FourierGR1T2_0627,Camera_09,1435,Warehouse_016__FourierGR1T2_0626,Camera_08,0.9144169092178345,0,0.030344213507666265
1448,Warehouse_016__FourierGR1T2_0627,Camera_10,1421,Warehouse_016__FourierGR1T2_0354,Camera_05,0.9755680561065674,0,0.16288947676254806
1449,Warehouse_016__FourierGR1T2_0627,Camera_11,1421,Warehouse_016__FourierGR1T2_0354,Camera_05,0.9759268760681152,0,0.11532310058014943
1450,Warehouse_016__Person_0182,Camera,1453,Warehouse_016__Person_0182,Camera_03,0.9186273813247681,1,0.4611394551128579
1451,Warehouse_016__Person_0182,Camera_01,1301,Warehouse_015__Person_0234,Camera_08,0.9105821847915649,0,0.03591560914547083
1452,Warehouse_016__Person_0182,Camera_02,938,Warehouse_015__Person_0177,Camera_07,0.8550126552581787,0,0.37166575367322074
1453,Warehouse_016__Person_0182,Camera_03,1461,Warehouse_016__Person_0182,Camera_11,0.9735722541809082,1,0.541753157267986
1454,Warehouse_016__Person_0182,Camera_04,1455,Warehouse_016__Person_0182,Camera_05,0.964527428150177,1,0.1945892555268727
1455,Warehouse_016__Person_0182,Camera_05,1454,Warehouse_016__Person_0182,Camera_04,0.964527428150177,1,0.44498594880510983
1456,Warehouse_016__Person_0182,Camera_06,1459,Warehouse_016__Person_0182,Camera_09,0.924590528011322,1,0.12358165643109002
1457,Warehouse_016__Person_0182,Camera_07,716,Warehouse_015__Person_0009,Camera_01,0.9592392444610596,0,0.02044784646889234
1458,Warehouse_016__Person_0182,Camera_08,1453,Warehouse_016__Person_0182,Camera_03,0.9663281440734863,1,0.5166949941913168
1459,Warehouse_016__Person_0182,Camera_09,1411,Warehouse_016__FourierGR1T2_0353,Camera_07,0.9464397430419922,0,0.00936825884140998
1460,Warehouse_016__Person_0182,Camera_10,1454,Warehouse_016__Person_0182,Camera_04,0.9622973799705505,1,0.33032446513417474
1461,Warehouse_016__Person_0182,Camera_11,1453,Warehouse_016__Person_0182,Camera_03,0.9735722541809082,1,0.5039469738849893
1462,Warehouse_016__Person_0350,Camera,1463,Warehouse_016__Person_0350,Camera_01,0.9692675471305847,1,0.6376223337405909
1463,Warehouse_016__Person_0350,Camera_01,1462,Warehouse_016__Person_0350,Camera,0.9692675471305847,1,0.6579596174481451
1464,Warehouse_016__Person_0350,Camera_02,1463,Warehouse_016__Person_0350,Camera_01,0.955518364906311,1,0.6385601710059422
1465,Warehouse_016__Person_0350,Camera_03,258,Hospital_000__Person_0018,Camera,0.9581853151321411,0,0.013962260801766012
1466,Warehouse_016__Person_0350,Camera_04,1472,Warehouse_016__Person_0350,Camera_10,0.9732793569564819,1,0.5276693560037642
1467,Warehouse_016__Person_0350,Camera_05,1473,Warehouse_016__Person_0350,Camera_11,0.9716265201568604,1,0.46631536070566815
1468,Warehouse_016__Person_0350,Camera_06,1463,Warehouse_016__Person_0350,Camera_01,0.8806148767471313,1,0.7645225674401878
1469,Warehouse_016__Person_0350,Camera_07,140,Hospital_000__Person_0009,Camera_24,0.9636304378509521,0,0.02445094576230233
1470,Warehouse_016__Person_0350,Camera_08,1467,Warehouse_016__Person_0350,Camera_05,0.9167294502258301,1,0.21817857916821876
1471,Warehouse_016__Person_0350,Camera_09,1411,Warehouse_016__FourierGR1T2_0353,Camera_07,0.928202211856842,0,0.007179392435791392
1472,Warehouse_016__Person_0350,Camera_10,1466,Warehouse_016__Person_0350,Camera_04,0.9732793569564819,1,0.45786287526280117
1473,Warehouse_016__Person_0350,Camera_11,1467,Warehouse_016__Person_0350,Camera_05,0.9716265201568604,1,0.3980867549992305
1474,Warehouse_016__Person_0351,Camera,1478,Warehouse_016__Person_0351,Camera_05,0.9542214870452881,1,0.6826647997788937
1475,Warehouse_016__Person_0351,Camera_01,1474,Warehouse_016__Person_0351,Camera,0.9389792680740356,1,0.7207859905001713
1476,Warehouse_016__Person_0351,Camera_02,1474,Warehouse_016__Person_0351,Camera,0.9074977040290833,1,0.30286856148278196
1477,Warehouse_016__Person_0351,Camera_03,585,Lab_000__Person_0001,Camera_0002,0.8828630447387695,0,0.13691047052998292
1478,Warehouse_016__Person_0351,Camera_05,1483,Warehouse_016__Person_0351,Camera_11,0.9655587673187256,1,0.48638207940796774
1479,Warehouse_016__Person_0351,Camera_07,1000,Warehouse_015__Person_0186,Camera_01,0.9584862589836121,0,0.16564621840487564
1480,Warehouse_016__Person_0351,Camera_08,1481,Warehouse_016__Person_0351,Camera_09,0.9089395999908447,1,0.13787279633249935
1481,Warehouse_016__Person_0351,Camera_09,1480,Warehouse_016__Person_0351,Camera_08,0.9089395999908447,1,0.29897418968266604
1482,Warehouse_016__Person_0351,Camera_10,1483,Warehouse_016__Person_0351,Camera_11,0.9660825729370117,1,0.40085415026049526
1483,Warehouse_016__Person_0351,Camera_11,1482,Warehouse_016__Person_0351,Camera_10,0.9660825729370117,1,0.5146301113414642
1484,Warehouse_016__Person_0625,Camera,1487,Warehouse_016__Person_0625,Camera_03,0.9609702825546265,1,0.594833087874325
1485,Warehouse_016__Person_0625,Camera_01,1486,Warehouse_016__Person_0625,Camera_02,0.9435616731643677,1,0.7726798055745425
1486,Warehouse_016__Person_0625,Camera_02,1485,Warehouse_016__Person_0625,Camera_01,0.9435616731643677,1,0.3536843408692148
1487,Warehouse_016__Person_0625,Camera_03,1484,Warehouse_016__Person_0625,Camera,0.9609702825546265,1,0.47349957842017204
1488,Warehouse_016__Person_0625,Camera_04,1493,Warehouse_016__Person_0625,Camera_09,0.9766188859939575,1,0.4259982531266886
1489,Warehouse_016__Person_0625,Camera_05,1494,Warehouse_016__Person_0625,Camera_10,0.9641884565353394,1,0.6953890830896179
1490,Warehouse_016__Person_0625,Camera_06,1447,Warehouse_016__FourierGR1T2_0627,Camera_09,0.9079731702804565,0,0.2776803590905175
1491,Warehouse_016__Person_0625,Camera_07,1493,Warehouse_016__Person_0625,Camera_09,0.9666457772254944,1,0.10390889235016068
1492,Warehouse_016__Person_0625,Camera_08,1489,Warehouse_016__Person_0625,Camera_05,0.9553847312927246,1,0.5957703534376649
1493,Warehouse_016__Person_0625,Camera_09,325,Hospital_000__Person_0022,Camera_06,0.9784072637557983,0,0.22164960545074625
1494,Warehouse_016__Person_0625,Camera_10,1495,Warehouse_016__Person_0625,Camera_11,0.9728596210479736,1,0.5442366881260535
1495,Warehouse_016__Person_0625,Camera_11,1494,Warehouse_016__Person_0625,Camera_10,0.9728596210479736,1,0.458216575418875
1496,Warehouse_016__Person_0699,Camera,1497,Warehouse_016__Person_0699,Camera_01,0.9826096892356873,1,0.8087831880082297
1497,Warehouse_016__Person_0699,Camera_01,1496,Warehouse_016__Person_0699,Camera,0.9826096892356873,1,0.8107708878288966
1498,Warehouse_016__Person_0699,Camera_02,1496,Warehouse_016__Person_0699,Camera,0.9157695770263672,1,0.8193576483396842
1499,Warehouse_016__Person_0699,Camera_03,1502,Warehouse_016__Person_0699,Camera_07,0.9662136435508728,1,0.8138159712627797
1500,Warehouse_016__Person_0699,Camera_04,1501,Warehouse_016__Person_0699,Camera_05,0.9742976427078247,1,0.8077145366461739
1501,Warehouse_016__Person_0699,Camera_05,1505,Warehouse_016__Person_0699,Camera_10,0.9801300764083862,1,0.8053522847148964
1502,Warehouse_016__Person_0699,Camera_07,1506,Warehouse_016__Person_0699,Camera_11,0.9680544137954712,1,0.7512262816677132
1503,Warehouse_016__Person_0699,Camera_08,60,Hospital_000__Person_0004,Camera,0.9192612171173096,0,0.006718232958362989
1504,Warehouse_016__Person_0699,Camera_09,1435,Warehouse_016__FourierGR1T2_0626,Camera_08,0.8996971249580383,0,0.03780393236310989
1505,Warehouse_016__Person_0699,Camera_10,1501,Warehouse_016__Person_0699,Camera_05,0.9801300764083862,1,0.804475527390978
1506,Warehouse_016__Person_0699,Camera_11,1505,Warehouse_016__Person_0699,Camera_10,0.9734271764755249,1,0.7929728317659352
1507,Warehouse_016__Transporter_0349,Camera,1510,Warehouse_016__Transporter_0349,Camera_03,0.848762035369873,1,0.7222222222222222
1508,Warehouse_016__Transporter_0349,Camera_01,1511,Warehouse_016__Transporter_0349,Camera_04,0.8555110692977905,1,0.5522076263455573
1509,Warehouse_016__Transporter_0349,Camera_02,1512,Warehouse_016__Transporter_0349,Camera_05,0.9414974451065063,1,0.28146307871775167
1510,Warehouse_016__Transporter_0349,Camera_03,1507,Warehouse_016__Transporter_0349,Camera,0.848762035369873,1,0.6367521367521367
1511,Warehouse_016__Transporter_0349,Camera_04,1508,Warehouse_016__Transporter_0349,Camera_01,0.8555110692977905,1,0.45291164315721166
1512,Warehouse_016__Transporter_0349,Camera_05,1509,Warehouse_016__Transporter_0349,Camera_02,0.9414974451065063,1,0.28333009583009583
1513,Warehouse_016__Transporter_0349,Camera_09,1392,Warehouse_015__Transporter_0007,Camera_12,0.8851327896118164,0,0.01711226498904074
