num_crops,global_id,identity_key,label,true_label,camera,camera_id,scene,object_type,is_occluded,occluded_crop_ratio,start_frame,end_frame,example_crop_path,track_id,cluster_label,cluster_as_identity,cluster_purity,is_noise,is_misclustered,x,y,x3d,y3d,z3d
61,Person_0000,Hospital_000__Person_0000,0,0,Camera,0,Hospital_000,Person,1,0.4918032786885246,0,4200,/pfs/data6/home/st/st_us-053000/st_st191959/DL-Lab/DataSet/MTMC_Tracking_2025_Preprocessed/val/Hospital_000/crops/Person_0000/Camera/Person_0000_Camera_f000000_r003.jpg,None,0,Hospital_000__Person_0000,0.5,False,False,0.17224301,0.19461043,0.17224325,0.19461174,0.019607645
336,Person_0000,Hospital_000__Person_0000,0,0,Camera_03,13,Hospital_000,Person,1,0.6666666666666666,0,7950,/pfs/data6/home/st/st_us-053000/st_st191959/DL-Lab/DataSet/MTMC_Tracking_2025_Preprocessed/val/Hospital_000/crops/Person_0000/Camera_03/Person_0000_Camera_03_f000000_r006.jpg,None,1,Hospital_000__Person_0000,1.0,False,False,0.10157748,0.22199784,0.1015772,0.22199938,0.007758741
3,Person_0000,Hospital_000__Person_0000,0,0,Camera_04,14,Hospital_000,Person,0,0.0,270,5850,/pfs/data6/home/st/st_us-053000/st_st191959/DL-Lab/DataSet/MTMC_Tracking_2025_Preprocessed/val/Hospital_000/crops/Person_0000/Camera_04/Person_0000_Camera_04_f000270_r003.jpg,None,-1,NOISE,0.0,True,False,0.029868867,0.09476322,0.029868852,0.094762795,-0.046517204
447,Person_0000,Hospital_000__Person_0000,0,0,Camera_05,15,Hospital_000,Person,1,0.6532438478747203,300,8970,/pfs/data6/home/st/st_us-053000/st_st191959/DL-Lab/DataSet/MTMC_Tracking_2025_Preprocessed/val/Hospital_000/crops/Person_0000/Camera_05/Person_0000_Camera_05_f000300_r003.jpg,None,1,Hospital_000__Person_0000,1.0,False,False,0.12277818,0.16321437,0.122778125,0.16321494,0.038641065
736,Person_0000,Hospital_000__Person_0000,0,0,Camera_06,16,Hospital_000,Person,1,0.6657608695652174,0,8940,/pfs/data6/home/st/st_us-053000/st_st191959/DL-Lab/DataSet/MTMC_Tracking_2025_Preprocessed/val/Hospital_000/crops/Person_0000/Camera_06/Person_0000_Camera_06_f000000_r004.jpg,None,1,Hospital_000__Person_0000,1.0,False,False,0.19816433,0.2036281,0.19816425,0.20362978,0.017876932
291,Person_0000,Hospital_000__Person_0000,0,0,Camera_08,18,Hospital_000,Person,1,0.4329896907216495,270,8970,/pfs/data6/home/st/st_us-053000/st_st191959/DL-Lab/DataSet/MTMC_Tracking_2025_Preprocessed/val/Hospital_000/crops/Person_0000/Camera_08/Person_0000_Camera_08_f000270_r003.jpg,None,-1,NOISE,0.0,True,False,0.05170981,0.19944586,0.051709723,0.19944593,-0.0042142593
875,Person_0000,Hospital_000__Person_0000,0,0,Camera_09,19,Hospital_000,Person,1,0.6651428571428571,150,8970,/pfs/data6/home/st/st_us-053000/st_st191959/DL-Lab/DataSet/MTMC_Tracking_2025_Preprocessed/val/Hospital_000/crops/Person_0000/Camera_09/Person_0000_Camera_09_f000150_r005.jpg,None,1,Hospital_000__Person_0000,1.0,False,False,0.14800467,0.20701441,0.14800465,0.20701583,-0.013967466
11,Person_0000,Hospital_000__Person_0000,0,0,Camera_20,30,Hospital_000,Person,1,0.5454545454545454,1020,4230,/pfs/data6/home/st/st_us-053000/st_st191959/DL-Lab/DataSet/MTMC_Tracking_2025_Preprocessed/val/Hospital_000/crops/Person_0000/Camera_20/Person_0000_Camera_20_f001020_r003.jpg,None,-1,NOISE,0.0,True,False,0.039923444,0.10654088,0.039923374,0.106542,-0.023613073
756,Person_0000,Hospital_000__Person_0000,0,0,Camera_22,32,Hospital_000,Person,1,0.6613756613756614,210,8970,/pfs/data6/home/st/st_us-053000/st_st191959/DL-Lab/DataSet/MTMC_Tracking_2025_Preprocessed/val/Hospital_000/crops/Person_0000/Camera_22/Person_0000_Camera_22_f000210_r004.jpg,None,1,Hospital_000__Person_0000,1.0,False,False,0.15571599,0.2230191,0.15571596,0.22302026,0.013889997
2,Person_0000,Hospital_000__Person_0000,0,0,Camera_23,33,Hospital_000,Person,0,0.0,3660,4200,/pfs/data6/home/st/st_us-053000/st_st191959/DL-Lab/DataSet/MTMC_Tracking_2025_Preprocessed/val/Hospital_000/crops/Person_0000/Camera_23/Person_0000_Camera_23_f003660_r006.jpg,None,-1,NOISE,0.0,True,False,-0.22525208,0.00963015,-0.22525199,0.009629341,-0.0765967
805,Person_0000,Hospital_000__Person_0000,0,0,Camera_24,34,Hospital_000,Person,1,0.6658385093167701,0,8970,/pfs/data6/home/st/st_us-053000/st_st191959/DL-Lab/DataSet/MTMC_Tracking_2025_Preprocessed/val/Hospital_000/crops/Person_0000/Camera_24/Person_0000_Camera_24_f000000_r011.jpg,None,1,Hospital_000__Person_0000,1.0,False,False,0.12431257,0.22123316,0.1243125,0.22123386,0.008229697
738,Person_0000,Hospital_000__Person_0000,0,0,Camera_26,36,Hospital_000,Person,1,0.6666666666666666,240,8970,/pfs/data6/home/st/st_us-053000/st_st191959/DL-Lab/DataSet/MTMC_Tracking_2025_Preprocessed/val/Hospital_000/crops/Person_0000/Camera_26/Person_0000_Camera_26_f000240_r003.jpg,None,1,Hospital_000__Person_0000,1.0,False,False,0.19856922,0.21818629,0.1985692,0.21818766,0.003491138
105,Person_0000,Hospital_000__Person_0000,0,0,Camera_27,37,Hospital_000,Person,1,0.05714285714285714,270,8970,/pfs/data6/home/st/st_us-053000/st_st191959/DL-Lab/DataSet/MTMC_Tracking_2025_Preprocessed/val/Hospital_000/crops/Person_0000/Camera_27/Person_0000_Camera_27_f000270_r002.jpg,None,-1,NOISE,0.0,True,False,-0.069398105,0.18651946,-0.06939822,0.1865192,0.003997754
57,Person_0000,Hospital_000__Person_0000,0,0,Camera_31,41,Hospital_000,Person,1,0.6666666666666666,0,4140,/pfs/data6/home/st/st_us-053000/st_st191959/DL-Lab/DataSet/MTMC_Tracking_2025_Preprocessed/val/Hospital_000/crops/Person_0000/Camera_31/Person_0000_Camera_31_f000000_r002.jpg,None,-1,NOISE,0.0,True,False,-0.1066646,0.17293625,-0.10666475,0.1729367,-0.003409086
1,Person_0001,Hospital_000__Person_0001,1,1,Camera_03,13,Hospital_000,Person,0,0.0,6720,6720,/pfs/data6/home/st/st_us-053000/st_st191959/DL-Lab/DataSet/MTMC_Tracking_2025_Preprocessed/val/Hospital_000/crops/Person_0001/Camera_03/Person_0001_Camera_03_f006720_r005.jpg,None,-1,NOISE,0.0,True,False,-0.32443193,-0.0735868,-0.32443208,-0.07358727,-0.19997303
325,Person_0001,Hospital_000__Person_0001,1,1,Camera_04,14,Hospital_000,Person,1,0.6646153846153846,150,8970,/pfs/data6/home/st/st_us-053000/st_st191959/DL-Lab/DataSet/MTMC_Tracking_2025_Preprocessed/val/Hospital_000/crops/Person_0001/Camera_04/Person_0001_Camera_04_f000150_r002.jpg,None,-1,NOISE,0.0,True,False,-0.043055773,-0.05669375,-0.04305577,-0.05669267,-0.14493744
115,Person_0001,Hospital_000__Person_0001,1,1,Camera_07,17,Hospital_000,Person,1,0.5565217391304348,210,8970,/pfs/data6/home/st/st_us-053000/st_st191959/DL-Lab/DataSet/MTMC_Tracking_2025_Preprocessed/val/Hospital_000/crops/Person_0001/Camera_07/Person_0001_Camera_07_f000210_r000.jpg,None,-1,NOISE,0.0,True,False,0.080317736,-0.006983811,0.0803177,-0.006982277,-0.17655504
414,Person_0001,Hospital_000__Person_0001,1,1,Camera_10,20,Hospital_000,Person,1,0.6666666666666666,0,8970,/pfs/data6/home/st/st_us-053000/st_st191959/DL-Lab/DataSet/MTMC_Tracking_2025_Preprocessed/val/Hospital_000/crops/Person_0001/Camera_10/Person_0001_Camera_10_f000000_r001.jpg,None,-1,NOISE,0.0,True,False,0.03790016,-0.0055776993,0.037900176,-0.005576343,-0.13474812
561,Person_0001,Hospital_000__Person_0001,1,1,Camera_16,26,Hospital_000,Person,1,0.6666666666666666,0,8460,/pfs/data6/home/st/st_us-053000/st_st191959/DL-Lab/DataSet/MTMC_Tracking_2025_Preprocessed/val/Hospital_000/crops/Person_0001/Camera_16/Person_0001_Camera_16_f000000_r001.jpg,None,-1,NOISE,0.0,True,False,0.14960927,-0.014757795,0.14960925,-0.014755573,-0.10233973
8,Person_0001,Hospital_000__Person_0001,1,1,Camera_19,29,Hospital_000,Person,0,0.0,4800,8850,/pfs/data6/home/st/st_us-053000/st_st191959/DL-Lab/DataSet/MTMC_Tracking_2025_Preprocessed/val/Hospital_000/crops/Person_0001/Camera_19/Person_0001_Camera_19_f004800_r002.jpg,None,-1,NOISE,0.0,True,False,-0.019506097,0.057112765,-0.01950612,0.057112236,-0.20588645
697,Person_0001,Hospital_000__Person_0001,1,1,Camera_21,31,Hospital_000,Person,1,0.6140602582496413,0,8970,/pfs/data6/home/st/st_us-053000/st_st191959/DL-Lab/DataSet/MTMC_Tracking_2025_Preprocessed/val/Hospital_000/crops/Person_0001/Camera_21/Person_0001_Camera_21_f000000_r002.jpg,None,2,Hospital_000__Person_0001,1.0,False,False,0.12134063,0.004261095,0.12134063,0.004262699,-0.13168293
275,Person_0001,Hospital_000__Person_0001,1,1,Camera_23,33,Hospital_000,Person,1,0.6545454545454545,0,6750,/pfs/data6/home/st/st_us-053000/st_st191959/DL-Lab/DataSet/MTMC_Tracking_2025_Preprocessed/val/Hospital_000/crops/Person_0001/Camera_23/Person_0001_Camera_23_f000000_r004.jpg,None,3,Hospital_000__Person_0001,1.0,False,False,0.092536956,0.0056589535,0.09253698,0.0056607253,-0.14757249
7,Person_0001,Hospital_000__Person_0001,1,1,Camera_24,34,Hospital_000,Person,0,0.0,420,6720,/pfs/data6/home/st/st_us-053000/st_st191959/DL-Lab/DataSet/MTMC_Tracking_2025_Preprocessed/val/Hospital_000/crops/Person_0001/Camera_24/Person_0001_Camera_24_f000420_r008.jpg,None,-1,NOISE,0.0,True,False,-0.23276068,-0.024092678,-0.23276077,-0.02409466,-0.221052
144,Person_0001,Hospital_000__Person_0001,1,1,Camera_25,35,Hospital_000,Person,1,0.6666666666666666,3360,6720,/pfs/data6/home/st/st_us-053000/st_st191959/DL-Lab/DataSet/MTMC_Tracking_2025_Preprocessed/val/Hospital_000/crops/Person_0001/Camera_25/Person_0001_Camera_25_f003360_r001.jpg,None,3,Hospital_000__Person_0001,1.0,False,False,0.073426634,-0.04703926,0.073426664,-0.047037583,-0.119279854
82,Person_0001,Hospital_000__Person_0001,1,1,Camera_28,38,Hospital_000,Person,1,0.14634146341463414,420,7470,/pfs/data6/home/st/st_us-053000/st_st191959/DL-Lab/DataSet/MTMC_Tracking_2025_Preprocessed/val/Hospital_000/crops/Person_0001/Camera_28/Person_0001_Camera_28_f000420_r003.jpg,None,-1,NOISE,0.0,True,False,-0.0126599,0.028597968,-0.012659919,0.028597994,-0.16986728
589,Person_0001,Hospital_000__Person_0001,1,1,Camera_29,39,Hospital_000,Person,1,0.66553480475382,90,8970,/pfs/data6/home/st/st_us-053000/st_st191959/DL-Lab/DataSet/MTMC_Tracking_2025_Preprocessed/val/Hospital_000/crops/Person_0001/Camera_29/Person_0001_Camera_29_f000090_r001.jpg,None,2,Hospital_000__Person_0001,1.0,False,False,0.07978855,-0.018105762,0.07978856,-0.018104464,-0.14326902
69,Person_0001,Hospital_000__Person_0001,1,1,Camera_30,40,Hospital_000,Person,1,0.6666666666666666,5670,6630,/pfs/data6/home/st/st_us-053000/st_st191959/DL-Lab/DataSet/MTMC_Tracking_2025_Preprocessed/val/Hospital_000/crops/Person_0001/Camera_30/Person_0001_Camera_30_f005670_r002.jpg,None,-1,NOISE,0.0,True,False,0.24422574,0.19683266,0.24422567,0.1968335,-0.038760874
12,Person_0002,Hospital_000__Person_0002,2,2,Camera,0,Hospital_000,Person,1,0.6666666666666666,0,90,/pfs/data6/home/st/st_us-053000/st_st191959/DL-Lab/DataSet/MTMC_Tracking_2025_Preprocessed/val/Hospital_000/crops/Person_0002/Camera/Person_0002_Camera_f000000_r000.jpg,None,-1,NOISE,0.0,True,False,-0.4520418,-0.0114776045,-0.45204186,-0.011479413,-0.060815047
293,Person_0002,Hospital_000__Person_0002,2,2,Camera_03,13,Hospital_000,Person,1,0.6075085324232082,1440,8970,/pfs/data6/home/st/st_us-053000/st_st191959/DL-Lab/DataSet/MTMC_Tracking_2025_Preprocessed/val/Hospital_000/crops/Person_0002/Camera_03/Person_0002_Camera_03_f001440_r000.jpg,None,-1,NOISE,0.0,True,False,-0.32057926,-0.12731208,-0.32057935,-0.1273102,-0.23327164
303,Person_0002,Hospital_000__Person_0002,2,2,Camera_04,14,Hospital_000,Person,1,0.5478547854785478,480,8970,/pfs/data6/home/st/st_us-053000/st_st191959/DL-Lab/DataSet/MTMC_Tracking_2025_Preprocessed/val/Hospital_000/crops/Person_0002/Camera_04/Person_0002_Camera_04_f000480_r000.jpg,None,-1,NOISE,0.0,True,False,0.14384004,-0.052373096,0.14384004,-0.05237147,-0.080042616
178,Person_0002,Hospital_000__Person_0002,2,2,Camera_05,15,Hospital_000,Person,1,0.5617977528089888,3780,8850,/pfs/data6/home/st/st_us-053000/st_st191959/DL-Lab/DataSet/MTMC_Tracking_2025_Preprocessed/val/Hospital_000/crops/Person_0002/Camera_05/Person_0002_Camera_05_f003780_r000.jpg,None,-1,NOISE,0.0,True,False,-0.41486952,-0.002059278,-0.41486958,-0.0020575507,-0.19948366
30,Person_0002,Hospital_000__Person_0002,2,2,Camera_07,17,Hospital_000,Person,1,0.6666666666666666,510,780,/pfs/data6/home/st/st_us-053000/st_st191959/DL-Lab/DataSet/MTMC_Tracking_2025_Preprocessed/val/Hospital_000/crops/Person_0002/Camera_07/Person_0002_Camera_07_f000510_r000.jpg,None,-1,NOISE,0.0,True,False,-0.18026194,-0.20286752,-0.18026185,-0.20286618,-0.18387808
531,Person_0002,Hospital_000__Person_0002,2,2,Camera_08,18,Hospital_000,Person,1,0.6666666666666666,810,8970,/pfs/data6/home/st/st_us-053000/st_st191959/DL-Lab/DataSet/MTMC_Tracking_2025_Preprocessed/val/Hospital_000/crops/Person_0002/Camera_08/Person_0002_Camera_08_f000810_r000.jpg,None,-1,NOISE,0.0,True,False,-0.17680195,-0.1988944,-0.17680186,-0.19889393,-0.1000571
15,Person_0002,Hospital_000__Person_0002,2,2,Camera_16,26,Hospital_000,Person,1,0.6666666666666666,360,480,/pfs/data6/home/st/st_us-053000/st_st191959/DL-Lab/DataSet/MTMC_Tracking_2025_Preprocessed/val/Hospital_000/crops/Person_0002/Camera_16/Person_0002_Camera_16_f000360_r000.jpg,None,-1,NOISE,0.0,True,False,-0.02953856,-0.1306714,-0.02953857,-0.13067034,-0.12793593
426,Person_0002,Hospital_000__Person_0002,2,2,Camera_18,28,Hospital_000,Person,1,0.6666666666666666,780,8760,/pfs/data6/home/st/st_us-053000/st_st191959/DL-Lab/DataSet/MTMC_Tracking_2025_Preprocessed/val/Hospital_000/crops/Person_0002/Camera_18/Person_0002_Camera_18_f000780_r000.jpg,None,-1,NOISE,0.0,True,False,-0.10399848,-0.20814589,-0.103998445,-0.20814428,-0.09730393
732,Person_0002,Hospital_000__Person_0002,2,2,Camera_19,29,Hospital_000,Person,1,0.6311475409836066,540,8970,/pfs/data6/home/st/st_us-053000/st_st191959/DL-Lab/DataSet/MTMC_Tracking_2025_Preprocessed/val/Hospital_000/crops/Person_0002/Camera_19/Person_0002_Camera_19_f000540_r001.jpg,None,-1,NOISE,0.0,True,False,-0.12221219,-0.16234712,-0.1222122,-0.16234548,-0.17002195
24,Person_0002,Hospital_000__Person_0002,2,2,Camera_21,31,Hospital_000,Person,1,0.6666666666666666,330,540,/pfs/data6/home/st/st_us-053000/st_st191959/DL-Lab/DataSet/MTMC_Tracking_2025_Preprocessed/val/Hospital_000/crops/Person_0002/Camera_21/Person_0002_Camera_21_f000330_r000.jpg,None,-1,NOISE,0.0,True,False,-0.037811063,-0.13024521,-0.03781107,-0.13024344,-0.18557072
277,Person_0002,Hospital_000__Person_0002,2,2,Camera_22,32,Hospital_000,Person,1,0.5848375451263538,2640,8970,/pfs/data6/home/st/st_us-053000/st_st191959/DL-Lab/DataSet/MTMC_Tracking_2025_Preprocessed/val/Hospital_000/crops/Person_0002/Camera_22/Person_0002_Camera_22_f002640_r001.jpg,None,-1,NOISE,0.0,True,False,-0.34201902,-0.11997067,-0.3420192,-0.11996873,-0.21478002
34,Person_0002,Hospital_000__Person_0002,2,2,Camera_23,33,Hospital_000,Person,1,0.5882352941176471,0,390,/pfs/data6/home/st/st_us-053000/st_st191959/DL-Lab/DataSet/MTMC_Tracking_2025_Preprocessed/val/Hospital_000/crops/Person_0002/Camera_23/Person_0002_Camera_23_f000000_r000.jpg,None,-1,NOISE,0.0,True,False,-0.17215718,-0.18338652,-0.17215714,-0.18338655,-0.11002395
340,Person_0002,Hospital_000__Person_0002,2,2,Camera_24,34,Hospital_000,Person,1,0.5058823529411764,0,8970,/pfs/data6/home/st/st_us-053000/st_st191959/DL-Lab/DataSet/MTMC_Tracking_2025_Preprocessed/val/Hospital_000/crops/Person_0002/Camera_24/Person_0002_Camera_24_f000000_r000.jpg,None,-1,NOISE,0.0,True,False,-0.30969274,-0.112759225,-0.3096928,-0.1127567,-0.23057456
143,Person_0002,Hospital_000__Person_0002,2,2,Camera_26,36,Hospital_000,Person,1,0.6573426573426573,3900,8850,/pfs/data6/home/st/st_us-053000/st_st191959/DL-Lab/DataSet/MTMC_Tracking_2025_Preprocessed/val/Hospital_000/crops/Person_0002/Camera_26/Person_0002_Camera_26_f003900_r000.jpg,None,-1,NOISE,0.0,True,False,-0.4122355,0.008717717,-0.4122357,0.008717753,-0.22139485
409,Person_0002,Hospital_000__Person_0002,2,2,Camera_27,37,Hospital_000,Person,1,0.6650366748166259,690,8970,/pfs/data6/home/st/st_us-053000/st_st191959/DL-Lab/DataSet/MTMC_Tracking_2025_Preprocessed/val/Hospital_000/crops/Person_0002/Camera_27/Person_0002_Camera_27_f000690_r000.jpg,None,-1,NOISE,0.0,True,False,0.040549606,-0.13529949,0.040549632,-0.13529791,-0.094198786
42,Person_0002,Hospital_000__Person_0002,2,2,Camera_28,38,Hospital_000,Person,1,0.6666666666666666,0,390,/pfs/data6/home/st/st_us-053000/st_st191959/DL-Lab/DataSet/MTMC_Tracking_2025_Preprocessed/val/Hospital_000/crops/Person_0002/Camera_28/Person_0002_Camera_28_f000000_r000.jpg,None,-1,NOISE,0.0,True,False,-0.21136925,-0.18287382,-0.21136926,-0.18287323,-0.12711227
15,Person_0002,Hospital_000__Person_0002,2,2,Camera_29,39,Hospital_000,Person,1,0.6666666666666666,420,570,/pfs/data6/home/st/st_us-053000/st_st191959/DL-Lab/DataSet/MTMC_Tracking_2025_Preprocessed/val/Hospital_000/crops/Person_0002/Camera_29/Person_0002_Camera_29_f000420_r000.jpg,None,-1,NOISE,0.0,True,False,-0.094296895,-0.16007379,-0.09429691,-0.16007227,-0.16347052
40,Person_0003,Hospital_000__Person_0003,3,3,Camera,0,Hospital_000,Person,1,0.5,930,2760,/pfs/data6/home/st/st_us-053000/st_st191959/DL-Lab/DataSet/MTMC_Tracking_2025_Preprocessed/val/Hospital_000/crops/Person_0003/Camera/Person_0003_Camera_f000930_r005.jpg,None,-1,NOISE,0.0,True,False,0.21270263,0.14582093,0.2127026,0.14582232,-0.065318696
300,Person_0003,Hospital_000__Person_0003,3,3,Camera_03,13,Hospital_000,Person,1,0.54,180,8790,/pfs/data6/home/st/st_us-053000/st_st191959/DL-Lab/DataSet/MTMC_Tracking_2025_Preprocessed/val/Hospital_000/crops/Person_0003/Camera_03/Person_0003_Camera_03_f000180_r013.jpg,None,-1,NOISE,0.0,True,False,0.13036773,0.099896245,0.13036773,0.099897556,-0.094705835
87,Person_0003,Hospital_000__Person_0003,3,3,Camera_04,14,Hospital_000,Person,1,0.39080459770114945,4200,8940,/pfs/data6/home/st/st_us-053000/st_st191959/DL-Lab/DataSet/MTMC_Tracking_2025_Preprocessed/val/Hospital_000/crops/Person_0003/Camera_04/Person_0003_Camera_04_f004200_r008.jpg,None,4,Hospital_000__Person_0003,0.5,False,False,0.20585264,0.109314464,0.20585267,0.10931559,-0.075793326
134,Person_0003,Hospital_000__Person_0003,3,3,Camera_05,15,Hospital_000,Person,1,0.47761194029850745,0,8370,/pfs/data6/home/st/st_us-053000/st_st191959/DL-Lab/DataSet/MTMC_Tracking_2025_Preprocessed/val/Hospital_000/crops/Person_0003/Camera_05/Person_0003_Camera_05_f000000_r007.jpg,None,-1,NOISE,0.0,True,False,0.08898168,0.05136718,0.08898171,0.051366895,-0.07392248
266,Person_0003,Hospital_000__Person_0003,3,3,Camera_06,16,Hospital_000,Person,1,0.6541353383458647,150,3420,/pfs/data6/home/st/st_us-053000/st_st191959/DL-Lab/DataSet/MTMC_Tracking_2025_Preprocessed/val/Hospital_000/crops/Person_0003/Camera_06/Person_0003_Camera_06_f000150_r008.jpg,None,-1,NOISE,0.0,True,False,0.1850933,0.15304495,0.18509324,0.15304613,-0.11860592
287,Person_0003,Hospital_000__Person_0003,3,3,Camera_08,18,Hospital_000,Person,1,0.627177700348432,150,8970,/pfs/data6/home/st/st_us-053000/st_st191959/DL-Lab/DataSet/MTMC_Tracking_2025_Preprocessed/val/Hospital_000/crops/Person_0003/Camera_08/Person_0003_Camera_08_f000150_r008.jpg,None,-1,NOISE,0.0,True,False,0.18064617,0.08126676,0.18064612,0.08126747,-0.029254444
198,Person_0003,Hospital_000__Person_0003,3,3,Camera_09,19,Hospital_000,Person,1,0.6666666666666666,0,3690,/pfs/data6/home/st/st_us-053000/st_st191959/DL-Lab/DataSet/MTMC_Tracking_2025_Preprocessed/val/Hospital_000/crops/Person_0003/Camera_09/Person_0003_Camera_09_f000000_r007.jpg,None,-1,NOISE,0.0,True,False,0.23799485,0.11153544,0.23799483,0.11153773,-0.07282968
165,Person_0003,Hospital_000__Person_0003,3,3,Camera_18,28,Hospital_000,Person,1,0.6666666666666666,5100,8970,/pfs/data6/home/st/st_us-053000/st_st191959/DL-Lab/DataSet/MTMC_Tracking_2025_Preprocessed/val/Hospital_000/crops/Person_0003/Camera_18/Person_0003_Camera_18_f005100_r002.jpg,None,-1,NOISE,0.0,True,False,0.14002837,0.10430021,0.1400283,0.10430088,0.021135978
433,Person_0003,Hospital_000__Person_0003,3,3,Camera_19,29,Hospital_000,Person,1,0.628175519630485,3780,8970,/pfs/data6/home/st/st_us-053000/st_st191959/DL-Lab/DataSet/MTMC_Tracking_2025_Preprocessed/val/Hospital_000/crops/Person_0003/Camera_19/Person_0003_Camera_19_f003780_r008.jpg,None,-1,NOISE,0.0,True,False,0.19943398,0.11762436,0.199434,0.11762563,-0.053322636
7,Person_0003,Hospital_000__Person_0003,3,3,Camera_20,30,Hospital_000,Person,1,0.5714285714285714,1080,2730,/pfs/data6/home/st/st_us-053000/st_st191959/DL-Lab/DataSet/MTMC_Tracking_2025_Preprocessed/val/Hospital_000/crops/Person_0003/Camera_20/Person_0003_Camera_20_f001080_r001.jpg,None,-1,NOISE,0.0,True,False,-0.081766374,-0.03559627,-0.081766374,-0.0355957,-0.113444954
243,Person_0003,Hospital_000__Person_0003,3,3,Camera_22,32,Hospital_000,Person,1,0.4773662551440329,0,8730,/pfs/data6/home/st/st_us-053000/st_st191959/DL-Lab/DataSet/MTMC_Tracking_2025_Preprocessed/val/Hospital_000/crops/Person_0003/Camera_22/Person_0003_Camera_22_f000000_r006.jpg,None,-1,NOISE,0.0,True,False,0.16499677,0.076810665,0.16499677,0.07681228,-0.07084893
1,Person_0003,Hospital_000__Person_0003,3,3,Camera_23,33,Hospital_000,Person,0,0.0,2760,2760,/pfs/data6/home/st/st_us-053000/st_st191959/DL-Lab/DataSet/MTMC_Tracking_2025_Preprocessed/val/Hospital_000/crops/Person_0003/Camera_23/Person_0003_Camera_23_f002760_r002.jpg,None,-1,NOISE,0.0,True,False,-0.14695022,0.08565376,-0.14695032,0.08565372,-0.22050883
286,Person_0003,Hospital_000__Person_0003,3,3,Camera_24,34,Hospital_000,Person,1,0.5314685314685315,0,8760,/pfs/data6/home/st/st_us-053000/st_st191959/DL-Lab/DataSet/MTMC_Tracking_2025_Preprocessed/val/Hospital_000/crops/Person_0003/Camera_24/Person_0003_Camera_24_f000000_r015.jpg,None,-1,NOISE,0.0,True,False,0.15510944,0.09256156,0.15510947,0.09256256,-0.09060858
147,Person_0003,Hospital_000__Person_0003,3,3,Camera_26,36,Hospital_000,Person,1,0.6394557823129252,0,4800,/pfs/data6/home/st/st_us-053000/st_st191959/DL-Lab/DataSet/MTMC_Tracking_2025_Preprocessed/val/Hospital_000/crops/Person_0003/Camera_26/Person_0003_Camera_26_f000000_r005.jpg,None,5,Hospital_000__Person_0003,0.6666666666666666,False,False,0.12464024,0.12235444,0.12464022,0.12235498,-0.087759964
190,Person_0003,Hospital_000__Person_0003,3,3,Camera_27,37,Hospital_000,Person,1,0.6210526315789474,3420,8970,/pfs/data6/home/st/st_us-053000/st_st191959/DL-Lab/DataSet/MTMC_Tracking_2025_Preprocessed/val/Hospital_000/crops/Person_0003/Camera_27/Person_0003_Camera_27_f003420_r014.jpg,None,4,Hospital_000__Person_0003,0.5,False,False,0.21108438,0.12620044,0.21108443,0.12620096,-0.064511746
169,Person_0003,Hospital_000__Person_0003,3,3,Camera_31,41,Hospital_000,Person,1,0.6627218934911243,990,2700,/pfs/data6/home/st/st_us-053000/st_st191959/DL-Lab/DataSet/MTMC_Tracking_2025_Preprocessed/val/Hospital_000/crops/Person_0003/Camera_31/Person_0003_Camera_31_f000990_r002.jpg,None,5,Hospital_000__Person_0003,0.6666666666666666,False,False,0.13790216,0.12322016,0.13790217,0.12322067,-0.09504621
46,Person_0004,Hospital_000__Person_0004,4,4,Camera,0,Hospital_000,Person,1,0.6521739130434783,540,8970,/pfs/data6/home/st/st_us-053000/st_st191959/DL-Lab/DataSet/MTMC_Tracking_2025_Preprocessed/val/Hospital_000/crops/Person_0004/Camera/Person_0004_Camera_f000540_r000.jpg,None,-1,NOISE,0.0,True,False,0.12209189,0.06548348,0.12209188,0.065483585,0.062091798
235,Person_0004,Hospital_000__Person_0004,4,4,Camera_03,13,Hospital_000,Person,1,0.6638297872340425,180,8970,/pfs/data6/home/st/st_us-053000/st_st191959/DL-Lab/DataSet/MTMC_Tracking_2025_Preprocessed/val/Hospital_000/crops/Person_0004/Camera_03/Person_0004_Camera_03_f000180_r000.jpg,None,-1,NOISE,0.0,True,False,-0.02764793,0.06799112,-0.027647998,0.06799161,0.06931131
10,Person_0004,Hospital_000__Person_0004,4,4,Camera_04,14,Hospital_000,Person,0,0.0,1530,8550,/pfs/data6/home/st/st_us-053000/st_st191959/DL-Lab/DataSet/MTMC_Tracking_2025_Preprocessed/val/Hospital_000/crops/Person_0004/Camera_04/Person_0004_Camera_04_f001530_r001.jpg,None,-1,NOISE,0.0,True,False,-0.06758014,0.096213095,-0.067580186,0.09621104,-0.034094114
581,Person_0004,Hospital_000__Person_0004,4,4,Camera_05,15,Hospital_000,Person,1,0.6609294320137694,0,8910,/pfs/data6/home/st/st_us-053000/st_st191959/DL-Lab/DataSet/MTMC_Tracking_2025_Preprocessed/val/Hospital_000/crops/Person_0004/Camera_05/Person_0004_Camera_05_f000000_r000.jpg,None,-1,NOISE,0.0,True,False,-0.0096762525,0.03566544,-0.009676283,0.035664618,0.06292376
754,Person_0004,Hospital_000__Person_0004,4,4,Camera_06,16,Hospital_000,Person,1,0.6657824933687002,90,8970,/pfs/data6/home/st/st_us-053000/st_st191959/DL-Lab/DataSet/MTMC_Tracking_2025_Preprocessed/val/Hospital_000/crops/Person_0004/Camera_06/Person_0004_Camera_06_f000090_r000.jpg,None,-1,NOISE,0.0,True,False,0.061891958,0.054515354,0.06189189,0.05451581,0.15474918
352,Person_0004,Hospital_000__Person_0004,4,4,Camera_08,18,Hospital_000,Person,1,0.5113636363636364,0,8880,/pfs/data6/home/st/st_us-053000/st_st191959/DL-Lab/DataSet/MTMC_Tracking_2025_Preprocessed/val/Hospital_000/crops/Person_0004/Camera_08/Person_0004_Camera_08_f000000_r000.jpg,None,-1,NOISE,0.0,True,False,-0.28970492,0.21319345,-0.28970513,0.21319325,0.09269594
860,Person_0004,Hospital_000__Person_0004,4,4,Camera_09,19,Hospital_000,Person,1,0.6604651162790698,0,8970,/pfs/data6/home/st/st_us-053000/st_st191959/DL-Lab/DataSet/MTMC_Tracking_2025_Preprocessed/val/Hospital_000/crops/Person_0004/Camera_09/Person_0004_Camera_09_f000000_r000.jpg,None,6,Hospital_000__Person_0004,1.0,False,False,0.070825554,0.05061699,0.07082546,0.0506171,0.097401075
251,Person_0004,Hospital_000__Person_0004,4,4,Camera_19,29,Hospital_000,Person,1,0.6454183266932271,150,7500,/pfs/data6/home/st/st_us-053000/st_st191959/DL-Lab/DataSet/MTMC_Tracking_2025_Preprocessed/val/Hospital_000/crops/Person_0004/Camera_19/Person_0004_Camera_19_f000150_r001.jpg,None,-1,NOISE,0.0,True,False,-0.14062747,0.1756521,-0.14062753,0.17565186,-0.019468453
11,Person_0004,Hospital_000__Person_0004,4,4,Camera_20,30,Hospital_000,Person,1,0.5454545454545454,570,8970,/pfs/data6/home/st/st_us-053000/st_st191959/DL-Lab/DataSet/MTMC_Tracking_2025_Preprocessed/val/Hospital_000/crops/Person_0004/Camera_20/Person_0004_Camera_20_f000570_r000.jpg,None,-1,NOISE,0.0,True,False,-0.051366527,0.043188583,-0.0513666,0.04318849,-0.027433017
783,Person_0004,Hospital_000__Person_0004,4,4,Camera_22,32,Hospital_000,Person,1,0.6666666666666666,0,8970,/pfs/data6/home/st/st_us-053000/st_st191959/DL-Lab/DataSet/MTMC_Tracking_2025_Preprocessed/val/Hospital_000/crops/Person_0004/Camera_22/Person_0004_Camera_22_f000000_r000.jpg,None,6,Hospital_000__Person_0004,1.0,False,False,0.07503052,0.06170101,0.0750305,0.061701104,0.06566703
798,Person_0004,Hospital_000__Person_0004,4,4,Camera_24,34,Hospital_000,Person,1,0.6666666666666666,0,8970,/pfs/data6/home/st/st_us-053000/st_st191959/DL-Lab/DataSet/MTMC_Tracking_2025_Preprocessed/val/Hospital_000/crops/Person_0004/Camera_24/Person_0004_Camera_24_f000000_r001.jpg,None,6,Hospital_000__Person_0004,1.0,False,False,0.020602146,0.06840047,0.020602103,0.06840008,0.05417117
753,Person_0004,Hospital_000__Person_0004,4,4,Camera_26,36,Hospital_000,Person,1,0.6666666666666666,0,8970,/pfs/data6/home/st/st_us-053000/st_st191959/DL-Lab/DataSet/MTMC_Tracking_2025_Preprocessed/val/Hospital_000/crops/Person_0004/Camera_26/Person_0004_Camera_26_f000000_r000.jpg,None,6,Hospital_000__Person_0004,1.0,False,False,0.037666555,0.027900316,0.03766649,0.027899873,0.0728161
178,Person_0004,Hospital_000__Person_0004,4,4,Camera_27,37,Hospital_000,Person,1,0.0898876404494382,0,8880,/pfs/data6/home/st/st_us-053000/st_st191959/DL-Lab/DataSet/MTMC_Tracking_2025_Preprocessed/val/Hospital_000/crops/Person_0004/Camera_27/Person_0004_Camera_27_f000000_r001.jpg,None,-1,NOISE,0.0,True,False,-0.3763418,0.20288926,-0.37634197,0.20288831,0.13697125
630,Person_0005,Hospital_000__Person_0005,5,5,Camera_02,12,Hospital_000,Person,1,0.6349206349206349,0,8970,/pfs/data6/home/st/st_us-053000/st_st191959/DL-Lab/DataSet/MTMC_Tracking_2025_Preprocessed/val/Hospital_000/crops/Person_0005/Camera_02/Person_0005_Camera_02_f000000_r001.jpg,None,-1,NOISE,0.0,True,False,0.13072573,0.12162521,0.1307256,0.12162411,-0.019042324
2,Person_0005,Hospital_000__Person_0005,5,5,Camera_03,13,Hospital_000,Person,0,0.0,2160,5130,/pfs/data6/home/st/st_us-053000/st_st191959/DL-Lab/DataSet/MTMC_Tracking_2025_Preprocessed/val/Hospital_000/crops/Person_0005/Camera_03/Person_0005_Camera_03_f002160_r009.jpg,None,-1,NOISE,0.0,True,False,-0.24834672,0.10132744,-0.24834687,0.10132859,-0.30584642
123,Person_0005,Hospital_000__Person_0005,5,5,Camera_10,20,Hospital_000,Person,1,0.6666666666666666,0,5100,/pfs/data6/home/st/st_us-053000/st_st191959/DL-Lab/DataSet/MTMC_Tracking_2025_Preprocessed/val/Hospital_000/crops/Person_0005/Camera_10/Person_0005_Camera_10_f000000_r004.jpg,None,7,Hospital_000__Person_0005,1.0,False,False,0.13523343,0.061637055,0.13523345,0.06163681,-0.03928001
156,Person_0005,Hospital_000__Person_0005,5,5,Camera_12,22,Hospital_000,Person,1,0.6666666666666666,390,7440,/pfs/data6/home/st/st_us-053000/st_st191959/DL-Lab/DataSet/MTMC_Tracking_2025_Preprocessed/val/Hospital_000/crops/Person_0005/Camera_12/Person_0005_Camera_12_f000390_r000.jpg,None,7,Hospital_000__Person_0005,1.0,False,False,0.14519446,0.06266286,0.14519438,0.06266206,0.0022249161
554,Person_0005,Hospital_000__Person_0005,5,5,Camera_13,23,Hospital_000,Person,1,0.6064981949458483,0,7890,/pfs/data6/home/st/st_us-053000/st_st191959/DL-Lab/DataSet/MTMC_Tracking_2025_Preprocessed/val/Hospital_000/crops/Person_0005/Camera_13/Person_0005_Camera_13_f000000_r001.jpg,None,8,Hospital_000__Person_0005,1.0,False,False,0.13858168,0.08959499,0.13858171,0.089594826,-0.043573447
527,Person_0005,Hospital_000__Person_0005,5,5,Camera_17,27,Hospital_000,Person,1,0.5920303605313093,30,7860,/pfs/data6/home/st/st_us-053000/st_st191959/DL-Lab/DataSet/MTMC_Tracking_2025_Preprocessed/val/Hospital_000/crops/Person_0005/Camera_17/Person_0005_Camera_17_f000030_r001.jpg,None,8,Hospital_000__Person_0005,1.0,False,False,0.14915572,0.11323585,0.14915568,0.113235906,-0.02639144
30,Person_0005,Hospital_000__Person_0005,5,5,Camera_23,33,Hospital_000,Person,1,0.6666666666666666,930,5640,/pfs/data6/home/st/st_us-053000/st_st191959/DL-Lab/DataSet/MTMC_Tracking_2025_Preprocessed/val/Hospital_000/crops/Person_0005/Camera_23/Person_0005_Camera_23_f000930_r008.jpg,None,-1,NOISE,0.0,True,False,-0.32307848,0.26507312,-0.32307875,0.26507643,0.020472802
5,Person_0005,Hospital_000__Person_0005,5,5,Camera_24,34,Hospital_000,Person,0,0.0,60,4950,/pfs/data6/home/st/st_us-053000/st_st191959/DL-Lab/DataSet/MTMC_Tracking_2025_Preprocessed/val/Hospital_000/crops/Person_0005/Camera_24/Person_0005_Camera_24_f000060_r012.jpg,None,-1,NOISE,0.0,True,False,-0.25081676,0.054667804,-0.2508168,0.054667287,-0.15885502
14,Person_0005,Hospital_000__Person_0005,5,5,Camera_28,38,Hospital_000,Person,0,0.0,60,5700,/pfs/data6/home/st/st_us-053000/st_st191959/DL-Lab/DataSet/MTMC_Tracking_2025_Preprocessed/val/Hospital_000/crops/Person_0005/Camera_28/Person_0005_Camera_28_f000060_r007.jpg,None,-1,NOISE,0.0,True,False,-0.13845542,0.06712284,-0.13845554,0.067121975,-0.12024722
27,Person_0006,Hospital_000__Person_0006,6,6,Camera,0,Hospital_000,Person,1,0.6666666666666666,1110,1350,/pfs/data6/home/st/st_us-053000/st_st191959/DL-Lab/DataSet/MTMC_Tracking_2025_Preprocessed/val/Hospital_000/crops/Person_0006/Camera/Person_0006_Camera_f001110_r003.jpg,None,-1,NOISE,0.0,True,False,-0.41047758,0.14408031,-0.41047785,0.14408349,0.13575155
23,Person_0006,Hospital_000__Person_0006,6,6,Camera_03,13,Hospital_000,Person,0,0.0,150,3930,/pfs/data6/home/st/st_us-053000/st_st191959/DL-Lab/DataSet/MTMC_Tracking_2025_Preprocessed/val/Hospital_000/crops/Person_0006/Camera_03/Person_0006_Camera_03_f000150_r003.jpg,None,9,Hospital_000__Person_0006,1.0,False,False,-0.004851359,-0.038682006,-0.004851347,-0.0386809,-0.1367078
36,Person_0006,Hospital_000__Person_0006,6,6,Camera_04,14,Hospital_000,Person,1,0.6666666666666666,2130,2460,/pfs/data6/home/st/st_us-053000/st_st191959/DL-Lab/DataSet/MTMC_Tracking_2025_Preprocessed/val/Hospital_000/crops/Person_0006/Camera_04/Person_0006_Camera_04_f002130_r003.jpg,None,-1,NOISE,0.0,True,False,0.09197664,-0.017552026,0.0919766,-0.017550077,-0.031110497
27,Person_0006,Hospital_000__Person_0006,6,6,Camera_07,17,Hospital_000,Person,1,0.6666666666666666,2190,2430,/pfs/data6/home/st/st_us-053000/st_st191959/DL-Lab/DataSet/MTMC_Tracking_2025_Preprocessed/val/Hospital_000/crops/Person_0006/Camera_07/Person_0006_Camera_07_f002190_r000.jpg,None,-1,NOISE,0.0,True,False,0.12718391,-0.011915315,0.12718387,-0.011912761,-0.0655989
180,Person_0006,Hospital_000__Person_0006,6,6,Camera_10,20,Hospital_000,Person,1,0.6666666666666666,1890,7830,/pfs/data6/home/st/st_us-053000/st_st191959/DL-Lab/DataSet/MTMC_Tracking_2025_Preprocessed/val/Hospital_000/crops/Person_0006/Camera_10/Person_0006_Camera_10_f001890_r001.jpg,None,-1,NOISE,0.0,True,False,0.023634281,-0.08270016,0.02363426,-0.082698576,-0.013634572
569,Person_0006,Hospital_000__Person_0006,6,6,Camera_16,26,Hospital_000,Person,1,0.6608084358523726,210,8670,/pfs/data6/home/st/st_us-053000/st_st191959/DL-Lab/DataSet/MTMC_Tracking_2025_Preprocessed/val/Hospital_000/crops/Person_0006/Camera_16/Person_0006_Camera_16_f000210_r001.jpg,None,10,Hospital_000__Person_0006,1.0,False,False,0.08468879,-0.039545167,0.08468876,-0.039543875,-0.0325472
629,Person_0006,Hospital_000__Person_0006,6,6,Camera_21,31,Hospital_000,Person,1,0.6613672496025437,1830,8970,/pfs/data6/home/st/st_us-053000/st_st191959/DL-Lab/DataSet/MTMC_Tracking_2025_Preprocessed/val/Hospital_000/crops/Person_0006/Camera_21/Person_0006_Camera_21_f001830_r001.jpg,None,10,Hospital_000__Person_0006,1.0,False,False,0.06412459,-0.042850543,0.06412458,-0.04284954,-0.032416027
494,Person_0006,Hospital_000__Person_0006,6,6,Camera_23,33,Hospital_000,Person,1,0.6396761133603239,60,8970,/pfs/data6/home/st/st_us-053000/st_st191959/DL-Lab/DataSet/MTMC_Tracking_2025_Preprocessed/val/Hospital_000/crops/Person_0006/Camera_23/Person_0006_Camera_23_f000060_r002.jpg,None,10,Hospital_000__Person_0006,1.0,False,False,0.056973644,-0.039992016,0.05697362,-0.039990716,-0.055993848
34,Person_0006,Hospital_000__Person_0006,6,6,Camera_24,34,Hospital_000,Person,0,0.0,150,3930,/pfs/data6/home/st/st_us-053000/st_st191959/DL-Lab/DataSet/MTMC_Tracking_2025_Preprocessed/val/Hospital_000/crops/Person_0006/Camera_24/Person_0006_Camera_24_f000150_r005.jpg,None,9,Hospital_000__Person_0006,1.0,False,False,-0.060256194,-0.029306768,-0.060256165,-0.029306429,-0.16244808
484,Person_0006,Hospital_000__Person_0006,6,6,Camera_25,35,Hospital_000,Person,1,0.6322314049586777,240,8970,/pfs/data6/home/st/st_us-053000/st_st191959/DL-Lab/DataSet/MTMC_Tracking_2025_Preprocessed/val/Hospital_000/crops/Person_0006/Camera_25/Person_0006_Camera_25_f000240_r001.jpg,None,10,Hospital_000__Person_0006,1.0,False,False,0.054492954,-0.041191183,0.05449294,-0.04119041,-0.041820314
183,Person_0006,Hospital_000__Person_0006,6,6,Camera_28,38,Hospital_000,Person,1,0.37158469945355194,0,7860,/pfs/data6/home/st/st_us-053000/st_st191959/DL-Lab/DataSet/MTMC_Tracking_2025_Preprocessed/val/Hospital_000/crops/Person_0006/Camera_28/Person_0006_Camera_28_f000000_r002.jpg,None,-1,NOISE,0.0,True,False,0.0088691795,-0.048889462,0.008869131,-0.048888225,-0.090621345
168,Person_0006,Hospital_000__Person_0006,6,6,Camera_29,39,Hospital_000,Person,1,0.6666666666666666,1890,7830,/pfs/data6/home/st/st_us-053000/st_st191959/DL-Lab/DataSet/MTMC_Tracking_2025_Preprocessed/val/Hospital_000/crops/Person_0006/Camera_29/Person_0006_Camera_29_f001890_r001.jpg,None,-1,NOISE,0.0,True,False,-0.0069731884,-0.06591911,-0.0069732266,-0.06591809,0.003232769
228,Person_0006,Hospital_000__Person_0006,6,6,Camera_30,40,Hospital_000,Person,1,0.6666666666666666,3210,8940,/pfs/data6/home/st/st_us-053000/st_st191959/DL-Lab/DataSet/MTMC_Tracking_2025_Preprocessed/val/Hospital_000/crops/Person_0006/Camera_30/Person_0006_Camera_30_f003210_r000.jpg,None,-1,NOISE,0.0,True,False,0.019968089,-0.022672346,0.019968059,-0.02267047,-0.044561844
77,Person_0007,Hospital_000__Person_0007,7,7,Camera,0,Hospital_000,Person,1,0.4675324675324675,390,8730,/pfs/data6/home/st/st_us-053000/st_st191959/DL-Lab/DataSet/MTMC_Tracking_2025_Preprocessed/val/Hospital_000/crops/Person_0007/Camera/Person_0007_Camera_f000390_r005.jpg,None,-1,NOISE,0.0,True,False,-0.11603217,-0.16959222,-0.116032116,-0.16959144,-0.07921897
88,Person_0007,Hospital_000__Person_0007,7,7,Camera_01,11,Hospital_000,Person,1,0.2727272727272727,5460,8550,/pfs/data6/home/st/st_us-053000/st_st191959/DL-Lab/DataSet/MTMC_Tracking_2025_Preprocessed/val/Hospital_000/crops/Person_0007/Camera_01/Person_0007_Camera_01_f005460_r001.jpg,None,-1,NOISE,0.0,True,False,-0.013228765,0.0006506969,-0.013228797,0.000653342,-0.2624386
290,Person_0007,Hospital_000__Person_0007,7,7,Camera_03,13,Hospital_000,Person,1,0.6620689655172414,0,8970,/pfs/data6/home/st/st_us-053000/st_st191959/DL-Lab/DataSet/MTMC_Tracking_2025_Preprocessed/val/Hospital_000/crops/Person_0007/Camera_03/Person_0007_Camera_03_f000000_r007.jpg,None,11,Hospital_000__Person_0007,1.0,False,False,-0.10730092,-0.036166776,-0.107300915,-0.036165323,-0.34441575
9,Person_0007,Hospital_000__Person_0007,7,7,Camera_04,14,Hospital_000,Person,0,0.0,90,4110,/pfs/data6/home/st/st_us-053000/st_st191959/DL-Lab/DataSet/MTMC_Tracking_2025_Preprocessed/val/Hospital_000/crops/Person_0007/Camera_04/Person_0007_Camera_04_f000090_r005.jpg,None,-1,NOISE,0.0,True,False,-0.06871163,0.029432507,-0.068711646,0.029432941,-0.18657711
545,Person_0007,Hospital_000__Person_0007,7,7,Camera_05,15,Hospital_000,Person,1,0.6642201834862386,0,8970,/pfs/data6/home/st/st_us-053000/st_st191959/DL-Lab/DataSet/MTMC_Tracking_2025_Preprocessed/val/Hospital_000/crops/Person_0007/Camera_05/Person_0007_Camera_05_f000000_r006.jpg,None,11,Hospital_000__Person_0007,1.0,False,False,-0.11204282,-0.055129282,-0.11204292,-0.05512684,-0.34039235
433,Person_0007,Hospital_000__Person_0007,7,7,Camera_06,16,Hospital_000,Person,1,0.6651270207852193,0,8970,/pfs/data6/home/st/st_us-053000/st_st191959/DL-Lab/DataSet/MTMC_Tracking_2025_Preprocessed/val/Hospital_000/crops/Person_0007/Camera_06/Person_0007_Camera_06_f000000_r005.jpg,None,12,Hospital_000__Person_0007,1.0,False,False,0.034346625,-0.0142357955,0.03434665,-0.014234464,-0.2616475
172,Person_0007,Hospital_000__Person_0007,7,7,Camera_08,18,Hospital_000,Person,1,0.5116279069767442,90,8490,/pfs/data6/home/st/st_us-053000/st_st191959/DL-Lab/DataSet/MTMC_Tracking_2025_Preprocessed/val/Hospital_000/crops/Person_0007/Camera_08/Person_0007_Camera_08_f000090_r006.jpg,None,-1,NOISE,0.0,True,False,0.1298635,0.045918528,0.12986343,0.045920108,-0.05295749
610,Person_0007,Hospital_000__Person_0007,7,7,Camera_09,19,Hospital_000,Person,1,0.6655737704918033,0,8970,/pfs/data6/home/st/st_us-053000/st_st191959/DL-Lab/DataSet/MTMC_Tracking_2025_Preprocessed/val/Hospital_000/crops/Person_0007/Camera_09/Person_0007_Camera_09_f000000_r005.jpg,None,12,Hospital_000__Person_0007,1.0,False,False,0.004578654,-0.03590784,0.004578623,-0.03590522,-0.287307
12,Person_0007,Hospital_000__Person_0007,7,7,Camera_19,29,Hospital_000,Person,1,0.6666666666666666,120,210,/pfs/data6/home/st/st_us-053000/st_st191959/DL-Lab/DataSet/MTMC_Tracking_2025_Preprocessed/val/Hospital_000/crops/Person_0007/Camera_19/Person_0007_Camera_19_f000120_r005.jpg,None,-1,NOISE,0.0,True,False,-0.40120548,0.18461627,-0.40120557,0.1846216,0.036681388
51,Person_0007,Hospital_000__Person_0007,7,7,Camera_20,30,Hospital_000,Person,1,0.6274509803921569,4230,8940,/pfs/data6/home/st/st_us-053000/st_st191959/DL-Lab/DataSet/MTMC_Tracking_2025_Preprocessed/val/Hospital_000/crops/Person_0007/Camera_20/Person_0007_Camera_20_f004230_r002.jpg,None,11,Hospital_000__Person_0007,1.0,False,False,-0.11437231,-0.023688095,-0.11437234,-0.023685971,-0.32804686
300,Person_0007,Hospital_000__Person_0007,7,7,Camera_22,32,Hospital_000,Person,1,0.6666666666666666,0,8970,/pfs/data6/home/st/st_us-053000/st_st191959/DL-Lab/DataSet/MTMC_Tracking_2025_Preprocessed/val/Hospital_000/crops/Person_0007/Camera_22/Person_0007_Camera_22_f000000_r004.jpg,None,11,Hospital_000__Person_0007,1.0,False,False,-0.140633,-0.06823,-0.14063305,-0.068228565,-0.3421968
1,Person_0007,Hospital_000__Person_0007,7,7,Camera_23,33,Hospital_000,Person,0,0.0,4740,4740,/pfs/data6/home/st/st_us-053000/st_st191959/DL-Lab/DataSet/MTMC_Tracking_2025_Preprocessed/val/Hospital_000/crops/Person_0007/Camera_23/Person_0007_Camera_23_f004740_r007.jpg,None,-1,NOISE,0.0,True,False,-0.23913445,0.027856715,-0.23913445,0.027858494,-0.062882915
469,Person_0007,Hospital_000__Person_0007,7,7,Camera_24,34,Hospital_000,Person,1,0.6652452025586354,0,8970,/pfs/data6/home/st/st_us-053000/st_st191959/DL-Lab/DataSet/MTMC_Tracking_2025_Preprocessed/val/Hospital_000/crops/Person_0007/Camera_24/Person_0007_Camera_24_f000000_r012.jpg,None,11,Hospital_000__Person_0007,1.0,False,False,-0.15793473,-0.03837314,-0.15793477,-0.03837168,-0.35786995
297,Person_0007,Hospital_000__Person_0007,7,7,Camera_26,36,Hospital_000,Person,1,0.6666666666666666,0,8970,/pfs/data6/home/st/st_us-053000/st_st191959/DL-Lab/DataSet/MTMC_Tracking_2025_Preprocessed/val/Hospital_000/crops/Person_0007/Camera_26/Person_0007_Camera_26_f000000_r003.jpg,None,-1,NOISE,0.0,True,False,-0.06083674,-0.054138534,-0.06083674,-0.054136734,-0.30215988
73,Person_0007,Hospital_000__Person_0007,7,7,Camera_27,37,Hospital_000,Person,1,0.1643835616438356,90,5880,/pfs/data6/home/st/st_us-053000/st_st191959/DL-Lab/DataSet/MTMC_Tracking_2025_Preprocessed/val/Hospital_000/crops/Person_0007/Camera_27/Person_0007_Camera_27_f000090_r007.jpg,None,-1,NOISE,0.0,True,False,0.0038147832,-0.039743274,0.0038147564,-0.03974136,-0.16164653
21,Person_0007,Hospital_000__Person_0007,7,7,Camera_31,41,Hospital_000,Person,1,0.6666666666666666,4470,4650,/pfs/data6/home/st/st_us-053000/st_st191959/DL-Lab/DataSet/MTMC_Tracking_2025_Preprocessed/val/Hospital_000/crops/Person_0007/Camera_31/Person_0007_Camera_31_f004470_r002.jpg,None,-1,NOISE,0.0,True,False,0.054403495,0.08646538,0.05440343,0.086464964,-0.11321276
240,Person_0008,Hospital_000__Person_0008,8,8,Camera,0,Hospital_000,Person,1,0.5,240,7800,/pfs/data6/home/st/st_us-053000/st_st191959/DL-Lab/DataSet/MTMC_Tracking_2025_Preprocessed/val/Hospital_000/crops/Person_0008/Camera/Person_0008_Camera_f000240_r003.jpg,None,-1,NOISE,0.0,True,False,-0.1736896,-0.104621954,-0.1736896,-0.10462341,0.14385246
479,Person_0008,Hospital_000__Person_0008,8,8,Camera_03,13,Hospital_000,Person,1,0.6346555323590815,30,8970,/pfs/data6/home/st/st_us-053000/st_st191959/DL-Lab/DataSet/MTMC_Tracking_2025_Preprocessed/val/Hospital_000/crops/Person_0008/Camera_03/Person_0008_Camera_03_f000030_r005.jpg,None,13,Hospital_000__Person_0008,1.0,False,False,-0.13093545,-0.12999701,-0.1309353,-0.12999831,0.18382545
29,Person_0008,Hospital_000__Person_0008,8,8,Camera_04,14,Hospital_000,Person,1,0.06896551724137931,1740,2640,/pfs/data6/home/st/st_us-053000/st_st191959/DL-Lab/DataSet/MTMC_Tracking_2025_Preprocessed/val/Hospital_000/crops/Person_0008/Camera_04/Person_0008_Camera_04_f001740_r004.jpg,None,-1,NOISE,0.0,True,False,-0.16283333,-0.08575181,-0.16283329,-0.085752584,0.01734959
145,Person_0008,Hospital_000__Person_0008,8,8,Camera_05,15,Hospital_000,Person,1,0.6482758620689655,1740,8970,/pfs/data6/home/st/st_us-053000/st_st191959/DL-Lab/DataSet/MTMC_Tracking_2025_Preprocessed/val/Hospital_000/crops/Person_0008/Camera_05/Person_0008_Camera_05_f001740_r006.jpg,None,-1,NOISE,0.0,True,False,-0.10740283,-0.16351898,-0.1074027,-0.16352054,0.14172801
425,Person_0008,Hospital_000__Person_0008,8,8,Camera_06,16,Hospital_000,Person,1,0.6635294117647059,1590,8970,/pfs/data6/home/st/st_us-053000/st_st191959/DL-Lab/DataSet/MTMC_Tracking_2025_Preprocessed/val/Hospital_000/crops/Person_0008/Camera_06/Person_0008_Camera_06_f001590_r006.jpg,None,13,Hospital_000__Person_0008,1.0,False,False,-0.1745638,-0.141979,-0.17456366,-0.14198028,0.1354473
157,Person_0008,Hospital_000__Person_0008,8,8,Camera_08,18,Hospital_000,Person,1,0.5605095541401274,1830,8970,/pfs/data6/home/st/st_us-053000/st_st191959/DL-Lab/DataSet/MTMC_Tracking_2025_Preprocessed/val/Hospital_000/crops/Person_0008/Camera_08/Person_0008_Camera_08_f001830_r006.jpg,None,-1,NOISE,0.0,True,False,-0.2242362,-0.1618233,-0.22423616,-0.16182329,0.2280238
330,Person_0008,Hospital_000__Person_0008,8,8,Camera_09,19,Hospital_000,Person,1,0.6666666666666666,1650,8970,/pfs/data6/home/st/st_us-053000/st_st191959/DL-Lab/DataSet/MTMC_Tracking_2025_Preprocessed/val/Hospital_000/crops/Person_0008/Camera_09/Person_0008_Camera_09_f001650_r004.jpg,None,13,Hospital_000__Person_0008,1.0,False,False,-0.18753277,-0.16137773,-0.18753263,-0.1613791,0.14439079
33,Person_0008,Hospital_000__Person_0008,8,8,Camera_18,28,Hospital_000,Person,1,0.6666666666666666,2160,2460,/pfs/data6/home/st/st_us-053000/st_st191959/DL-Lab/DataSet/MTMC_Tracking_2025_Preprocessed/val/Hospital_000/crops/Person_0008/Camera_18/Person_0008_Camera_18_f002160_r002.jpg,None,-1,NOISE,0.0,True,False,-0.23545668,-0.0894537,-0.23545654,-0.08945469,0.1120575
84,Person_0008,Hospital_000__Person_0008,8,8,Camera_19,29,Hospital_000,Person,1,0.6666666666666666,1740,2730,/pfs/data6/home/st/st_us-053000/st_st191959/DL-Lab/DataSet/MTMC_Tracking_2025_Preprocessed/val/Hospital_000/crops/Person_0008/Camera_19/Person_0008_Camera_19_f001740_r005.jpg,None,-1,NOISE,0.0,True,False,-0.34076226,-0.14112414,-0.34076223,-0.1411262,0.116701834
49,Person_0008,Hospital_000__Person_0008,8,8,Camera_20,30,Hospital_000,Person,1,0.5306122448979592,3600,5610,/pfs/data6/home/st/st_us-053000/st_st191959/DL-Lab/DataSet/MTMC_Tracking_2025_Preprocessed/val/Hospital_000/crops/Person_0008/Camera_20/Person_0008_Camera_20_f003600_r003.jpg,None,-1,NOISE,0.0,True,False,-0.041711986,-0.047405437,-0.04171198,-0.04740536,0.05430195
269,Person_0008,Hospital_000__Person_0008,8,8,Camera_22,32,Hospital_000,Person,1,0.6617100371747212,1680,8970,/pfs/data6/home/st/st_us-053000/st_st191959/DL-Lab/DataSet/MTMC_Tracking_2025_Preprocessed/val/Hospital_000/crops/Person_0008/Camera_22/Person_0008_Camera_22_f001680_r005.jpg,None,-1,NOISE,0.0,True,False,-0.06518865,-0.14055863,-0.06518856,-0.14056017,0.18091466
53,Person_0008,Hospital_000__Person_0008,8,8,Camera_23,33,Hospital_000,Person,1,0.18867924528301888,0,7440,/pfs/data6/home/st/st_us-053000/st_st191959/DL-Lab/DataSet/MTMC_Tracking_2025_Preprocessed/val/Hospital_000/crops/Person_0008/Camera_23/Person_0008_Camera_23_f000000_r007.jpg,None,-1,NOISE,0.0,True,False,-0.19579193,-0.049015854,-0.19579194,-0.04901774,0.07727254
588,Person_0008,Hospital_000__Person_0008,8,8,Camera_24,34,Hospital_000,Person,1,0.6462585034013606,30,8970,/pfs/data6/home/st/st_us-053000/st_st191959/DL-Lab/DataSet/MTMC_Tracking_2025_Preprocessed/val/Hospital_000/crops/Person_0008/Camera_24/Person_0008_Camera_24_f000030_r011.jpg,None,13,Hospital_000__Person_0008,1.0,False,False,-0.14223343,-0.13360055,-0.14223334,-0.13360132,0.18550695
5,Person_0008,Hospital_000__Person_0008,8,8,Camera_25,35,Hospital_000,Person,0,0.0,120,930,/pfs/data6/home/st/st_us-053000/st_st191959/DL-Lab/DataSet/MTMC_Tracking_2025_Preprocessed/val/Hospital_000/crops/Person_0008/Camera_25/Person_0008_Camera_25_f000120_r001.jpg,None,-1,NOISE,0.0,True,False,-0.18875706,0.027059399,-0.18875702,0.027056668,0.07350343
225,Person_0008,Hospital_000__Person_0008,8,8,Camera_26,36,Hospital_000,Person,1,0.6666666666666666,1710,8970,/pfs/data6/home/st/st_us-053000/st_st191959/DL-Lab/DataSet/MTMC_Tracking_2025_Preprocessed/val/Hospital_000/crops/Person_0008/Camera_26/Person_0008_Camera_26_f001710_r004.jpg,None,13,Hospital_000__Person_0008,1.0,False,False,-0.1267908,-0.1343268,-0.12679075,-0.13432802,0.15592293
91,Person_0008,Hospital_000__Person_0008,8,8,Camera_27,37,Hospital_000,Person,1,0.5934065934065934,1830,8790,/pfs/data6/home/st/st_us-053000/st_st191959/DL-Lab/DataSet/MTMC_Tracking_2025_Preprocessed/val/Hospital_000/crops/Person_0008/Camera_27/Person_0008_Camera_27_f001830_r007.jpg,None,-1,NOISE,0.0,True,False,-0.17119573,-0.13421243,-0.17119575,-0.13421158,0.17793936
148,Person_0008,Hospital_000__Person_0008,8,8,Camera_28,38,Hospital_000,Person,1,0.6621621621621622,0,1470,/pfs/data6/home/st/st_us-053000/st_st191959/DL-Lab/DataSet/MTMC_Tracking_2025_Preprocessed/val/Hospital_000/crops/Person_0008/Camera_28/Person_0008_Camera_28_f000000_r006.jpg,None,-1,NOISE,0.0,True,False,-0.16253304,-0.12998235,-0.16253304,-0.12998204,0.23383254
237,Person_0008,Hospital_000__Person_0008,8,8,Camera_31,41,Hospital_000,Person,1,0.6666666666666666,3990,7020,/pfs/data6/home/st/st_us-053000/st_st191959/DL-Lab/DataSet/MTMC_Tracking_2025_Preprocessed/val/Hospital_000/crops/Person_0008/Camera_31/Person_0008_Camera_31_f003990_r004.jpg,None,-1,NOISE,0.0,True,False,-0.20743549,-0.14343981,-0.20743556,-0.1434421,0.07924293
273,Person_0009,Hospital_000__Person_0009,9,9,Camera,0,Hospital_000,Person,1,0.6666666666666666,4980,8970,/pfs/data6/home/st/st_us-053000/st_st191959/DL-Lab/DataSet/MTMC_Tracking_2025_Preprocessed/val/Hospital_000/crops/Person_0009/Camera/Person_0009_Camera_f004980_r004.jpg,None,14,Hospital_000__Person_0009,1.0,False,False,0.12638101,-0.05983903,0.12638107,-0.059838243,-0.011190539
336,Person_0009,Hospital_000__Person_0009,9,9,Camera_03,13,Hospital_000,Person,1,0.5178571428571429,180,8970,/pfs/data6/home/st/st_us-053000/st_st191959/DL-Lab/DataSet/MTMC_Tracking_2025_Preprocessed/val/Hospital_000/crops/Person_0009/Camera_03/Person_0009_Camera_03_f000180_r007.jpg,None,15,Hospital_000__Person_0009,1.0,False,False,0.13652727,0.020360924,0.1365273,0.020361435,-0.0665602
83,Person_0009,Hospital_000__Person_0009,9,9,Camera_04,14,Hospital_000,Person,1,0.14457831325301204,180,7950,/pfs/data6/home/st/st_us-053000/st_st191959/DL-Lab/DataSet/MTMC_Tracking_2025_Preprocessed/val/Hospital_000/crops/Person_0009/Camera_04/Person_0009_Camera_04_f000180_r002.jpg,None,-1,NOISE,0.0,True,False,0.095938064,-0.044438817,0.09593812,-0.04443818,-0.076620385
278,Person_0009,Hospital_000__Person_0009,9,9,Camera_05,15,Hospital_000,Person,1,0.60431654676259,0,7950,/pfs/data6/home/st/st_us-053000/st_st191959/DL-Lab/DataSet/MTMC_Tracking_2025_Preprocessed/val/Hospital_000/crops/Person_0009/Camera_05/Person_0009_Camera_05_f000000_r004.jpg,None,-1,NOISE,0.0,True,False,-0.35982123,0.005689346,-0.35982108,0.0056873155,-0.19872287
91,Person_0009,Hospital_000__Person_0009,9,9,Camera_06,16,Hospital_000,Person,1,0.6593406593406593,4710,8970,/pfs/data6/home/st/st_us-053000/st_st191959/DL-Lab/DataSet/MTMC_Tracking_2025_Preprocessed/val/Hospital_000/crops/Person_0009/Camera_06/Person_0009_Camera_06_f004710_r008.jpg,None,15,Hospital_000__Person_0009,1.0,False,False,0.10494944,-0.048064284,0.10494947,-0.048064128,0.0013638714
498,Person_0009,Hospital_000__Person_0009,9,9,Camera_08,18,Hospital_000,Person,1,0.6506024096385542,0,7950,/pfs/data6/home/st/st_us-053000/st_st191959/DL-Lab/DataSet/MTMC_Tracking_2025_Preprocessed/val/Hospital_000/crops/Person_0009/Camera_08/Person_0009_Camera_08_f000000_r004.jpg,None,16,Hospital_000__Person_0009,1.0,False,False,0.0018919759,-0.09722313,0.0018920061,-0.097223535,-0.042480614
72,Person_0009,Hospital_000__Person_0009,9,9,Camera_09,19,Hospital_000,Person,1,0.6666666666666666,4740,8010,/pfs/data6/home/st/st_us-053000/st_st191959/DL-Lab/DataSet/MTMC_Tracking_2025_Preprocessed/val/Hospital_000/crops/Person_0009/Camera_09/Person_0009_Camera_09_f004740_r008.jpg,None,16,Hospital_000__Person_0009,1.0,False,False,0.03303037,-0.12844528,0.033030428,-0.1284451,-0.051268764
174,Person_0009,Hospital_000__Person_0009,9,9,Camera_18,28,Hospital_000,Person,1,0.6666666666666666,2670,7560,/pfs/data6/home/st/st_us-053000/st_st191959/DL-Lab/DataSet/MTMC_Tracking_2025_Preprocessed/val/Hospital_000/crops/Person_0009/Camera_18/Person_0009_Camera_18_f002670_r001.jpg,None,-1,NOISE,0.0,True,False,-0.051097587,-0.10434336,-0.051097568,-0.104343995,0.048706673
506,Person_0009,Hospital_000__Person_0009,9,9,Camera_19,29,Hospital_000,Person,1,0.6521739130434783,120,7920,/pfs/data6/home/st/st_us-053000/st_st191959/DL-Lab/DataSet/MTMC_Tracking_2025_Preprocessed/val/Hospital_000/crops/Person_0009/Camera_19/Person_0009_Camera_19_f000120_r002.jpg,None,-1,NOISE,0.0,True,False,0.021651447,-0.079283774,0.0216515,-0.0792833,-0.049059
396,Person_0009,Hospital_000__Person_0009,9,9,Camera_22,32,Hospital_000,Person,1,0.6313131313131313,0,7980,/pfs/data6/home/st/st_us-053000/st_st191959/DL-Lab/DataSet/MTMC_Tracking_2025_Preprocessed/val/Hospital_000/crops/Person_0009/Camera_22/Person_0009_Camera_22_f000000_r003.jpg,None,-1,NOISE,0.0,True,False,-0.15667303,-0.081046,-0.15667301,-0.08104589,-0.14970909
47,Person_0009,Hospital_000__Person_0009,9,9,Camera_23,33,Hospital_000,Person,0,0.0,5130,8850,/pfs/data6/home/st/st_us-053000/st_st191959/DL-Lab/DataSet/MTMC_Tracking_2025_Preprocessed/val/Hospital_000/crops/Person_0009/Camera_23/Person_0009_Camera_23_f005130_r003.jpg,None,-1,NOISE,0.0,True,False,0.09646322,0.029029164,0.09646323,0.029029012,-0.062370338
600,Person_0009,Hospital_000__Person_0009,9,9,Camera_24,34,Hospital_000,Person,1,0.6,0,8970,/pfs/data6/home/st/st_us-053000/st_st191959/DL-Lab/DataSet/MTMC_Tracking_2025_Preprocessed/val/Hospital_000/crops/Person_0009/Camera_24/Person_0009_Camera_24_f000000_r008.jpg,None,-1,NOISE,0.0,True,False,-0.08952556,-0.038708746,-0.08952555,-0.038709242,-0.13021839
334,Person_0009,Hospital_000__Person_0009,9,9,Camera_26,36,Hospital_000,Person,1,0.6646706586826348,0,7980,/pfs/data6/home/st/st_us-053000/st_st191959/DL-Lab/DataSet/MTMC_Tracking_2025_Preprocessed/val/Hospital_000/crops/Person_0009/Camera_26/Person_0009_Camera_26_f000000_r002.jpg,None,-1,NOISE,0.0,True,False,-0.24280241,0.0696318,-0.24280244,0.06962966,-0.19224972
226,Person_0009,Hospital_000__Person_0009,9,9,Camera_27,37,Hospital_000,Person,1,0.6017699115044248,150,7950,/pfs/data6/home/st/st_us-053000/st_st191959/DL-Lab/DataSet/MTMC_Tracking_2025_Preprocessed/val/Hospital_000/crops/Person_0009/Camera_27/Person_0009_Camera_27_f000150_r003.jpg,None,15,Hospital_000__Person_0009,1.0,False,False,0.1289473,-0.059159063,0.12894738,-0.05915851,-0.03697598
228,Person_0009,Hospital_000__Person_0009,9,9,Camera_28,38,Hospital_000,Person,1,0.6666666666666666,5100,8850,/pfs/data6/home/st/st_us-053000/st_st191959/DL-Lab/DataSet/MTMC_Tracking_2025_Preprocessed/val/Hospital_000/crops/Person_0009/Camera_28/Person_0009_Camera_28_f005100_r002.jpg,None,14,Hospital_000__Person_0009,1.0,False,False,0.111523226,-0.052265882,0.11152325,-0.052265603,0.0053508943
4,Person_0010,Hospital_000__Person_0010,10,10,Camera_03,13,Hospital_000,Person,0,0.0,2460,7890,/pfs/data6/home/st/st_us-053000/st_st191959/DL-Lab/DataSet/MTMC_Tracking_2025_Preprocessed/val/Hospital_000/crops/Person_0010/Camera_03/Person_0010_Camera_03_f002460_r003.jpg,None,-1,NOISE,0.0,True,False,-0.22568123,-0.078355365,-0.22568108,-0.078357,-0.13171466
100,Person_0010,Hospital_000__Person_0010,10,10,Camera_04,14,Hospital_000,Person,1,0.66,780,3210,/pfs/data6/home/st/st_us-053000/st_st191959/DL-Lab/DataSet/MTMC_Tracking_2025_Preprocessed/val/Hospital_000/crops/Person_0010/Camera_04/Person_0010_Camera_04_f000780_r002.jpg,None,-1,NOISE,0.0,True,False,0.17944041,0.00835812,0.17944036,0.008359214,0.14836022
53,Person_0010,Hospital_000__Person_0010,10,10,Camera_07,17,Hospital_000,Person,1,0.37735849056603776,810,3240,/pfs/data6/home/st/st_us-053000/st_st191959/DL-Lab/DataSet/MTMC_Tracking_2025_Preprocessed/val/Hospital_000/crops/Person_0010/Camera_07/Person_0010_Camera_07_f000810_r000.jpg,None,-1,NOISE,0.0,True,False,0.16423418,0.003489054,0.16423419,0.0034900198,0.021129217
283,Person_0010,Hospital_000__Person_0010,10,10,Camera_10,20,Hospital_000,Person,1,0.6643109540636042,0,3660,/pfs/data6/home/st/st_us-053000/st_st191959/DL-Lab/DataSet/MTMC_Tracking_2025_Preprocessed/val/Hospital_000/crops/Person_0010/Camera_10/Person_0010_Camera_10_f000000_r000.jpg,None,-1,NOISE,0.0,True,False,0.09487316,-0.07243078,0.09487318,-0.07243027,0.07638172
558,Person_0010,Hospital_000__Person_0010,10,10,Camera_16,26,Hospital_000,Person,1,0.6666666666666666,0,8970,/pfs/data6/home/st/st_us-053000/st_st191959/DL-Lab/DataSet/MTMC_Tracking_2025_Preprocessed/val/Hospital_000/crops/Person_0010/Camera_16/Person_0010_Camera_16_f000000_r000.jpg,None,17,Hospital_000__Person_0010,1.0,False,False,-0.09277303,-0.12404048,-0.09277296,-0.12403986,0.13075384
5,Person_0010,Hospital_000__Person_0010,10,10,Camera_19,29,Hospital_000,Person,1,0.4,2790,3210,/pfs/data6/home/st/st_us-053000/st_st191959/DL-Lab/DataSet/MTMC_Tracking_2025_Preprocessed/val/Hospital_000/crops/Person_0010/Camera_19/Person_0010_Camera_19_f002790_r004.jpg,None,-1,NOISE,0.0,True,False,-0.13012384,-0.03851518,-0.13012381,-0.03851684,-0.065424435
610,Person_0010,Hospital_000__Person_0010,10,10,Camera_21,31,Hospital_000,Person,1,0.6655737704918033,0,8970,/pfs/data6/home/st/st_us-053000/st_st191959/DL-Lab/DataSet/MTMC_Tracking_2025_Preprocessed/val/Hospital_000/crops/Person_0010/Camera_21/Person_0010_Camera_21_f000000_r000.jpg,None,17,Hospital_000__Person_0010,1.0,False,False,-0.068045825,-0.13656555,-0.06804577,-0.13656531,0.12861305
358,Person_0010,Hospital_000__Person_0010,10,10,Camera_23,33,Hospital_000,Person,1,0.6536312849162011,0,8970,/pfs/data6/home/st/st_us-053000/st_st191959/DL-Lab/DataSet/MTMC_Tracking_2025_Preprocessed/val/Hospital_000/crops/Person_0010/Camera_23/Person_0010_Camera_23_f000000_r001.jpg,None,-1,NOISE,0.0,True,False,0.057245836,-0.0736917,0.05724586,-0.073691174,0.1234187
8,Person_0010,Hospital_000__Person_0010,10,10,Camera_24,34,Hospital_000,Person,0,0.0,690,7890,/pfs/data6/home/st/st_us-053000/st_st191959/DL-Lab/DataSet/MTMC_Tracking_2025_Preprocessed/val/Hospital_000/crops/Person_0010/Camera_24/Person_0010_Camera_24_f000690_r005.jpg,None,-1,NOISE,0.0,True,False,-0.2949337,-0.10216418,-0.29493365,-0.10216641,-0.1299481
372,Person_0010,Hospital_000__Person_0010,10,10,Camera_25,35,Hospital_000,Person,1,0.6666666666666666,1410,8850,/pfs/data6/home/st/st_us-053000/st_st191959/DL-Lab/DataSet/MTMC_Tracking_2025_Preprocessed/val/Hospital_000/crops/Person_0010/Camera_25/Person_0010_Camera_25_f001410_r000.jpg,None,-1,NOISE,0.0,True,False,-0.07149207,-0.12161237,-0.071491964,-0.12161162,0.08344611
47,Person_0010,Hospital_000__Person_0010,10,10,Camera_28,38,Hospital_000,Person,1,0.1702127659574468,690,8310,/pfs/data6/home/st/st_us-053000/st_st191959/DL-Lab/DataSet/MTMC_Tracking_2025_Preprocessed/val/Hospital_000/crops/Person_0010/Camera_28/Person_0010_Camera_28_f000690_r001.jpg,None,-1,NOISE,0.0,True,False,-0.17539461,-0.10899458,-0.17539449,-0.10899589,-0.08142691
327,Person_0010,Hospital_000__Person_0010,10,10,Camera_29,39,Hospital_000,Person,1,0.6666666666666666,0,3660,/pfs/data6/home/st/st_us-053000/st_st191959/DL-Lab/DataSet/MTMC_Tracking_2025_Preprocessed/val/Hospital_000/crops/Person_0010/Camera_29/Person_0010_Camera_29_f000000_r000.jpg,None,-1,NOISE,0.0,True,False,-0.19082229,-0.15971318,-0.1908222,-0.15971364,0.12433375
266,Person_0010,Hospital_000__Person_0010,10,10,Camera_30,40,Hospital_000,Person,1,0.6466165413533834,3780,8850,/pfs/data6/home/st/st_us-053000/st_st191959/DL-Lab/DataSet/MTMC_Tracking_2025_Preprocessed/val/Hospital_000/crops/Person_0010/Camera_30/Person_0010_Camera_30_f003780_r000.jpg,None,17,Hospital_000__Person_0010,1.0,False,False,-0.05438336,-0.09846822,-0.05438324,-0.09846842,0.11488718
48,Person_0011,Hospital_000__Person_0011,11,11,Camera_03,13,Hospital_000,Person,0,0.0,120,6840,/pfs/data6/home/st/st_us-053000/st_st191959/DL-Lab/DataSet/MTMC_Tracking_2025_Preprocessed/val/Hospital_000/crops/Person_0011/Camera_03/Person_0011_Camera_03_f000120_r011.jpg,None,18,Hospital_000__Person_0011,1.0,False,False,-0.048480988,0.07957732,-0.048481036,0.079578824,-0.2814699
121,Person_0011,Hospital_000__Person_0011,11,11,Camera_04,14,Hospital_000,Person,1,0.6611570247933884,7350,8970,/pfs/data6/home/st/st_us-053000/st_st191959/DL-Lab/DataSet/MTMC_Tracking_2025_Preprocessed/val/Hospital_000/crops/Person_0011/Camera_04/Person_0011_Camera_04_f007350_r008.jpg,None,-1,NOISE,0.0,True,False,-0.0781452,0.058110233,-0.0781452,0.05811214,-0.28074506
140,Person_0011,Hospital_000__Person_0011,11,11,Camera_07,17,Hospital_000,Person,1,0.6428571428571429,4140,8970,/pfs/data6/home/st/st_us-053000/st_st191959/DL-Lab/DataSet/MTMC_Tracking_2025_Preprocessed/val/Hospital_000/crops/Person_0011/Camera_07/Person_0011_Camera_07_f004140_r002.jpg,None,-1,NOISE,0.0,True,False,0.10968918,0.085644715,0.109689064,0.08564775,-0.1969455
271,Person_0011,Hospital_000__Person_0011,11,11,Camera_10,20,Hospital_000,Person,1,0.6642066420664207,780,8820,/pfs/data6/home/st/st_us-053000/st_st191959/DL-Lab/DataSet/MTMC_Tracking_2025_Preprocessed/val/Hospital_000/crops/Person_0011/Camera_10/Person_0011_Camera_10_f000780_r001.jpg,None,-1,NOISE,0.0,True,False,0.06952778,0.039461825,0.069527745,0.03946436,-0.16649075
456,Person_0011,Hospital_000__Person_0011,11,11,Camera_16,26,Hospital_000,Person,1,0.6666666666666666,0,8820,/pfs/data6/home/st/st_us-053000/st_st191959/DL-Lab/DataSet/MTMC_Tracking_2025_Preprocessed/val/Hospital_000/crops/Person_0011/Camera_16/Person_0011_Camera_16_f000000_r003.jpg,None,19,Hospital_000__Person_0011,1.0,False,False,0.047934193,0.041454263,0.047934145,0.041456696,-0.22526334
35,Person_0011,Hospital_000__Person_0011,11,11,Camera_19,29,Hospital_000,Person,1,0.05714285714285714,4320,8910,/pfs/data6/home/st/st_us-053000/st_st191959/DL-Lab/DataSet/MTMC_Tracking_2025_Preprocessed/val/Hospital_000/crops/Person_0011/Camera_19/Person_0011_Camera_19_f004320_r007.jpg,None,-1,NOISE,0.0,True,False,0.12247551,0.13913189,0.12247543,0.13913475,-0.17752127
687,Person_0011,Hospital_000__Person_0011,11,11,Camera_21,31,Hospital_000,Person,1,0.6637554585152838,690,8970,/pfs/data6/home/st/st_us-053000/st_st191959/DL-Lab/DataSet/MTMC_Tracking_2025_Preprocessed/val/Hospital_000/crops/Person_0011/Camera_21/Person_0011_Camera_21_f000690_r006.jpg,None,19,Hospital_000__Person_0011,1.0,False,False,0.11119534,0.02795633,0.111195296,0.027958866,-0.17834382
452,Person_0011,Hospital_000__Person_0011,11,11,Camera_23,33,Hospital_000,Person,1,0.6637168141592921,0,7260,/pfs/data6/home/st/st_us-053000/st_st191959/DL-Lab/DataSet/MTMC_Tracking_2025_Preprocessed/val/Hospital_000/crops/Person_0011/Camera_23/Person_0011_Camera_23_f000000_r010.jpg,None,19,Hospital_000__Person_0011,1.0,False,False,0.099191286,0.046955504,0.09919122,0.04695793,-0.20624082
66,Person_0011,Hospital_000__Person_0011,11,11,Camera_24,34,Hospital_000,Person,1,0.030303030303030304,120,7050,/pfs/data6/home/st/st_us-053000/st_st191959/DL-Lab/DataSet/MTMC_Tracking_2025_Preprocessed/val/Hospital_000/crops/Person_0011/Camera_24/Person_0011_Camera_24_f000120_r016.jpg,None,18,Hospital_000__Person_0011,1.0,False,False,-0.077146284,0.05577565,-0.0771463,0.05577644,-0.27813601
281,Person_0011,Hospital_000__Person_0011,11,11,Camera_25,35,Hospital_000,Person,1,0.6548042704626335,450,7050,/pfs/data6/home/st/st_us-053000/st_st191959/DL-Lab/DataSet/MTMC_Tracking_2025_Preprocessed/val/Hospital_000/crops/Person_0011/Camera_25/Person_0011_Camera_25_f000450_r002.jpg,None,19,Hospital_000__Person_0011,1.0,False,False,0.14464717,0.048201952,0.14464717,0.048203956,-0.16919032
214,Person_0011,Hospital_000__Person_0011,11,11,Camera_28,38,Hospital_000,Person,1,0.5233644859813084,0,7290,/pfs/data6/home/st/st_us-053000/st_st191959/DL-Lab/DataSet/MTMC_Tracking_2025_Preprocessed/val/Hospital_000/crops/Person_0011/Camera_28/Person_0011_Camera_28_f000000_r008.jpg,None,-1,NOISE,0.0,True,False,0.031849544,0.04339193,0.031849507,0.043393377,-0.2051279
325,Person_0011,Hospital_000__Person_0011,11,11,Camera_29,39,Hospital_000,Person,1,0.6646153846153846,780,8970,/pfs/data6/home/st/st_us-053000/st_st191959/DL-Lab/DataSet/MTMC_Tracking_2025_Preprocessed/val/Hospital_000/crops/Person_0011/Camera_29/Person_0011_Camera_29_f000780_r004.jpg,None,-1,NOISE,0.0,True,False,0.24188425,0.054524843,0.24188423,0.05452736,-0.09355392
210,Person_0011,Hospital_000__Person_0011,11,11,Camera_30,40,Hospital_000,Person,1,0.6666666666666666,1200,3270,/pfs/data6/home/st/st_us-053000/st_st191959/DL-Lab/DataSet/MTMC_Tracking_2025_Preprocessed/val/Hospital_000/crops/Person_0011/Camera_30/Person_0011_Camera_30_f001200_r001.jpg,None,-1,NOISE,0.0,True,False,0.15267771,0.028152771,0.15267764,0.028154764,-0.12740709
21,Person_0012,Hospital_000__Person_0012,12,12,Camera,0,Hospital_000,Person,0,0.0,810,2880,/pfs/data6/home/st/st_us-053000/st_st191959/DL-Lab/DataSet/MTMC_Tracking_2025_Preprocessed/val/Hospital_000/crops/Person_0012/Camera/Person_0012_Camera_f000810_r001.jpg,None,-1,NOISE,0.0,True,False,-0.048547577,-0.17802013,-0.04854753,-0.17801926,-0.045242622
584,Person_0012,Hospital_000__Person_0012,12,12,Camera_01,11,Hospital_000,Person,1,0.5513698630136986,1140,8970,/pfs/data6/home/st/st_us-053000/st_st191959/DL-Lab/DataSet/MTMC_Tracking_2025_Preprocessed/val/Hospital_000/crops/Person_0012/Camera_01/Person_0012_Camera_01_f001140_r002.jpg,None,-1,NOISE,0.0,True,False,-0.0825705,-0.12328542,-0.08257047,-0.12328642,0.15861337
45,Person_0012,Hospital_000__Person_0012,12,12,Camera_03,13,Hospital_000,Person,1,0.6666666666666666,0,420,/pfs/data6/home/st/st_us-053000/st_st191959/DL-Lab/DataSet/MTMC_Tracking_2025_Preprocessed/val/Hospital_000/crops/Person_0012/Camera_03/Person_0012_Camera_03_f000000_r000.jpg,None,-1,NOISE,0.0,True,False,-0.35026222,-0.21376397,-0.35026237,-0.21376358,-0.0531263
813,Person_0012,Hospital_000__Person_0012,12,12,Camera_05,15,Hospital_000,Person,1,0.6666666666666666,90,8970,/pfs/data6/home/st/st_us-053000/st_st191959/DL-Lab/DataSet/MTMC_Tracking_2025_Preprocessed/val/Hospital_000/crops/Person_0012/Camera_05/Person_0012_Camera_05_f000090_r003.jpg,None,-1,NOISE,0.0,True,False,0.10538319,-0.1238692,0.10538316,-0.12386819,0.14602578
9,Person_0012,Hospital_000__Person_0012,12,12,Camera_06,16,Hospital_000,Person,1,0.6666666666666666,0,60,/pfs/data6/home/st/st_us-053000/st_st191959/DL-Lab/DataSet/MTMC_Tracking_2025_Preprocessed/val/Hospital_000/crops/Person_0012/Camera_06/Person_0012_Camera_06_f000000_r001.jpg,None,-1,NOISE,0.0,True,False,-0.21925464,-0.2992433,-0.21925445,-0.29924425,-0.04616071
9,Person_0012,Hospital_000__Person_0012,12,12,Camera_08,18,Hospital_000,Person,1,0.2222222222222222,480,2760,/pfs/data6/home/st/st_us-053000/st_st191959/DL-Lab/DataSet/MTMC_Tracking_2025_Preprocessed/val/Hospital_000/crops/Person_0012/Camera_08/Person_0012_Camera_08_f000480_r001.jpg,None,-1,NOISE,0.0,True,False,0.0716262,-0.017055778,0.07162621,-0.01705398,-0.07891765
72,Person_0012,Hospital_000__Person_0012,12,12,Camera_09,19,Hospital_000,Person,1,0.6666666666666666,0,690,/pfs/data6/home/st/st_us-053000/st_st191959/DL-Lab/DataSet/MTMC_Tracking_2025_Preprocessed/val/Hospital_000/crops/Person_0012/Camera_09/Person_0012_Camera_09_f000000_r001.jpg,None,-1,NOISE,0.0,True,False,-0.0752783,-0.36801022,-0.07527833,-0.3680089,0.09576366
27,Person_0012,Hospital_000__Person_0012,12,12,Camera_14,24,Hospital_000,Person,1,0.6666666666666666,1170,1410,/pfs/data6/home/st/st_us-053000/st_st191959/DL-Lab/DataSet/MTMC_Tracking_2025_Preprocessed/val/Hospital_000/crops/Person_0012/Camera_14/Person_0012_Camera_14_f001170_r001.jpg,None,-1,NOISE,0.0,True,False,-0.26339492,-0.3509921,-0.2633948,-0.35099363,0.1613855
27,Person_0012,Hospital_000__Person_0012,12,12,Camera_20,30,Hospital_000,Person,1,0.6666666666666666,450,690,/pfs/data6/home/st/st_us-053000/st_st191959/DL-Lab/DataSet/MTMC_Tracking_2025_Preprocessed/val/Hospital_000/crops/Person_0012/Camera_20/Person_0012_Camera_20_f000450_r000.jpg,None,-1,NOISE,0.0,True,False,-0.01852705,-0.33035284,-0.018527014,-0.33035117,0.06275329
46,Person_0012,Hospital_000__Person_0012,12,12,Camera_22,32,Hospital_000,Person,1,0.6521739130434783,0,450,/pfs/data6/home/st/st_us-053000/st_st191959/DL-Lab/DataSet/MTMC_Tracking_2025_Preprocessed/val/Hospital_000/crops/Person_0012/Camera_22/Person_0012_Camera_22_f000000_r001.jpg,None,-1,NOISE,0.0,True,False,-0.35573074,-0.20897715,-0.35573074,-0.20897715,-0.0053067235
48,Person_0012,Hospital_000__Person_0012,12,12,Camera_24,34,Hospital_000,Person,1,0.6666666666666666,0,450,/pfs/data6/home/st/st_us-053000/st_st191959/DL-Lab/DataSet/MTMC_Tracking_2025_Preprocessed/val/Hospital_000/crops/Person_0012/Camera_24/Person_0012_Camera_24_f000000_r002.jpg,None,-1,NOISE,0.0,True,False,-0.2422082,-0.3151064,-0.24220812,-0.31510633,0.07652511
9,Person_0012,Hospital_000__Person_0012,12,12,Camera_26,36,Hospital_000,Person,1,0.6666666666666666,30,90,/pfs/data6/home/st/st_us-053000/st_st191959/DL-Lab/DataSet/MTMC_Tracking_2025_Preprocessed/val/Hospital_000/crops/Person_0012/Camera_26/Person_0012_Camera_26_f000030_r001.jpg,None,-1,NOISE,0.0,True,False,-0.19657893,-0.17053297,-0.19657896,-0.17053254,-0.019077254
4,Person_0012,Hospital_000__Person_0012,12,12,Camera_27,37,Hospital_000,Person,0,0.0,480,3240,/pfs/data6/home/st/st_us-053000/st_st191959/DL-Lab/DataSet/MTMC_Tracking_2025_Preprocessed/val/Hospital_000/crops/Person_0012/Camera_27/Person_0012_Camera_27_f000480_r000.jpg,None,-1,NOISE,0.0,True,False,-0.07276253,-0.20444058,-0.07276259,-0.2044381,-0.12139306
380,Person_0013,Hospital_000__Person_0013,13,13,Camera,0,Hospital_000,Person,1,0.5894736842105263,0,8820,/pfs/data6/home/st/st_us-053000/st_st191959/DL-Lab/DataSet/MTMC_Tracking_2025_Preprocessed/val/Hospital_000/crops/Person_0013/Camera/Person_0013_Camera_f000000_r001.jpg,None,-1,NOISE,0.0,True,False,0.020798434,-0.16361108,0.020798547,-0.16361162,0.06236719
663,Person_0013,Hospital_000__Person_0013,13,13,Camera_03,13,Hospital_000,Person,1,0.6666666666666666,0,8760,/pfs/data6/home/st/st_us-053000/st_st191959/DL-Lab/DataSet/MTMC_Tracking_2025_Preprocessed/val/Hospital_000/crops/Person_0013/Camera_03/Person_0013_Camera_03_f000000_r003.jpg,None,20,Hospital_000__Person_0013,1.0,False,False,-0.08976576,-0.29991817,-0.08976565,-0.29991916,0.14387488
6,Person_0013,Hospital_000__Person_0013,13,13,Camera_04,14,Hospital_000,Person,0,0.0,3300,8010,/pfs/data6/home/st/st_us-053000/st_st191959/DL-Lab/DataSet/MTMC_Tracking_2025_Preprocessed/val/Hospital_000/crops/Person_0013/Camera_04/Person_0013_Camera_04_f003300_r004.jpg,None,-1,NOISE,0.0,True,False,-0.17451714,0.09254883,-0.1745172,0.09254867,0.01850745
129,Person_0013,Hospital_000__Person_0013,13,13,Camera_05,15,Hospital_000,Person,1,0.6356589147286822,2370,8160,/pfs/data6/home/st/st_us-053000/st_st191959/DL-Lab/DataSet/MTMC_Tracking_2025_Preprocessed/val/Hospital_000/crops/Person_0013/Camera_05/Person_0013_Camera_05_f002370_r006.jpg,None,-1,NOISE,0.0,True,False,0.010542948,-0.18807393,0.0105431,-0.18807536,0.13732782
713,Person_0013,Hospital_000__Person_0013,13,13,Camera_06,16,Hospital_000,Person,1,0.664796633941094,0,8970,/pfs/data6/home/st/st_us-053000/st_st191959/DL-Lab/DataSet/MTMC_Tracking_2025_Preprocessed/val/Hospital_000/crops/Person_0013/Camera_06/Person_0013_Camera_06_f000000_r003.jpg,None,20,Hospital_000__Person_0013,1.0,False,False,-0.06927411,-0.3008685,-0.069273934,-0.3008686,0.12170664
47,Person_0013,Hospital_000__Person_0013,13,13,Camera_08,18,Hospital_000,Person,1,0.2978723404255319,2430,8130,/pfs/data6/home/st/st_us-053000/st_st191959/DL-Lab/DataSet/MTMC_Tracking_2025_Preprocessed/val/Hospital_000/crops/Person_0013/Camera_08/Person_0013_Camera_08_f002430_r001.jpg,None,-1,NOISE,0.0,True,False,-0.31613016,-0.14422671,-0.31613004,-0.14422967,-0.044278394
520,Person_0013,Hospital_000__Person_0013,13,13,Camera_09,19,Hospital_000,Person,1,0.6653846153846154,0,8790,/pfs/data6/home/st/st_us-053000/st_st191959/DL-Lab/DataSet/MTMC_Tracking_2025_Preprocessed/val/Hospital_000/crops/Person_0013/Camera_09/Person_0013_Camera_09_f000000_r003.jpg,None,20,Hospital_000__Person_0013,1.0,False,False,-0.10200818,-0.3421009,-0.102008045,-0.34210137,0.15904027
37,Person_0013,Hospital_000__Person_0013,13,13,Camera_20,30,Hospital_000,Person,1,0.43243243243243246,420,8280,/pfs/data6/home/st/st_us-053000/st_st191959/DL-Lab/DataSet/MTMC_Tracking_2025_Preprocessed/val/Hospital_000/crops/Person_0013/Camera_20/Person_0013_Camera_20_f000420_r002.jpg,None,-1,NOISE,0.0,True,False,0.0064532487,-0.18201149,0.006453347,-0.18201101,0.04691975
288,Person_0013,Hospital_000__Person_0013,13,13,Camera_22,32,Hospital_000,Person,1,0.6666666666666666,750,8220,/pfs/data6/home/st/st_us-053000/st_st191959/DL-Lab/DataSet/MTMC_Tracking_2025_Preprocessed/val/Hospital_000/crops/Person_0013/Camera_22/Person_0013_Camera_22_f000750_r003.jpg,None,20,Hospital_000__Person_0013,1.0,False,False,-0.04245657,-0.28691036,-0.042456485,-0.28691068,0.14546336
6,Person_0013,Hospital_000__Person_0013,13,13,Camera_23,33,Hospital_000,Person,0,0.0,3660,8250,/pfs/data6/home/st/st_us-053000/st_st191959/DL-Lab/DataSet/MTMC_Tracking_2025_Preprocessed/val/Hospital_000/crops/Person_0013/Camera_23/Person_0013_Camera_23_f003660_r004.jpg,None,-1,NOISE,0.0,True,False,-0.27970293,-0.17039703,-0.2797029,-0.17039768,-0.04801359
726,Person_0013,Hospital_000__Person_0013,13,13,Camera_24,34,Hospital_000,Person,1,0.6666666666666666,0,8760,/pfs/data6/home/st/st_us-053000/st_st191959/DL-Lab/DataSet/MTMC_Tracking_2025_Preprocessed/val/Hospital_000/crops/Person_0013/Camera_24/Person_0013_Camera_24_f000000_r007.jpg,None,20,Hospital_000__Person_0013,1.0,False,False,-0.093161896,-0.2969499,-0.0931618,-0.2969506,0.14880304
4,Person_0013,Hospital_000__Person_0013,13,13,Camera_25,35,Hospital_000,Person,0,0.0,4560,6600,/pfs/data6/home/st/st_us-053000/st_st191959/DL-Lab/DataSet/MTMC_Tracking_2025_Preprocessed/val/Hospital_000/crops/Person_0013/Camera_25/Person_0013_Camera_25_f004560_r002.jpg,None,-1,NOISE,0.0,True,False,-0.38334554,-0.084572844,-0.38334557,-0.08457524,-0.012294876
243,Person_0013,Hospital_000__Person_0013,13,13,Camera_26,36,Hospital_000,Person,1,0.6666666666666666,2370,8190,/pfs/data6/home/st/st_us-053000/st_st191959/DL-Lab/DataSet/MTMC_Tracking_2025_Preprocessed/val/Hospital_000/crops/Person_0013/Camera_26/Person_0013_Camera_26_f002370_r002.jpg,None,-1,NOISE,0.0,True,False,-0.016183656,-0.26634732,-0.01618357,-0.26634818,0.16435552
26,Person_0013,Hospital_000__Person_0013,13,13,Camera_27,37,Hospital_000,Person,0,0.0,2370,8160,/pfs/data6/home/st/st_us-053000/st_st191959/DL-Lab/DataSet/MTMC_Tracking_2025_Preprocessed/val/Hospital_000/crops/Person_0013/Camera_27/Person_0013_Camera_27_f002370_r003.jpg,None,-1,NOISE,0.0,True,False,0.16074614,-0.026882757,0.16074616,-0.026882641,0.024946816
48,Person_0013,Hospital_000__Person_0013,13,13,Camera_28,38,Hospital_000,Person,1,0.6666666666666666,4950,5400,/pfs/data6/home/st/st_us-053000/st_st191959/DL-Lab/DataSet/MTMC_Tracking_2025_Preprocessed/val/Hospital_000/crops/Person_0013/Camera_28/Person_0013_Camera_28_f004950_r002.jpg,None,-1,NOISE,0.0,True,False,-0.3085171,-0.08465153,-0.30851692,-0.08465334,0.13439007
183,Person_0013,Hospital_000__Person_0013,13,13,Camera_31,41,Hospital_000,Person,1,0.6666666666666666,150,8970,/pfs/data6/home/st/st_us-053000/st_st191959/DL-Lab/DataSet/MTMC_Tracking_2025_Preprocessed/val/Hospital_000/crops/Person_0013/Camera_31/Person_0013_Camera_31_f000150_r001.jpg,None,20,Hospital_000__Person_0013,1.0,False,False,-0.083796486,-0.25742486,-0.083796345,-0.25742584,0.16519022
2,Person_0014,Hospital_000__Person_0014,14,14,Camera_03,13,Hospital_000,Person,0,0.0,810,7650,/pfs/data6/home/st/st_us-053000/st_st191959/DL-Lab/DataSet/MTMC_Tracking_2025_Preprocessed/val/Hospital_000/crops/Person_0014/Camera_03/Person_0014_Camera_03_f000810_r005.jpg,None,-1,NOISE,0.0,True,False,-0.17179091,-0.0061230715,-0.17179094,-0.006124644,-0.29740906
201,Person_0014,Hospital_000__Person_0014,14,14,Camera_04,14,Hospital_000,Person,1,0.6666666666666666,510,4800,/pfs/data6/home/st/st_us-053000/st_st191959/DL-Lab/DataSet/MTMC_Tracking_2025_Preprocessed/val/Hospital_000/crops/Person_0014/Camera_04/Person_0014_Camera_04_f000510_r002.jpg,None,21,Hospital_000__Person_0014,1.0,False,False,-0.04457301,-0.1463793,-0.044572905,-0.14637898,-0.10619537
198,Person_0014,Hospital_000__Person_0014,14,14,Camera_07,17,Hospital_000,Person,1,0.6363636363636364,2550,5850,/pfs/data6/home/st/st_us-053000/st_st191959/DL-Lab/DataSet/MTMC_Tracking_2025_Preprocessed/val/Hospital_000/crops/Person_0014/Camera_07/Person_0014_Camera_07_f002550_r000.jpg,None,-1,NOISE,0.0,True,False,0.083718665,-0.06432173,0.08371874,-0.06432198,-0.13925642
525,Person_0014,Hospital_000__Person_0014,14,14,Camera_10,20,Hospital_000,Person,1,0.6628571428571428,450,8970,/pfs/data6/home/st/st_us-053000/st_st191959/DL-Lab/DataSet/MTMC_Tracking_2025_Preprocessed/val/Hospital_000/crops/Person_0014/Camera_10/Person_0014_Camera_10_f000450_r001.jpg,None,21,Hospital_000__Person_0014,1.0,False,False,-0.017569471,-0.11680137,-0.017569382,-0.11680123,-0.13566777
507,Person_0014,Hospital_000__Person_0014,14,14,Camera_16,26,Hospital_000,Person,1,0.6666666666666666,180,8970,/pfs/data6/home/st/st_us-053000/st_st191959/DL-Lab/DataSet/MTMC_Tracking_2025_Preprocessed/val/Hospital_000/crops/Person_0014/Camera_16/Person_0014_Camera_16_f000180_r001.jpg,None,-1,NOISE,0.0,True,False,-0.09756886,-0.15866642,-0.09756875,-0.15866688,-0.110430904
9,Person_0014,Hospital_000__Person_0014,14,14,Camera_19,29,Hospital_000,Person,0,0.0,2580,4230,/pfs/data6/home/st/st_us-053000/st_st191959/DL-Lab/DataSet/MTMC_Tracking_2025_Preprocessed/val/Hospital_000/crops/Person_0014/Camera_19/Person_0014_Camera_19_f002580_r004.jpg,None,-1,NOISE,0.0,True,False,-0.1412228,-0.049358334,-0.14122277,-0.04936034,-0.15177374
710,Person_0014,Hospital_000__Person_0014,14,14,Camera_21,31,Hospital_000,Person,1,0.6309859154929578,0,8970,/pfs/data6/home/st/st_us-053000/st_st191959/DL-Lab/DataSet/MTMC_Tracking_2025_Preprocessed/val/Hospital_000/crops/Person_0014/Camera_21/Person_0014_Camera_21_f000000_r001.jpg,None,21,Hospital_000__Person_0014,1.0,False,False,-0.017981805,-0.120145336,-0.017981762,-0.12014455,-0.15188435
321,Person_0014,Hospital_000__Person_0014,14,14,Camera_23,33,Hospital_000,Person,1,0.6666666666666666,0,8850,/pfs/data6/home/st/st_us-053000/st_st191959/DL-Lab/DataSet/MTMC_Tracking_2025_Preprocessed/val/Hospital_000/crops/Person_0014/Camera_23/Person_0014_Camera_23_f000000_r003.jpg,None,21,Hospital_000__Person_0014,1.0,False,False,0.037692524,-0.12912506,0.037692595,-0.12912439,-0.101677336
6,Person_0014,Hospital_000__Person_0014,14,14,Camera_24,34,Hospital_000,Person,0,0.0,780,7650,/pfs/data6/home/st/st_us-053000/st_st191959/DL-Lab/DataSet/MTMC_Tracking_2025_Preprocessed/val/Hospital_000/crops/Person_0014/Camera_24/Person_0014_Camera_24_f000780_r005.jpg,None,-1,NOISE,0.0,True,False,-0.24377038,-0.024182279,-0.24377032,-0.024183303,-0.2807162
199,Person_0014,Hospital_000__Person_0014,14,14,Camera_25,35,Hospital_000,Person,1,0.6331658291457286,0,8820,/pfs/data6/home/st/st_us-053000/st_st191959/DL-Lab/DataSet/MTMC_Tracking_2025_Preprocessed/val/Hospital_000/crops/Person_0014/Camera_25/Person_0014_Camera_25_f000000_r000.jpg,None,-1,NOISE,0.0,True,False,0.09791599,-0.053749572,0.09791605,-0.053749852,-0.07015468
89,Person_0014,Hospital_000__Person_0014,14,14,Camera_28,38,Hospital_000,Person,1,0.15730337078651685,150,8880,/pfs/data6/home/st/st_us-053000/st_st191959/DL-Lab/DataSet/MTMC_Tracking_2025_Preprocessed/val/Hospital_000/crops/Person_0014/Camera_28/Person_0014_Camera_28_f000150_r003.jpg,None,-1,NOISE,0.0,True,False,-0.13314524,-0.069480896,-0.13314524,-0.06948157,-0.26687542
595,Person_0014,Hospital_000__Person_0014,14,14,Camera_29,39,Hospital_000,Person,1,0.6655462184873949,450,8970,/pfs/data6/home/st/st_us-053000/st_st191959/DL-Lab/DataSet/MTMC_Tracking_2025_Preprocessed/val/Hospital_000/crops/Person_0014/Camera_29/Person_0014_Camera_29_f000450_r001.jpg,None,21,Hospital_000__Person_0014,1.0,False,False,0.028862135,-0.11877504,0.028862208,-0.11877465,-0.09587284
121,Person_0015,Hospital_000__Person_0015,15,15,Camera,0,Hospital_000,Person,1,0.6446280991735537,0,8580,/pfs/data6/home/st/st_us-053000/st_st191959/DL-Lab/DataSet/MTMC_Tracking_2025_Preprocessed/val/Hospital_000/crops/Person_0015/Camera/Person_0015_Camera_f000000_r002.jpg,None,22,Hospital_000__Person_0015,1.0,False,False,-0.01727227,0.01277874,-0.017272238,0.01277822,-0.14972396
242,Person_0015,Hospital_000__Person_0015,15,15,Camera_03,13,Hospital_000,Person,1,0.5785123966942148,0,8580,/pfs/data6/home/st/st_us-053000/st_st191959/DL-Lab/DataSet/MTMC_Tracking_2025_Preprocessed/val/Hospital_000/crops/Person_0015/Camera_03/Person_0015_Camera_03_f000000_r004.jpg,None,23,Hospital_000__Person_0015,1.0,False,False,-0.13371581,-0.015848527,-0.13371578,-0.015848588,-0.15213895
175,Person_0015,Hospital_000__Person_0015,15,15,Camera_04,14,Hospital_000,Person,1,0.37714285714285717,1890,7920,/pfs/data6/home/st/st_us-053000/st_st191959/DL-Lab/DataSet/MTMC_Tracking_2025_Preprocessed/val/Hospital_000/crops/Person_0015/Camera_04/Person_0015_Camera_04_f001890_r005.jpg,None,-1,NOISE,0.0,True,False,0.073456496,0.016327042,0.07345655,0.01632692,-0.07572032
137,Person_0015,Hospital_000__Person_0015,15,15,Camera_05,15,Hospital_000,Person,1,0.5693430656934306,3240,8160,/pfs/data6/home/st/st_us-053000/st_st191959/DL-Lab/DataSet/MTMC_Tracking_2025_Preprocessed/val/Hospital_000/crops/Person_0015/Camera_05/Person_0015_Camera_05_f003240_r007.jpg,None,-1,NOISE,0.0,True,False,-0.35051808,0.10628056,-0.35051814,0.1062799,-0.14482333
103,Person_0015,Hospital_000__Person_0015,15,15,Camera_06,16,Hospital_000,Person,1,0.6601941747572816,7950,8970,/pfs/data6/home/st/st_us-053000/st_st191959/DL-Lab/DataSet/MTMC_Tracking_2025_Preprocessed/val/Hospital_000/crops/Person_0015/Camera_06/Person_0015_Camera_06_f007950_r007.jpg,None,24,Hospital_000__Person_0015,1.0,False,False,-0.07684212,-0.013572939,-0.07684214,-0.01357305,-0.15352774
30,Person_0015,Hospital_000__Person_0015,15,15,Camera_07,17,Hospital_000,Person,1,0.6666666666666666,1950,2220,/pfs/data6/home/st/st_us-053000/st_st191959/DL-Lab/DataSet/MTMC_Tracking_2025_Preprocessed/val/Hospital_000/crops/Person_0015/Camera_07/Person_0015_Camera_07_f001950_r000.jpg,None,-1,NOISE,0.0,True,False,-0.04215426,0.027429497,-0.04215427,0.027429918,-0.15267617
464,Person_0015,Hospital_000__Person_0015,15,15,Camera_08,18,Hospital_000,Person,1,0.6637931034482759,2220,8130,/pfs/data6/home/st/st_us-053000/st_st191959/DL-Lab/DataSet/MTMC_Tracking_2025_Preprocessed/val/Hospital_000/crops/Person_0015/Camera_08/Person_0015_Camera_08_f002220_r003.jpg,None,22,Hospital_000__Person_0015,1.0,False,False,-0.01377607,-0.0023892017,-0.01377604,-0.0023899195,-0.099369615
70,Person_0015,Hospital_000__Person_0015,15,15,Camera_09,19,Hospital_000,Person,1,0.6571428571428571,7890,8580,/pfs/data6/home/st/st_us-053000/st_st191959/DL-Lab/DataSet/MTMC_Tracking_2025_Preprocessed/val/Hospital_000/crops/Person_0015/Camera_09/Person_0015_Camera_09_f007890_r009.jpg,None,22,Hospital_000__Person_0015,1.0,False,False,-0.028641487,-0.0030889856,-0.028641433,-0.0030898966,-0.083660305
6,Person_0015,Hospital_000__Person_0015,15,15,Camera_10,20,Hospital_000,Person,1,0.6666666666666666,1830,1860,/pfs/data6/home/st/st_us-053000/st_st191959/DL-Lab/DataSet/MTMC_Tracking_2025_Preprocessed/val/Hospital_000/crops/Person_0015/Camera_10/Person_0015_Camera_10_f001830_r002.jpg,None,-1,NOISE,0.0,True,False,-0.25076988,0.103995316,-0.2507699,0.103995614,-0.04848235
15,Person_0015,Hospital_000__Person_0015,15,15,Camera_16,26,Hospital_000,Person,1,0.6666666666666666,1770,1890,/pfs/data6/home/st/st_us-053000/st_st191959/DL-Lab/DataSet/MTMC_Tracking_2025_Preprocessed/val/Hospital_000/crops/Person_0015/Camera_16/Person_0015_Camera_16_f001770_r003.jpg,None,-1,NOISE,0.0,True,False,-0.08848349,0.02932976,-0.088483475,0.029329397,-0.12601599
222,Person_0015,Hospital_000__Person_0015,15,15,Camera_18,28,Hospital_000,Person,1,0.6486486486486487,2190,7290,/pfs/data6/home/st/st_us-053000/st_st191959/DL-Lab/DataSet/MTMC_Tracking_2025_Preprocessed/val/Hospital_000/crops/Person_0015/Camera_18/Person_0015_Camera_18_f002190_r001.jpg,None,-1,NOISE,0.0,True,False,-0.114049636,0.009347161,-0.114049666,0.00934726,-0.12637563
573,Person_0015,Hospital_000__Person_0015,15,15,Camera_19,29,Hospital_000,Person,1,0.6561954624781849,1950,8160,/pfs/data6/home/st/st_us-053000/st_st191959/DL-Lab/DataSet/MTMC_Tracking_2025_Preprocessed/val/Hospital_000/crops/Person_0015/Camera_19/Person_0015_Camera_19_f001950_r005.jpg,None,-1,NOISE,0.0,True,False,-0.16151787,-0.00061935803,-0.16151784,-0.0006198724,-0.1504544
3,Person_0015,Hospital_000__Person_0015,15,15,Camera_20,30,Hospital_000,Person,1,0.6666666666666666,8430,8430,/pfs/data6/home/st/st_us-053000/st_st191959/DL-Lab/DataSet/MTMC_Tracking_2025_Preprocessed/val/Hospital_000/crops/Person_0015/Camera_20/Person_0015_Camera_20_f008430_r001.jpg,None,-1,NOISE,0.0,True,False,-0.2197268,-0.1608608,-0.2197268,-0.16086031,-0.08855798
24,Person_0015,Hospital_000__Person_0015,15,15,Camera_21,31,Hospital_000,Person,1,0.6666666666666666,1740,1950,/pfs/data6/home/st/st_us-053000/st_st191959/DL-Lab/DataSet/MTMC_Tracking_2025_Preprocessed/val/Hospital_000/crops/Person_0015/Camera_21/Person_0015_Camera_21_f001740_r003.jpg,None,-1,NOISE,0.0,True,False,-0.09052819,-0.054015126,-0.09052824,-0.054014683,-0.115495585
206,Person_0015,Hospital_000__Person_0015,15,15,Camera_22,32,Hospital_000,Person,1,0.5728155339805825,2670,8220,/pfs/data6/home/st/st_us-053000/st_st191959/DL-Lab/DataSet/MTMC_Tracking_2025_Preprocessed/val/Hospital_000/crops/Person_0015/Camera_22/Person_0015_Camera_22_f002670_r008.jpg,None,-1,NOISE,0.0,True,False,-0.33643225,0.07263498,-0.33643243,0.07263543,-0.1871483
82,Person_0015,Hospital_000__Person_0015,15,15,Camera_23,33,Hospital_000,Person,1,0.4146341463414634,210,8400,/pfs/data6/home/st/st_us-053000/st_st191959/DL-Lab/DataSet/MTMC_Tracking_2025_Preprocessed/val/Hospital_000/crops/Person_0015/Camera_23/Person_0015_Camera_23_f000210_r006.jpg,None,-1,NOISE,0.0,True,False,0.07686247,-0.001535793,0.07686246,-0.0015349105,-0.10501542
297,Person_0015,Hospital_000__Person_0015,15,15,Camera_24,34,Hospital_000,Person,1,0.4781144781144781,0,8460,/pfs/data6/home/st/st_us-053000/st_st191959/DL-Lab/DataSet/MTMC_Tracking_2025_Preprocessed/val/Hospital_000/crops/Person_0015/Camera_24/Person_0015_Camera_24_f000000_r009.jpg,None,23,Hospital_000__Person_0015,1.0,False,False,-0.18971395,0.013786248,-0.18971398,0.013786261,-0.18667796
2,Person_0015,Hospital_000__Person_0015,15,15,Camera_25,35,Hospital_000,Person,0,0.0,390,960,/pfs/data6/home/st/st_us-053000/st_st191959/DL-Lab/DataSet/MTMC_Tracking_2025_Preprocessed/val/Hospital_000/crops/Person_0015/Camera_25/Person_0015_Camera_25_f000390_r001.jpg,None,-1,NOISE,0.0,True,False,-0.01937236,0.10182087,-0.01937237,0.10181878,-0.040060945
156,Person_0015,Hospital_000__Person_0015,15,15,Camera_26,36,Hospital_000,Person,1,0.6666666666666666,3240,8160,/pfs/data6/home/st/st_us-053000/st_st191959/DL-Lab/DataSet/MTMC_Tracking_2025_Preprocessed/val/Hospital_000/crops/Person_0015/Camera_26/Person_0015_Camera_26_f003240_r005.jpg,None,-1,NOISE,0.0,True,False,-0.3264146,0.11973136,-0.3264146,0.1197305,-0.15999584
340,Person_0015,Hospital_000__Person_0015,15,15,Camera_27,37,Hospital_000,Person,1,0.6588235294117647,2100,7980,/pfs/data6/home/st/st_us-053000/st_st191959/DL-Lab/DataSet/MTMC_Tracking_2025_Preprocessed/val/Hospital_000/crops/Person_0015/Camera_27/Person_0015_Camera_27_f002100_r004.jpg,None,-1,NOISE,0.0,True,False,0.011378531,0.03636931,0.0113785565,0.036368687,-0.10099652
184,Person_0015,Hospital_000__Person_0015,15,15,Camera_28,38,Hospital_000,Person,1,0.6630434782608695,0,1830,/pfs/data6/home/st/st_us-053000/st_st191959/DL-Lab/DataSet/MTMC_Tracking_2025_Preprocessed/val/Hospital_000/crops/Person_0015/Camera_28/Person_0015_Camera_28_f000000_r005.jpg,None,-1,NOISE,0.0,True,False,0.038880832,0.035830073,0.038880847,0.03582947,-0.07875087
12,Person_0015,Hospital_000__Person_0015,15,15,Camera_29,39,Hospital_000,Person,1,0.6666666666666666,1830,1920,/pfs/data6/home/st/st_us-053000/st_st191959/DL-Lab/DataSet/MTMC_Tracking_2025_Preprocessed/val/Hospital_000/crops/Person_0015/Camera_29/Person_0015_Camera_29_f001830_r002.jpg,None,-1,NOISE,0.0,True,False,-0.05801733,-0.019289292,-0.058017332,-0.019290244,-0.1318606
51,Person_0015,Hospital_000__Person_0015,15,15,Camera_31,41,Hospital_000,Person,1,0.6666666666666666,8460,8970,/pfs/data6/home/st/st_us-053000/st_st191959/DL-Lab/DataSet/MTMC_Tracking_2025_Preprocessed/val/Hospital_000/crops/Person_0015/Camera_31/Person_0015_Camera_31_f008460_r001.jpg,None,24,Hospital_000__Person_0015,1.0,False,False,-0.066479616,-0.026904192,-0.066479616,-0.026904082,-0.15045492
4,Person_0016,Hospital_000__Person_0016,16,16,Camera_03,13,Hospital_000,Person,0,0.0,1320,4860,/pfs/data6/home/st/st_us-053000/st_st191959/DL-Lab/DataSet/MTMC_Tracking_2025_Preprocessed/val/Hospital_000/crops/Person_0016/Camera_03/Person_0016_Camera_03_f001320_r009.jpg,None,-1,NOISE,0.0,True,False,-0.17450109,0.053247925,-0.17450112,0.05324811,-0.19876583
82,Person_0016,Hospital_000__Person_0016,16,16,Camera_04,14,Hospital_000,Person,1,0.6585365853658537,2970,4200,/pfs/data6/home/st/st_us-053000/st_st191959/DL-Lab/DataSet/MTMC_Tracking_2025_Preprocessed/val/Hospital_000/crops/Person_0016/Camera_04/Person_0016_Camera_04_f002970_r012.jpg,None,-1,NOISE,0.0,True,False,-0.014958798,-0.038729396,-0.014958804,-0.03872919,-0.2015192
96,Person_0016,Hospital_000__Person_0016,16,16,Camera_07,17,Hospital_000,Person,1,0.6666666666666666,1560,4140,/pfs/data6/home/st/st_us-053000/st_st191959/DL-Lab/DataSet/MTMC_Tracking_2025_Preprocessed/val/Hospital_000/crops/Person_0016/Camera_07/Person_0016_Camera_07_f001560_r000.jpg,None,-1,NOISE,0.0,True,False,0.08739659,0.016321745,0.087396555,0.016321715,-0.15549535
200,Person_0016,Hospital_000__Person_0016,16,16,Camera_10,20,Hospital_000,Person,1,0.65,1350,4350,/pfs/data6/home/st/st_us-053000/st_st191959/DL-Lab/DataSet/MTMC_Tracking_2025_Preprocessed/val/Hospital_000/crops/Person_0016/Camera_10/Person_0016_Camera_10_f001350_r003.jpg,None,-1,NOISE,0.0,True,False,-0.0041910377,-0.025429703,-0.004191025,-0.025429025,-0.15787764
243,Person_0016,Hospital_000__Person_0016,16,16,Camera_16,26,Hospital_000,Person,1,0.6666666666666666,0,4860,/pfs/data6/home/st/st_us-053000/st_st191959/DL-Lab/DataSet/MTMC_Tracking_2025_Preprocessed/val/Hospital_000/crops/Person_0016/Camera_16/Person_0016_Camera_16_f000000_r004.jpg,None,-1,NOISE,0.0,True,False,-0.032472152,-0.010061918,-0.032472156,-0.01006089,-0.20948827
17,Person_0016,Hospital_000__Person_0016,16,16,Camera_19,29,Hospital_000,Person,0,0.0,3120,4140,/pfs/data6/home/st/st_us-053000/st_st191959/DL-Lab/DataSet/MTMC_Tracking_2025_Preprocessed/val/Hospital_000/crops/Person_0016/Camera_19/Person_0016_Camera_19_f003120_r009.jpg,None,-1,NOISE,0.0,True,False,0.01943824,0.058696054,0.019438267,0.058694854,-0.18219763
733,Person_0016,Hospital_000__Person_0016,16,16,Camera_21,31,Hospital_000,Person,1,0.6630286493860846,0,8970,/pfs/data6/home/st/st_us-053000/st_st191959/DL-Lab/DataSet/MTMC_Tracking_2025_Preprocessed/val/Hospital_000/crops/Person_0016/Camera_21/Person_0016_Camera_21_f000000_r006.jpg,None,-1,NOISE,0.0,True,False,-0.13943237,0.08369477,-0.13943245,0.08369332,-0.1775123
477,Person_0016,Hospital_000__Person_0016,16,16,Camera_23,33,Hospital_000,Person,1,0.6666666666666666,330,8970,/pfs/data6/home/st/st_us-053000/st_st191959/DL-Lab/DataSet/MTMC_Tracking_2025_Preprocessed/val/Hospital_000/crops/Person_0016/Camera_23/Person_0016_Camera_23_f000330_r010.jpg,None,-1,NOISE,0.0,True,False,0.124310724,-0.03191008,0.12431077,-0.031908955,-0.097043306
8,Person_0016,Hospital_000__Person_0016,16,16,Camera_24,34,Hospital_000,Person,0,0.0,1320,6330,/pfs/data6/home/st/st_us-053000/st_st191959/DL-Lab/DataSet/MTMC_Tracking_2025_Preprocessed/val/Hospital_000/crops/Person_0016/Camera_24/Person_0016_Camera_24_f001320_r015.jpg,None,-1,NOISE,0.0,True,False,-0.17091781,0.039559018,-0.17091784,0.03955741,-0.19309558
444,Person_0016,Hospital_000__Person_0016,16,16,Camera_25,35,Hospital_000,Person,1,0.6666666666666666,0,8970,/pfs/data6/home/st/st_us-053000/st_st191959/DL-Lab/DataSet/MTMC_Tracking_2025_Preprocessed/val/Hospital_000/crops/Person_0016/Camera_25/Person_0016_Camera_25_f000000_r002.jpg,None,-1,NOISE,0.0,True,False,-0.057074152,-0.051891536,-0.05707411,-0.051892944,-0.10608164
55,Person_0016,Hospital_000__Person_0016,16,16,Camera_28,38,Hospital_000,Person,1,0.2909090909090909,1320,6330,/pfs/data6/home/st/st_us-053000/st_st191959/DL-Lab/DataSet/MTMC_Tracking_2025_Preprocessed/val/Hospital_000/crops/Person_0016/Camera_28/Person_0016_Camera_28_f001320_r005.jpg,None,-1,NOISE,0.0,True,False,0.09053808,0.051314916,0.09053807,0.051315106,-0.19214994
244,Person_0016,Hospital_000__Person_0016,16,16,Camera_29,39,Hospital_000,Person,1,0.6639344262295082,1350,4350,/pfs/data6/home/st/st_us-053000/st_st191959/DL-Lab/DataSet/MTMC_Tracking_2025_Preprocessed/val/Hospital_000/crops/Person_0016/Camera_29/Person_0016_Camera_29_f001350_r003.jpg,None,-1,NOISE,0.0,True,False,0.08630003,-0.02410307,0.08629998,-0.024102597,-0.15223314
258,Person_0016,Hospital_000__Person_0016,16,16,Camera_30,40,Hospital_000,Person,1,0.6666666666666666,0,6240,/pfs/data6/home/st/st_us-053000/st_st191959/DL-Lab/DataSet/MTMC_Tracking_2025_Preprocessed/val/Hospital_000/crops/Person_0016/Camera_30/Person_0016_Camera_30_f000000_r001.jpg,None,-1,NOISE,0.0,True,False,0.13584225,0.013855501,0.13584219,0.013856895,-0.13769546
26,Person_0017,Hospital_000__Person_0017,17,17,Camera_03,13,Hospital_000,Person,1,0.07692307692307693,360,8610,/pfs/data6/home/st/st_us-053000/st_st191959/DL-Lab/DataSet/MTMC_Tracking_2025_Preprocessed/val/Hospital_000/crops/Person_0017/Camera_03/Person_0017_Camera_03_f000360_r013.jpg,None,-1,NOISE,0.0,True,False,-0.28562596,-0.2126149,-0.28562605,-0.21261472,-0.2658488
105,Person_0017,Hospital_000__Person_0017,17,17,Camera_04,14,Hospital_000,Person,1,0.6666666666666666,7050,8070,/pfs/data6/home/st/st_us-053000/st_st191959/DL-Lab/DataSet/MTMC_Tracking_2025_Preprocessed/val/Hospital_000/crops/Person_0017/Camera_04/Person_0017_Camera_04_f007050_r007.jpg,None,-1,NOISE,0.0,True,False,-0.28396755,-0.21149923,-0.28396755,-0.21149822,-0.25928518
72,Person_0017,Hospital_000__Person_0017,17,17,Camera_10,20,Hospital_000,Person,1,0.6666666666666666,2280,8430,/pfs/data6/home/st/st_us-053000/st_st191959/DL-Lab/DataSet/MTMC_Tracking_2025_Preprocessed/val/Hospital_000/crops/Person_0017/Camera_10/Person_0017_Camera_10_f002280_r003.jpg,None,-1,NOISE,0.0,True,False,-0.34124035,-0.16766535,-0.34124035,-0.16766447,-0.27454177
504,Person_0017,Hospital_000__Person_0017,17,17,Camera_16,26,Hospital_000,Person,1,0.6626984126984127,330,8970,/pfs/data6/home/st/st_us-053000/st_st191959/DL-Lab/DataSet/MTMC_Tracking_2025_Preprocessed/val/Hospital_000/crops/Person_0017/Camera_16/Person_0017_Camera_16_f000330_r006.jpg,None,-1,NOISE,0.0,True,False,-0.24771008,-0.26995644,-0.24771003,-0.26995364,-0.24767676
900,Person_0017,Hospital_000__Person_0017,17,17,Camera_21,31,Hospital_000,Person,1,0.6666666666666666,0,8970,/pfs/data6/home/st/st_us-053000/st_st191959/DL-Lab/DataSet/MTMC_Tracking_2025_Preprocessed/val/Hospital_000/crops/Person_0017/Camera_21/Person_0017_Camera_21_f000000_r005.jpg,None,25,Hospital_000__Person_0017,1.0,False,False,-0.14173338,-0.21475872,-0.14173336,-0.21475603,-0.19592476
619,Person_0017,Hospital_000__Person_0017,17,17,Camera_23,33,Hospital_000,Person,1,0.6655896607431341,210,8970,/pfs/data6/home/st/st_us-053000/st_st191959/DL-Lab/DataSet/MTMC_Tracking_2025_Preprocessed/val/Hospital_000/crops/Person_0017/Camera_23/Person_0017_Camera_23_f000210_r008.jpg,None,25,Hospital_000__Person_0017,1.0,False,False,-0.1600491,-0.21416937,-0.16004911,-0.21416676,-0.2037132
39,Person_0017,Hospital_000__Person_0017,17,17,Camera_24,34,Hospital_000,Person,1,0.10256410256410256,360,8610,/pfs/data6/home/st/st_us-053000/st_st191959/DL-Lab/DataSet/MTMC_Tracking_2025_Preprocessed/val/Hospital_000/crops/Person_0017/Camera_24/Person_0017_Camera_24_f000360_r014.jpg,None,-1,NOISE,0.0,True,False,-0.254165,-0.19959791,-0.2541651,-0.19959645,-0.27613533
549,Person_0017,Hospital_000__Person_0017,17,17,Camera_25,35,Hospital_000,Person,1,0.6666666666666666,0,8940,/pfs/data6/home/st/st_us-053000/st_st191959/DL-Lab/DataSet/MTMC_Tracking_2025_Preprocessed/val/Hospital_000/crops/Person_0017/Camera_25/Person_0017_Camera_25_f000000_r001.jpg,None,-1,NOISE,0.0,True,False,-0.14552683,-0.22828287,-0.14552666,-0.22827989,-0.18170583
128,Person_0017,Hospital_000__Person_0017,17,17,Camera_28,38,Hospital_000,Person,1,0.453125,360,8610,/pfs/data6/home/st/st_us-053000/st_st191959/DL-Lab/DataSet/MTMC_Tracking_2025_Preprocessed/val/Hospital_000/crops/Person_0017/Camera_28/Person_0017_Camera_28_f000360_r006.jpg,None,-1,NOISE,0.0,True,False,-0.16901743,-0.20975478,-0.16901743,-0.20975335,-0.21517256
174,Person_0017,Hospital_000__Person_0017,17,17,Camera_29,39,Hospital_000,Person,1,0.6666666666666666,2280,8130,/pfs/data6/home/st/st_us-053000/st_st191959/DL-Lab/DataSet/MTMC_Tracking_2025_Preprocessed/val/Hospital_000/crops/Person_0017/Camera_29/Person_0017_Camera_29_f002280_r002.jpg,None,-1,NOISE,0.0,True,False,-0.19439213,-0.21574663,-0.19439198,-0.21574463,-0.22606981
321,Person_0017,Hospital_000__Person_0017,17,17,Camera_30,40,Hospital_000,Person,1,0.6666666666666666,0,8970,/pfs/data6/home/st/st_us-053000/st_st191959/DL-Lab/DataSet/MTMC_Tracking_2025_Preprocessed/val/Hospital_000/crops/Person_0017/Camera_30/Person_0017_Camera_30_f000000_r000.jpg,None,-1,NOISE,0.0,True,False,-0.20835866,-0.2224512,-0.20835868,-0.22244836,-0.25511292
129,Person_0018,Hospital_000__Person_0018,18,18,Camera,0,Hospital_000,Person,1,0.5736434108527132,3630,8940,/pfs/data6/home/st/st_us-053000/st_st191959/DL-Lab/DataSet/MTMC_Tracking_2025_Preprocessed/val/Hospital_000/crops/Person_0018/Camera/Person_0018_Camera_f003630_r004.jpg,None,-1,NOISE,0.0,True,False,-0.01821025,-0.10825002,-0.018210206,-0.1082501,-0.06982236
14,Person_0018,Hospital_000__Person_0018,18,18,Camera_01,11,Hospital_000,Person,1,0.2857142857142857,180,450,/pfs/data6/home/st/st_us-053000/st_st191959/DL-Lab/DataSet/MTMC_Tracking_2025_Preprocessed/val/Hospital_000/crops/Person_0018/Camera_01/Person_0018_Camera_01_f000180_r005.jpg,None,-1,NOISE,0.0,True,False,-0.12794296,-0.059502833,-0.12794296,-0.059503656,-0.0059643686
240,Person_0018,Hospital_000__Person_0018,18,18,Camera_03,13,Hospital_000,Person,1,0.6666666666666666,1410,8940,/pfs/data6/home/st/st_us-053000/st_st191959/DL-Lab/DataSet/MTMC_Tracking_2025_Preprocessed/val/Hospital_000/crops/Person_0018/Camera_03/Person_0018_Camera_03_f001410_r010.jpg,None,-1,NOISE,0.0,True,False,-0.13008735,-0.22170083,-0.1300873,-0.22169963,-0.12746763
4,Person_0018,Hospital_000__Person_0018,18,18,Camera_04,14,Hospital_000,Person,0,0.0,1320,2820,/pfs/data6/home/st/st_us-053000/st_st191959/DL-Lab/DataSet/MTMC_Tracking_2025_Preprocessed/val/Hospital_000/crops/Person_0018/Camera_04/Person_0018_Camera_04_f001320_r006.jpg,None,-1,NOISE,0.0,True,False,-0.16648944,-0.13910463,-0.16648945,-0.13910493,-0.13528466
202,Person_0018,Hospital_000__Person_0018,18,18,Camera_05,15,Hospital_000,Person,1,0.6633663366336634,240,3510,/pfs/data6/home/st/st_us-053000/st_st191959/DL-Lab/DataSet/MTMC_Tracking_2025_Preprocessed/val/Hospital_000/crops/Person_0018/Camera_05/Person_0018_Camera_05_f000240_r009.jpg,None,-1,NOISE,0.0,True,False,-0.09631564,-0.16152482,-0.09631547,-0.16152513,-0.06566338
620,Person_0018,Hospital_000__Person_0018,18,18,Camera_06,16,Hospital_000,Person,1,0.6580645161290323,900,8970,/pfs/data6/home/st/st_us-053000/st_st191959/DL-Lab/DataSet/MTMC_Tracking_2025_Preprocessed/val/Hospital_000/crops/Person_0018/Camera_06/Person_0018_Camera_06_f000900_r008.jpg,None,26,Hospital_000__Person_0018,1.0,False,False,-0.10200257,-0.16658501,-0.10200246,-0.16658475,-0.1517968
114,Person_0018,Hospital_000__Person_0018,18,18,Camera_08,18,Hospital_000,Person,1,0.40350877192982454,240,3300,/pfs/data6/home/st/st_us-053000/st_st191959/DL-Lab/DataSet/MTMC_Tracking_2025_Preprocessed/val/Hospital_000/crops/Person_0018/Camera_08/Person_0018_Camera_08_f000240_r007.jpg,None,-1,NOISE,0.0,True,False,0.028787272,-0.11389893,0.028787304,-0.11389775,-0.07918028
390,Person_0018,Hospital_000__Person_0018,18,18,Camera_09,19,Hospital_000,Person,1,0.6666666666666666,480,8910,/pfs/data6/home/st/st_us-053000/st_st191959/DL-Lab/DataSet/MTMC_Tracking_2025_Preprocessed/val/Hospital_000/crops/Person_0018/Camera_09/Person_0018_Camera_09_f000480_r009.jpg,None,26,Hospital_000__Person_0018,1.0,False,False,-0.05782972,-0.15712582,-0.057829626,-0.15712547,-0.11220567
24,Person_0018,Hospital_000__Person_0018,18,18,Camera_19,29,Hospital_000,Person,1,0.6666666666666666,1410,2100,/pfs/data6/home/st/st_us-053000/st_st191959/DL-Lab/DataSet/MTMC_Tracking_2025_Preprocessed/val/Hospital_000/crops/Person_0018/Camera_19/Person_0018_Camera_19_f001410_r007.jpg,None,-1,NOISE,0.0,True,False,-0.32144722,0.17163537,-0.32144737,0.17163624,0.021866838
62,Person_0018,Hospital_000__Person_0018,18,18,Camera_20,30,Hospital_000,Person,1,0.5483870967741935,0,8910,/pfs/data6/home/st/st_us-053000/st_st191959/DL-Lab/DataSet/MTMC_Tracking_2025_Preprocessed/val/Hospital_000/crops/Person_0018/Camera_20/Person_0018_Camera_20_f000000_r000.jpg,None,26,Hospital_000__Person_0018,1.0,False,False,0.011087311,-0.13937113,0.011087381,-0.13937062,-0.07014117
300,Person_0018,Hospital_000__Person_0018,18,18,Camera_22,32,Hospital_000,Person,1,0.6666666666666666,720,4470,/pfs/data6/home/st/st_us-053000/st_st191959/DL-Lab/DataSet/MTMC_Tracking_2025_Preprocessed/val/Hospital_000/crops/Person_0018/Camera_22/Person_0018_Camera_22_f000720_r007.jpg,None,-1,NOISE,0.0,True,False,-0.0027742381,-0.14582352,-0.002774182,-0.14582291,-0.092161454
13,Person_0018,Hospital_000__Person_0018,18,18,Camera_23,33,Hospital_000,Person,0,0.0,3750,8760,/pfs/data6/home/st/st_us-053000/st_st191959/DL-Lab/DataSet/MTMC_Tracking_2025_Preprocessed/val/Hospital_000/crops/Person_0018/Camera_23/Person_0018_Camera_23_f003750_r008.jpg,None,-1,NOISE,0.0,True,False,-0.29765937,-0.16327208,-0.2976594,-0.16327214,-0.08196931
360,Person_0018,Hospital_000__Person_0018,18,18,Camera_24,34,Hospital_000,Person,1,0.65,720,8910,/pfs/data6/home/st/st_us-053000/st_st191959/DL-Lab/DataSet/MTMC_Tracking_2025_Preprocessed/val/Hospital_000/crops/Person_0018/Camera_24/Person_0018_Camera_24_f000720_r017.jpg,None,-1,NOISE,0.0,True,False,-0.08146774,-0.22247949,-0.0814676,-0.22247964,-0.08652194
6,Person_0018,Hospital_000__Person_0018,18,18,Camera_25,35,Hospital_000,Person,0,0.0,4590,5520,/pfs/data6/home/st/st_us-053000/st_st191959/DL-Lab/DataSet/MTMC_Tracking_2025_Preprocessed/val/Hospital_000/crops/Person_0018/Camera_25/Person_0018_Camera_25_f004590_r004.jpg,None,-1,NOISE,0.0,True,False,-0.3876191,-0.015852928,-0.38761926,-0.015853638,-0.014363953
270,Person_0018,Hospital_000__Person_0018,18,18,Camera_26,36,Hospital_000,Person,1,0.6666666666666666,870,3540,/pfs/data6/home/st/st_us-053000/st_st191959/DL-Lab/DataSet/MTMC_Tracking_2025_Preprocessed/val/Hospital_000/crops/Person_0018/Camera_26/Person_0018_Camera_26_f000870_r007.jpg,None,-1,NOISE,0.0,True,False,0.07323242,-0.10375366,0.073232464,-0.103752755,-0.062400576
57,Person_0018,Hospital_000__Person_0018,18,18,Camera_27,37,Hospital_000,Person,1,0.10526315789473684,690,3510,/pfs/data6/home/st/st_us-053000/st_st191959/DL-Lab/DataSet/MTMC_Tracking_2025_Preprocessed/val/Hospital_000/crops/Person_0018/Camera_27/Person_0018_Camera_27_f000690_r004.jpg,None,-1,NOISE,0.0,True,False,-0.21452326,-0.1458216,-0.21452327,-0.14581893,-0.21754487
429,Person_0018,Hospital_000__Person_0018,18,18,Camera_31,41,Hospital_000,Person,1,0.6666666666666666,3780,8970,/pfs/data6/home/st/st_us-053000/st_st191959/DL-Lab/DataSet/MTMC_Tracking_2025_Preprocessed/val/Hospital_000/crops/Person_0018/Camera_31/Person_0018_Camera_31_f003780_r004.jpg,None,26,Hospital_000__Person_0018,1.0,False,False,-0.12556592,-0.14855373,-0.12556583,-0.14855355,-0.17639826
116,Person_0019,Hospital_000__Person_0019,19,19,Camera,0,Hospital_000,Person,1,0.3448275862068966,3180,8970,/pfs/data6/home/st/st_us-053000/st_st191959/DL-Lab/DataSet/MTMC_Tracking_2025_Preprocessed/val/Hospital_000/crops/Person_0019/Camera/Person_0019_Camera_f003180_r004.jpg,None,-1,NOISE,0.0,True,False,0.22312683,0.07043574,0.22312675,0.07043616,-0.05228322
324,Person_0019,Hospital_000__Person_0019,19,19,Camera_03,13,Hospital_000,Person,1,0.6666666666666666,480,8970,/pfs/data6/home/st/st_us-053000/st_st191959/DL-Lab/DataSet/MTMC_Tracking_2025_Preprocessed/val/Hospital_000/crops/Person_0019/Camera_03/Person_0019_Camera_03_f000480_r011.jpg,None,27,Hospital_000__Person_0019,1.0,False,False,0.1951827,0.12680587,0.19518271,0.12680669,-0.053860825
7,Person_0019,Hospital_000__Person_0019,19,19,Camera_04,14,Hospital_000,Person,0,0.0,1590,2790,/pfs/data6/home/st/st_us-053000/st_st191959/DL-Lab/DataSet/MTMC_Tracking_2025_Preprocessed/val/Hospital_000/crops/Person_0019/Camera_04/Person_0019_Camera_04_f001590_r004.jpg,None,-1,NOISE,0.0,True,False,-0.14850782,0.11469023,-0.1485079,0.11468913,-0.13417333
152,Person_0019,Hospital_000__Person_0019,19,19,Camera_05,15,Hospital_000,Person,1,0.6578947368421053,150,3120,/pfs/data6/home/st/st_us-053000/st_st191959/DL-Lab/DataSet/MTMC_Tracking_2025_Preprocessed/val/Hospital_000/crops/Person_0019/Camera_05/Person_0019_Camera_05_f000150_r008.jpg,None,-1,NOISE,0.0,True,False,0.071805775,0.05237344,0.071805865,0.052373044,-0.06956108
609,Person_0019,Hospital_000__Person_0019,19,19,Camera_06,16,Hospital_000,Person,1,0.6535303776683087,120,8970,/pfs/data6/home/st/st_us-053000/st_st191959/DL-Lab/DataSet/MTMC_Tracking_2025_Preprocessed/val/Hospital_000/crops/Person_0019/Camera_06/Person_0019_Camera_06_f000120_r005.jpg,None,-1,NOISE,0.0,True,False,0.18723756,0.081241004,0.18723756,0.08124102,-0.03777648
86,Person_0019,Hospital_000__Person_0019,19,19,Camera_08,18,Hospital_000,Person,1,0.3488372093023256,90,3030,/pfs/data6/home/st/st_us-053000/st_st191959/DL-Lab/DataSet/MTMC_Tracking_2025_Preprocessed/val/Hospital_000/crops/Person_0019/Camera_08/Person_0019_Camera_08_f000090_r005.jpg,None,-1,NOISE,0.0,True,False,0.02934769,0.12128918,0.029347653,0.12128837,-0.09087931
552,Person_0019,Hospital_000__Person_0019,19,19,Camera_09,19,Hospital_000,Person,1,0.6666666666666666,0,8970,/pfs/data6/home/st/st_us-053000/st_st191959/DL-Lab/DataSet/MTMC_Tracking_2025_Preprocessed/val/Hospital_000/crops/Person_0019/Camera_09/Person_0019_Camera_09_f000000_r004.jpg,None,28,Hospital_000__Person_0019,1.0,False,False,0.20289338,0.12803034,0.20289342,0.12803094,-0.06320759
21,Person_0019,Hospital_000__Person_0019,19,19,Camera_19,29,Hospital_000,Person,1,0.6666666666666666,1560,1740,/pfs/data6/home/st/st_us-053000/st_st191959/DL-Lab/DataSet/MTMC_Tracking_2025_Preprocessed/val/Hospital_000/crops/Person_0019/Camera_19/Person_0019_Camera_19_f001560_r004.jpg,None,-1,NOISE,0.0,True,False,-0.06960889,0.09241164,-0.06960896,0.09241313,0.06930732
36,Person_0019,Hospital_000__Person_0019,19,19,Camera_20,30,Hospital_000,Person,1,0.6666666666666666,2820,7740,/pfs/data6/home/st/st_us-053000/st_st191959/DL-Lab/DataSet/MTMC_Tracking_2025_Preprocessed/val/Hospital_000/crops/Person_0019/Camera_20/Person_0019_Camera_20_f002820_r002.jpg,None,-1,NOISE,0.0,True,False,0.25461742,0.14837302,0.25461724,0.14837407,-0.0096461
303,Person_0019,Hospital_000__Person_0019,19,19,Camera_22,32,Hospital_000,Person,1,0.6666666666666666,150,3150,/pfs/data6/home/st/st_us-053000/st_st191959/DL-Lab/DataSet/MTMC_Tracking_2025_Preprocessed/val/Hospital_000/crops/Person_0019/Camera_22/Person_0019_Camera_22_f000150_r004.jpg,None,-1,NOISE,0.0,True,False,0.15889615,0.09830691,0.15889618,0.09830653,-0.056563687
4,Person_0019,Hospital_000__Person_0019,19,19,Camera_23,33,Hospital_000,Person,0,0.0,3180,7410,/pfs/data6/home/st/st_us-053000/st_st191959/DL-Lab/DataSet/MTMC_Tracking_2025_Preprocessed/val/Hospital_000/crops/Person_0019/Camera_23/Person_0019_Camera_23_f003180_r006.jpg,None,-1,NOISE,0.0,True,False,-0.24133922,0.021206139,-0.24133916,0.021204224,-0.0765147
474,Person_0019,Hospital_000__Person_0019,19,19,Camera_24,34,Hospital_000,Person,1,0.6666666666666666,150,8970,/pfs/data6/home/st/st_us-053000/st_st191959/DL-Lab/DataSet/MTMC_Tracking_2025_Preprocessed/val/Hospital_000/crops/Person_0019/Camera_24/Person_0019_Camera_24_f000150_r012.jpg,None,27,Hospital_000__Person_0019,1.0,False,False,0.1549868,0.1270392,0.15498683,0.12703967,-0.07057064
1,Person_0019,Hospital_000__Person_0019,19,19,Camera_25,35,Hospital_000,Person,0,0.0,5160,5160,/pfs/data6/home/st/st_us-053000/st_st191959/DL-Lab/DataSet/MTMC_Tracking_2025_Preprocessed/val/Hospital_000/crops/Person_0019/Camera_25/Person_0019_Camera_25_f005160_r003.jpg,None,-1,NOISE,0.0,True,False,-0.38543925,0.021269554,-0.38543934,0.021269266,-0.049339376
237,Person_0019,Hospital_000__Person_0019,19,19,Camera_26,36,Hospital_000,Person,1,0.6666666666666666,90,2760,/pfs/data6/home/st/st_us-053000/st_st191959/DL-Lab/DataSet/MTMC_Tracking_2025_Preprocessed/val/Hospital_000/crops/Person_0019/Camera_26/Person_0019_Camera_26_f000090_r004.jpg,None,28,Hospital_000__Person_0019,1.0,False,False,0.21190745,0.09076925,0.21190737,0.09077013,-0.046394218
39,Person_0019,Hospital_000__Person_0019,19,19,Camera_27,37,Hospital_000,Person,1,0.05128205128205128,90,2760,/pfs/data6/home/st/st_us-053000/st_st191959/DL-Lab/DataSet/MTMC_Tracking_2025_Preprocessed/val/Hospital_000/crops/Person_0019/Camera_27/Person_0019_Camera_27_f000090_r005.jpg,None,-1,NOISE,0.0,True,False,-0.18816571,0.100505605,-0.18816584,0.10050423,-0.20188779
405,Person_0019,Hospital_000__Person_0019,19,19,Camera_31,41,Hospital_000,Person,1,0.6666666666666666,3390,8970,/pfs/data6/home/st/st_us-053000/st_st191959/DL-Lab/DataSet/MTMC_Tracking_2025_Preprocessed/val/Hospital_000/crops/Person_0019/Camera_31/Person_0019_Camera_31_f003390_r001.jpg,None,-1,NOISE,0.0,True,False,0.0482632,0.10026172,0.048263226,0.10026056,-0.06279974
89,Person_0020,Hospital_000__Person_0020,20,20,Camera,0,Hospital_000,Person,1,0.4943820224719101,4530,7500,/pfs/data6/home/st/st_us-053000/st_st191959/DL-Lab/DataSet/MTMC_Tracking_2025_Preprocessed/val/Hospital_000/crops/Person_0020/Camera/Person_0020_Camera_f004530_r004.jpg,None,-1,NOISE,0.0,True,False,0.04020219,0.092488356,0.040202178,0.09248923,-0.05227682
35,Person_0020,Hospital_000__Person_0020,20,20,Camera_01,11,Hospital_000,Person,1,0.22857142857142856,7830,8970,/pfs/data6/home/st/st_us-053000/st_st191959/DL-Lab/DataSet/MTMC_Tracking_2025_Preprocessed/val/Hospital_000/crops/Person_0020/Camera_01/Person_0020_Camera_01_f007830_r004.jpg,None,-1,NOISE,0.0,True,False,0.0471155,0.097626925,0.047115512,0.097626925,-0.061376654
249,Person_0020,Hospital_000__Person_0020,20,20,Camera_03,13,Hospital_000,Person,1,0.6666666666666666,210,7530,/pfs/data6/home/st/st_us-053000/st_st191959/DL-Lab/DataSet/MTMC_Tracking_2025_Preprocessed/val/Hospital_000/crops/Person_0020/Camera_03/Person_0020_Camera_03_f000210_r011.jpg,None,29,Hospital_000__Person_0020,1.0,False,False,0.036919,0.089280054,0.036919024,0.08928008,-0.06462269
20,Person_0020,Hospital_000__Person_0020,20,20,Camera_04,14,Hospital_000,Person,0,0.0,180,2700,/pfs/data6/home/st/st_us-053000/st_st191959/DL-Lab/DataSet/MTMC_Tracking_2025_Preprocessed/val/Hospital_000/crops/Person_0020/Camera_04/Person_0020_Camera_04_f000180_r008.jpg,None,-1,NOISE,0.0,True,False,0.009519361,-0.0298809,0.009519377,-0.029881302,-0.04896688
402,Person_0020,Hospital_000__Person_0020,20,20,Camera_05,15,Hospital_000,Person,1,0.6666666666666666,120,8670,/pfs/data6/home/st/st_us-053000/st_st191959/DL-Lab/DataSet/MTMC_Tracking_2025_Preprocessed/val/Hospital_000/crops/Person_0020/Camera_05/Person_0020_Camera_05_f000120_r009.jpg,None,29,Hospital_000__Person_0020,1.0,False,False,-0.00045272725,0.06338747,-0.0004527026,0.06338824,-0.08163011
486,Person_0020,Hospital_000__Person_0020,20,20,Camera_06,16,Hospital_000,Person,1,0.6666666666666666,0,7470,/pfs/data6/home/st/st_us-053000/st_st191959/DL-Lab/DataSet/MTMC_Tracking_2025_Preprocessed/val/Hospital_000/crops/Person_0020/Camera_06/Person_0020_Camera_06_f000000_r006.jpg,None,29,Hospital_000__Person_0020,1.0,False,False,0.008428565,0.06520131,0.008428606,0.065201655,-0.079224475
273,Person_0020,Hospital_000__Person_0020,20,20,Camera_08,18,Hospital_000,Person,1,0.5641025641025641,0,8430,/pfs/data6/home/st/st_us-053000/st_st191959/DL-Lab/DataSet/MTMC_Tracking_2025_Preprocessed/val/Hospital_000/crops/Person_0020/Camera_08/Person_0020_Camera_08_f000000_r006.jpg,None,30,Hospital_000__Person_0020,1.0,False,False,-0.0055676326,0.023674395,-0.005567636,0.023675853,-0.07230515
552,Person_0020,Hospital_000__Person_0020,20,20,Camera_09,19,Hospital_000,Person,1,0.6594202898550725,0,8370,/pfs/data6/home/st/st_us-053000/st_st191959/DL-Lab/DataSet/MTMC_Tracking_2025_Preprocessed/val/Hospital_000/crops/Person_0020/Camera_09/Person_0020_Camera_09_f000000_r006.jpg,None,29,Hospital_000__Person_0020,1.0,False,False,-0.03658138,0.04240728,-0.03658133,0.042408,-0.082567275
102,Person_0020,Hospital_000__Person_0020,20,20,Camera_19,29,Hospital_000,Person,1,0.6666666666666666,1290,2700,/pfs/data6/home/st/st_us-053000/st_st191959/DL-Lab/DataSet/MTMC_Tracking_2025_Preprocessed/val/Hospital_000/crops/Person_0020/Camera_19/Person_0020_Camera_19_f001290_r006.jpg,None,-1,NOISE,0.0,True,False,-0.28569248,0.06989385,-0.28569245,0.06989487,-0.1041172
45,Person_0020,Hospital_000__Person_0020,20,20,Camera_20,30,Hospital_000,Person,1,0.6666666666666666,4530,8970,/pfs/data6/home/st/st_us-053000/st_st191959/DL-Lab/DataSet/MTMC_Tracking_2025_Preprocessed/val/Hospital_000/crops/Person_0020/Camera_20/Person_0020_Camera_20_f004530_r001.jpg,None,-1,NOISE,0.0,True,False,0.18220063,0.10205889,0.18220064,0.10205925,-0.01903535
450,Person_0020,Hospital_000__Person_0020,20,20,Camera_22,32,Hospital_000,Person,1,0.6666666666666666,0,7710,/pfs/data6/home/st/st_us-053000/st_st191959/DL-Lab/DataSet/MTMC_Tracking_2025_Preprocessed/val/Hospital_000/crops/Person_0020/Camera_22/Person_0020_Camera_22_f000000_r005.jpg,None,29,Hospital_000__Person_0020,1.0,False,False,0.042769123,0.063799776,0.04276913,0.06379972,-0.07451865
1,Person_0020,Hospital_000__Person_0020,20,20,Camera_23,33,Hospital_000,Person,0,0.0,4830,4830,/pfs/data6/home/st/st_us-053000/st_st191959/DL-Lab/DataSet/MTMC_Tracking_2025_Preprocessed/val/Hospital_000/crops/Person_0020/Camera_23/Person_0020_Camera_23_f004830_r008.jpg,None,-1,NOISE,0.0,True,False,-0.35779813,-0.05472197,-0.3577983,-0.054720946,-0.18141481
525,Person_0020,Hospital_000__Person_0020,20,20,Camera_24,34,Hospital_000,Person,1,0.6666666666666666,120,7710,/pfs/data6/home/st/st_us-053000/st_st191959/DL-Lab/DataSet/MTMC_Tracking_2025_Preprocessed/val/Hospital_000/crops/Person_0020/Camera_24/Person_0020_Camera_24_f000120_r015.jpg,None,29,Hospital_000__Person_0020,1.0,False,False,0.03056423,0.116064124,0.030564286,0.11606433,-0.07651821
405,Person_0020,Hospital_000__Person_0020,20,20,Camera_26,36,Hospital_000,Person,1,0.6666666666666666,0,4860,/pfs/data6/home/st/st_us-053000/st_st191959/DL-Lab/DataSet/MTMC_Tracking_2025_Preprocessed/val/Hospital_000/crops/Person_0020/Camera_26/Person_0020_Camera_26_f000000_r004.jpg,None,-1,NOISE,0.0,True,False,-0.019955827,0.04860063,-0.0199558,0.04860114,-0.11407591
126,Person_0020,Hospital_000__Person_0020,20,20,Camera_27,37,Hospital_000,Person,1,0.3968253968253968,120,8340,/pfs/data6/home/st/st_us-053000/st_st191959/DL-Lab/DataSet/MTMC_Tracking_2025_Preprocessed/val/Hospital_000/crops/Person_0020/Camera_27/Person_0020_Camera_27_f000120_r006.jpg,None,30,Hospital_000__Person_0020,1.0,False,False,-0.034411464,0.0037209464,-0.03441147,0.0037219848,-0.03394402
129,Person_0020,Hospital_000__Person_0020,20,20,Camera_31,41,Hospital_000,Person,1,0.6666666666666666,4650,6930,/pfs/data6/home/st/st_us-053000/st_st191959/DL-Lab/DataSet/MTMC_Tracking_2025_Preprocessed/val/Hospital_000/crops/Person_0020/Camera_31/Person_0020_Camera_31_f004650_r003.jpg,None,-1,NOISE,0.0,True,False,-0.044559106,0.059016775,-0.044559103,0.05901699,-0.15306912
151,Person_0021,Hospital_000__Person_0021,21,21,Camera,0,Hospital_000,Person,1,0.46357615894039733,2340,8700,/pfs/data6/home/st/st_us-053000/st_st191959/DL-Lab/DataSet/MTMC_Tracking_2025_Preprocessed/val/Hospital_000/crops/Person_0021/Camera/Person_0021_Camera_f002340_r002.jpg,None,-1,NOISE,0.0,True,False,0.056177124,-0.056155454,0.056177102,-0.0561548,-0.03408766
543,Person_0021,Hospital_000__Person_0021,21,21,Camera_03,13,Hospital_000,Person,1,0.6593001841620626,120,8910,/pfs/data6/home/st/st_us-053000/st_st191959/DL-Lab/DataSet/MTMC_Tracking_2025_Preprocessed/val/Hospital_000/crops/Person_0021/Camera_03/Person_0021_Camera_03_f000120_r005.jpg,None,31,Hospital_000__Person_0021,1.0,False,False,0.021272613,-0.10886756,0.02127263,-0.10886797,-0.07480809
1,Person_0021,Hospital_000__Person_0021,21,21,Camera_04,14,Hospital_000,Person,0,0.0,7680,7680,/pfs/data6/home/st/st_us-053000/st_st191959/DL-Lab/DataSet/MTMC_Tracking_2025_Preprocessed/val/Hospital_000/crops/Person_0021/Camera_04/Person_0021_Camera_04_f007680_r003.jpg,None,-1,NOISE,0.0,True,False,-0.15257737,-0.0042498135,-0.15257737,-0.0042506345,-0.19270466
379,Person_0021,Hospital_000__Person_0021,21,21,Camera_05,15,Hospital_000,Person,1,0.6543535620052771,30,8970,/pfs/data6/home/st/st_us-053000/st_st191959/DL-Lab/DataSet/MTMC_Tracking_2025_Preprocessed/val/Hospital_000/crops/Person_0021/Camera_05/Person_0021_Camera_05_f000030_r004.jpg,None,31,Hospital_000__Person_0021,1.0,False,False,-0.021028409,-0.12058358,-0.021028357,-0.12058466,-0.012969448
806,Person_0021,Hospital_000__Person_0021,21,21,Camera_06,16,Hospital_000,Person,1,0.6650124069478908,0,8970,/pfs/data6/home/st/st_us-053000/st_st191959/DL-Lab/DataSet/MTMC_Tracking_2025_Preprocessed/val/Hospital_000/crops/Person_0021/Camera_06/Person_0021_Camera_06_f000000_r002.jpg,None,31,Hospital_000__Person_0021,1.0,False,False,0.010252172,-0.10311998,0.010252205,-0.10311984,-0.084278084
239,Person_0021,Hospital_000__Person_0021,21,21,Camera_08,18,Hospital_000,Person,1,0.5188284518828452,90,8940,/pfs/data6/home/st/st_us-053000/st_st191959/DL-Lab/DataSet/MTMC_Tracking_2025_Preprocessed/val/Hospital_000/crops/Person_0021/Camera_08/Person_0021_Camera_08_f000090_r002.jpg,None,32,Hospital_000__Person_0021,0.5,False,False,0.16665803,0.019739814,0.166658,0.019741539,0.041727882
796,Person_0021,Hospital_000__Person_0021,21,21,Camera_09,19,Hospital_000,Person,1,0.6658291457286433,0,8970,/pfs/data6/home/st/st_us-053000/st_st191959/DL-Lab/DataSet/MTMC_Tracking_2025_Preprocessed/val/Hospital_000/crops/Person_0021/Camera_09/Person_0021_Camera_09_f000000_r002.jpg,None,31,Hospital_000__Person_0021,1.0,False,False,-0.012942719,-0.12712471,-0.012942715,-0.12712489,-0.075535476
86,Person_0021,Hospital_000__Person_0021,21,21,Camera_20,30,Hospital_000,Person,1,0.4883720930232558,2340,8670,/pfs/data6/home/st/st_us-053000/st_st191959/DL-Lab/DataSet/MTMC_Tracking_2025_Preprocessed/val/Hospital_000/crops/Person_0021/Camera_20/Person_0021_Camera_20_f002340_r003.jpg,None,-1,NOISE,0.0,True,False,0.020609556,-0.07140208,0.020609526,-0.0714007,-0.06046446
550,Person_0021,Hospital_000__Person_0021,21,21,Camera_22,32,Hospital_000,Person,1,0.6654545454545454,0,8940,/pfs/data6/home/st/st_us-053000/st_st191959/DL-Lab/DataSet/MTMC_Tracking_2025_Preprocessed/val/Hospital_000/crops/Person_0021/Camera_22/Person_0021_Camera_22_f000000_r002.jpg,None,31,Hospital_000__Person_0021,1.0,False,False,-0.0030305886,-0.13294426,-0.0030305681,-0.1329449,-0.048336115
3,Person_0021,Hospital_000__Person_0021,21,21,Camera_23,33,Hospital_000,Person,0,0.0,4140,6960,/pfs/data6/home/st/st_us-053000/st_st191959/DL-Lab/DataSet/MTMC_Tracking_2025_Preprocessed/val/Hospital_000/crops/Person_0021/Camera_23/Person_0021_Camera_23_f004140_r005.jpg,None,-1,NOISE,0.0,True,False,-0.3081701,-0.15636575,-0.30817026,-0.15636505,-0.0684372
789,Person_0021,Hospital_000__Person_0021,21,21,Camera_24,34,Hospital_000,Person,1,0.6666666666666666,30,8970,/pfs/data6/home/st/st_us-053000/st_st191959/DL-Lab/DataSet/MTMC_Tracking_2025_Preprocessed/val/Hospital_000/crops/Person_0021/Camera_24/Person_0021_Camera_24_f000030_r007.jpg,None,31,Hospital_000__Person_0021,1.0,False,False,-0.05295128,-0.12235289,-0.052951276,-0.12235345,-0.096151315
547,Person_0021,Hospital_000__Person_0021,21,21,Camera_26,36,Hospital_000,Person,1,0.6654478976234004,0,8970,/pfs/data6/home/st/st_us-053000/st_st191959/DL-Lab/DataSet/MTMC_Tracking_2025_Preprocessed/val/Hospital_000/crops/Person_0021/Camera_26/Person_0021_Camera_26_f000000_r001.jpg,None,-1,NOISE,0.0,True,False,-0.052375063,-0.113933444,-0.05237501,-0.113933355,-0.09818394
84,Person_0021,Hospital_000__Person_0021,21,21,Camera_27,37,Hospital_000,Person,1,0.07142857142857142,30,8910,/pfs/data6/home/st/st_us-053000/st_st191959/DL-Lab/DataSet/MTMC_Tracking_2025_Preprocessed/val/Hospital_000/crops/Person_0021/Camera_27/Person_0021_Camera_27_f000030_r004.jpg,None,-1,NOISE,0.0,True,False,-0.045174446,-0.024632897,-0.045174446,-0.024632525,0.013716362
117,Person_0021,Hospital_000__Person_0021,21,21,Camera_31,41,Hospital_000,Person,1,0.6666666666666666,3270,8610,/pfs/data6/home/st/st_us-053000/st_st191959/DL-Lab/DataSet/MTMC_Tracking_2025_Preprocessed/val/Hospital_000/crops/Person_0021/Camera_31/Person_0021_Camera_31_f003270_r001.jpg,None,-1,NOISE,0.0,True,False,-0.092328876,0.047043618,-0.09232886,0.047040965,-0.15031677
57,Person_0022,Hospital_000__Person_0022,22,22,Camera,0,Hospital_000,Person,1,0.5964912280701754,270,8220,/pfs/data6/home/st/st_us-053000/st_st191959/DL-Lab/DataSet/MTMC_Tracking_2025_Preprocessed/val/Hospital_000/crops/Person_0022/Camera/Person_0022_Camera_f000270_r000.jpg,None,-1,NOISE,0.0,True,False,-0.03128203,0.13078415,-0.03128215,0.13078582,0.097343735
144,Person_0022,Hospital_000__Person_0022,22,22,Camera_01,11,Hospital_000,Person,1,0.3472222222222222,2370,8910,/pfs/data6/home/st/st_us-053000/st_st191959/DL-Lab/DataSet/MTMC_Tracking_2025_Preprocessed/val/Hospital_000/crops/Person_0022/Camera_01/Person_0022_Camera_01_f002370_r002.jpg,None,-1,NOISE,0.0,True,False,-0.065062545,0.08727774,-0.06506268,0.08727864,0.119704455
129,Person_0022,Hospital_000__Person_0022,22,22,Camera_03,13,Hospital_000,Person,1,0.6666666666666666,240,1770,/pfs/data6/home/st/st_us-053000/st_st191959/DL-Lab/DataSet/MTMC_Tracking_2025_Preprocessed/val/Hospital_000/crops/Person_0022/Camera_03/Person_0022_Camera_03_f000240_r001.jpg,None,33,Hospital_000__Person_0022,1.0,False,False,-0.019915754,0.15022905,-0.019915905,0.1502301,0.08667757
546,Person_0022,Hospital_000__Person_0022,22,22,Camera_05,15,Hospital_000,Person,1,0.6666666666666666,1170,8820,/pfs/data6/home/st/st_us-053000/st_st191959/DL-Lab/DataSet/MTMC_Tracking_2025_Preprocessed/val/Hospital_000/crops/Person_0022/Camera_05/Person_0022_Camera_05_f001170_r000.jpg,None,33,Hospital_000__Person_0022,1.0,False,False,-0.04404606,0.17463093,-0.044046182,0.17463164,0.105305426
145,Person_0022,Hospital_000__Person_0022,22,22,Camera_06,16,Hospital_000,Person,1,0.6620689655172414,0,1740,/pfs/data6/home/st/st_us-053000/st_st191959/DL-Lab/DataSet/MTMC_Tracking_2025_Preprocessed/val/Hospital_000/crops/Person_0022/Camera_06/Person_0022_Camera_06_f000000_r000.jpg,None,33,Hospital_000__Person_0022,1.0,False,False,0.063333884,0.18485966,0.06333372,0.18486018,0.11158542
31,Person_0022,Hospital_000__Person_0022,22,22,Camera_08,18,Hospital_000,Person,1,0.1935483870967742,1380,8610,/pfs/data6/home/st/st_us-053000/st_st191959/DL-Lab/DataSet/MTMC_Tracking_2025_Preprocessed/val/Hospital_000/crops/Person_0022/Camera_08/Person_0022_Camera_08_f001380_r002.jpg,None,-1,NOISE,0.0,True,False,0.15253913,0.09822354,0.15253904,0.098225415,0.022802478
354,Person_0022,Hospital_000__Person_0022,22,22,Camera_09,19,Hospital_000,Person,1,0.632768361581921,240,8970,/pfs/data6/home/st/st_us-053000/st_st191959/DL-Lab/DataSet/MTMC_Tracking_2025_Preprocessed/val/Hospital_000/crops/Person_0022/Camera_09/Person_0022_Camera_09_f000240_r002.jpg,None,33,Hospital_000__Person_0022,1.0,False,False,0.00880154,0.18343861,0.008801388,0.18343896,0.09744353
109,Person_0022,Hospital_000__Person_0022,22,22,Camera_20,30,Hospital_000,Person,1,0.6605504587155964,720,8850,/pfs/data6/home/st/st_us-053000/st_st191959/DL-Lab/DataSet/MTMC_Tracking_2025_Preprocessed/val/Hospital_000/crops/Person_0022/Camera_20/Person_0022_Camera_20_f000720_r002.jpg,None,33,Hospital_000__Person_0022,1.0,False,False,0.026795227,0.1600591,0.02679515,0.1600591,0.10114878
105,Person_0022,Hospital_000__Person_0022,22,22,Camera_22,32,Hospital_000,Person,1,0.6666666666666666,840,3570,/pfs/data6/home/st/st_us-053000/st_st191959/DL-Lab/DataSet/MTMC_Tracking_2025_Preprocessed/val/Hospital_000/crops/Person_0022/Camera_22/Person_0022_Camera_22_f000840_r003.jpg,None,33,Hospital_000__Person_0022,1.0,False,False,-0.0665511,0.16342597,-0.06655121,0.16342634,0.11263643
153,Person_0022,Hospital_000__Person_0022,22,22,Camera_24,34,Hospital_000,Person,1,0.6666666666666666,240,3570,/pfs/data6/home/st/st_us-053000/st_st191959/DL-Lab/DataSet/MTMC_Tracking_2025_Preprocessed/val/Hospital_000/crops/Person_0022/Camera_24/Person_0022_Camera_24_f000240_r002.jpg,None,33,Hospital_000__Person_0022,1.0,False,False,-0.04254173,0.14808132,-0.04254186,0.14808165,0.0969317
91,Person_0022,Hospital_000__Person_0022,22,22,Camera_26,36,Hospital_000,Person,1,0.6593406593406593,870,1770,/pfs/data6/home/st/st_us-053000/st_st191959/DL-Lab/DataSet/MTMC_Tracking_2025_Preprocessed/val/Hospital_000/crops/Person_0022/Camera_26/Person_0022_Camera_26_f000870_r001.jpg,None,33,Hospital_000__Person_0022,1.0,False,False,-0.095133744,0.15221626,-0.09513391,0.15221657,0.05392854
6,Person_0022,Hospital_000__Person_0022,22,22,Camera_27,37,Hospital_000,Person,0,0.0,1200,3060,/pfs/data6/home/st/st_us-053000/st_st191959/DL-Lab/DataSet/MTMC_Tracking_2025_Preprocessed/val/Hospital_000/crops/Person_0022/Camera_27/Person_0022_Camera_27_f001200_r002.jpg,None,-1,NOISE,0.0,True,False,0.0093616685,0.10428541,0.009361586,0.10428601,-0.056841284
75,Person_0022,Hospital_000__Person_0022,22,22,Camera_31,41,Hospital_000,Person,1,0.6666666666666666,0,720,/pfs/data6/home/st/st_us-053000/st_st191959/DL-Lab/DataSet/MTMC_Tracking_2025_Preprocessed/val/Hospital_000/crops/Person_0022/Camera_31/Person_0022_Camera_31_f000000_r000.jpg,None,-1,NOISE,0.0,True,False,-0.20373595,0.1696105,-0.203736,0.16960995,0.008338494
106,Person_0023,Hospital_000__Person_0023,23,23,Camera,0,Hospital_000,Person,1,0.4339622641509434,30,7680,/pfs/data6/home/st/st_us-053000/st_st191959/DL-Lab/DataSet/MTMC_Tracking_2025_Preprocessed/val/Hospital_000/crops/Person_0023/Camera/Person_0023_Camera_f000030_r004.jpg,None,-1,NOISE,0.0,True,False,0.21425313,0.11332528,0.21425308,0.11332583,-0.016266014
42,Person_0023,Hospital_000__Person_0023,23,23,Camera_01,11,Hospital_000,Person,1,0.42857142857142855,60,810,/pfs/data6/home/st/st_us-053000/st_st191959/DL-Lab/DataSet/MTMC_Tracking_2025_Preprocessed/val/Hospital_000/crops/Person_0023/Camera_01/Person_0023_Camera_01_f000060_r003.jpg,None,-1,NOISE,0.0,True,False,0.081033416,0.06326034,0.08103344,0.063259296,0.11644408
418,Person_0023,Hospital_000__Person_0023,23,23,Camera_03,13,Hospital_000,Person,1,0.6650717703349283,1080,8430,/pfs/data6/home/st/st_us-053000/st_st191959/DL-Lab/DataSet/MTMC_Tracking_2025_Preprocessed/val/Hospital_000/crops/Person_0023/Camera_03/Person_0023_Camera_03_f001080_r012.jpg,None,34,Hospital_000__Person_0023,1.0,False,False,0.13901937,0.023937294,0.13901937,0.023938328,0.03852384
2,Person_0023,Hospital_000__Person_0023,23,23,Camera_04,14,Hospital_000,Person,0,0.0,3930,8430,/pfs/data6/home/st/st_us-053000/st_st191959/DL-Lab/DataSet/MTMC_Tracking_2025_Preprocessed/val/Hospital_000/crops/Person_0023/Camera_04/Person_0023_Camera_04_f003930_r004.jpg,None,-1,NOISE,0.0,True,False,-0.013599935,0.067698345,-0.013599959,0.067695834,0.055782594
376,Person_0023,Hospital_000__Person_0023,23,23,Camera_05,15,Hospital_000,Person,1,0.648936170212766,0,8970,/pfs/data6/home/st/st_us-053000/st_st191959/DL-Lab/DataSet/MTMC_Tracking_2025_Preprocessed/val/Hospital_000/crops/Person_0023/Camera_05/Person_0023_Camera_05_f000000_r005.jpg,None,-1,NOISE,0.0,True,False,0.13405716,0.013940023,0.13405718,0.013941012,0.030912628
520,Person_0023,Hospital_000__Person_0023,23,23,Camera_06,16,Hospital_000,Person,1,0.6576923076923077,1320,8970,/pfs/data6/home/st/st_us-053000/st_st191959/DL-Lab/DataSet/MTMC_Tracking_2025_Preprocessed/val/Hospital_000/crops/Person_0023/Camera_06/Person_0023_Camera_06_f001320_r005.jpg,None,34,Hospital_000__Person_0023,1.0,False,False,0.14869429,-0.0036485207,0.14869432,-0.0036483079,0.015047
101,Person_0023,Hospital_000__Person_0023,23,23,Camera_08,18,Hospital_000,Person,1,0.31683168316831684,210,8970,/pfs/data6/home/st/st_us-053000/st_st191959/DL-Lab/DataSet/MTMC_Tracking_2025_Preprocessed/val/Hospital_000/crops/Person_0023/Camera_08/Person_0023_Camera_08_f000210_r003.jpg,None,-1,NOISE,0.0,True,False,0.18127665,0.10220108,0.18127653,0.10220216,0.014348375
638,Person_0023,Hospital_000__Person_0023,23,23,Camera_09,19,Hospital_000,Person,1,0.658307210031348,1050,8970,/pfs/data6/home/st/st_us-053000/st_st191959/DL-Lab/DataSet/MTMC_Tracking_2025_Preprocessed/val/Hospital_000/crops/Person_0023/Camera_09/Person_0023_Camera_09_f001050_r006.jpg,None,34,Hospital_000__Person_0023,1.0,False,False,0.121273644,-0.022728866,0.12127373,-0.022728648,0.024541058
18,Person_0023,Hospital_000__Person_0023,23,23,Camera_19,29,Hospital_000,Person,1,0.6666666666666666,3960,7350,/pfs/data6/home/st/st_us-053000/st_st191959/DL-Lab/DataSet/MTMC_Tracking_2025_Preprocessed/val/Hospital_000/crops/Person_0023/Camera_19/Person_0023_Camera_19_f003960_r005.jpg,None,-1,NOISE,0.0,True,False,-0.085854575,0.19391447,-0.085854635,0.19391426,-0.009139354
27,Person_0023,Hospital_000__Person_0023,23,23,Camera_20,30,Hospital_000,Person,1,0.2962962962962963,2010,8250,/pfs/data6/home/st/st_us-053000/st_st191959/DL-Lab/DataSet/MTMC_Tracking_2025_Preprocessed/val/Hospital_000/crops/Person_0023/Camera_20/Person_0023_Camera_20_f002010_r000.jpg,None,-1,NOISE,0.0,True,False,0.1686979,0.040810775,0.16869791,0.040811535,-0.05151162
456,Person_0023,Hospital_000__Person_0023,23,23,Camera_22,32,Hospital_000,Person,1,0.6578947368421053,1050,8970,/pfs/data6/home/st/st_us-053000/st_st191959/DL-Lab/DataSet/MTMC_Tracking_2025_Preprocessed/val/Hospital_000/crops/Person_0023/Camera_22/Person_0023_Camera_22_f001050_r005.jpg,None,34,Hospital_000__Person_0023,1.0,False,False,0.11278459,-0.008814366,0.11278462,-0.00881465,-0.00020139776
1,Person_0023,Hospital_000__Person_0023,23,23,Camera_23,33,Hospital_000,Person,0,0.0,7470,7470,/pfs/data6/home/st/st_us-053000/st_st191959/DL-Lab/DataSet/MTMC_Tracking_2025_Preprocessed/val/Hospital_000/crops/Person_0023/Camera_23/Person_0023_Camera_23_f007470_r006.jpg,None,-1,NOISE,0.0,True,False,-0.19254336,-0.06635232,-0.19254325,-0.06635396,-0.1142514
555,Person_0023,Hospital_000__Person_0023,23,23,Camera_24,34,Hospital_000,Person,1,0.6666666666666666,1050,8970,/pfs/data6/home/st/st_us-053000/st_st191959/DL-Lab/DataSet/MTMC_Tracking_2025_Preprocessed/val/Hospital_000/crops/Person_0023/Camera_24/Person_0023_Camera_24_f001050_r015.jpg,None,34,Hospital_000__Person_0023,1.0,False,False,0.14336091,0.018692503,0.14336096,0.018692672,0.0449047
8,Person_0023,Hospital_000__Person_0023,23,23,Camera_25,35,Hospital_000,Person,0,0.0,2010,2220,/pfs/data6/home/st/st_us-053000/st_st191959/DL-Lab/DataSet/MTMC_Tracking_2025_Preprocessed/val/Hospital_000/crops/Person_0023/Camera_25/Person_0023_Camera_25_f002010_r002.jpg,None,-1,NOISE,0.0,True,False,-0.34436846,0.1514368,-0.34436855,0.15143363,-0.011841755
429,Person_0023,Hospital_000__Person_0023,23,23,Camera_26,36,Hospital_000,Person,1,0.6666666666666666,2910,8970,/pfs/data6/home/st/st_us-053000/st_st191959/DL-Lab/DataSet/MTMC_Tracking_2025_Preprocessed/val/Hospital_000/crops/Person_0023/Camera_26/Person_0023_Camera_26_f002910_r008.jpg,None,34,Hospital_000__Person_0023,1.0,False,False,0.15691577,0.0042191916,0.15691583,0.0042192754,-0.0023481466
55,Person_0023,Hospital_000__Person_0023,23,23,Camera_27,37,Hospital_000,Person,1,0.07272727272727272,840,8550,/pfs/data6/home/st/st_us-053000/st_st191959/DL-Lab/DataSet/MTMC_Tracking_2025_Preprocessed/val/Hospital_000/crops/Person_0023/Camera_27/Person_0023_Camera_27_f000840_r003.jpg,None,-1,NOISE,0.0,True,False,0.12180507,0.07777051,0.12180509,0.07777114,-0.06969802
108,Person_0023,Hospital_000__Person_0023,23,23,Camera_31,41,Hospital_000,Person,1,0.6666666666666666,1530,2610,/pfs/data6/home/st/st_us-053000/st_st191959/DL-Lab/DataSet/MTMC_Tracking_2025_Preprocessed/val/Hospital_000/crops/Person_0023/Camera_31/Person_0023_Camera_31_f001530_r001.jpg,None,-1,NOISE,0.0,True,False,0.11821875,0.07410617,0.11821874,0.07410571,0.048564933
248,Person_0024,Hospital_000__Person_0024,24,24,Camera_03,13,Hospital_000,Person,1,0.5,390,8970,/pfs/data6/home/st/st_us-053000/st_st191959/DL-Lab/DataSet/MTMC_Tracking_2025_Preprocessed/val/Hospital_000/crops/Person_0024/Camera_03/Person_0024_Camera_03_f000390_r016.jpg,None,-1,NOISE,0.0,True,False,-0.29760557,0.10583137,-0.29760572,0.10582939,-0.083047874
121,Person_0024,Hospital_000__Person_0024,24,24,Camera_04,14,Hospital_000,Person,1,0.21487603305785125,1020,8970,/pfs/data6/home/st/st_us-053000/st_st191959/DL-Lab/DataSet/MTMC_Tracking_2025_Preprocessed/val/Hospital_000/crops/Person_0024/Camera_04/Person_0024_Camera_04_f001020_r006.jpg,None,4,Hospital_000__Person_0003,0.5,False,True,0.18873641,0.10064648,0.18873632,0.100646965,-0.076556936
108,Person_0024,Hospital_000__Person_0024,24,24,Camera_05,15,Hospital_000,Person,1,0.2222222222222222,510,8730,/pfs/data6/home/st/st_us-053000/st_st191959/DL-Lab/DataSet/MTMC_Tracking_2025_Preprocessed/val/Hospital_000/crops/Person_0024/Camera_05/Person_0024_Camera_05_f000510_r010.jpg,None,-1,NOISE,0.0,True,False,-0.2848996,0.14242713,-0.2848995,0.1424259,-0.2211725
678,Person_0024,Hospital_000__Person_0024,24,24,Camera_08,18,Hospital_000,Person,1,0.6607669616519174,0,8970,/pfs/data6/home/st/st_us-053000/st_st191959/DL-Lab/DataSet/MTMC_Tracking_2025_Preprocessed/val/Hospital_000/crops/Person_0024/Camera_08/Person_0024_Camera_08_f000000_r007.jpg,None,-1,NOISE,0.0,True,False,0.17593749,0.045720167,0.17593746,0.045721155,-0.044350352
317,Person_0024,Hospital_000__Person_0024,24,24,Camera_18,28,Hospital_000,Person,1,0.6624605678233438,0,8640,/pfs/data6/home/st/st_us-053000/st_st191959/DL-Lab/DataSet/MTMC_Tracking_2025_Preprocessed/val/Hospital_000/crops/Person_0024/Camera_18/Person_0024_Camera_18_f000000_r001.jpg,None,-1,NOISE,0.0,True,False,0.10708052,0.060224526,0.10708053,0.060224444,0.06409695
714,Person_0024,Hospital_000__Person_0024,24,24,Camera_19,29,Hospital_000,Person,1,0.6246498599439776,0,8970,/pfs/data6/home/st/st_us-053000/st_st191959/DL-Lab/DataSet/MTMC_Tracking_2025_Preprocessed/val/Hospital_000/crops/Person_0024/Camera_19/Person_0024_Camera_19_f000000_r004.jpg,None,5,Hospital_000__Person_0003,0.6666666666666666,False,True,0.0892101,0.090897165,0.0892101,0.09089728,-0.08498976
359,Person_0024,Hospital_000__Person_0024,24,24,Camera_22,32,Hospital_000,Person,1,0.5793871866295265,510,8730,/pfs/data6/home/st/st_us-053000/st_st191959/DL-Lab/DataSet/MTMC_Tracking_2025_Preprocessed/val/Hospital_000/crops/Person_0024/Camera_22/Person_0024_Camera_22_f000510_r006.jpg,None,-1,NOISE,0.0,True,False,-0.198828,0.095042214,-0.19882801,0.0950412,-0.14272127
276,Person_0024,Hospital_000__Person_0024,24,24,Camera_24,34,Hospital_000,Person,1,0.41304347826086957,510,8820,/pfs/data6/home/st/st_us-053000/st_st191959/DL-Lab/DataSet/MTMC_Tracking_2025_Preprocessed/val/Hospital_000/crops/Person_0024/Camera_24/Person_0024_Camera_24_f000510_r019.jpg,None,-1,NOISE,0.0,True,False,-0.16435961,0.049914815,-0.1643596,0.04991405,-0.19756818
238,Person_0024,Hospital_000__Person_0024,24,24,Camera_26,36,Hospital_000,Person,1,0.6134453781512605,510,8730,/pfs/data6/home/st/st_us-053000/st_st191959/DL-Lab/DataSet/MTMC_Tracking_2025_Preprocessed/val/Hospital_000/crops/Person_0024/Camera_26/Person_0024_Camera_26_f000510_r005.jpg,None,-1,NOISE,0.0,True,False,-0.27467847,0.12718171,-0.27467853,0.12717971,-0.13572139
457,Person_0024,Hospital_000__Person_0024,24,24,Camera_27,37,Hospital_000,Person,1,0.6345733041575492,0,8970,/pfs/data6/home/st/st_us-053000/st_st191959/DL-Lab/DataSet/MTMC_Tracking_2025_Preprocessed/val/Hospital_000/crops/Person_0024/Camera_27/Person_0024_Camera_27_f000000_r007.jpg,None,4,Hospital_000__Person_0003,0.5,False,True,0.20491068,0.11310201,0.20491064,0.113102004,-0.04700934
41,Person_0025,Hospital_000__Person_0025,25,25,Camera,0,Hospital_000,Person,1,0.4878048780487805,6240,7620,/pfs/data6/home/st/st_us-053000/st_st191959/DL-Lab/DataSet/MTMC_Tracking_2025_Preprocessed/val/Hospital_000/crops/Person_0025/Camera/Person_0025_Camera_f006240_r000.jpg,None,-1,NOISE,0.0,True,False,-0.075555325,-0.08196136,-0.075555325,-0.08196223,0.024714073
296,Person_0025,Hospital_000__Person_0025,25,25,Camera_03,13,Hospital_000,Person,1,0.6216216216216216,90,8940,/pfs/data6/home/st/st_us-053000/st_st191959/DL-Lab/DataSet/MTMC_Tracking_2025_Preprocessed/val/Hospital_000/crops/Person_0025/Camera_03/Person_0025_Camera_03_f000090_r000.jpg,None,-1,NOISE,0.0,True,False,-0.10782906,-0.09866653,-0.10782899,-0.09866832,-0.002582386
61,Person_0025,Hospital_000__Person_0025,25,25,Camera_04,14,Hospital_000,Person,1,0.06557377049180328,30,8670,/pfs/data6/home/st/st_us-053000/st_st191959/DL-Lab/DataSet/MTMC_Tracking_2025_Preprocessed/val/Hospital_000/crops/Person_0025/Camera_04/Person_0025_Camera_04_f000030_r002.jpg,None,-1,NOISE,0.0,True,False,0.11240623,0.03179432,0.11240615,0.031792887,0.100915276
266,Person_0025,Hospital_000__Person_0025,25,25,Camera_05,15,Hospital_000,Person,1,0.5639097744360902,240,8970,/pfs/data6/home/st/st_us-053000/st_st191959/DL-Lab/DataSet/MTMC_Tracking_2025_Preprocessed/val/Hospital_000/crops/Person_0025/Camera_05/Person_0025_Camera_05_f000240_r001.jpg,None,-1,NOISE,0.0,True,False,-0.08923282,-0.055625346,-0.08923284,-0.055628188,0.06368534
456,Person_0025,Hospital_000__Person_0025,25,25,Camera_06,16,Hospital_000,Person,1,0.6535087719298246,3480,8940,/pfs/data6/home/st/st_us-053000/st_st191959/DL-Lab/DataSet/MTMC_Tracking_2025_Preprocessed/val/Hospital_000/crops/Person_0025/Camera_06/Person_0025_Camera_06_f003480_r003.jpg,None,35,Hospital_000__Person_0025,1.0,False,False,-0.06827781,-0.098179035,-0.068277776,-0.09818075,-0.007586256
358,Person_0025,Hospital_000__Person_0025,25,25,Camera_08,18,Hospital_000,Person,1,0.5921787709497207,0,8970,/pfs/data6/home/st/st_us-053000/st_st191959/DL-Lab/DataSet/MTMC_Tracking_2025_Preprocessed/val/Hospital_000/crops/Person_0025/Camera_08/Person_0025_Camera_08_f000000_r001.jpg,None,-1,NOISE,0.0,True,False,-0.119036496,-0.11820792,-0.11903644,-0.11820894,0.12561817
483,Person_0025,Hospital_000__Person_0025,25,25,Camera_09,19,Hospital_000,Person,1,0.6583850931677019,3480,8970,/pfs/data6/home/st/st_us-053000/st_st191959/DL-Lab/DataSet/MTMC_Tracking_2025_Preprocessed/val/Hospital_000/crops/Person_0025/Camera_09/Person_0025_Camera_09_f003480_r003.jpg,None,-1,NOISE,0.0,True,False,-0.17195624,-0.112199925,-0.17195612,-0.11220137,0.0056017158
207,Person_0025,Hospital_000__Person_0025,25,25,Camera_18,28,Hospital_000,Person,1,0.6666666666666666,0,2700,/pfs/data6/home/st/st_us-053000/st_st191959/DL-Lab/DataSet/MTMC_Tracking_2025_Preprocessed/val/Hospital_000/crops/Person_0025/Camera_18/Person_0025_Camera_18_f000000_r000.jpg,None,-1,NOISE,0.0,True,False,-0.3706708,-0.025051907,-0.3706708,-0.025053052,-0.0038703284
323,Person_0025,Hospital_000__Person_0025,25,25,Camera_19,29,Hospital_000,Person,1,0.6563467492260062,0,3630,/pfs/data6/home/st/st_us-053000/st_st191959/DL-Lab/DataSet/MTMC_Tracking_2025_Preprocessed/val/Hospital_000/crops/Person_0025/Camera_19/Person_0025_Camera_19_f000000_r001.jpg,None,-1,NOISE,0.0,True,False,-0.16332419,-0.11286759,-0.1633241,-0.11286881,-0.0045863823
18,Person_0025,Hospital_000__Person_0025,25,25,Camera_20,30,Hospital_000,Person,1,0.3333333333333333,6000,7080,/pfs/data6/home/st/st_us-053000/st_st191959/DL-Lab/DataSet/MTMC_Tracking_2025_Preprocessed/val/Hospital_000/crops/Person_0025/Camera_20/Person_0025_Camera_20_f006000_r000.jpg,None,-1,NOISE,0.0,True,False,-0.013682589,-0.114318684,-0.013682573,-0.11431858,-0.012821825
494,Person_0025,Hospital_000__Person_0025,25,25,Camera_22,32,Hospital_000,Person,1,0.6518218623481782,150,8970,/pfs/data6/home/st/st_us-053000/st_st191959/DL-Lab/DataSet/MTMC_Tracking_2025_Preprocessed/val/Hospital_000/crops/Person_0025/Camera_22/Person_0025_Camera_22_f000150_r001.jpg,None,-1,NOISE,0.0,True,False,-0.041955404,-0.08371121,-0.04195535,-0.08371366,0.014603606
2,Person_0025,Hospital_000__Person_0025,25,25,Camera_23,33,Hospital_000,Person,0,0.0,6630,7440,/pfs/data6/home/st/st_us-053000/st_st191959/DL-Lab/DataSet/MTMC_Tracking_2025_Preprocessed/val/Hospital_000/crops/Person_0025/Camera_23/Person_0025_Camera_23_f006630_r000.jpg,None,-1,NOISE,0.0,True,False,-0.14918463,-0.0027286862,-0.14918466,-0.0027311773,-0.08233452
547,Person_0025,Hospital_000__Person_0025,25,25,Camera_24,34,Hospital_000,Person,1,0.6325411334552102,90,8970,/pfs/data6/home/st/st_us-053000/st_st191959/DL-Lab/DataSet/MTMC_Tracking_2025_Preprocessed/val/Hospital_000/crops/Person_0025/Camera_24/Person_0025_Camera_24_f000090_r002.jpg,None,-1,NOISE,0.0,True,False,-0.009508011,-0.0785374,-0.009507979,-0.07853917,0.041309014
433,Person_0025,Hospital_000__Person_0025,25,25,Camera_26,36,Hospital_000,Person,1,0.6651270207852193,210,8970,/pfs/data6/home/st/st_us-053000/st_st191959/DL-Lab/DataSet/MTMC_Tracking_2025_Preprocessed/val/Hospital_000/crops/Person_0025/Camera_26/Person_0025_Camera_26_f000210_r001.jpg,None,35,Hospital_000__Person_0025,1.0,False,False,-0.048853107,-0.097519755,-0.048853077,-0.097521804,-0.014758305
295,Person_0025,Hospital_000__Person_0025,25,25,Camera_27,37,Hospital_000,Person,1,0.5288135593220339,0,8790,/pfs/data6/home/st/st_us-053000/st_st191959/DL-Lab/DataSet/MTMC_Tracking_2025_Preprocessed/val/Hospital_000/crops/Person_0025/Camera_27/Person_0025_Camera_27_f000000_r002.jpg,None,-1,NOISE,0.0,True,False,-0.20160879,-0.10091091,-0.20160879,-0.100912206,0.07106737
45,Person_0025,Hospital_000__Person_0025,25,25,Camera_31,41,Hospital_000,Person,1,0.6666666666666666,6330,7410,/pfs/data6/home/st/st_us-053000/st_st191959/DL-Lab/DataSet/MTMC_Tracking_2025_Preprocessed/val/Hospital_000/crops/Person_0025/Camera_31/Person_0025_Camera_31_f006330_r000.jpg,None,-1,NOISE,0.0,True,False,0.11938097,0.010354309,0.11938102,0.010353011,-0.009996494
40,Person_0026,Hospital_000__Person_0026,26,26,Camera,0,Hospital_000,Person,1,0.25,3780,8220,/pfs/data6/home/st/st_us-053000/st_st191959/DL-Lab/DataSet/MTMC_Tracking_2025_Preprocessed/val/Hospital_000/crops/Person_0026/Camera/Person_0026_Camera_f003780_r001.jpg,None,-1,NOISE,0.0,True,False,-0.08959132,-0.060946286,-0.089591324,-0.060946815,-0.019602742
142,Person_0026,Hospital_000__Person_0026,26,26,Camera_01,11,Hospital_000,Person,1,0.14084507042253522,240,7620,/pfs/data6/home/st/st_us-053000/st_st191959/DL-Lab/DataSet/MTMC_Tracking_2025_Preprocessed/val/Hospital_000/crops/Person_0026/Camera_01/Person_0026_Camera_01_f000240_r001.jpg,None,-1,NOISE,0.0,True,False,-0.12706284,-0.05482833,-0.12706286,-0.054828305,-0.05989392
78,Person_0026,Hospital_000__Person_0026,26,26,Camera_03,13,Hospital_000,Person,1,0.6666666666666666,6810,8970,/pfs/data6/home/st/st_us-053000/st_st191959/DL-Lab/DataSet/MTMC_Tracking_2025_Preprocessed/val/Hospital_000/crops/Person_0026/Camera_03/Person_0026_Camera_03_f006810_r002.jpg,None,-1,NOISE,0.0,True,False,-0.3298475,0.0759222,-0.32984754,0.0759228,-0.06735783
1,Person_0026,Hospital_000__Person_0026,26,26,Camera_04,14,Hospital_000,Person,0,0.0,8940,8940,/pfs/data6/home/st/st_us-053000/st_st191959/DL-Lab/DataSet/MTMC_Tracking_2025_Preprocessed/val/Hospital_000/crops/Person_0026/Camera_04/Person_0026_Camera_04_f008940_r001.jpg,None,-1,NOISE,0.0,True,False,-0.02728454,-0.040720917,-0.027284538,-0.04072117,0.06310748
666,Person_0026,Hospital_000__Person_0026,26,26,Camera_05,15,Hospital_000,Person,1,0.6666666666666666,0,8970,/pfs/data6/home/st/st_us-053000/st_st191959/DL-Lab/DataSet/MTMC_Tracking_2025_Preprocessed/val/Hospital_000/crops/Person_0026/Camera_05/Person_0026_Camera_05_f000000_r002.jpg,None,-1,NOISE,0.0,True,False,-0.05349253,-0.050928697,-0.05349251,-0.050928567,-0.08197011
32,Person_0026,Hospital_000__Person_0026,26,26,Camera_06,16,Hospital_000,Person,1,0.5,7980,8850,/pfs/data6/home/st/st_us-053000/st_st191959/DL-Lab/DataSet/MTMC_Tracking_2025_Preprocessed/val/Hospital_000/crops/Person_0026/Camera_06/Person_0026_Camera_06_f007980_r002.jpg,None,-1,NOISE,0.0,True,False,0.10831944,0.045430835,0.10831946,0.045429997,5.210289e-05
38,Person_0026,Hospital_000__Person_0026,26,26,Camera_08,18,Hospital_000,Person,1,0.15789473684210525,510,8940,/pfs/data6/home/st/st_us-053000/st_st191959/DL-Lab/DataSet/MTMC_Tracking_2025_Preprocessed/val/Hospital_000/crops/Person_0026/Camera_08/Person_0026_Camera_08_f000510_r000.jpg,None,-1,NOISE,0.0,True,False,0.15829921,0.030859593,0.15829918,0.030861001,-0.01688697
205,Person_0026,Hospital_000__Person_0026,26,26,Camera_09,19,Hospital_000,Person,1,0.6146341463414634,210,8970,/pfs/data6/home/st/st_us-053000/st_st191959/DL-Lab/DataSet/MTMC_Tracking_2025_Preprocessed/val/Hospital_000/crops/Person_0026/Camera_09/Person_0026_Camera_09_f000210_r001.jpg,None,-1,NOISE,0.0,True,False,-0.026357032,-0.020722816,-0.026357025,-0.02072245,-0.055683393
120,Person_0026,Hospital_000__Person_0026,26,26,Camera_20,30,Hospital_000,Person,1,0.6666666666666666,240,8460,/pfs/data6/home/st/st_us-053000/st_st191959/DL-Lab/DataSet/MTMC_Tracking_2025_Preprocessed/val/Hospital_000/crops/Person_0026/Camera_20/Person_0026_Camera_20_f000240_r001.jpg,None,-1,NOISE,0.0,True,False,0.031028766,0.0055890717,0.031028772,0.0055894232,-0.050616585
138,Person_0026,Hospital_000__Person_0026,26,26,Camera_22,32,Hospital_000,Person,1,0.6666666666666666,6450,8970,/pfs/data6/home/st/st_us-053000/st_st191959/DL-Lab/DataSet/MTMC_Tracking_2025_Preprocessed/val/Hospital_000/crops/Person_0026/Camera_22/Person_0026_Camera_22_f006450_r001.jpg,None,-1,NOISE,0.0,True,False,-0.08239213,-0.03307307,-0.08239215,-0.033072554,-0.08768584
160,Person_0026,Hospital_000__Person_0026,26,26,Camera_24,34,Hospital_000,Person,1,0.6625,6450,8970,/pfs/data6/home/st/st_us-053000/st_st191959/DL-Lab/DataSet/MTMC_Tracking_2025_Preprocessed/val/Hospital_000/crops/Person_0026/Camera_24/Person_0026_Camera_24_f006450_r001.jpg,None,-1,NOISE,0.0,True,False,-0.16069466,-0.02496003,-0.16069469,-0.024959987,-0.11133861
54,Person_0026,Hospital_000__Person_0026,26,26,Camera_26,36,Hospital_000,Person,1,0.6666666666666666,8220,8970,/pfs/data6/home/st/st_us-053000/st_st191959/DL-Lab/DataSet/MTMC_Tracking_2025_Preprocessed/val/Hospital_000/crops/Person_0026/Camera_26/Person_0026_Camera_26_f008220_r001.jpg,None,-1,NOISE,0.0,True,False,0.05477787,0.026415458,0.054777857,0.0264156,-0.051850755
17,Person_0026,Hospital_000__Person_0026,26,26,Camera_27,37,Hospital_000,Person,0,0.0,780,8940,/pfs/data6/home/st/st_us-053000/st_st191959/DL-Lab/DataSet/MTMC_Tracking_2025_Preprocessed/val/Hospital_000/crops/Person_0026/Camera_27/Person_0026_Camera_27_f000780_r001.jpg,None,-1,NOISE,0.0,True,False,0.0020620672,0.0065210843,0.0020620076,0.0065229144,-0.03105018
74,Person_0027,Hospital_000__Person_0027,27,27,Camera,0,Hospital_000,Person,1,0.3783783783783784,5610,8880,/pfs/data6/home/st/st_us-053000/st_st191959/DL-Lab/DataSet/MTMC_Tracking_2025_Preprocessed/val/Hospital_000/crops/Person_0027/Camera/Person_0027_Camera_f005610_r001.jpg,None,-1,NOISE,0.0,True,False,0.11022839,-0.02944674,0.110228345,-0.029446473,0.029228624
125,Person_0027,Hospital_000__Person_0027,27,27,Camera_01,11,Hospital_000,Person,1,0.144,0,7020,/pfs/data6/home/st/st_us-053000/st_st191959/DL-Lab/DataSet/MTMC_Tracking_2025_Preprocessed/val/Hospital_000/crops/Person_0027/Camera_01/Person_0027_Camera_01_f000000_r001.jpg,None,-1,NOISE,0.0,True,False,0.0337866,-0.12712649,0.033786576,-0.1271257,0.04807882
90,Person_0027,Hospital_000__Person_0027,27,27,Camera_03,13,Hospital_000,Person,1,0.6666666666666666,8100,8970,/pfs/data6/home/st/st_us-053000/st_st191959/DL-Lab/DataSet/MTMC_Tracking_2025_Preprocessed/val/Hospital_000/crops/Person_0027/Camera_03/Person_0027_Camera_03_f008100_r007.jpg,None,-1,NOISE,0.0,True,False,-0.064281546,-0.22692926,-0.06428147,-0.22692904,0.1756232
684,Person_0027,Hospital_000__Person_0027,27,27,Camera_05,15,Hospital_000,Person,1,0.6666666666666666,0,8970,/pfs/data6/home/st/st_us-053000/st_st191959/DL-Lab/DataSet/MTMC_Tracking_2025_Preprocessed/val/Hospital_000/crops/Person_0027/Camera_05/Person_0027_Camera_05_f000000_r003.jpg,None,36,Hospital_000__Person_0027,1.0,False,False,-0.055191036,-0.25309584,-0.05519106,-0.25309482,0.17651944
87,Person_0027,Hospital_000__Person_0027,27,27,Camera_06,16,Hospital_000,Person,1,0.6666666666666666,8130,8970,/pfs/data6/home/st/st_us-053000/st_st191959/DL-Lab/DataSet/MTMC_Tracking_2025_Preprocessed/val/Hospital_000/crops/Person_0027/Camera_06/Person_0027_Camera_06_f008130_r005.jpg,None,-1,NOISE,0.0,True,False,-0.076470904,-0.21161397,-0.07647094,-0.21161315,0.09113634
25,Person_0027,Hospital_000__Person_0027,27,27,Camera_08,18,Hospital_000,Person,1,0.08,600,8040,/pfs/data6/home/st/st_us-053000/st_st191959/DL-Lab/DataSet/MTMC_Tracking_2025_Preprocessed/val/Hospital_000/crops/Person_0027/Camera_08/Person_0027_Camera_08_f000600_r002.jpg,None,-1,NOISE,0.0,True,False,0.16794278,0.02020141,0.16794279,0.02020245,-0.001109213
359,Person_0027,Hospital_000__Person_0027,27,27,Camera_09,19,Hospital_000,Person,1,0.6573816155988857,780,8970,/pfs/data6/home/st/st_us-053000/st_st191959/DL-Lab/DataSet/MTMC_Tracking_2025_Preprocessed/val/Hospital_000/crops/Person_0027/Camera_09/Person_0027_Camera_09_f000780_r004.jpg,None,36,Hospital_000__Person_0027,1.0,False,False,-0.10896423,-0.22764358,-0.10896431,-0.22764239,0.12109444
190,Person_0027,Hospital_000__Person_0027,27,27,Camera_20,30,Hospital_000,Person,1,0.6421052631578947,240,8850,/pfs/data6/home/st/st_us-053000/st_st191959/DL-Lab/DataSet/MTMC_Tracking_2025_Preprocessed/val/Hospital_000/crops/Person_0027/Camera_20/Person_0027_Camera_20_f000240_r002.jpg,None,-1,NOISE,0.0,True,False,0.03745246,-0.19074175,0.037452534,-0.1907417,0.15681727
120,Person_0027,Hospital_000__Person_0027,27,27,Camera_22,32,Hospital_000,Person,1,0.6666666666666666,4920,8970,/pfs/data6/home/st/st_us-053000/st_st191959/DL-Lab/DataSet/MTMC_Tracking_2025_Preprocessed/val/Hospital_000/crops/Person_0027/Camera_22/Person_0027_Camera_22_f004920_r005.jpg,None,-1,NOISE,0.0,True,False,-0.29724512,-0.14371057,-0.29724517,-0.14371015,0.17500351
1,Person_0027,Hospital_000__Person_0027,27,27,Camera_23,33,Hospital_000,Person,0,0.0,8880,8880,/pfs/data6/home/st/st_us-053000/st_st191959/DL-Lab/DataSet/MTMC_Tracking_2025_Preprocessed/val/Hospital_000/crops/Person_0027/Camera_23/Person_0027_Camera_23_f008880_r001.jpg,None,-1,NOISE,0.0,True,False,-0.2414267,-0.03325825,-0.24142684,-0.033258345,-0.043749087
162,Person_0027,Hospital_000__Person_0027,27,27,Camera_24,34,Hospital_000,Person,1,0.6666666666666666,4920,8970,/pfs/data6/home/st/st_us-053000/st_st191959/DL-Lab/DataSet/MTMC_Tracking_2025_Preprocessed/val/Hospital_000/crops/Person_0027/Camera_24/Person_0027_Camera_24_f004920_r009.jpg,None,-1,NOISE,0.0,True,False,-0.11650248,-0.20783928,-0.11650236,-0.20783947,0.21129654
45,Person_0027,Hospital_000__Person_0027,27,27,Camera_26,36,Hospital_000,Person,1,0.6666666666666666,8130,8970,/pfs/data6/home/st/st_us-053000/st_st191959/DL-Lab/DataSet/MTMC_Tracking_2025_Preprocessed/val/Hospital_000/crops/Person_0027/Camera_26/Person_0027_Camera_26_f008130_r004.jpg,None,-1,NOISE,0.0,True,False,-0.28991103,-0.13936862,-0.289911,-0.13936898,0.21018243
3,Person_0027,Hospital_000__Person_0027,27,27,Camera_27,37,Hospital_000,Person,0,0.0,4320,8040,/pfs/data6/home/st/st_us-053000/st_st191959/DL-Lab/DataSet/MTMC_Tracking_2025_Preprocessed/val/Hospital_000/crops/Person_0027/Camera_27/Person_0027_Camera_27_f004320_r004.jpg,None,-1,NOISE,0.0,True,False,-0.009291192,0.02617556,-0.009291239,0.02617638,-0.06128775
24,Person_0027,Hospital_000__Person_0027,27,27,Camera_31,41,Hospital_000,Person,1,0.6666666666666666,8610,8820,/pfs/data6/home/st/st_us-053000/st_st191959/DL-Lab/DataSet/MTMC_Tracking_2025_Preprocessed/val/Hospital_000/crops/Person_0027/Camera_31/Person_0027_Camera_31_f008610_r001.jpg,None,-1,NOISE,0.0,True,False,0.109532624,0.029903546,0.10953256,0.029902162,0.14453748
59,Person_0028,Hospital_000__Person_0028,28,28,Camera,0,Hospital_000,Person,1,0.4406779661016949,990,5820,/pfs/data6/home/st/st_us-053000/st_st191959/DL-Lab/DataSet/MTMC_Tracking_2025_Preprocessed/val/Hospital_000/crops/Person_0028/Camera/Person_0028_Camera_f000990_r000.jpg,None,-1,NOISE,0.0,True,False,0.077466816,0.004405335,0.07746683,0.004406175,0.086048044
69,Person_0028,Hospital_000__Person_0028,28,28,Camera_01,11,Hospital_000,Person,1,0.3188405797101449,120,8970,/pfs/data6/home/st/st_us-053000/st_st191959/DL-Lab/DataSet/MTMC_Tracking_2025_Preprocessed/val/Hospital_000/crops/Person_0028/Camera_01/Person_0028_Camera_01_f000120_r000.jpg,None,-1,NOISE,0.0,True,False,-0.035512697,-0.023280261,-0.035512656,-0.023279715,0.05915852
260,Person_0028,Hospital_000__Person_0028,28,28,Camera_03,13,Hospital_000,Person,1,0.6538461538461539,690,5910,/pfs/data6/home/st/st_us-053000/st_st191959/DL-Lab/DataSet/MTMC_Tracking_2025_Preprocessed/val/Hospital_000/crops/Person_0028/Camera_03/Person_0028_Camera_03_f000690_r002.jpg,None,37,Hospital_000__Person_0028,0.6,False,False,-0.0023115505,0.009357478,-0.0023114707,0.009357616,0.032049045
20,Person_0028,Hospital_000__Person_0028,28,28,Camera_04,14,Hospital_000,Person,0,0.0,1500,8610,/pfs/data6/home/st/st_us-053000/st_st191959/DL-Lab/DataSet/MTMC_Tracking_2025_Preprocessed/val/Hospital_000/crops/Person_0028/Camera_04/Person_0028_Camera_04_f001500_r001.jpg,None,-1,NOISE,0.0,True,False,0.040171452,0.03377195,0.040171452,0.033772003,0.015425424
538,Person_0028,Hospital_000__Person_0028,28,28,Camera_05,15,Hospital_000,Person,1,0.6617100371747212,0,8970,/pfs/data6/home/st/st_us-053000/st_st191959/DL-Lab/DataSet/MTMC_Tracking_2025_Preprocessed/val/Hospital_000/crops/Person_0028/Camera_05/Person_0028_Camera_05_f000000_r001.jpg,None,37,Hospital_000__Person_0028,0.6,False,False,0.045918405,-0.014646359,0.04591847,-0.014645598,0.06439026
397,Person_0028,Hospital_000__Person_0028,28,28,Camera_06,16,Hospital_000,Person,1,0.6649874055415617,930,6420,/pfs/data6/home/st/st_us-053000/st_st191959/DL-Lab/DataSet/MTMC_Tracking_2025_Preprocessed/val/Hospital_000/crops/Person_0028/Camera_06/Person_0028_Camera_06_f000930_r001.jpg,None,37,Hospital_000__Person_0028,0.6,False,False,0.031425342,-0.0016903828,0.031425405,-0.0016897651,0.035296813
205,Person_0028,Hospital_000__Person_0028,28,28,Camera_08,18,Hospital_000,Person,1,0.37073170731707317,540,8670,/pfs/data6/home/st/st_us-053000/st_st191959/DL-Lab/DataSet/MTMC_Tracking_2025_Preprocessed/val/Hospital_000/crops/Person_0028/Camera_08/Person_0028_Camera_08_f000540_r000.jpg,None,-1,NOISE,0.0,True,False,0.10844884,0.068499535,0.1084488,0.06850138,0.02784406
667,Person_0028,Hospital_000__Person_0028,28,28,Camera_09,19,Hospital_000,Person,1,0.6656671664167916,150,7200,/pfs/data6/home/st/st_us-053000/st_st191959/DL-Lab/DataSet/MTMC_Tracking_2025_Preprocessed/val/Hospital_000/crops/Person_0028/Camera_09/Person_0028_Camera_09_f000150_r001.jpg,None,37,Hospital_000__Person_0028,0.6,False,False,0.06205594,0.0005648971,0.062056005,0.0005659477,0.0636794
112,Person_0028,Hospital_000__Person_0028,28,28,Camera_20,30,Hospital_000,Person,1,0.5535714285714286,180,8040,/pfs/data6/home/st/st_us-053000/st_st191959/DL-Lab/DataSet/MTMC_Tracking_2025_Preprocessed/val/Hospital_000/crops/Person_0028/Camera_20/Person_0028_Camera_20_f000180_r000.jpg,None,-1,NOISE,0.0,True,False,0.15055415,0.037863165,0.15055424,0.037865046,0.053140257
507,Person_0028,Hospital_000__Person_0028,28,28,Camera_22,32,Hospital_000,Person,1,0.6666666666666666,630,7230,/pfs/data6/home/st/st_us-053000/st_st191959/DL-Lab/DataSet/MTMC_Tracking_2025_Preprocessed/val/Hospital_000/crops/Person_0028/Camera_22/Person_0028_Camera_22_f000630_r001.jpg,None,37,Hospital_000__Person_0028,0.6,False,False,0.08155741,0.041730143,0.08155745,0.04173071,0.04423499
2,Person_0028,Hospital_000__Person_0028,28,28,Camera_23,33,Hospital_000,Person,0,0.0,4140,5700,/pfs/data6/home/st/st_us-053000/st_st191959/DL-Lab/DataSet/MTMC_Tracking_2025_Preprocessed/val/Hospital_000/crops/Person_0028/Camera_23/Person_0028_Camera_23_f004140_r000.jpg,None,-1,NOISE,0.0,True,False,-0.24885747,-0.0015166017,-0.24885744,-0.0015162644,-0.14392895
548,Person_0028,Hospital_000__Person_0028,28,28,Camera_24,34,Hospital_000,Person,1,0.6642335766423357,630,7410,/pfs/data6/home/st/st_us-053000/st_st191959/DL-Lab/DataSet/MTMC_Tracking_2025_Preprocessed/val/Hospital_000/crops/Person_0028/Camera_24/Person_0028_Camera_24_f000630_r002.jpg,None,37,Hospital_000__Person_0028,0.6,False,False,0.063876964,0.030550368,0.063877046,0.030550523,0.04353022
495,Person_0028,Hospital_000__Person_0028,28,28,Camera_26,36,Hospital_000,Person,1,0.6666666666666666,900,7170,/pfs/data6/home/st/st_us-053000/st_st191959/DL-Lab/DataSet/MTMC_Tracking_2025_Preprocessed/val/Hospital_000/crops/Person_0028/Camera_26/Person_0028_Camera_26_f000900_r001.jpg,None,-1,NOISE,0.0,True,False,0.003521351,0.00807643,0.003521391,0.008077669,-0.016607687
87,Person_0028,Hospital_000__Person_0028,28,28,Camera_27,37,Hospital_000,Person,1,0.09195402298850575,570,8610,/pfs/data6/home/st/st_us-053000/st_st191959/DL-Lab/DataSet/MTMC_Tracking_2025_Preprocessed/val/Hospital_000/crops/Person_0028/Camera_27/Person_0028_Camera_27_f000570_r000.jpg,None,-1,NOISE,0.0,True,False,0.026685214,-0.004583808,0.026685262,-0.004581523,0.029769724
565,Person_0029,Hospital_000__Person_0029,29,29,Camera_02,12,Hospital_000,Person,1,0.6584070796460177,0,5760,/pfs/data6/home/st/st_us-053000/st_st191959/DL-Lab/DataSet/MTMC_Tracking_2025_Preprocessed/val/Hospital_000/crops/Person_0029/Camera_02/Person_0029_Camera_02_f000000_r000.jpg,None,-1,NOISE,0.0,True,False,-0.20023982,-0.094355084,-0.20023979,-0.09435619,0.09610535
3,Person_0029,Hospital_000__Person_0029,29,29,Camera_03,13,Hospital_000,Person,0,0.0,5760,6900,/pfs/data6/home/st/st_us-053000/st_st191959/DL-Lab/DataSet/MTMC_Tracking_2025_Preprocessed/val/Hospital_000/crops/Person_0029/Camera_03/Person_0029_Camera_03_f005760_r004.jpg,None,-1,NOISE,0.0,True,False,-0.14773583,0.04541793,-0.14773577,0.04541733,-0.17157665
33,Person_0029,Hospital_000__Person_0029,29,29,Camera_10,20,Hospital_000,Person,1,0.6666666666666666,5730,6840,/pfs/data6/home/st/st_us-053000/st_st191959/DL-Lab/DataSet/MTMC_Tracking_2025_Preprocessed/val/Hospital_000/crops/Person_0029/Camera_10/Person_0029_Camera_10_f005730_r000.jpg,None,-1,NOISE,0.0,True,False,-0.09406983,-0.0830599,-0.0940698,-0.08306039,0.044459563
66,Person_0029,Hospital_000__Person_0029,29,29,Camera_12,22,Hospital_000,Person,1,0.6666666666666666,450,1380,/pfs/data6/home/st/st_us-053000/st_st191959/DL-Lab/DataSet/MTMC_Tracking_2025_Preprocessed/val/Hospital_000/crops/Person_0029/Camera_12/Person_0029_Camera_12_f000450_r000.jpg,None,-1,NOISE,0.0,True,False,-0.22578442,-0.021862684,-0.22578438,-0.021864774,0.053736318
339,Person_0029,Hospital_000__Person_0029,29,29,Camera_13,23,Hospital_000,Person,1,0.44837758112094395,0,5730,/pfs/data6/home/st/st_us-053000/st_st191959/DL-Lab/DataSet/MTMC_Tracking_2025_Preprocessed/val/Hospital_000/crops/Person_0029/Camera_13/Person_0029_Camera_13_f000000_r000.jpg,None,38,Hospital_000__Person_0029,1.0,False,False,0.09980338,0.03548834,0.09980336,0.035489038,0.026462635
105,Person_0029,Hospital_000__Person_0029,29,29,Camera_16,26,Hospital_000,Person,1,0.6666666666666666,6600,7620,/pfs/data6/home/st/st_us-053000/st_st191959/DL-Lab/DataSet/MTMC_Tracking_2025_Preprocessed/val/Hospital_000/crops/Person_0029/Camera_16/Person_0029_Camera_16_f006600_r001.jpg,None,39,Hospital_000__Person_0029,1.0,False,False,0.13200861,0.043456107,0.13200864,0.04345667,0.091798164
338,Person_0029,Hospital_000__Person_0029,29,29,Camera_17,27,Hospital_000,Person,1,0.44970414201183434,0,5730,/pfs/data6/home/st/st_us-053000/st_st191959/DL-Lab/DataSet/MTMC_Tracking_2025_Preprocessed/val/Hospital_000/crops/Person_0029/Camera_17/Person_0029_Camera_17_f000000_r000.jpg,None,38,Hospital_000__Person_0029,1.0,False,False,0.0856643,0.038845576,0.08566419,0.038846046,0.033392724
228,Person_0029,Hospital_000__Person_0029,29,29,Camera_21,31,Hospital_000,Person,1,0.6666666666666666,6300,8550,/pfs/data6/home/st/st_us-053000/st_st191959/DL-Lab/DataSet/MTMC_Tracking_2025_Preprocessed/val/Hospital_000/crops/Person_0029/Camera_21/Person_0029_Camera_21_f006300_r001.jpg,None,39,Hospital_000__Person_0029,1.0,False,False,0.0981896,0.018054906,0.09818968,0.01805519,0.02562964
142,Person_0029,Hospital_000__Person_0029,29,29,Camera_23,33,Hospital_000,Person,1,0.6619718309859155,6180,8460,/pfs/data6/home/st/st_us-053000/st_st191959/DL-Lab/DataSet/MTMC_Tracking_2025_Preprocessed/val/Hospital_000/crops/Person_0029/Camera_23/Person_0029_Camera_23_f006180_r001.jpg,None,39,Hospital_000__Person_0029,1.0,False,False,0.089275554,0.018584864,0.08927556,0.018585958,0.009013424
4,Person_0029,Hospital_000__Person_0029,29,29,Camera_24,34,Hospital_000,Person,0,0.0,6270,6900,/pfs/data6/home/st/st_us-053000/st_st191959/DL-Lab/DataSet/MTMC_Tracking_2025_Preprocessed/val/Hospital_000/crops/Person_0029/Camera_24/Person_0029_Camera_24_f006270_r006.jpg,None,-1,NOISE,0.0,True,False,-0.15046573,-0.019150043,-0.15046576,-0.01915175,-0.11079168
168,Person_0029,Hospital_000__Person_0029,29,29,Camera_25,35,Hospital_000,Person,1,0.6666666666666666,6240,8520,/pfs/data6/home/st/st_us-053000/st_st191959/DL-Lab/DataSet/MTMC_Tracking_2025_Preprocessed/val/Hospital_000/crops/Person_0029/Camera_25/Person_0029_Camera_25_f006240_r001.jpg,None,39,Hospital_000__Person_0029,1.0,False,False,0.118488714,0.00785762,0.11848874,0.007858662,0.0570137
29,Person_0029,Hospital_000__Person_0029,29,29,Camera_28,38,Hospital_000,Person,1,0.06896551724137931,1620,6870,/pfs/data6/home/st/st_us-053000/st_st191959/DL-Lab/DataSet/MTMC_Tracking_2025_Preprocessed/val/Hospital_000/crops/Person_0029/Camera_28/Person_0029_Camera_28_f001620_r001.jpg,None,-1,NOISE,0.0,True,False,-0.033382166,0.010183218,-0.033382192,0.01018258,0.05949992
27,Person_0029,Hospital_000__Person_0029,29,29,Camera_29,39,Hospital_000,Person,1,0.6666666666666666,6600,6840,/pfs/data6/home/st/st_us-053000/st_st191959/DL-Lab/DataSet/MTMC_Tracking_2025_Preprocessed/val/Hospital_000/crops/Person_0029/Camera_29/Person_0029_Camera_29_f006600_r001.jpg,None,-1,NOISE,0.0,True,False,-0.0026017004,-0.05469373,-0.0026016673,-0.05469411,0.046001635
138,Person_0029,Hospital_000__Person_0029,29,29,Camera_30,40,Hospital_000,Person,1,0.6666666666666666,7230,8970,/pfs/data6/home/st/st_us-053000/st_st191959/DL-Lab/DataSet/MTMC_Tracking_2025_Preprocessed/val/Hospital_000/crops/Person_0029/Camera_30/Person_0029_Camera_30_f007230_r002.jpg,None,39,Hospital_000__Person_0029,1.0,False,False,0.09994457,-0.041872818,0.09994452,-0.04187246,0.03839578
325,Person_0030,Hospital_000__Person_0030,30,30,Camera_03,13,Hospital_000,Person,1,0.5969230769230769,480,8970,/pfs/data6/home/st/st_us-053000/st_st191959/DL-Lab/DataSet/MTMC_Tracking_2025_Preprocessed/val/Hospital_000/crops/Person_0030/Camera_03/Person_0030_Camera_03_f000480_r000.jpg,None,40,Hospital_000__Person_0030,1.0,False,False,-0.31830537,0.20511717,-0.31830564,0.20511925,-0.099052735
348,Person_0030,Hospital_000__Person_0030,30,30,Camera_04,14,Hospital_000,Person,1,0.5632183908045977,0,8640,/pfs/data6/home/st/st_us-053000/st_st191959/DL-Lab/DataSet/MTMC_Tracking_2025_Preprocessed/val/Hospital_000/crops/Person_0030/Camera_04/Person_0030_Camera_04_f000000_r000.jpg,None,-1,NOISE,0.0,True,False,0.0702917,0.1362008,0.07029169,0.1362011,-0.047321513
14,Person_0030,Hospital_000__Person_0030,30,30,Camera_05,15,Hospital_000,Person,1,0.5714285714285714,2490,2640,/pfs/data6/home/st/st_us-053000/st_st191959/DL-Lab/DataSet/MTMC_Tracking_2025_Preprocessed/val/Hospital_000/crops/Person_0030/Camera_05/Person_0030_Camera_05_f002490_r000.jpg,None,-1,NOISE,0.0,True,False,-0.41556272,0.19661559,-0.4155627,0.19661564,-0.12309719
33,Person_0030,Hospital_000__Person_0030,30,30,Camera_07,17,Hospital_000,Person,1,0.6666666666666666,0,1830,/pfs/data6/home/st/st_us-053000/st_st191959/DL-Lab/DataSet/MTMC_Tracking_2025_Preprocessed/val/Hospital_000/crops/Person_0030/Camera_07/Person_0030_Camera_07_f000000_r000.jpg,None,-1,NOISE,0.0,True,False,-0.37158084,0.30490834,-0.37158114,0.30490628,0.04910206
492,Person_0030,Hospital_000__Person_0030,30,30,Camera_08,18,Hospital_000,Person,1,0.6666666666666666,120,8670,/pfs/data6/home/st/st_us-053000/st_st191959/DL-Lab/DataSet/MTMC_Tracking_2025_Preprocessed/val/Hospital_000/crops/Person_0030/Camera_08/Person_0030_Camera_08_f000120_r000.jpg,None,41,Hospital_000__Person_0030,1.0,False,False,-0.010286415,0.16656859,-0.010286431,0.1665684,-0.026170272
571,Person_0030,Hospital_000__Person_0030,30,30,Camera_18,28,Hospital_000,Person,1,0.6514886164623468,120,8970,/pfs/data6/home/st/st_us-053000/st_st191959/DL-Lab/DataSet/MTMC_Tracking_2025_Preprocessed/val/Hospital_000/crops/Person_0030/Camera_18/Person_0030_Camera_18_f000120_r000.jpg,None,41,Hospital_000__Person_0030,1.0,False,False,-0.0072285896,0.16862611,-0.007228646,0.16862631,-0.03330371
838,Person_0030,Hospital_000__Person_0030,30,30,Camera_19,29,Hospital_000,Person,1,0.6563245823389021,0,8970,/pfs/data6/home/st/st_us-053000/st_st191959/DL-Lab/DataSet/MTMC_Tracking_2025_Preprocessed/val/Hospital_000/crops/Person_0030/Camera_19/Person_0030_Camera_19_f000000_r000.jpg,None,-1,NOISE,0.0,True,False,-0.0488151,0.14374132,-0.04881516,0.14374137,-0.061245363
238,Person_0030,Hospital_000__Person_0030,30,30,Camera_22,32,Hospital_000,Person,1,0.5126050420168067,540,8970,/pfs/data6/home/st/st_us-053000/st_st191959/DL-Lab/DataSet/MTMC_Tracking_2025_Preprocessed/val/Hospital_000/crops/Person_0030/Camera_22/Person_0030_Camera_22_f000540_r000.jpg,None,40,Hospital_000__Person_0030,1.0,False,False,-0.3165249,0.18355289,-0.31652504,0.18355483,-0.10540301
174,Person_0030,Hospital_000__Person_0030,30,30,Camera_24,34,Hospital_000,Person,1,0.26436781609195403,480,8970,/pfs/data6/home/st/st_us-053000/st_st191959/DL-Lab/DataSet/MTMC_Tracking_2025_Preprocessed/val/Hospital_000/crops/Person_0030/Camera_24/Person_0030_Camera_24_f000480_r000.jpg,None,-1,NOISE,0.0,True,False,-0.32154346,0.19167335,-0.32154372,0.19167547,-0.17521082
12,Person_0030,Hospital_000__Person_0030,30,30,Camera_26,36,Hospital_000,Person,1,0.6666666666666666,2550,2640,/pfs/data6/home/st/st_us-053000/st_st191959/DL-Lab/DataSet/MTMC_Tracking_2025_Preprocessed/val/Hospital_000/crops/Person_0030/Camera_26/Person_0030_Camera_26_f002550_r000.jpg,None,-1,NOISE,0.0,True,False,-0.43539983,0.22211729,-0.43540022,0.2221174,-0.05707856
471,Person_0030,Hospital_000__Person_0030,30,30,Camera_27,37,Hospital_000,Person,1,0.6666666666666666,0,8640,/pfs/data6/home/st/st_us-053000/st_st191959/DL-Lab/DataSet/MTMC_Tracking_2025_Preprocessed/val/Hospital_000/crops/Person_0030/Camera_27/Person_0030_Camera_27_f000000_r000.jpg,None,41,Hospital_000__Person_0030,1.0,False,False,0.008281525,0.16776326,0.008281473,0.16776347,-0.0480712
4,Person_0031,Hospital_000__Person_0031,31,31,Camera_03,13,Hospital_000,Person,0,0.0,3000,7500,/pfs/data6/home/st/st_us-053000/st_st191959/DL-Lab/DataSet/MTMC_Tracking_2025_Preprocessed/val/Hospital_000/crops/Person_0031/Camera_03/Person_0031_Camera_03_f003000_r008.jpg,None,-1,NOISE,0.0,True,False,-0.19460882,-0.0045760362,-0.19460885,-0.004575628,-0.35316575
181,Person_0031,Hospital_000__Person_0031,31,31,Camera_04,14,Hospital_000,Person,1,0.6629834254143646,0,4200,/pfs/data6/home/st/st_us-053000/st_st191959/DL-Lab/DataSet/MTMC_Tracking_2025_Preprocessed/val/Hospital_000/crops/Person_0031/Camera_04/Person_0031_Camera_04_f000000_r005.jpg,None,-1,NOISE,0.0,True,False,-0.09438684,-0.01685731,-0.094386876,-0.016858539,-0.19545047
123,Person_0031,Hospital_000__Person_0031,31,31,Camera_07,17,Hospital_000,Person,1,0.5691056910569106,0,4170,/pfs/data6/home/st/st_us-053000/st_st191959/DL-Lab/DataSet/MTMC_Tracking_2025_Preprocessed/val/Hospital_000/crops/Person_0031/Camera_07/Person_0031_Camera_07_f000000_r001.jpg,None,-1,NOISE,0.0,True,False,0.063427955,-0.0256158,0.06342796,-0.025614925,-0.18893759
390,Person_0031,Hospital_000__Person_0031,31,31,Camera_10,20,Hospital_000,Person,1,0.6666666666666666,0,5160,/pfs/data6/home/st/st_us-053000/st_st191959/DL-Lab/DataSet/MTMC_Tracking_2025_Preprocessed/val/Hospital_000/crops/Person_0031/Camera_10/Person_0031_Camera_10_f000000_r003.jpg,None,-1,NOISE,0.0,True,False,-0.037396766,-0.027552854,-0.037396785,-0.027553344,-0.24378082
587,Person_0031,Hospital_000__Person_0031,31,31,Camera_16,26,Hospital_000,Person,1,0.6643952299829642,210,8970,/pfs/data6/home/st/st_us-053000/st_st191959/DL-Lab/DataSet/MTMC_Tracking_2025_Preprocessed/val/Hospital_000/crops/Person_0031/Camera_16/Person_0031_Camera_16_f000210_r004.jpg,None,42,Hospital_000__Person_0031,1.0,False,False,-0.029085854,-0.025499333,-0.029085899,-0.025499383,-0.2123516
3,Person_0031,Hospital_000__Person_0031,31,31,Camera_19,29,Hospital_000,Person,0,0.0,480,1770,/pfs/data6/home/st/st_us-053000/st_st191959/DL-Lab/DataSet/MTMC_Tracking_2025_Preprocessed/val/Hospital_000/crops/Person_0031/Camera_19/Person_0031_Camera_19_f000480_r003.jpg,None,-1,NOISE,0.0,True,False,-0.12742808,-0.008342044,-0.12742816,-0.008341512,-0.31290424
789,Person_0031,Hospital_000__Person_0031,31,31,Camera_21,31,Hospital_000,Person,1,0.6514575411913816,0,8970,/pfs/data6/home/st/st_us-053000/st_st191959/DL-Lab/DataSet/MTMC_Tracking_2025_Preprocessed/val/Hospital_000/crops/Person_0031/Camera_21/Person_0031_Camera_21_f000000_r004.jpg,None,-1,NOISE,0.0,True,False,-0.0061882786,-0.002511421,-0.0061883177,-0.002511028,-0.20537604
378,Person_0031,Hospital_000__Person_0031,31,31,Camera_23,33,Hospital_000,Person,1,0.6507936507936508,3000,8970,/pfs/data6/home/st/st_us-053000/st_st191959/DL-Lab/DataSet/MTMC_Tracking_2025_Preprocessed/val/Hospital_000/crops/Person_0031/Camera_23/Person_0031_Camera_23_f003000_r003.jpg,None,42,Hospital_000__Person_0031,1.0,False,False,0.012880263,-0.023511548,0.012880244,-0.023511853,-0.1965089
8,Person_0031,Hospital_000__Person_0031,31,31,Camera_24,34,Hospital_000,Person,0,0.0,3000,7710,/pfs/data6/home/st/st_us-053000/st_st191959/DL-Lab/DataSet/MTMC_Tracking_2025_Preprocessed/val/Hospital_000/crops/Person_0031/Camera_24/Person_0031_Camera_24_f003000_r014.jpg,None,-1,NOISE,0.0,True,False,-0.19448645,-0.02337557,-0.1944865,-0.023376096,-0.22058901
272,Person_0031,Hospital_000__Person_0031,31,31,Camera_25,35,Hospital_000,Person,1,0.6617647058823529,3060,8970,/pfs/data6/home/st/st_us-053000/st_st191959/DL-Lab/DataSet/MTMC_Tracking_2025_Preprocessed/val/Hospital_000/crops/Person_0031/Camera_25/Person_0031_Camera_25_f003060_r000.jpg,None,42,Hospital_000__Person_0031,1.0,False,False,0.0013615072,-0.020532422,0.0013614553,-0.020532833,-0.1786544
74,Person_0031,Hospital_000__Person_0031,31,31,Camera_28,38,Hospital_000,Person,1,0.16216216216216217,1440,8970,/pfs/data6/home/st/st_us-053000/st_st191959/DL-Lab/DataSet/MTMC_Tracking_2025_Preprocessed/val/Hospital_000/crops/Person_0031/Camera_28/Person_0031_Camera_28_f001440_r006.jpg,None,-1,NOISE,0.0,True,False,-0.09403767,-0.06820764,-0.09403765,-0.0682093,-0.1806577
400,Person_0031,Hospital_000__Person_0031,31,31,Camera_29,39,Hospital_000,Person,1,0.665,180,5160,/pfs/data6/home/st/st_us-053000/st_st191959/DL-Lab/DataSet/MTMC_Tracking_2025_Preprocessed/val/Hospital_000/crops/Person_0031/Camera_29/Person_0031_Camera_29_f000180_r003.jpg,None,-1,NOISE,0.0,True,False,-0.08398196,-0.024897683,-0.083982006,-0.024898782,-0.1728522
226,Person_0031,Hospital_000__Person_0031,31,31,Camera_30,40,Hospital_000,Person,1,0.6637168141592921,3120,8730,/pfs/data6/home/st/st_us-053000/st_st191959/DL-Lab/DataSet/MTMC_Tracking_2025_Preprocessed/val/Hospital_000/crops/Person_0031/Camera_30/Person_0031_Camera_30_f003120_r000.jpg,None,-1,NOISE,0.0,True,False,-0.018882459,0.016038824,-0.018882522,0.016038783,-0.22519958
99,Person_0032,Hospital_000__Person_0032,32,32,Camera_03,13,Hospital_000,Person,1,0.46464646464646464,720,4200,/pfs/data6/home/st/st_us-053000/st_st191959/DL-Lab/DataSet/MTMC_Tracking_2025_Preprocessed/val/Hospital_000/crops/Person_0032/Camera_03/Person_0032_Camera_03_f000720_r013.jpg,None,-1,NOISE,0.0,True,False,-0.2955232,0.04510126,-0.29552343,0.04510501,-0.2823585
109,Person_0032,Hospital_000__Person_0032,32,32,Camera_04,14,Hospital_000,Person,1,0.3119266055045872,0,4560,/pfs/data6/home/st/st_us-053000/st_st191959/DL-Lab/DataSet/MTMC_Tracking_2025_Preprocessed/val/Hospital_000/crops/Person_0032/Camera_04/Person_0032_Camera_04_f000000_r006.jpg,None,-1,NOISE,0.0,True,False,0.018290749,0.03510282,0.018290702,0.03510348,-0.1976797
112,Person_0032,Hospital_000__Person_0032,32,32,Camera_05,15,Hospital_000,Person,1,0.03571428571428571,780,8970,/pfs/data6/home/st/st_us-053000/st_st191959/DL-Lab/DataSet/MTMC_Tracking_2025_Preprocessed/val/Hospital_000/crops/Person_0032/Camera_05/Person_0032_Camera_05_f000780_r010.jpg,None,-1,NOISE,0.0,True,False,0.20021716,0.12938643,0.20021711,0.1293865,-0.035525825
21,Person_0032,Hospital_000__Person_0032,32,32,Camera_07,17,Hospital_000,Person,1,0.6666666666666666,0,180,/pfs/data6/home/st/st_us-053000/st_st191959/DL-Lab/DataSet/MTMC_Tracking_2025_Preprocessed/val/Hospital_000/crops/Person_0032/Camera_07/Person_0032_Camera_07_f000000_r002.jpg,None,-1,NOISE,0.0,True,False,-0.10003136,0.013482171,-0.10003147,0.013483856,-0.18617359
330,Person_0032,Hospital_000__Person_0032,32,32,Camera_08,18,Hospital_000,Person,1,0.6181818181818182,210,5550,/pfs/data6/home/st/st_us-053000/st_st191959/DL-Lab/DataSet/MTMC_Tracking_2025_Preprocessed/val/Hospital_000/crops/Person_0032/Camera_08/Person_0032_Camera_08_f000210_r004.jpg,None,-1,NOISE,0.0,True,False,-0.10804367,-0.014876805,-0.10804382,-0.014875808,-0.22159663
333,Person_0032,Hospital_000__Person_0032,32,32,Camera_09,19,Hospital_000,Person,1,0.6606606606606606,5490,8970,/pfs/data6/home/st/st_us-053000/st_st191959/DL-Lab/DataSet/MTMC_Tracking_2025_Preprocessed/val/Hospital_000/crops/Person_0032/Camera_09/Person_0032_Camera_09_f005490_r011.jpg,None,-1,NOISE,0.0,True,False,-0.1058078,0.03639314,-0.10580787,0.03639472,-0.025691712
166,Person_0032,Hospital_000__Person_0032,32,32,Camera_18,28,Hospital_000,Person,1,0.6626506024096386,210,3120,/pfs/data6/home/st/st_us-053000/st_st191959/DL-Lab/DataSet/MTMC_Tracking_2025_Preprocessed/val/Hospital_000/crops/Person_0032/Camera_18/Person_0032_Camera_18_f000210_r001.jpg,None,-1,NOISE,0.0,True,False,-0.17477879,0.008063914,-0.17477897,0.008066175,-0.19284782
440,Person_0032,Hospital_000__Person_0032,32,32,Camera_19,29,Hospital_000,Person,1,0.6454545454545455,90,5400,/pfs/data6/home/st/st_us-053000/st_st191959/DL-Lab/DataSet/MTMC_Tracking_2025_Preprocessed/val/Hospital_000/crops/Person_0032/Camera_19/Person_0032_Camera_19_f000090_r003.jpg,None,-1,NOISE,0.0,True,False,-0.08410331,0.004477706,-0.084103405,0.004478586,-0.16992834
476,Person_0032,Hospital_000__Person_0032,32,32,Camera_22,32,Hospital_000,Person,1,0.5966386554621849,780,8970,/pfs/data6/home/st/st_us-053000/st_st191959/DL-Lab/DataSet/MTMC_Tracking_2025_Preprocessed/val/Hospital_000/crops/Person_0032/Camera_22/Person_0032_Camera_22_f000780_r007.jpg,None,-1,NOISE,0.0,True,False,-0.04800566,0.013292239,-0.04800571,0.013294249,-0.20905964
460,Person_0032,Hospital_000__Person_0032,32,32,Camera_24,34,Hospital_000,Person,1,0.5869565217391305,780,8970,/pfs/data6/home/st/st_us-053000/st_st191959/DL-Lab/DataSet/MTMC_Tracking_2025_Preprocessed/val/Hospital_000/crops/Person_0032/Camera_24/Person_0032_Camera_24_f000780_r015.jpg,None,-1,NOISE,0.0,True,False,-0.05972615,0.029097859,-0.059726145,0.029098537,-0.16945313
353,Person_0032,Hospital_000__Person_0032,32,32,Camera_26,36,Hospital_000,Person,1,0.6628895184135978,3300,8940,/pfs/data6/home/st/st_us-053000/st_st191959/DL-Lab/DataSet/MTMC_Tracking_2025_Preprocessed/val/Hospital_000/crops/Person_0032/Camera_26/Person_0032_Camera_26_f003300_r009.jpg,None,-1,NOISE,0.0,True,False,0.04202243,0.0770075,0.042022355,0.07700919,-0.09192872
241,Person_0032,Hospital_000__Person_0032,32,32,Camera_27,37,Hospital_000,Person,1,0.6473029045643154,0,4560,/pfs/data6/home/st/st_us-053000/st_st191959/DL-Lab/DataSet/MTMC_Tracking_2025_Preprocessed/val/Hospital_000/crops/Person_0032/Camera_27/Person_0032_Camera_27_f000000_r005.jpg,None,-1,NOISE,0.0,True,False,-0.0451083,-0.01889309,-0.045108367,-0.018892806,-0.19625315
185,Person_0033,Hospital_000__Person_0033,33,33,Camera,0,Hospital_000,Person,1,0.518918918918919,120,5520,/pfs/data6/home/st/st_us-053000/st_st191959/DL-Lab/DataSet/MTMC_Tracking_2025_Preprocessed/val/Hospital_000/crops/Person_0033/Camera/Person_0033_Camera_f000120_r001.jpg,None,43,Hospital_000__Person_0033,1.0,False,False,0.09690289,-0.030292273,0.096902914,-0.030291596,-0.14066434
56,Person_0033,Hospital_000__Person_0033,33,33,Camera_01,11,Hospital_000,Person,1,0.6428571428571429,60,630,/pfs/data6/home/st/st_us-053000/st_st191959/DL-Lab/DataSet/MTMC_Tracking_2025_Preprocessed/val/Hospital_000/crops/Person_0033/Camera_01/Person_0033_Camera_01_f000060_r001.jpg,None,43,Hospital_000__Person_0033,1.0,False,False,0.058214176,-0.056845896,0.058214165,-0.05684469,-0.17627022
435,Person_0033,Hospital_000__Person_0033,33,33,Camera_03,13,Hospital_000,Person,1,0.6666666666666666,1770,8640,/pfs/data6/home/st/st_us-053000/st_st191959/DL-Lab/DataSet/MTMC_Tracking_2025_Preprocessed/val/Hospital_000/crops/Person_0033/Camera_03/Person_0033_Camera_03_f001770_r002.jpg,None,44,Hospital_000__Person_0033,1.0,False,False,0.08713379,0.018646082,0.087133855,0.01864561,-0.15128906
6,Person_0033,Hospital_000__Person_0033,33,33,Camera_04,14,Hospital_000,Person,0,0.0,2910,8760,/pfs/data6/home/st/st_us-053000/st_st191959/DL-Lab/DataSet/MTMC_Tracking_2025_Preprocessed/val/Hospital_000/crops/Person_0033/Camera_04/Person_0033_Camera_04_f002910_r003.jpg,None,-1,NOISE,0.0,True,False,0.031889282,0.010777631,0.031889293,0.010776447,-0.048753735
367,Person_0033,Hospital_000__Person_0033,33,33,Camera_05,15,Hospital_000,Person,1,0.6539509536784741,30,8970,/pfs/data6/home/st/st_us-053000/st_st191959/DL-Lab/DataSet/MTMC_Tracking_2025_Preprocessed/val/Hospital_000/crops/Person_0033/Camera_05/Person_0033_Camera_05_f000030_r003.jpg,None,44,Hospital_000__Person_0033,1.0,False,False,0.07042182,0.03189383,0.070421904,0.031893034,-0.16055252
584,Person_0033,Hospital_000__Person_0033,33,33,Camera_06,16,Hospital_000,Person,1,0.6643835616438356,1800,8970,/pfs/data6/home/st/st_us-053000/st_st191959/DL-Lab/DataSet/MTMC_Tracking_2025_Preprocessed/val/Hospital_000/crops/Person_0033/Camera_06/Person_0033_Camera_06_f001800_r002.jpg,None,44,Hospital_000__Person_0033,1.0,False,False,0.08367668,0.0034440819,0.08367674,0.003443819,-0.13725527
97,Person_0033,Hospital_000__Person_0033,33,33,Camera_08,18,Hospital_000,Person,1,0.3711340206185567,30,8850,/pfs/data6/home/st/st_us-053000/st_st191959/DL-Lab/DataSet/MTMC_Tracking_2025_Preprocessed/val/Hospital_000/crops/Person_0033/Camera_08/Person_0033_Camera_08_f000030_r002.jpg,None,-1,NOISE,0.0,True,False,0.13523047,0.06942997,0.13523038,0.06943221,-0.05702168
567,Person_0033,Hospital_000__Person_0033,33,33,Camera_09,19,Hospital_000,Person,1,0.6666666666666666,1800,8970,/pfs/data6/home/st/st_us-053000/st_st191959/DL-Lab/DataSet/MTMC_Tracking_2025_Preprocessed/val/Hospital_000/crops/Person_0033/Camera_09/Person_0033_Camera_09_f001800_r003.jpg,None,44,Hospital_000__Person_0033,1.0,False,False,0.12262148,-0.02623889,0.122621566,-0.02623842,-0.12670341
30,Person_0033,Hospital_000__Person_0033,33,33,Camera_14,24,Hospital_000,Person,1,0.6666666666666666,300,570,/pfs/data6/home/st/st_us-053000/st_st191959/DL-Lab/DataSet/MTMC_Tracking_2025_Preprocessed/val/Hospital_000/crops/Person_0033/Camera_14/Person_0033_Camera_14_f000300_r000.jpg,None,-1,NOISE,0.0,True,False,0.062252816,0.069221966,0.06225289,0.069220215,-0.17936122
6,Person_0033,Hospital_000__Person_0033,33,33,Camera_19,29,Hospital_000,Person,1,0.6666666666666666,5730,5760,/pfs/data6/home/st/st_us-053000/st_st191959/DL-Lab/DataSet/MTMC_Tracking_2025_Preprocessed/val/Hospital_000/crops/Person_0033/Camera_19/Person_0033_Camera_19_f005730_r002.jpg,None,-1,NOISE,0.0,True,False,-0.35666043,0.16815089,-0.3566605,0.16815442,0.08881487
11,Person_0033,Hospital_000__Person_0033,33,33,Camera_20,30,Hospital_000,Person,1,0.5454545454545454,2700,4710,/pfs/data6/home/st/st_us-053000/st_st191959/DL-Lab/DataSet/MTMC_Tracking_2025_Preprocessed/val/Hospital_000/crops/Person_0033/Camera_20/Person_0033_Camera_20_f002700_r000.jpg,None,-1,NOISE,0.0,True,False,-0.065270044,-0.055212896,-0.065270014,-0.055213917,-0.11145989
441,Person_0033,Hospital_000__Person_0033,33,33,Camera_22,32,Hospital_000,Person,1,0.6666666666666666,2490,8970,/pfs/data6/home/st/st_us-053000/st_st191959/DL-Lab/DataSet/MTMC_Tracking_2025_Preprocessed/val/Hospital_000/crops/Person_0033/Camera_22/Person_0033_Camera_22_f002490_r003.jpg,None,44,Hospital_000__Person_0033,1.0,False,False,0.16816233,0.035836257,0.16816242,0.035836276,-0.108802974
13,Person_0033,Hospital_000__Person_0033,33,33,Camera_23,33,Hospital_000,Person,0,0.0,3180,5520,/pfs/data6/home/st/st_us-053000/st_st191959/DL-Lab/DataSet/MTMC_Tracking_2025_Preprocessed/val/Hospital_000/crops/Person_0033/Camera_23/Person_0033_Camera_23_f003180_r001.jpg,None,-1,NOISE,0.0,True,False,-0.048975825,-0.020144839,-0.048975825,-0.020145187,-0.1346136
606,Person_0033,Hospital_000__Person_0033,33,33,Camera_24,34,Hospital_000,Person,1,0.6567656765676567,1740,8970,/pfs/data6/home/st/st_us-053000/st_st191959/DL-Lab/DataSet/MTMC_Tracking_2025_Preprocessed/val/Hospital_000/crops/Person_0033/Camera_24/Person_0033_Camera_24_f001740_r003.jpg,None,44,Hospital_000__Person_0033,1.0,False,False,0.14632948,0.0016046425,0.1463296,0.0016042182,-0.103000164
9,Person_0033,Hospital_000__Person_0033,33,33,Camera_25,35,Hospital_000,Person,0,0.0,1890,4830,/pfs/data6/home/st/st_us-053000/st_st191959/DL-Lab/DataSet/MTMC_Tracking_2025_Preprocessed/val/Hospital_000/crops/Person_0033/Camera_25/Person_0033_Camera_25_f001890_r000.jpg,None,-1,NOISE,0.0,True,False,-0.37649333,0.13570818,-0.3764934,0.13570678,-0.108539194
311,Person_0033,Hospital_000__Person_0033,33,33,Camera_26,36,Hospital_000,Person,1,0.6559485530546624,2700,8970,/pfs/data6/home/st/st_us-053000/st_st191959/DL-Lab/DataSet/MTMC_Tracking_2025_Preprocessed/val/Hospital_000/crops/Person_0033/Camera_26/Person_0033_Camera_26_f002700_r002.jpg,None,-1,NOISE,0.0,True,False,0.21143942,0.02800667,0.21143943,0.028006451,-0.040254522
45,Person_0033,Hospital_000__Person_0033,33,33,Camera_27,37,Hospital_000,Person,1,0.13333333333333333,2760,8970,/pfs/data6/home/st/st_us-053000/st_st191959/DL-Lab/DataSet/MTMC_Tracking_2025_Preprocessed/val/Hospital_000/crops/Person_0033/Camera_27/Person_0033_Camera_27_f002760_r003.jpg,None,-1,NOISE,0.0,True,False,0.08381958,-0.04467055,0.08381963,-0.044671107,-0.10300267
18,Person_0033,Hospital_000__Person_0033,33,33,Camera_28,38,Hospital_000,Person,1,0.6666666666666666,3270,3420,/pfs/data6/home/st/st_us-053000/st_st191959/DL-Lab/DataSet/MTMC_Tracking_2025_Preprocessed/val/Hospital_000/crops/Person_0033/Camera_28/Person_0033_Camera_28_f003270_r000.jpg,None,-1,NOISE,0.0,True,False,-0.4128994,0.15444094,-0.4128995,0.15444076,0.04483002
69,Person_0033,Hospital_000__Person_0033,33,33,Camera_31,41,Hospital_000,Person,1,0.6666666666666666,3870,5010,/pfs/data6/home/st/st_us-053000/st_st191959/DL-Lab/DataSet/MTMC_Tracking_2025_Preprocessed/val/Hospital_000/crops/Person_0033/Camera_31/Person_0033_Camera_31_f003870_r001.jpg,None,-1,NOISE,0.0,True,False,0.12920232,0.1306132,0.12920229,0.13061306,0.0013247253
171,Person_0034,Hospital_000__Person_0034,34,34,Camera_02,12,Hospital_000,Person,1,0.6666666666666666,4470,6150,/pfs/data6/home/st/st_us-053000/st_st191959/DL-Lab/DataSet/MTMC_Tracking_2025_Preprocessed/val/Hospital_000/crops/Person_0034/Camera_02/Person_0034_Camera_02_f004470_r001.jpg,None,-1,NOISE,0.0,True,False,0.11747412,0.09847926,0.11747409,0.09847992,-0.06021559
6,Person_0034,Hospital_000__Person_0034,34,34,Camera_03,13,Hospital_000,Person,0,0.0,1620,8820,/pfs/data6/home/st/st_us-053000/st_st191959/DL-Lab/DataSet/MTMC_Tracking_2025_Preprocessed/val/Hospital_000/crops/Person_0034/Camera_03/Person_0034_Camera_03_f001620_r010.jpg,None,-1,NOISE,0.0,True,False,-0.14214939,0.04565275,-0.14214942,0.045653112,-0.21604736
42,Person_0034,Hospital_000__Person_0034,34,34,Camera_04,14,Hospital_000,Person,1,0.6666666666666666,2040,2730,/pfs/data6/home/st/st_us-053000/st_st191959/DL-Lab/DataSet/MTMC_Tracking_2025_Preprocessed/val/Hospital_000/crops/Person_0034/Camera_04/Person_0034_Camera_04_f002040_r007.jpg,None,-1,NOISE,0.0,True,False,0.28292796,0.16103926,0.28292796,0.16104041,0.008581346
70,Person_0034,Hospital_000__Person_0034,34,34,Camera_07,17,Hospital_000,Person,1,0.5428571428571428,2040,7260,/pfs/data6/home/st/st_us-053000/st_st191959/DL-Lab/DataSet/MTMC_Tracking_2025_Preprocessed/val/Hospital_000/crops/Person_0034/Camera_07/Person_0034_Camera_07_f002040_r001.jpg,None,0,Hospital_000__Person_0000,0.5,False,True,0.17565717,0.13247822,0.17565712,0.13248049,-0.0068704872
374,Person_0034,Hospital_000__Person_0034,34,34,Camera_10,20,Hospital_000,Person,1,0.6363636363636364,0,8820,/pfs/data6/home/st/st_us-053000/st_st191959/DL-Lab/DataSet/MTMC_Tracking_2025_Preprocessed/val/Hospital_000/crops/Person_0034/Camera_10/Person_0034_Camera_10_f000000_r002.jpg,None,45,Hospital_000__Person_0034,1.0,False,False,0.12368664,0.086467534,0.123686686,0.0864672,-0.0654518
137,Person_0034,Hospital_000__Person_0034,34,34,Camera_13,23,Hospital_000,Person,1,0.5985401459854015,4500,6120,/pfs/data6/home/st/st_us-053000/st_st191959/DL-Lab/DataSet/MTMC_Tracking_2025_Preprocessed/val/Hospital_000/crops/Person_0034/Camera_13/Person_0034_Camera_13_f004500_r001.jpg,None,46,Hospital_000__Person_0034,1.0,False,False,0.122664355,0.102104746,0.12266428,0.102105275,-0.031166218
387,Person_0034,Hospital_000__Person_0034,34,34,Camera_16,26,Hospital_000,Person,1,0.6666666666666666,0,8610,/pfs/data6/home/st/st_us-053000/st_st191959/DL-Lab/DataSet/MTMC_Tracking_2025_Preprocessed/val/Hospital_000/crops/Person_0034/Camera_16/Person_0034_Camera_16_f000000_r002.jpg,None,47,Hospital_000__Person_0034,1.0,False,False,0.22182287,0.11594114,0.22182293,0.11594211,-0.048859693
133,Person_0034,Hospital_000__Person_0034,34,34,Camera_17,27,Hospital_000,Person,1,0.5864661654135338,4500,6120,/pfs/data6/home/st/st_us-053000/st_st191959/DL-Lab/DataSet/MTMC_Tracking_2025_Preprocessed/val/Hospital_000/crops/Person_0034/Camera_17/Person_0034_Camera_17_f004500_r001.jpg,None,46,Hospital_000__Person_0034,1.0,False,False,0.10677286,0.12365712,0.10677283,0.12365794,-0.048027545
3,Person_0034,Hospital_000__Person_0034,34,34,Camera_19,29,Hospital_000,Person,0,0.0,2310,2760,/pfs/data6/home/st/st_us-053000/st_st191959/DL-Lab/DataSet/MTMC_Tracking_2025_Preprocessed/val/Hospital_000/crops/Person_0034/Camera_19/Person_0034_Camera_19_f002310_r008.jpg,None,-1,NOISE,0.0,True,False,-0.085196026,0.04387963,-0.08519605,0.043878652,-0.11086028
578,Person_0034,Hospital_000__Person_0034,34,34,Camera_21,31,Hospital_000,Person,1,0.6643598615916955,0,8970,/pfs/data6/home/st/st_us-053000/st_st191959/DL-Lab/DataSet/MTMC_Tracking_2025_Preprocessed/val/Hospital_000/crops/Person_0034/Camera_21/Person_0034_Camera_21_f000000_r003.jpg,None,45,Hospital_000__Person_0034,1.0,False,False,0.11496526,0.0889714,0.11496518,0.08897238,-0.10085615
390,Person_0034,Hospital_000__Person_0034,34,34,Camera_23,33,Hospital_000,Person,1,0.6666666666666666,480,8970,/pfs/data6/home/st/st_us-053000/st_st191959/DL-Lab/DataSet/MTMC_Tracking_2025_Preprocessed/val/Hospital_000/crops/Person_0034/Camera_23/Person_0034_Camera_23_f000480_r006.jpg,None,45,Hospital_000__Person_0034,1.0,False,False,0.14738384,0.08822524,0.14738388,0.08822583,-0.08485196
16,Person_0034,Hospital_000__Person_0034,34,34,Camera_24,34,Hospital_000,Person,0,0.0,1080,8820,/pfs/data6/home/st/st_us-053000/st_st191959/DL-Lab/DataSet/MTMC_Tracking_2025_Preprocessed/val/Hospital_000/crops/Person_0034/Camera_24/Person_0034_Camera_24_f001080_r012.jpg,None,-1,NOISE,0.0,True,False,-0.11809669,0.06347967,-0.118096754,0.063479766,-0.19914392
225,Person_0034,Hospital_000__Person_0034,34,34,Camera_25,35,Hospital_000,Person,1,0.6488888888888888,510,8970,/pfs/data6/home/st/st_us-053000/st_st191959/DL-Lab/DataSet/MTMC_Tracking_2025_Preprocessed/val/Hospital_000/crops/Person_0034/Camera_25/Person_0034_Camera_25_f000510_r003.jpg,None,47,Hospital_000__Person_0034,1.0,False,False,0.23406062,0.13801077,0.23406069,0.13801156,-0.056150943
124,Person_0034,Hospital_000__Person_0034,34,34,Camera_28,38,Hospital_000,Person,1,0.12903225806451613,450,8820,/pfs/data6/home/st/st_us-053000/st_st191959/DL-Lab/DataSet/MTMC_Tracking_2025_Preprocessed/val/Hospital_000/crops/Person_0034/Camera_28/Person_0034_Camera_28_f000450_r006.jpg,None,-1,NOISE,0.0,True,False,0.084740914,0.10414857,0.08474085,0.10414939,-0.08160009
253,Person_0034,Hospital_000__Person_0034,34,34,Camera_29,39,Hospital_000,Person,1,0.6640316205533597,0,8820,/pfs/data6/home/st/st_us-053000/st_st191959/DL-Lab/DataSet/MTMC_Tracking_2025_Preprocessed/val/Hospital_000/crops/Person_0034/Camera_29/Person_0034_Camera_29_f000000_r001.jpg,None,-1,NOISE,0.0,True,False,0.07313744,0.09384651,0.073137395,0.09384729,-0.08566267
96,Person_0034,Hospital_000__Person_0034,34,34,Camera_30,40,Hospital_000,Person,1,0.6666666666666666,3240,8970,/pfs/data6/home/st/st_us-053000/st_st191959/DL-Lab/DataSet/MTMC_Tracking_2025_Preprocessed/val/Hospital_000/crops/Person_0034/Camera_30/Person_0034_Camera_30_f003240_r001.jpg,None,45,Hospital_000__Person_0034,1.0,False,False,0.14010656,0.1394288,0.14010653,0.13942868,-0.074378446
135,Person_0035,Hospital_000__Person_0035,35,35,Camera,0,Hospital_000,Person,1,0.6370370370370371,480,8010,/pfs/data6/home/st/st_us-053000/st_st191959/DL-Lab/DataSet/MTMC_Tracking_2025_Preprocessed/val/Hospital_000/crops/Person_0035/Camera/Person_0035_Camera_f000480_r002.jpg,None,-1,NOISE,0.0,True,False,0.11293453,-0.066745155,0.1129346,-0.06674444,-0.059627715
358,Person_0035,Hospital_000__Person_0035,35,35,Camera_03,13,Hospital_000,Person,1,0.664804469273743,540,8970,/pfs/data6/home/st/st_us-053000/st_st191959/DL-Lab/DataSet/MTMC_Tracking_2025_Preprocessed/val/Hospital_000/crops/Person_0035/Camera_03/Person_0035_Camera_03_f000540_r007.jpg,None,48,Hospital_000__Person_0035,1.0,False,False,0.0033918356,-0.2363121,0.0033918864,-0.23631053,-0.048451014
4,Person_0035,Hospital_000__Person_0035,35,35,Camera_04,14,Hospital_000,Person,0,0.0,6660,8520,/pfs/data6/home/st/st_us-053000/st_st191959/DL-Lab/DataSet/MTMC_Tracking_2025_Preprocessed/val/Hospital_000/crops/Person_0035/Camera_04/Person_0035_Camera_04_f006660_r002.jpg,None,-1,NOISE,0.0,True,False,-0.07141497,-0.108923726,-0.07141497,-0.10892313,-0.15826978
412,Person_0035,Hospital_000__Person_0035,35,35,Camera_05,15,Hospital_000,Person,1,0.6504854368932039,2340,8850,/pfs/data6/home/st/st_us-053000/st_st191959/DL-Lab/DataSet/MTMC_Tracking_2025_Preprocessed/val/Hospital_000/crops/Person_0035/Camera_05/Person_0035_Camera_05_f002340_r006.jpg,None,48,Hospital_000__Person_0035,1.0,False,False,0.04707844,-0.21044789,0.047078524,-0.21044706,-0.006789065
663,Person_0035,Hospital_000__Person_0035,35,35,Camera_06,16,Hospital_000,Person,1,0.6636500754147813,210,8970,/pfs/data6/home/st/st_us-053000/st_st191959/DL-Lab/DataSet/MTMC_Tracking_2025_Preprocessed/val/Hospital_000/crops/Person_0035/Camera_06/Person_0035_Camera_06_f000210_r003.jpg,None,-1,NOISE,0.0,True,False,0.12719943,-0.15556072,0.12719958,-0.15555973,-0.02638196
160,Person_0035,Hospital_000__Person_0035,35,35,Camera_08,18,Hospital_000,Person,1,0.3125,2340,8820,/pfs/data6/home/st/st_us-053000/st_st191959/DL-Lab/DataSet/MTMC_Tracking_2025_Preprocessed/val/Hospital_000/crops/Person_0035/Camera_08/Person_0035_Camera_08_f002340_r001.jpg,None,-1,NOISE,0.0,True,False,-0.33142364,-0.06696374,-0.33142367,-0.06696577,-0.21342513
753,Person_0035,Hospital_000__Person_0035,35,35,Camera_09,19,Hospital_000,Person,1,0.6640106241699867,510,8970,/pfs/data6/home/st/st_us-053000/st_st191959/DL-Lab/DataSet/MTMC_Tracking_2025_Preprocessed/val/Hospital_000/crops/Person_0035/Camera_09/Person_0035_Camera_09_f000510_r005.jpg,None,48,Hospital_000__Person_0035,1.0,False,False,0.055646993,-0.21042308,0.055646975,-0.2104213,-0.034676474
9,Person_0035,Hospital_000__Person_0035,35,35,Camera_19,29,Hospital_000,Person,1,0.6666666666666666,2340,7530,/pfs/data6/home/st/st_us-053000/st_st191959/DL-Lab/DataSet/MTMC_Tracking_2025_Preprocessed/val/Hospital_000/crops/Person_0035/Camera_19/Person_0035_Camera_19_f002340_r005.jpg,None,-1,NOISE,0.0,True,False,-0.33947033,0.18127449,-0.33947027,0.18127681,0.0107585555
142,Person_0035,Hospital_000__Person_0035,35,35,Camera_20,30,Hospital_000,Person,1,0.5352112676056338,570,7980,/pfs/data6/home/st/st_us-053000/st_st191959/DL-Lab/DataSet/MTMC_Tracking_2025_Preprocessed/val/Hospital_000/crops/Person_0035/Camera_20/Person_0035_Camera_20_f000570_r002.jpg,None,-1,NOISE,0.0,True,False,0.15729724,-0.034499094,0.15729731,-0.034497377,-0.038542543
542,Person_0035,Hospital_000__Person_0035,35,35,Camera_22,32,Hospital_000,Person,1,0.6605166051660517,1920,8880,/pfs/data6/home/st/st_us-053000/st_st191959/DL-Lab/DataSet/MTMC_Tracking_2025_Preprocessed/val/Hospital_000/crops/Person_0035/Camera_22/Person_0035_Camera_22_f001920_r002.jpg,None,48,Hospital_000__Person_0035,1.0,False,False,0.08257746,-0.18812992,0.08257758,-0.1881285,-0.013280333
3,Person_0035,Hospital_000__Person_0035,35,35,Camera_23,33,Hospital_000,Person,0,0.0,1830,8010,/pfs/data6/home/st/st_us-053000/st_st191959/DL-Lab/DataSet/MTMC_Tracking_2025_Preprocessed/val/Hospital_000/crops/Person_0035/Camera_23/Person_0035_Camera_23_f001830_r005.jpg,None,-1,NOISE,0.0,True,False,-0.27160484,-0.08538998,-0.27160475,-0.08539249,-0.0047450075
662,Person_0035,Hospital_000__Person_0035,35,35,Camera_24,34,Hospital_000,Person,1,0.6616314199395771,540,8970,/pfs/data6/home/st/st_us-053000/st_st191959/DL-Lab/DataSet/MTMC_Tracking_2025_Preprocessed/val/Hospital_000/crops/Person_0035/Camera_24/Person_0035_Camera_24_f000540_r010.jpg,None,48,Hospital_000__Person_0035,1.0,False,False,0.05921032,-0.21717861,0.05921038,-0.21717748,-0.014665739
1,Person_0035,Hospital_000__Person_0035,35,35,Camera_25,35,Hospital_000,Person,0,0.0,1020,1020,/pfs/data6/home/st/st_us-053000/st_st191959/DL-Lab/DataSet/MTMC_Tracking_2025_Preprocessed/val/Hospital_000/crops/Person_0035/Camera_25/Person_0035_Camera_25_f001020_r000.jpg,None,-1,NOISE,0.0,True,False,-0.44883585,-0.055059534,-0.44883597,-0.055061586,-0.13016623
486,Person_0035,Hospital_000__Person_0035,35,35,Camera_26,36,Hospital_000,Person,1,0.6666666666666666,2310,8880,/pfs/data6/home/st/st_us-053000/st_st191959/DL-Lab/DataSet/MTMC_Tracking_2025_Preprocessed/val/Hospital_000/crops/Person_0035/Camera_26/Person_0035_Camera_26_f002310_r001.jpg,None,48,Hospital_000__Person_0035,1.0,False,False,0.08710532,-0.1724506,0.08710539,-0.17244905,-0.02554234
85,Person_0035,Hospital_000__Person_0035,35,35,Camera_27,37,Hospital_000,Person,1,0.023529411764705882,2430,8820,/pfs/data6/home/st/st_us-053000/st_st191959/DL-Lab/DataSet/MTMC_Tracking_2025_Preprocessed/val/Hospital_000/crops/Person_0035/Camera_27/Person_0035_Camera_27_f002430_r003.jpg,None,-1,NOISE,0.0,True,False,-0.20234962,-0.15895608,-0.20234956,-0.15895675,-0.16178393
147,Person_0035,Hospital_000__Person_0035,35,35,Camera_31,41,Hospital_000,Person,1,0.6666666666666666,0,7980,/pfs/data6/home/st/st_us-053000/st_st191959/DL-Lab/DataSet/MTMC_Tracking_2025_Preprocessed/val/Hospital_000/crops/Person_0035/Camera_31/Person_0035_Camera_31_f000000_r001.jpg,None,-1,NOISE,0.0,True,False,-0.0014458501,-0.19005859,-0.0014457835,-0.19005825,-0.06640826
347,Person_0036,Hospital_000__Person_0036,36,36,Camera_02,12,Hospital_000,Person,1,0.6167146974063401,60,4020,/pfs/data6/home/st/st_us-053000/st_st191959/DL-Lab/DataSet/MTMC_Tracking_2025_Preprocessed/val/Hospital_000/crops/Person_0036/Camera_02/Person_0036_Camera_02_f000060_r000.jpg,None,-1,NOISE,0.0,True,False,-0.0877928,-0.037735563,-0.087792836,-0.037735015,0.19510885
6,Person_0036,Hospital_000__Person_0036,36,36,Camera_03,13,Hospital_000,Person,0,0.0,3750,8430,/pfs/data6/home/st/st_us-053000/st_st191959/DL-Lab/DataSet/MTMC_Tracking_2025_Preprocessed/val/Hospital_000/crops/Person_0036/Camera_03/Person_0036_Camera_03_f003750_r003.jpg,None,-1,NOISE,0.0,True,False,-0.22451134,0.03818628,-0.22451131,0.038185317,-0.10888449
12,Person_0036,Hospital_000__Person_0036,36,36,Camera_07,17,Hospital_000,Person,1,0.6666666666666666,8880,8970,/pfs/data6/home/st/st_us-053000/st_st191959/DL-Lab/DataSet/MTMC_Tracking_2025_Preprocessed/val/Hospital_000/crops/Person_0036/Camera_07/Person_0036_Camera_07_f008880_r000.jpg,None,-1,NOISE,0.0,True,False,0.005682303,0.04502087,0.005682252,0.04502235,0.014413714
178,Person_0036,Hospital_000__Person_0036,36,36,Camera_10,20,Hospital_000,Person,1,0.6629213483146067,1050,8970,/pfs/data6/home/st/st_us-053000/st_st191959/DL-Lab/DataSet/MTMC_Tracking_2025_Preprocessed/val/Hospital_000/crops/Person_0036/Camera_10/Person_0036_Camera_10_f001050_r000.jpg,None,-1,NOISE,0.0,True,False,-0.008085409,-0.03937169,-0.008085418,-0.03937111,0.1969776
105,Person_0036,Hospital_000__Person_0036,36,36,Camera_12,22,Hospital_000,Person,1,0.6666666666666666,0,3480,/pfs/data6/home/st/st_us-053000/st_st191959/DL-Lab/DataSet/MTMC_Tracking_2025_Preprocessed/val/Hospital_000/crops/Person_0036/Camera_12/Person_0036_Camera_12_f000000_r000.jpg,None,-1,NOISE,0.0,True,False,-0.32279533,0.0070282165,-0.32279542,0.0070291776,0.28145593
358,Person_0036,Hospital_000__Person_0036,36,36,Camera_13,23,Hospital_000,Person,1,0.664804469273743,60,4020,/pfs/data6/home/st/st_us-053000/st_st191959/DL-Lab/DataSet/MTMC_Tracking_2025_Preprocessed/val/Hospital_000/crops/Person_0036/Camera_13/Person_0036_Camera_13_f000060_r000.jpg,None,49,Hospital_000__Person_0036,1.0,False,False,0.031825643,-0.010844503,0.03182562,-0.010842902,0.17897856
222,Person_0036,Hospital_000__Person_0036,36,36,Camera_16,26,Hospital_000,Person,1,0.6396396396396397,5910,8940,/pfs/data6/home/st/st_us-053000/st_st191959/DL-Lab/DataSet/MTMC_Tracking_2025_Preprocessed/val/Hospital_000/crops/Person_0036/Camera_16/Person_0036_Camera_16_f005910_r000.jpg,None,-1,NOISE,0.0,True,False,0.0077483794,0.02642824,0.0077483365,0.026429398,0.17524184
360,Person_0036,Hospital_000__Person_0036,36,36,Camera_17,27,Hospital_000,Person,1,0.6611111111111111,60,4020,/pfs/data6/home/st/st_us-053000/st_st191959/DL-Lab/DataSet/MTMC_Tracking_2025_Preprocessed/val/Hospital_000/crops/Person_0036/Camera_17/Person_0036_Camera_17_f000060_r000.jpg,None,49,Hospital_000__Person_0036,1.0,False,False,0.036225602,0.006015929,0.036225583,0.0060170693,0.1620611
339,Person_0036,Hospital_000__Person_0036,36,36,Camera_21,31,Hospital_000,Person,1,0.6371681415929203,4620,8940,/pfs/data6/home/st/st_us-053000/st_st191959/DL-Lab/DataSet/MTMC_Tracking_2025_Preprocessed/val/Hospital_000/crops/Person_0036/Camera_21/Person_0036_Camera_21_f004620_r000.jpg,None,49,Hospital_000__Person_0036,1.0,False,False,0.038912203,0.010670865,0.038912162,0.010672259,0.16680984
237,Person_0036,Hospital_000__Person_0036,36,36,Camera_23,33,Hospital_000,Person,1,0.6666666666666666,4080,8430,/pfs/data6/home/st/st_us-053000/st_st191959/DL-Lab/DataSet/MTMC_Tracking_2025_Preprocessed/val/Hospital_000/crops/Person_0036/Camera_23/Person_0036_Camera_23_f004080_r003.jpg,None,-1,NOISE,0.0,True,False,-0.019107753,-0.015208618,-0.019107794,-0.015207377,0.21469167
6,Person_0036,Hospital_000__Person_0036,36,36,Camera_24,34,Hospital_000,Person,0,0.0,3750,8430,/pfs/data6/home/st/st_us-053000/st_st191959/DL-Lab/DataSet/MTMC_Tracking_2025_Preprocessed/val/Hospital_000/crops/Person_0036/Camera_24/Person_0036_Camera_24_f003750_r006.jpg,None,-1,NOISE,0.0,True,False,-0.23831183,-0.0020444982,-0.23831177,-0.0020457932,-0.08275333
262,Person_0036,Hospital_000__Person_0036,36,36,Camera_25,35,Hospital_000,Person,1,0.6641221374045801,4170,8400,/pfs/data6/home/st/st_us-053000/st_st191959/DL-Lab/DataSet/MTMC_Tracking_2025_Preprocessed/val/Hospital_000/crops/Person_0036/Camera_25/Person_0036_Camera_25_f004170_r001.jpg,None,-1,NOISE,0.0,True,False,-0.028440578,-0.032159355,-0.0284406,-0.032157406,0.2168252
51,Person_0036,Hospital_000__Person_0036,36,36,Camera_28,38,Hospital_000,Person,1,0.27450980392156865,450,8490,/pfs/data6/home/st/st_us-053000/st_st191959/DL-Lab/DataSet/MTMC_Tracking_2025_Preprocessed/val/Hospital_000/crops/Person_0036/Camera_28/Person_0036_Camera_28_f000450_r000.jpg,None,-1,NOISE,0.0,True,False,-0.14359185,-0.016574869,-0.14359187,-0.016574629,0.025271628
150,Person_0036,Hospital_000__Person_0036,36,36,Camera_29,39,Hospital_000,Person,1,0.6666666666666666,5160,8940,/pfs/data6/home/st/st_us-053000/st_st191959/DL-Lab/DataSet/MTMC_Tracking_2025_Preprocessed/val/Hospital_000/crops/Person_0036/Camera_29/Person_0036_Camera_29_f005160_r000.jpg,None,-1,NOISE,0.0,True,False,0.017830992,0.027952433,0.017830929,0.027953938,0.19337451
139,Person_0036,Hospital_000__Person_0036,36,36,Camera_30,40,Hospital_000,Person,1,0.6618705035971223,4620,8250,/pfs/data6/home/st/st_us-053000/st_st191959/DL-Lab/DataSet/MTMC_Tracking_2025_Preprocessed/val/Hospital_000/crops/Person_0036/Camera_30/Person_0036_Camera_30_f004620_r000.jpg,None,-1,NOISE,0.0,True,False,0.1608818,0.055730935,0.1608817,0.055733364,0.14644977
296,Person_0037,Hospital_000__Person_0037,37,37,Camera_01,11,Hospital_000,Person,1,0.6554054054054054,0,7680,/pfs/data6/home/st/st_us-053000/st_st191959/DL-Lab/DataSet/MTMC_Tracking_2025_Preprocessed/val/Hospital_000/crops/Person_0037/Camera_01/Person_0037_Camera_01_f000000_r002.jpg,None,-1,NOISE,0.0,True,False,-0.05999391,-0.19234422,-0.05999379,-0.1923443,-0.07945695
357,Person_0037,Hospital_000__Person_0037,37,37,Camera_11,21,Hospital_000,Person,1,0.6666666666666666,0,8970,/pfs/data6/home/st/st_us-053000/st_st191959/DL-Lab/DataSet/MTMC_Tracking_2025_Preprocessed/val/Hospital_000/crops/Person_0037/Camera_11/Person_0037_Camera_11_f000000_r001.jpg,None,-1,NOISE,0.0,True,False,-0.26039094,-0.17701778,-0.260391,-0.17701809,-0.10463031
379,Person_0037,Hospital_000__Person_0037,37,37,Camera_14,24,Hospital_000,Person,1,0.6437994722955145,0,8880,/pfs/data6/home/st/st_us-053000/st_st191959/DL-Lab/DataSet/MTMC_Tracking_2025_Preprocessed/val/Hospital_000/crops/Person_0037/Camera_14/Person_0037_Camera_14_f000000_r001.jpg,None,-1,NOISE,0.0,True,False,-0.059525974,-0.14668286,-0.05952594,-0.14668319,-0.11556433
395,Person_0037,Hospital_000__Person_0037,37,37,Camera_15,25,Hospital_000,Person,1,0.6632911392405063,1260,8790,/pfs/data6/home/st/st_us-053000/st_st191959/DL-Lab/DataSet/MTMC_Tracking_2025_Preprocessed/val/Hospital_000/crops/Person_0037/Camera_15/Person_0037_Camera_15_f001260_r000.jpg,None,-1,NOISE,0.0,True,False,-0.12935641,-0.2435138,-0.12935634,-0.24351254,-0.13321549
130,Person_0038,Hospital_000__Person_0038,38,38,Camera,0,Hospital_000,Person,1,0.5384615384615384,2940,8040,/pfs/data6/home/st/st_us-053000/st_st191959/DL-Lab/DataSet/MTMC_Tracking_2025_Preprocessed/val/Hospital_000/crops/Person_0038/Camera/Person_0038_Camera_f002940_r000.jpg,None,-1,NOISE,0.0,True,False,0.064128526,0.031101748,0.064128555,0.031103792,0.026144123
224,Person_0038,Hospital_000__Person_0038,38,38,Camera_01,11,Hospital_000,Person,1,0.6160714285714286,0,6900,/pfs/data6/home/st/st_us-053000/st_st191959/DL-Lab/DataSet/MTMC_Tracking_2025_Preprocessed/val/Hospital_000/crops/Person_0038/Camera_01/Person_0038_Camera_01_f000000_r000.jpg,None,-1,NOISE,0.0,True,False,0.0022379344,-0.06423702,0.002237986,-0.0642363,-0.0077147414
267,Person_0038,Hospital_000__Person_0038,38,38,Camera_03,13,Hospital_000,Person,1,0.6666666666666666,2880,8370,/pfs/data6/home/st/st_us-053000/st_st191959/DL-Lab/DataSet/MTMC_Tracking_2025_Preprocessed/val/Hospital_000/crops/Person_0038/Camera_03/Person_0038_Camera_03_f002880_r002.jpg,None,37,Hospital_000__Person_0028,0.6,False,True,0.0397239,-0.08839809,0.039723948,-0.08839636,0.03825632
4,Person_0038,Hospital_000__Person_0038,38,38,Camera_04,14,Hospital_000,Person,0,0.0,4380,8820,/pfs/data6/home/st/st_us-053000/st_st191959/DL-Lab/DataSet/MTMC_Tracking_2025_Preprocessed/val/Hospital_000/crops/Person_0038/Camera_04/Person_0038_Camera_04_f004380_r002.jpg,None,-1,NOISE,0.0,True,False,-0.051412586,0.033679068,-0.05141255,0.033678934,-0.11660744
384,Person_0038,Hospital_000__Person_0038,38,38,Camera_05,15,Hospital_000,Person,1,0.6666666666666666,2250,8730,/pfs/data6/home/st/st_us-053000/st_st191959/DL-Lab/DataSet/MTMC_Tracking_2025_Preprocessed/val/Hospital_000/crops/Person_0038/Camera_05/Person_0038_Camera_05_f002250_r001.jpg,None,37,Hospital_000__Person_0028,0.6,False,True,0.06484361,-0.081266284,0.06484367,-0.081264995,0.047852054
277,Person_0038,Hospital_000__Person_0038,38,38,Camera_06,16,Hospital_000,Person,1,0.6642599277978339,2940,8970,/pfs/data6/home/st/st_us-053000/st_st191959/DL-Lab/DataSet/MTMC_Tracking_2025_Preprocessed/val/Hospital_000/crops/Person_0038/Camera_06/Person_0038_Camera_06_f002940_r001.jpg,None,-1,NOISE,0.0,True,False,-0.048608903,-0.09251164,-0.048608877,-0.09251103,0.012632211
60,Person_0038,Hospital_000__Person_0038,38,38,Camera_08,18,Hospital_000,Person,1,0.26666666666666666,4380,8970,/pfs/data6/home/st/st_us-053000/st_st191959/DL-Lab/DataSet/MTMC_Tracking_2025_Preprocessed/val/Hospital_000/crops/Person_0038/Camera_08/Person_0038_Camera_08_f004380_r002.jpg,None,-1,NOISE,0.0,True,False,0.11279507,0.026494421,0.11279508,0.026496325,0.0027574224
366,Person_0038,Hospital_000__Person_0038,38,38,Camera_09,19,Hospital_000,Person,1,0.6666666666666666,2880,8970,/pfs/data6/home/st/st_us-053000/st_st191959/DL-Lab/DataSet/MTMC_Tracking_2025_Preprocessed/val/Hospital_000/crops/Person_0038/Camera_09/Person_0038_Camera_09_f002880_r002.jpg,None,-1,NOISE,0.0,True,False,-0.001513763,-0.042465396,-0.0015137229,-0.042463362,-0.0035847647
129,Person_0038,Hospital_000__Person_0038,38,38,Camera_11,21,Hospital_000,Person,1,0.6666666666666666,0,1530,/pfs/data6/home/st/st_us-053000/st_st191959/DL-Lab/DataSet/MTMC_Tracking_2025_Preprocessed/val/Hospital_000/crops/Person_0038/Camera_11/Person_0038_Camera_11_f000000_r000.jpg,None,-1,NOISE,0.0,True,False,0.05334616,-0.10636215,0.053346194,-0.10636098,0.0561164
202,Person_0038,Hospital_000__Person_0038,38,38,Camera_14,24,Hospital_000,Person,1,0.6633663366336634,0,2250,/pfs/data6/home/st/st_us-053000/st_st191959/DL-Lab/DataSet/MTMC_Tracking_2025_Preprocessed/val/Hospital_000/crops/Person_0038/Camera_14/Person_0038_Camera_14_f000000_r000.jpg,None,-1,NOISE,0.0,True,False,0.11555634,-0.05522165,0.115556404,-0.05522084,0.05254888
36,Person_0038,Hospital_000__Person_0038,38,38,Camera_15,25,Hospital_000,Person,1,0.6666666666666666,240,570,/pfs/data6/home/st/st_us-053000/st_st191959/DL-Lab/DataSet/MTMC_Tracking_2025_Preprocessed/val/Hospital_000/crops/Person_0038/Camera_15/Person_0038_Camera_15_f000240_r000.jpg,None,-1,NOISE,0.0,True,False,-0.06779964,-0.081043415,-0.06779961,-0.081044056,0.042222984
112,Person_0038,Hospital_000__Person_0038,38,38,Camera_20,30,Hospital_000,Person,1,0.5178571428571429,3510,8220,/pfs/data6/home/st/st_us-053000/st_st191959/DL-Lab/DataSet/MTMC_Tracking_2025_Preprocessed/val/Hospital_000/crops/Person_0038/Camera_20/Person_0038_Camera_20_f003510_r000.jpg,None,-1,NOISE,0.0,True,False,0.037140984,-0.05610982,0.037141047,-0.056108307,0.031845476
196,Person_0038,Hospital_000__Person_0038,38,38,Camera_22,32,Hospital_000,Person,1,0.6632653061224489,2880,8970,/pfs/data6/home/st/st_us-053000/st_st191959/DL-Lab/DataSet/MTMC_Tracking_2025_Preprocessed/val/Hospital_000/crops/Person_0038/Camera_22/Person_0038_Camera_22_f002880_r003.jpg,None,37,Hospital_000__Person_0028,0.6,False,True,0.05187506,-0.116218105,0.05187512,-0.11621674,0.054728866
3,Person_0038,Hospital_000__Person_0038,38,38,Camera_23,33,Hospital_000,Person,0,0.0,4110,7920,/pfs/data6/home/st/st_us-053000/st_st191959/DL-Lab/DataSet/MTMC_Tracking_2025_Preprocessed/val/Hospital_000/crops/Person_0038/Camera_23/Person_0038_Camera_23_f004110_r001.jpg,None,-1,NOISE,0.0,True,False,-0.23836589,-0.05523032,-0.23836587,-0.0552298,-0.061795373
365,Person_0038,Hospital_000__Person_0038,38,38,Camera_24,34,Hospital_000,Person,1,0.6465753424657534,2670,8760,/pfs/data6/home/st/st_us-053000/st_st191959/DL-Lab/DataSet/MTMC_Tracking_2025_Preprocessed/val/Hospital_000/crops/Person_0038/Camera_24/Person_0038_Camera_24_f002670_r003.jpg,None,37,Hospital_000__Person_0028,0.6,False,True,0.04638823,-0.058810927,0.046388287,-0.058810156,0.045516625
17,Person_0038,Hospital_000__Person_0038,38,38,Camera_25,35,Hospital_000,Person,0,0.0,3510,4020,/pfs/data6/home/st/st_us-053000/st_st191959/DL-Lab/DataSet/MTMC_Tracking_2025_Preprocessed/val/Hospital_000/crops/Person_0038/Camera_25/Person_0038_Camera_25_f003510_r000.jpg,None,-1,NOISE,0.0,True,False,-0.39145583,0.09581016,-0.39145592,0.09580889,0.008720573
96,Person_0038,Hospital_000__Person_0038,38,38,Camera_26,36,Hospital_000,Person,1,0.6458333333333334,4290,8970,/pfs/data6/home/st/st_us-053000/st_st191959/DL-Lab/DataSet/MTMC_Tracking_2025_Preprocessed/val/Hospital_000/crops/Person_0038/Camera_26/Person_0038_Camera_26_f004290_r002.jpg,None,-1,NOISE,0.0,True,False,0.008182938,-0.13349077,0.008182987,-0.13348961,0.03078955
33,Person_0038,Hospital_000__Person_0038,38,38,Camera_27,37,Hospital_000,Person,1,0.12121212121212122,4350,8970,/pfs/data6/home/st/st_us-053000/st_st191959/DL-Lab/DataSet/MTMC_Tracking_2025_Preprocessed/val/Hospital_000/crops/Person_0038/Camera_27/Person_0038_Camera_27_f004350_r003.jpg,None,-1,NOISE,0.0,True,False,-0.069611795,0.0006742159,-0.06961179,0.0006756588,-0.01043292
132,Person_0038,Hospital_000__Person_0038,38,38,Camera_31,41,Hospital_000,Person,1,0.6666666666666666,3240,7950,/pfs/data6/home/st/st_us-053000/st_st191959/DL-Lab/DataSet/MTMC_Tracking_2025_Preprocessed/val/Hospital_000/crops/Person_0038/Camera_31/Person_0038_Camera_31_f003240_r000.jpg,None,-1,NOISE,0.0,True,False,-0.28141314,0.03423622,-0.28141305,0.03423282,-0.07308447
59,Person_0039,Hospital_000__Person_0039,39,39,Camera,0,Hospital_000,Person,1,0.5423728813559322,4140,6120,/pfs/data6/home/st/st_us-053000/st_st191959/DL-Lab/DataSet/MTMC_Tracking_2025_Preprocessed/val/Hospital_000/crops/Person_0039/Camera/Person_0039_Camera_f004140_r006.jpg,None,-1,NOISE,0.0,True,False,0.15496787,0.047720157,0.15496792,0.047720913,-0.0058863116
410,Person_0039,Hospital_000__Person_0039,39,39,Camera_01,11,Hospital_000,Person,1,0.6536585365853659,180,4410,/pfs/data6/home/st/st_us-053000/st_st191959/DL-Lab/DataSet/MTMC_Tracking_2025_Preprocessed/val/Hospital_000/crops/Person_0039/Camera_01/Person_0039_Camera_01_f000180_r007.jpg,None,50,Hospital_000__Person_0039,1.0,False,False,0.17576899,0.063738436,0.175769,0.063739054,-0.10430676
285,Person_0039,Hospital_000__Person_0039,39,39,Camera_03,13,Hospital_000,Person,1,0.6666666666666666,4680,8970,/pfs/data6/home/st/st_us-053000/st_st191959/DL-Lab/DataSet/MTMC_Tracking_2025_Preprocessed/val/Hospital_000/crops/Person_0039/Camera_03/Person_0039_Camera_03_f004680_r014.jpg,None,-1,NOISE,0.0,True,False,0.119907044,0.02332087,0.11990714,0.023320284,-0.09500281
190,Person_0039,Hospital_000__Person_0039,39,39,Camera_05,15,Hospital_000,Person,1,0.6526315789473685,4110,7440,/pfs/data6/home/st/st_us-053000/st_st191959/DL-Lab/DataSet/MTMC_Tracking_2025_Preprocessed/val/Hospital_000/crops/Person_0039/Camera_05/Person_0039_Camera_05_f004110_r007.jpg,None,50,Hospital_000__Person_0039,1.0,False,False,0.13665763,0.017446483,0.13665761,0.01744698,-0.120146886
299,Person_0039,Hospital_000__Person_0039,39,39,Camera_06,16,Hospital_000,Person,1,0.6488294314381271,5250,8970,/pfs/data6/home/st/st_us-053000/st_st191959/DL-Lab/DataSet/MTMC_Tracking_2025_Preprocessed/val/Hospital_000/crops/Person_0039/Camera_06/Person_0039_Camera_06_f005250_r008.jpg,None,-1,NOISE,0.0,True,False,0.19580261,0.03924392,0.19580269,0.03924448,-0.04163392
30,Person_0039,Hospital_000__Person_0039,39,39,Camera_08,18,Hospital_000,Person,1,0.4,4470,7560,/pfs/data6/home/st/st_us-053000/st_st191959/DL-Lab/DataSet/MTMC_Tracking_2025_Preprocessed/val/Hospital_000/crops/Person_0039/Camera_08/Person_0039_Camera_08_f004470_r008.jpg,None,32,Hospital_000__Person_0021,0.5,False,True,0.19473782,0.03781977,0.1947377,0.037821516,-0.014346169
400,Person_0039,Hospital_000__Person_0039,39,39,Camera_09,19,Hospital_000,Person,1,0.665,4500,8970,/pfs/data6/home/st/st_us-053000/st_st191959/DL-Lab/DataSet/MTMC_Tracking_2025_Preprocessed/val/Hospital_000/crops/Person_0039/Camera_09/Person_0039_Camera_09_f004500_r011.jpg,None,50,Hospital_000__Person_0039,1.0,False,False,0.16286123,-0.0009776943,0.16286127,-0.0009770037,-0.060759384
315,Person_0039,Hospital_000__Person_0039,39,39,Camera_11,21,Hospital_000,Person,1,0.6666666666666666,0,3120,/pfs/data6/home/st/st_us-053000/st_st191959/DL-Lab/DataSet/MTMC_Tracking_2025_Preprocessed/val/Hospital_000/crops/Person_0039/Camera_11/Person_0039_Camera_11_f000000_r002.jpg,None,-1,NOISE,0.0,True,False,0.1453452,-0.01505154,0.14534523,-0.015051296,-0.09938395
403,Person_0039,Hospital_000__Person_0039,39,39,Camera_14,24,Hospital_000,Person,1,0.6600496277915633,0,4080,/pfs/data6/home/st/st_us-053000/st_st191959/DL-Lab/DataSet/MTMC_Tracking_2025_Preprocessed/val/Hospital_000/crops/Person_0039/Camera_14/Person_0039_Camera_14_f000000_r002.jpg,None,-1,NOISE,0.0,True,False,0.15855466,0.016394997,0.15855473,0.016395647,-0.092644095
4,Person_0039,Hospital_000__Person_0039,39,39,Camera_19,29,Hospital_000,Person,1,0.5,7470,7500,/pfs/data6/home/st/st_us-053000/st_st191959/DL-Lab/DataSet/MTMC_Tracking_2025_Preprocessed/val/Hospital_000/crops/Person_0039/Camera_19/Person_0039_Camera_19_f007470_r005.jpg,None,-1,NOISE,0.0,True,False,0.117728315,0.2061863,0.11772829,0.20618507,0.07463775
34,Person_0039,Hospital_000__Person_0039,39,39,Camera_20,30,Hospital_000,Person,1,0.35294117647058826,4530,6840,/pfs/data6/home/st/st_us-053000/st_st191959/DL-Lab/DataSet/MTMC_Tracking_2025_Preprocessed/val/Hospital_000/crops/Person_0039/Camera_20/Person_0039_Camera_20_f004530_r002.jpg,None,-1,NOISE,0.0,True,False,0.214446,0.06750295,0.21444586,0.067504115,-0.02822604
303,Person_0039,Hospital_000__Person_0039,39,39,Camera_22,32,Hospital_000,Person,1,0.6666666666666666,4650,8970,/pfs/data6/home/st/st_us-053000/st_st191959/DL-Lab/DataSet/MTMC_Tracking_2025_Preprocessed/val/Hospital_000/crops/Person_0039/Camera_22/Person_0039_Camera_22_f004650_r009.jpg,None,51,Hospital_000__Person_0039,1.0,False,False,0.20244491,0.05797106,0.2024449,0.057971314,-0.0132378405
377,Person_0039,Hospital_000__Person_0039,39,39,Camera_24,34,Hospital_000,Person,1,0.6631299734748011,4650,8970,/pfs/data6/home/st/st_us-053000/st_st191959/DL-Lab/DataSet/MTMC_Tracking_2025_Preprocessed/val/Hospital_000/crops/Person_0039/Camera_24/Person_0039_Camera_24_f004650_r019.jpg,None,51,Hospital_000__Person_0039,1.0,False,False,0.22163892,0.058822285,0.22163898,0.058822952,-0.03242467
261,Person_0039,Hospital_000__Person_0039,39,39,Camera_26,36,Hospital_000,Person,1,0.6666666666666666,5220,8910,/pfs/data6/home/st/st_us-053000/st_st191959/DL-Lab/DataSet/MTMC_Tracking_2025_Preprocessed/val/Hospital_000/crops/Person_0039/Camera_26/Person_0039_Camera_26_f005220_r006.jpg,None,-1,NOISE,0.0,True,False,0.23502304,0.10141644,0.23502298,0.10141666,-0.005779828
16,Person_0039,Hospital_000__Person_0039,39,39,Camera_27,37,Hospital_000,Person,1,0.125,4470,7500,/pfs/data6/home/st/st_us-053000/st_st191959/DL-Lab/DataSet/MTMC_Tracking_2025_Preprocessed/val/Hospital_000/crops/Person_0039/Camera_27/Person_0039_Camera_27_f004470_r009.jpg,None,-1,NOISE,0.0,True,False,-0.045840263,0.084669806,-0.045840316,0.08466941,-0.119958855
36,Person_0039,Hospital_000__Person_0039,39,39,Camera_31,41,Hospital_000,Person,1,0.6666666666666666,5430,5790,/pfs/data6/home/st/st_us-053000/st_st191959/DL-Lab/DataSet/MTMC_Tracking_2025_Preprocessed/val/Hospital_000/crops/Person_0039/Camera_31/Person_0039_Camera_31_f005430_r003.jpg,None,-1,NOISE,0.0,True,False,0.24100937,0.16646858,0.24100931,0.16646992,-0.023665538
484,Person_0000,Lab_000__Person_0000,40,40,Camera_0000,1,Lab_000,Person,1,0.5991735537190083,0,6000,/pfs/data6/home/st/st_us-053000/st_st191959/DL-Lab/DataSet/MTMC_Tracking_2025_Preprocessed/val/Lab_000/crops/Person_0000/Camera_0000/Person_0000_Camera_0000_f000000_r000.jpg,None,-1,NOISE,0.0,True,False,0.05994361,0.25566125,0.05994357,0.25566056,0.009982375
603,Person_0000,Lab_000__Person_0000,40,40,Camera_0001,2,Lab_000,Person,1,0.6666666666666666,0,6000,/pfs/data6/home/st/st_us-053000/st_st191959/DL-Lab/DataSet/MTMC_Tracking_2025_Preprocessed/val/Lab_000/crops/Person_0000/Camera_0001/Person_0000_Camera_0001_f000000_r000.jpg,None,-1,NOISE,0.0,True,False,-0.15037201,0.25182074,-0.15037213,0.2518206,-0.06738299
180,Person_0000,Lab_000__Person_0000,40,40,Camera_0002,3,Lab_000,Person,1,0.6666666666666666,1080,5880,/pfs/data6/home/st/st_us-053000/st_st191959/DL-Lab/DataSet/MTMC_Tracking_2025_Preprocessed/val/Lab_000/crops/Person_0000/Camera_0002/Person_0000_Camera_0002_f001080_r000.jpg,None,-1,NOISE,0.0,True,False,-0.071188495,0.2710841,-0.0711886,0.27108485,-0.03412196
692,Person_0000,Lab_000__Person_0000,40,40,Camera_0003,4,Lab_000,Person,1,0.615606936416185,0,8970,/pfs/data6/home/st/st_us-053000/st_st191959/DL-Lab/DataSet/MTMC_Tracking_2025_Preprocessed/val/Lab_000/crops/Person_0000/Camera_0003/Person_0000_Camera_0003_f000000_r000.jpg,None,-1,NOISE,0.0,True,False,-0.09514067,0.23656838,-0.095140666,0.2365652,0.029904103
322,Person_0000,Lab_000__Person_0000,40,40,Camera_0004,5,Lab_000,Person,1,0.6645962732919255,990,5970,/pfs/data6/home/st/st_us-053000/st_st191959/DL-Lab/DataSet/MTMC_Tracking_2025_Preprocessed/val/Lab_000/crops/Person_0000/Camera_0004/Person_0000_Camera_0004_f000990_r000.jpg,None,-1,NOISE,0.0,True,False,-0.12408227,0.24786246,-0.12408246,0.2478625,-0.06786665
297,Person_0000,Lab_000__Person_0000,40,40,Camera_0005,6,Lab_000,Person,1,0.5454545454545454,0,8910,/pfs/data6/home/st/st_us-053000/st_st191959/DL-Lab/DataSet/MTMC_Tracking_2025_Preprocessed/val/Lab_000/crops/Person_0000/Camera_0005/Person_0000_Camera_0005_f000000_r000.jpg,None,-1,NOISE,0.0,True,False,0.09815054,0.31755608,0.098150544,0.31755564,0.0019399165
648,Person_0000,Lab_000__Person_0000,40,40,Camera_0006,7,Lab_000,Person,1,0.6635802469135802,0,8970,/pfs/data6/home/st/st_us-053000/st_st191959/DL-Lab/DataSet/MTMC_Tracking_2025_Preprocessed/val/Lab_000/crops/Person_0000/Camera_0006/Person_0000_Camera_0006_f000000_r000.jpg,None,-1,NOISE,0.0,True,False,-0.12696806,0.21797241,-0.12696819,0.21797112,-0.11020933
167,Person_0000,Lab_000__Person_0000,40,40,Camera_0007,8,Lab_000,Person,1,0.6586826347305389,2370,4770,/pfs/data6/home/st/st_us-053000/st_st191959/DL-Lab/DataSet/MTMC_Tracking_2025_Preprocessed/val/Lab_000/crops/Person_0000/Camera_0007/Person_0000_Camera_0007_f002370_r000.jpg,None,-1,NOISE,0.0,True,False,-0.41428077,0.14514332,-0.4142811,0.14514594,-0.07634079
616,Person_0000,Lab_000__Person_0000,40,40,Camera_0008,9,Lab_000,Person,1,0.6655844155844156,0,8970,/pfs/data6/home/st/st_us-053000/st_st191959/DL-Lab/DataSet/MTMC_Tracking_2025_Preprocessed/val/Lab_000/crops/Person_0000/Camera_0008/Person_0000_Camera_0008_f000000_r000.jpg,None,-1,NOISE,0.0,True,False,-0.17485249,0.2812473,-0.17485256,0.2812467,-0.09046481
588,Person_0000,Lab_000__Person_0000,40,40,Camera_0009,10,Lab_000,Person,1,0.6666666666666666,0,8970,/pfs/data6/home/st/st_us-053000/st_st191959/DL-Lab/DataSet/MTMC_Tracking_2025_Preprocessed/val/Lab_000/crops/Person_0000/Camera_0009/Person_0000_Camera_0009_f000000_r000.jpg,None,-1,NOISE,0.0,True,False,-0.030012485,0.2715385,-0.030012473,0.2715369,0.0007292603
594,Person_0001,Lab_000__Person_0001,41,41,Camera_0000,1,Lab_000,Person,1,0.6666666666666666,0,8970,/pfs/data6/home/st/st_us-053000/st_st191959/DL-Lab/DataSet/MTMC_Tracking_2025_Preprocessed/val/Lab_000/crops/Person_0001/Camera_0000/Person_0001_Camera_0000_f000000_r002.jpg,None,-1,NOISE,0.0,True,False,0.09196973,-0.046863783,0.091969736,-0.046862725,-0.08598955
900,Person_0001,Lab_000__Person_0001,41,41,Camera_0001,2,Lab_000,Person,1,0.6666666666666666,0,8970,/pfs/data6/home/st/st_us-053000/st_st191959/DL-Lab/DataSet/MTMC_Tracking_2025_Preprocessed/val/Lab_000/crops/Person_0001/Camera_0001/Person_0001_Camera_0001_f000000_r002.jpg,None,-1,NOISE,0.0,True,False,-0.2338635,-0.12818232,-0.23386341,-0.12818076,-0.24688956
60,Person_0001,Lab_000__Person_0001,41,41,Camera_0002,3,Lab_000,Person,1,0.6666666666666666,0,3750,/pfs/data6/home/st/st_us-053000/st_st191959/DL-Lab/DataSet/MTMC_Tracking_2025_Preprocessed/val/Lab_000/crops/Person_0001/Camera_0002/Person_0001_Camera_0002_f000000_r001.jpg,None,-1,NOISE,0.0,True,False,-0.19136505,-0.095725365,-0.19136499,-0.095725976,-0.1930517
483,Person_0001,Lab_000__Person_0001,41,41,Camera_0003,4,Lab_000,Person,1,0.42650103519668736,180,8970,/pfs/data6/home/st/st_us-053000/st_st191959/DL-Lab/DataSet/MTMC_Tracking_2025_Preprocessed/val/Lab_000/crops/Person_0001/Camera_0003/Person_0001_Camera_0003_f000180_r001.jpg,None,-1,NOISE,0.0,True,False,-0.19121899,-0.03023083,-0.19121903,-0.030232599,-0.08199257
66,Person_0001,Lab_000__Person_0001,41,41,Camera_0004,5,Lab_000,Person,1,0.6666666666666666,0,3750,/pfs/data6/home/st/st_us-053000/st_st191959/DL-Lab/DataSet/MTMC_Tracking_2025_Preprocessed/val/Lab_000/crops/Person_0001/Camera_0004/Person_0001_Camera_0004_f000000_r001.jpg,None,-1,NOISE,0.0,True,False,-0.11721417,-0.1889417,-0.1172141,-0.18894206,-0.1317746
300,Person_0001,Lab_000__Person_0001,41,41,Camera_0005,6,Lab_000,Person,1,0.6666666666666666,210,3180,/pfs/data6/home/st/st_us-053000/st_st191959/DL-Lab/DataSet/MTMC_Tracking_2025_Preprocessed/val/Lab_000/crops/Person_0001/Camera_0005/Person_0001_Camera_0005_f000210_r001.jpg,None,-1,NOISE,0.0,True,False,-0.17657061,0.1575058,-0.17657077,0.1575063,-0.010999747
855,Person_0001,Lab_000__Person_0001,41,41,Camera_0006,7,Lab_000,Person,1,0.6666666666666666,0,8970,/pfs/data6/home/st/st_us-053000/st_st191959/DL-Lab/DataSet/MTMC_Tracking_2025_Preprocessed/val/Lab_000/crops/Person_0001/Camera_0006/Person_0001_Camera_0006_f000000_r001.jpg,None,-1,NOISE,0.0,True,False,-0.29246962,-0.08431002,-0.29246962,-0.08430952,-0.264123
567,Person_0001,Lab_000__Person_0001,41,41,Camera_0007,8,Lab_000,Person,1,0.6666666666666666,0,8970,/pfs/data6/home/st/st_us-053000/st_st191959/DL-Lab/DataSet/MTMC_Tracking_2025_Preprocessed/val/Lab_000/crops/Person_0001/Camera_0007/Person_0001_Camera_0007_f000000_r001.jpg,None,-1,NOISE,0.0,True,False,-0.2774667,0.15955622,-0.27746686,0.15955716,-0.07847332
327,Person_0001,Lab_000__Person_0001,41,41,Camera_0008,9,Lab_000,Person,1,0.6666666666666666,0,3240,/pfs/data6/home/st/st_us-053000/st_st191959/DL-Lab/DataSet/MTMC_Tracking_2025_Preprocessed/val/Lab_000/crops/Person_0001/Camera_0008/Person_0001_Camera_0008_f000000_r001.jpg,None,-1,NOISE,0.0,True,False,-0.20022957,-0.054571122,-0.20022951,-0.0545728,-0.06896561
312,Person_0001,Lab_000__Person_0001,41,41,Camera_0009,10,Lab_000,Person,1,0.6666666666666666,180,3270,/pfs/data6/home/st/st_us-053000/st_st191959/DL-Lab/DataSet/MTMC_Tracking_2025_Preprocessed/val/Lab_000/crops/Person_0001/Camera_0009/Person_0001_Camera_0009_f000180_r001.jpg,None,-1,NOISE,0.0,True,False,-0.21399094,-0.09829811,-0.21399078,-0.09829809,-0.20260872
883,Person_0002,Lab_000__Person_0002,42,42,Camera_0000,1,Lab_000,Person,1,0.665911664779162,0,8970,/pfs/data6/home/st/st_us-053000/st_st191959/DL-Lab/DataSet/MTMC_Tracking_2025_Preprocessed/val/Lab_000/crops/Person_0002/Camera_0000/Person_0002_Camera_0000_f000000_r001.jpg,None,-1,NOISE,0.0,True,False,-0.22040448,-0.15230624,-0.22040443,-0.15230757,-0.121666685
900,Person_0002,Lab_000__Person_0002,42,42,Camera_0001,2,Lab_000,Person,1,0.6666666666666666,0,8970,/pfs/data6/home/st/st_us-053000/st_st191959/DL-Lab/DataSet/MTMC_Tracking_2025_Preprocessed/val/Lab_000/crops/Person_0002/Camera_0001/Person_0002_Camera_0001_f000000_r001.jpg,None,-1,NOISE,0.0,True,False,-0.33030087,-0.0027070753,-0.33030078,-0.0027090178,-0.22460441
396,Person_0002,Lab_000__Person_0002,42,42,Camera_0002,3,Lab_000,Person,1,0.6666666666666666,0,8970,/pfs/data6/home/st/st_us-053000/st_st191959/DL-Lab/DataSet/MTMC_Tracking_2025_Preprocessed/val/Lab_000/crops/Person_0002/Camera_0002/Person_0002_Camera_0002_f000000_r000.jpg,None,-1,NOISE,0.0,True,False,-0.3471995,-0.06970693,-0.3471995,-0.06970662,-0.23128751
468,Person_0002,Lab_000__Person_0002,42,42,Camera_0003,4,Lab_000,Person,1,0.6495726495726496,540,5460,/pfs/data6/home/st/st_us-053000/st_st191959/DL-Lab/DataSet/MTMC_Tracking_2025_Preprocessed/val/Lab_000/crops/Person_0002/Camera_0003/Person_0002_Camera_0003_f000540_r001.jpg,None,-1,NOISE,0.0,True,False,-0.28252655,0.08416396,-0.28252664,0.08416585,0.019770589
846,Person_0002,Lab_000__Person_0002,42,42,Camera_0004,5,Lab_000,Person,1,0.6666666666666666,0,8970,/pfs/data6/home/st/st_us-053000/st_st191959/DL-Lab/DataSet/MTMC_Tracking_2025_Preprocessed/val/Lab_000/crops/Person_0002/Camera_0004/Person_0002_Camera_0004_f000000_r000.jpg,None,-1,NOISE,0.0,True,False,-0.38919026,-0.046578046,-0.38919032,-0.04657923,-0.17261106
9,Person_0002,Lab_000__Person_0002,42,42,Camera_0005,6,Lab_000,Person,1,0.6666666666666666,990,1050,/pfs/data6/home/st/st_us-053000/st_st191959/DL-Lab/DataSet/MTMC_Tracking_2025_Preprocessed/val/Lab_000/crops/Person_0002/Camera_0005/Person_0002_Camera_0005_f000990_r001.jpg,None,-1,NOISE,0.0,True,False,-0.37323204,0.021551594,-0.373232,0.021550363,-0.041225187
507,Person_0002,Lab_000__Person_0002,42,42,Camera_0006,7,Lab_000,Person,1,0.6666666666666666,510,5550,/pfs/data6/home/st/st_us-053000/st_st191959/DL-Lab/DataSet/MTMC_Tracking_2025_Preprocessed/val/Lab_000/crops/Person_0002/Camera_0006/Person_0002_Camera_0006_f000510_r001.jpg,None,-1,NOISE,0.0,True,False,-0.28429025,-0.103160515,-0.2842903,-0.10316007,-0.24317554
103,Person_0002,Lab_000__Person_0002,42,42,Camera_0007,8,Lab_000,Person,1,0.6601941747572816,0,5580,/pfs/data6/home/st/st_us-053000/st_st191959/DL-Lab/DataSet/MTMC_Tracking_2025_Preprocessed/val/Lab_000/crops/Person_0002/Camera_0007/Person_0002_Camera_0007_f000000_r000.jpg,None,-1,NOISE,0.0,True,False,-0.26463708,-0.066778146,-0.2646371,-0.0667784,-0.19493006
462,Person_0002,Lab_000__Person_0002,42,42,Camera_0008,9,Lab_000,Person,1,0.6666666666666666,930,5520,/pfs/data6/home/st/st_us-053000/st_st191959/DL-Lab/DataSet/MTMC_Tracking_2025_Preprocessed/val/Lab_000/crops/Person_0002/Camera_0008/Person_0002_Camera_0008_f000930_r001.jpg,None,-1,NOISE,0.0,True,False,-0.38159138,-0.08575253,-0.3815916,-0.085751094,-0.21362029
477,Person_0002,Lab_000__Person_0002,42,42,Camera_0009,10,Lab_000,Person,1,0.6540880503144654,540,5460,/pfs/data6/home/st/st_us-053000/st_st191959/DL-Lab/DataSet/MTMC_Tracking_2025_Preprocessed/val/Lab_000/crops/Person_0002/Camera_0009/Person_0002_Camera_0009_f000540_r001.jpg,None,-1,NOISE,0.0,True,False,-0.4347027,-0.003208912,-0.43470266,-0.0032066617,0.09169965
900,Forklift_0182,Warehouse_015__Forklift_0182,43,43,Camera,0,Warehouse_015,Forklift,1,0.6666666666666666,0,8970,/pfs/data6/home/st/st_us-053000/st_st191959/DL-Lab/DataSet/MTMC_Tracking_2025_Preprocessed/val/Warehouse_015/crops/Forklift_0182/Camera/Forklift_0182_Camera_f000000_r000.jpg,None,-1,NOISE,0.0,True,False,-0.24525666,0.21621566,-0.24525665,0.21621394,0.31023985
900,Forklift_0182,Warehouse_015__Forklift_0182,43,43,Camera_01,11,Warehouse_015,Forklift,1,0.6666666666666666,0,8970,/pfs/data6/home/st/st_us-053000/st_st191959/DL-Lab/DataSet/MTMC_Tracking_2025_Preprocessed/val/Warehouse_015/crops/Forklift_0182/Camera_01/Forklift_0182_Camera_01_f000000_r000.jpg,None,-1,NOISE,0.0,True,False,-0.32280564,0.042167533,-0.3228057,0.04216501,0.21626873
900,Forklift_0182,Warehouse_015__Forklift_0182,43,43,Camera_03,13,Warehouse_015,Forklift,1,0.6666666666666666,0,8970,/pfs/data6/home/st/st_us-053000/st_st191959/DL-Lab/DataSet/MTMC_Tracking_2025_Preprocessed/val/Warehouse_015/crops/Forklift_0182/Camera_03/Forklift_0182_Camera_03_f000000_r000.jpg,None,-1,NOISE,0.0,True,False,-0.42814034,0.16399589,-0.42814043,0.16399688,0.37860554
900,Forklift_0182,Warehouse_015__Forklift_0182,43,43,Camera_08,18,Warehouse_015,Forklift,1,0.6666666666666666,0,8970,/pfs/data6/home/st/st_us-053000/st_st191959/DL-Lab/DataSet/MTMC_Tracking_2025_Preprocessed/val/Warehouse_015/crops/Forklift_0182/Camera_08/Forklift_0182_Camera_08_f000000_r000.jpg,None,-1,NOISE,0.0,True,False,-0.38023734,0.16609673,-0.38023743,0.16609526,0.34066024
900,Forklift_0182,Warehouse_015__Forklift_0182,43,43,Camera_10,20,Warehouse_015,Forklift,1,0.6666666666666666,0,8970,/pfs/data6/home/st/st_us-053000/st_st191959/DL-Lab/DataSet/MTMC_Tracking_2025_Preprocessed/val/Warehouse_015/crops/Forklift_0182/Camera_10/Forklift_0182_Camera_10_f000000_r000.jpg,None,-1,NOISE,0.0,True,False,-0.36385453,0.17985576,-0.36385453,0.17985563,0.26124305
900,Forklift_0182,Warehouse_015__Forklift_0182,43,43,Camera_12,22,Warehouse_015,Forklift,1,0.6666666666666666,0,8970,/pfs/data6/home/st/st_us-053000/st_st191959/DL-Lab/DataSet/MTMC_Tracking_2025_Preprocessed/val/Warehouse_015/crops/Forklift_0182/Camera_12/Forklift_0182_Camera_12_f000000_r000.jpg,None,-1,NOISE,0.0,True,False,-0.079164,0.16765653,-0.07916408,0.16765492,0.07764765
900,Forklift_0183,Warehouse_015__Forklift_0183,44,44,Camera_01,11,Warehouse_015,Forklift,1,0.6666666666666666,0,8970,/pfs/data6/home/st/st_us-053000/st_st191959/DL-Lab/DataSet/MTMC_Tracking_2025_Preprocessed/val/Warehouse_015/crops/Forklift_0183/Camera_01/Forklift_0183_Camera_01_f000000_r001.jpg,None,-1,NOISE,0.0,True,False,-0.34428927,0.2764319,-0.34428954,0.2764329,0.32056051
900,Forklift_0183,Warehouse_015__Forklift_0183,44,44,Camera_03,13,Warehouse_015,Forklift,1,0.6666666666666666,0,8970,/pfs/data6/home/st/st_us-053000/st_st191959/DL-Lab/DataSet/MTMC_Tracking_2025_Preprocessed/val/Warehouse_015/crops/Forklift_0183/Camera_03/Forklift_0183_Camera_03_f000000_r001.jpg,None,-1,NOISE,0.0,True,False,-0.36603272,0.1966891,-0.36603278,0.19668837,0.30610287
900,Forklift_0183,Warehouse_015__Forklift_0183,44,44,Camera_05,15,Warehouse_015,Forklift,1,0.6666666666666666,0,8970,/pfs/data6/home/st/st_us-053000/st_st191959/DL-Lab/DataSet/MTMC_Tracking_2025_Preprocessed/val/Warehouse_015/crops/Forklift_0183/Camera_05/Forklift_0183_Camera_05_f000000_r000.jpg,None,-1,NOISE,0.0,True,False,-0.36318222,0.24217135,-0.36318225,0.24217208,0.3318148
900,Forklift_0183,Warehouse_015__Forklift_0183,44,44,Camera_07,17,Warehouse_015,Forklift,1,0.6666666666666666,0,8970,/pfs/data6/home/st/st_us-053000/st_st191959/DL-Lab/DataSet/MTMC_Tracking_2025_Preprocessed/val/Warehouse_015/crops/Forklift_0183/Camera_07/Forklift_0183_Camera_07_f000000_r000.jpg,None,-1,NOISE,0.0,True,False,-0.3592505,0.20424122,-0.35925052,0.20424075,0.32553136
900,Forklift_0183,Warehouse_015__Forklift_0183,44,44,Camera_10,20,Warehouse_015,Forklift,1,0.6666666666666666,0,8970,/pfs/data6/home/st/st_us-053000/st_st191959/DL-Lab/DataSet/MTMC_Tracking_2025_Preprocessed/val/Warehouse_015/crops/Forklift_0183/Camera_10/Forklift_0183_Camera_10_f000000_r001.jpg,None,-1,NOISE,0.0,True,False,-0.28579417,0.20279485,-0.2857944,0.20279397,0.3332293
900,Forklift_0183,Warehouse_015__Forklift_0183,44,44,Camera_12,22,Warehouse_015,Forklift,1,0.6666666666666666,0,8970,/pfs/data6/home/st/st_us-053000/st_st191959/DL-Lab/DataSet/MTMC_Tracking_2025_Preprocessed/val/Warehouse_015/crops/Forklift_0183/Camera_12/Forklift_0183_Camera_12_f000000_r001.jpg,None,-1,NOISE,0.0,True,False,-0.11695565,0.11324158,-0.11695576,0.11324138,0.3373386
195,NovaCarter_0229,Warehouse_015__NovaCarter_0229,45,45,Camera,0,Warehouse_015,NovaCarter,1,0.6666666666666666,1200,3930,/pfs/data6/home/st/st_us-053000/st_st191959/DL-Lab/DataSet/MTMC_Tracking_2025_Preprocessed/val/Warehouse_015/crops/NovaCarter_0229/Camera/NovaCarter_0229_Camera_f001200_r001.jpg,None,-1,NOISE,0.0,True,False,-0.23464213,0.22342487,-0.23464204,0.22342564,-0.035818875
204,NovaCarter_0229,Warehouse_015__NovaCarter_0229,45,45,Camera_01,11,Warehouse_015,NovaCarter,1,0.6274509803921569,0,8970,/pfs/data6/home/st/st_us-053000/st_st191959/DL-Lab/DataSet/MTMC_Tracking_2025_Preprocessed/val/Warehouse_015/crops/NovaCarter_0229/Camera_01/NovaCarter_0229_Camera_01_f000000_r002.jpg,None,-1,NOISE,0.0,True,False,-0.27599967,0.22821048,-0.27599984,0.22821046,0.022569181
106,NovaCarter_0229,Warehouse_015__NovaCarter_0229,45,45,Camera_02,12,Warehouse_015,NovaCarter,1,0.660377358490566,120,8520,/pfs/data6/home/st/st_us-053000/st_st191959/DL-Lab/DataSet/MTMC_Tracking_2025_Preprocessed/val/Warehouse_015/crops/NovaCarter_0229/Camera_02/NovaCarter_0229_Camera_02_f000120_r000.jpg,None,-1,NOISE,0.0,True,False,-0.24981591,0.23430061,-0.24981594,0.23430143,0.045359615
156,NovaCarter_0229,Warehouse_015__NovaCarter_0229,45,45,Camera_03,13,Warehouse_015,NovaCarter,1,0.6153846153846154,660,4500,/pfs/data6/home/st/st_us-053000/st_st191959/DL-Lab/DataSet/MTMC_Tracking_2025_Preprocessed/val/Warehouse_015/crops/NovaCarter_0229/Camera_03/NovaCarter_0229_Camera_03_f000660_r002.jpg,None,-1,NOISE,0.0,True,False,-0.34628206,0.21839681,-0.34628224,0.21839975,-0.027442817
173,NovaCarter_0229,Warehouse_015__NovaCarter_0229,45,45,Camera_04,14,Warehouse_015,NovaCarter,1,0.6589595375722543,1770,4080,/pfs/data6/home/st/st_us-053000/st_st191959/DL-Lab/DataSet/MTMC_Tracking_2025_Preprocessed/val/Warehouse_015/crops/NovaCarter_0229/Camera_04/NovaCarter_0229_Camera_04_f001770_r000.jpg,None,-1,NOISE,0.0,True,False,-0.23349,0.24129039,-0.23349014,0.24129052,-0.018851638
26,NovaCarter_0229,Warehouse_015__NovaCarter_0229,45,45,Camera_05,15,Warehouse_015,NovaCarter,1,0.6153846153846154,8670,8970,/pfs/data6/home/st/st_us-053000/st_st191959/DL-Lab/DataSet/MTMC_Tracking_2025_Preprocessed/val/Warehouse_015/crops/NovaCarter_0229/Camera_05/NovaCarter_0229_Camera_05_f008670_r001.jpg,None,-1,NOISE,0.0,True,False,-0.15185884,0.08542367,-0.15185882,0.085420616,0.12273126
307,NovaCarter_0229,Warehouse_015__NovaCarter_0229,45,45,Camera_08,18,Warehouse_015,NovaCarter,1,0.6254071661237784,0,6810,/pfs/data6/home/st/st_us-053000/st_st191959/DL-Lab/DataSet/MTMC_Tracking_2025_Preprocessed/val/Warehouse_015/crops/NovaCarter_0229/Camera_08/NovaCarter_0229_Camera_08_f000000_r001.jpg,None,-1,NOISE,0.0,True,False,-0.28582993,0.24320833,-0.28583008,0.24320835,-0.00021669203
302,NovaCarter_0229,Warehouse_015__NovaCarter_0229,45,45,Camera_10,20,Warehouse_015,NovaCarter,1,0.5562913907284768,90,8970,/pfs/data6/home/st/st_us-053000/st_st191959/DL-Lab/DataSet/MTMC_Tracking_2025_Preprocessed/val/Warehouse_015/crops/NovaCarter_0229/Camera_10/NovaCarter_0229_Camera_10_f000090_r002.jpg,None,-1,NOISE,0.0,True,False,-0.24196687,0.23931259,-0.24196698,0.2393134,-0.03529705
48,NovaCarter_0229,Warehouse_015__NovaCarter_0229,45,45,Camera_11,21,Warehouse_015,NovaCarter,1,0.6666666666666666,8520,8970,/pfs/data6/home/st/st_us-053000/st_st191959/DL-Lab/DataSet/MTMC_Tracking_2025_Preprocessed/val/Warehouse_015/crops/NovaCarter_0229/Camera_11/NovaCarter_0229_Camera_11_f008520_r000.jpg,None,-1,NOISE,0.0,True,False,-0.3374992,0.2264164,-0.33749926,0.22641644,0.08254782
284,NovaCarter_0229,Warehouse_015__NovaCarter_0229,45,45,Camera_12,22,Warehouse_015,NovaCarter,1,0.5070422535211268,0,8940,/pfs/data6/home/st/st_us-053000/st_st191959/DL-Lab/DataSet/MTMC_Tracking_2025_Preprocessed/val/Warehouse_015/crops/NovaCarter_0229/Camera_12/NovaCarter_0229_Camera_12_f000000_r002.jpg,None,-1,NOISE,0.0,True,False,-0.2501133,0.24860838,-0.2501134,0.24860896,-0.048694566
131,Person_0000,Warehouse_015__Person_0000,46,46,Camera,0,Warehouse_015,Person,1,0.6412213740458015,0,6180,/pfs/data6/home/st/st_us-053000/st_st191959/DL-Lab/DataSet/MTMC_Tracking_2025_Preprocessed/val/Warehouse_015/crops/Person_0000/Camera/Person_0000_Camera_f000000_r011.jpg,None,-1,NOISE,0.0,True,False,-0.08829855,-0.0027566606,-0.08829858,-0.0027578038,-0.022756308
642,Person_0000,Warehouse_015__Person_0000,46,46,Camera_01,11,Warehouse_015,Person,1,0.573208722741433,0,8970,/pfs/data6/home/st/st_us-053000/st_st191959/DL-Lab/DataSet/MTMC_Tracking_2025_Preprocessed/val/Warehouse_015/crops/Person_0000/Camera_01/Person_0000_Camera_01_f000000_r022.jpg,None,-1,NOISE,0.0,True,False,0.14632925,-0.020282906,0.14632922,-0.020282304,0.0060955845
24,Person_0000,Warehouse_015__Person_0000,46,46,Camera_02,12,Warehouse_015,Person,1,0.6666666666666666,7200,7440,/pfs/data6/home/st/st_us-053000/st_st191959/DL-Lab/DataSet/MTMC_Tracking_2025_Preprocessed/val/Warehouse_015/crops/Person_0000/Camera_02/Person_0000_Camera_02_f007200_r005.jpg,None,-1,NOISE,0.0,True,False,0.0775025,-0.12198071,0.07750252,-0.1219784,0.016041856
368,Person_0000,Warehouse_015__Person_0000,46,46,Camera_03,13,Warehouse_015,Person,1,0.5543478260869565,0,6480,/pfs/data6/home/st/st_us-053000/st_st191959/DL-Lab/DataSet/MTMC_Tracking_2025_Preprocessed/val/Warehouse_015/crops/Person_0000/Camera_03/Person_0000_Camera_03_f000000_r016.jpg,None,-1,NOISE,0.0,True,False,0.20813169,0.04283777,0.20813173,0.042838212,-0.0030970068
574,Person_0000,Warehouse_015__Person_0000,46,46,Camera_05,15,Warehouse_015,Person,1,0.6515679442508711,120,8970,/pfs/data6/home/st/st_us-053000/st_st191959/DL-Lab/DataSet/MTMC_Tracking_2025_Preprocessed/val/Warehouse_015/crops/Person_0000/Camera_05/Person_0000_Camera_05_f000120_r012.jpg,None,-1,NOISE,0.0,True,False,0.17170194,-0.026499284,0.17170195,-0.026498891,0.060461257
266,Person_0000,Warehouse_015__Person_0000,46,46,Camera_06,16,Warehouse_015,Person,1,0.6616541353383458,2310,8970,/pfs/data6/home/st/st_us-053000/st_st191959/DL-Lab/DataSet/MTMC_Tracking_2025_Preprocessed/val/Warehouse_015/crops/Person_0000/Camera_06/Person_0000_Camera_06_f002310_r007.jpg,None,-1,NOISE,0.0,True,False,0.18050714,-0.024282897,0.18050715,-0.024281284,0.008684319
309,Person_0000,Warehouse_015__Person_0000,46,46,Camera_07,17,Warehouse_015,Person,1,0.6601941747572816,0,6240,/pfs/data6/home/st/st_us-053000/st_st191959/DL-Lab/DataSet/MTMC_Tracking_2025_Preprocessed/val/Warehouse_015/crops/Person_0000/Camera_07/Person_0000_Camera_07_f000000_r007.jpg,None,-1,NOISE,0.0,True,False,0.15162021,-0.04746646,0.15162025,-0.04746682,-0.008461902
114,Person_0000,Warehouse_015__Person_0000,46,46,Camera_09,19,Warehouse_015,Person,1,0.6666666666666666,0,1500,/pfs/data6/home/st/st_us-053000/st_st191959/DL-Lab/DataSet/MTMC_Tracking_2025_Preprocessed/val/Warehouse_015/crops/Person_0000/Camera_09/Person_0000_Camera_09_f000000_r004.jpg,None,-1,NOISE,0.0,True,False,0.0832479,0.029741528,0.08324793,0.029742036,-0.059973583
697,Person_0000,Warehouse_015__Person_0000,46,46,Camera_10,20,Warehouse_015,Person,1,0.648493543758967,0,8970,/pfs/data6/home/st/st_us-053000/st_st191959/DL-Lab/DataSet/MTMC_Tracking_2025_Preprocessed/val/Warehouse_015/crops/Person_0000/Camera_10/Person_0000_Camera_10_f000000_r028.jpg,None,-1,NOISE,0.0,True,False,0.14966393,-0.03804486,0.14966393,-0.038043495,-0.0062876237
297,Person_0000,Warehouse_015__Person_0000,46,46,Camera_11,21,Warehouse_015,Person,1,0.6599326599326599,1860,8940,/pfs/data6/home/st/st_us-053000/st_st191959/DL-Lab/DataSet/MTMC_Tracking_2025_Preprocessed/val/Warehouse_015/crops/Person_0000/Camera_11/Person_0000_Camera_11_f001860_r007.jpg,None,-1,NOISE,0.0,True,False,0.06489612,-0.05937237,0.064896174,-0.05937172,0.07938914
473,Person_0000,Warehouse_015__Person_0000,46,46,Camera_12,22,Warehouse_015,Person,1,0.642706131078224,0,7680,/pfs/data6/home/st/st_us-053000/st_st191959/DL-Lab/DataSet/MTMC_Tracking_2025_Preprocessed/val/Warehouse_015/crops/Person_0000/Camera_12/Person_0000_Camera_12_f000000_r024.jpg,None,-1,NOISE,0.0,True,False,0.047425516,-0.036177877,0.047425494,-0.03617883,0.03246642
504,Person_0001,Warehouse_015__Person_0001,47,47,Camera,0,Warehouse_015,Person,1,0.6587301587301587,450,8970,/pfs/data6/home/st/st_us-053000/st_st191959/DL-Lab/DataSet/MTMC_Tracking_2025_Preprocessed/val/Warehouse_015/crops/Person_0001/Camera/Person_0001_Camera_f000450_r010.jpg,None,52,Warehouse_015__Person_0201,0.225,False,True,0.16056363,0.11730663,0.16056359,0.11730641,-0.030501567
218,Person_0001,Warehouse_015__Person_0001,47,47,Camera_01,11,Warehouse_015,Person,1,0.5963302752293578,0,8850,/pfs/data6/home/st/st_us-053000/st_st191959/DL-Lab/DataSet/MTMC_Tracking_2025_Preprocessed/val/Warehouse_015/crops/Person_0001/Camera_01/Person_0001_Camera_01_f000000_r021.jpg,None,52,Warehouse_015__Person_0201,0.225,False,True,0.18315625,0.08153737,0.1831562,0.08153729,0.019819533
436,Person_0001,Warehouse_015__Person_0001,47,47,Camera_03,13,Warehouse_015,Person,1,0.6330275229357798,0,8970,/pfs/data6/home/st/st_us-053000/st_st191959/DL-Lab/DataSet/MTMC_Tracking_2025_Preprocessed/val/Warehouse_015/crops/Person_0001/Camera_03/Person_0001_Camera_03_f000000_r015.jpg,None,-1,NOISE,0.0,True,False,0.030638838,0.028479945,0.03063878,0.028478933,0.03261011
470,Person_0001,Warehouse_015__Person_0001,47,47,Camera_04,14,Warehouse_015,Person,1,0.6638297872340425,480,8970,/pfs/data6/home/st/st_us-053000/st_st191959/DL-Lab/DataSet/MTMC_Tracking_2025_Preprocessed/val/Warehouse_015/crops/Person_0001/Camera_04/Person_0001_Camera_04_f000480_r005.jpg,None,52,Warehouse_015__Person_0201,0.225,False,True,0.18468158,0.12815735,0.18468152,0.12815765,-0.011860873
90,Person_0001,Warehouse_015__Person_0001,47,47,Camera_07,17,Warehouse_015,Person,1,0.6666666666666666,0,1050,/pfs/data6/home/st/st_us-053000/st_st191959/DL-Lab/DataSet/MTMC_Tracking_2025_Preprocessed/val/Warehouse_015/crops/Person_0001/Camera_07/Person_0001_Camera_07_f000000_r006.jpg,None,-1,NOISE,0.0,True,False,0.09821074,0.109731704,0.09821071,0.10973093,0.0076236855
657,Person_0001,Warehouse_015__Person_0001,47,47,Camera_08,18,Warehouse_015,Person,1,0.6636225266362252,1110,8970,/pfs/data6/home/st/st_us-053000/st_st191959/DL-Lab/DataSet/MTMC_Tracking_2025_Preprocessed/val/Warehouse_015/crops/Person_0001/Camera_08/Person_0001_Camera_08_f001110_r011.jpg,None,52,Warehouse_015__Person_0201,0.225,False,True,0.16663416,0.10699192,0.16663419,0.10699182,-0.0029747225
51,Person_0001,Warehouse_015__Person_0001,47,47,Camera_09,19,Warehouse_015,Person,1,0.6666666666666666,0,480,/pfs/data6/home/st/st_us-053000/st_st191959/DL-Lab/DataSet/MTMC_Tracking_2025_Preprocessed/val/Warehouse_015/crops/Person_0001/Camera_09/Person_0001_Camera_09_f000000_r003.jpg,None,52,Warehouse_015__Person_0201,0.225,False,True,0.15689349,0.12281807,0.15689354,0.1228177,-0.022945192
438,Person_0001,Warehouse_015__Person_0001,47,47,Camera_10,20,Warehouse_015,Person,1,0.4155251141552511,240,8760,/pfs/data6/home/st/st_us-053000/st_st191959/DL-Lab/DataSet/MTMC_Tracking_2025_Preprocessed/val/Warehouse_015/crops/Person_0001/Camera_10/Person_0001_Camera_10_f000240_r029.jpg,None,52,Warehouse_015__Person_0201,0.225,False,True,0.1600976,0.1442113,0.16009757,0.14421189,0.005463449
423,Person_0001,Warehouse_015__Person_0001,47,47,Camera_12,22,Warehouse_015,Person,1,0.6524822695035462,510,8970,/pfs/data6/home/st/st_us-053000/st_st191959/DL-Lab/DataSet/MTMC_Tracking_2025_Preprocessed/val/Warehouse_015/crops/Person_0001/Camera_12/Person_0001_Camera_12_f000510_r027.jpg,None,52,Warehouse_015__Person_0201,0.225,False,True,0.18021838,0.10286845,0.18021834,0.10286824,-0.032234177
222,Person_0002,Warehouse_015__Person_0002,48,48,Camera,0,Warehouse_015,Person,1,0.6666666666666666,60,2610,/pfs/data6/home/st/st_us-053000/st_st191959/DL-Lab/DataSet/MTMC_Tracking_2025_Preprocessed/val/Warehouse_015/crops/Person_0002/Camera/Person_0002_Camera_f000060_r006.jpg,None,-1,NOISE,0.0,True,False,-0.14002562,0.23804218,-0.14002569,0.23804201,-0.0010901133
558,Person_0002,Warehouse_015__Person_0002,48,48,Camera_01,11,Warehouse_015,Person,1,0.6164874551971327,30,8730,/pfs/data6/home/st/st_us-053000/st_st191959/DL-Lab/DataSet/MTMC_Tracking_2025_Preprocessed/val/Warehouse_015/crops/Person_0002/Camera_01/Person_0002_Camera_01_f000030_r008.jpg,None,53,Warehouse_015__Person_0002,1.0,False,False,0.047492057,0.15127417,0.04749203,0.15127319,0.100574404
120,Person_0002,Warehouse_015__Person_0002,48,48,Camera_02,12,Warehouse_015,Person,1,0.6666666666666666,4680,8970,/pfs/data6/home/st/st_us-053000/st_st191959/DL-Lab/DataSet/MTMC_Tracking_2025_Preprocessed/val/Warehouse_015/crops/Person_0002/Camera_02/Person_0002_Camera_02_f004680_r000.jpg,None,54,Warehouse_015__Person_0002,1.0,False,False,0.06553915,0.20075095,0.0655391,0.20075054,0.002272364
363,Person_0002,Warehouse_015__Person_0002,48,48,Camera_03,13,Warehouse_015,Person,1,0.5840220385674931,0,5580,/pfs/data6/home/st/st_us-053000/st_st191959/DL-Lab/DataSet/MTMC_Tracking_2025_Preprocessed/val/Warehouse_015/crops/Person_0002/Camera_03/Person_0002_Camera_03_f000000_r005.jpg,None,-1,NOISE,0.0,True,False,0.10186488,0.16919036,0.10186482,0.16918914,0.04026512
18,Person_0002,Warehouse_015__Person_0002,48,48,Camera_04,14,Warehouse_015,Person,1,0.6666666666666666,1800,2160,/pfs/data6/home/st/st_us-053000/st_st191959/DL-Lab/DataSet/MTMC_Tracking_2025_Preprocessed/val/Warehouse_015/crops/Person_0002/Camera_04/Person_0002_Camera_04_f001800_r002.jpg,None,-1,NOISE,0.0,True,False,-0.2091961,0.2287878,-0.20919621,0.22878833,0.07213179
336,Person_0002,Warehouse_015__Person_0002,48,48,Camera_05,15,Warehouse_015,Person,1,0.6666666666666666,360,8340,/pfs/data6/home/st/st_us-053000/st_st191959/DL-Lab/DataSet/MTMC_Tracking_2025_Preprocessed/val/Warehouse_015/crops/Person_0002/Camera_05/Person_0002_Camera_05_f000360_r003.jpg,None,53,Warehouse_015__Person_0002,1.0,False,False,-0.0011404958,0.19459954,-0.0011404778,0.19459827,0.10389452
57,Person_0002,Warehouse_015__Person_0002,48,48,Camera_06,16,Warehouse_015,Person,1,0.6666666666666666,6960,7530,/pfs/data6/home/st/st_us-053000/st_st191959/DL-Lab/DataSet/MTMC_Tracking_2025_Preprocessed/val/Warehouse_015/crops/Person_0002/Camera_06/Person_0002_Camera_06_f006960_r001.jpg,None,-1,NOISE,0.0,True,False,0.21160406,0.1465857,0.21160401,0.14658546,0.056925178
192,Person_0002,Warehouse_015__Person_0002,48,48,Camera_07,17,Warehouse_015,Person,1,0.6666666666666666,0,2400,/pfs/data6/home/st/st_us-053000/st_st191959/DL-Lab/DataSet/MTMC_Tracking_2025_Preprocessed/val/Warehouse_015/crops/Person_0002/Camera_07/Person_0002_Camera_07_f000000_r001.jpg,None,-1,NOISE,0.0,True,False,0.17684877,0.20958658,0.17684871,0.20958553,0.08591259
182,Person_0002,Warehouse_015__Person_0002,48,48,Camera_08,18,Warehouse_015,Person,1,0.5934065934065934,3780,8970,/pfs/data6/home/st/st_us-053000/st_st191959/DL-Lab/DataSet/MTMC_Tracking_2025_Preprocessed/val/Warehouse_015/crops/Person_0002/Camera_08/Person_0002_Camera_08_f003780_r006.jpg,None,-1,NOISE,0.0,True,False,0.10879792,0.014993962,0.10879787,0.014994366,-0.0069777826
99,Person_0002,Warehouse_015__Person_0002,48,48,Camera_09,19,Warehouse_015,Person,1,0.6666666666666666,0,1830,/pfs/data6/home/st/st_us-053000/st_st191959/DL-Lab/DataSet/MTMC_Tracking_2025_Preprocessed/val/Warehouse_015/crops/Person_0002/Camera_09/Person_0002_Camera_09_f000000_r000.jpg,None,54,Warehouse_015__Person_0002,1.0,False,False,0.13009265,0.22807874,0.13009262,0.22807787,-0.00084548775
742,Person_0002,Warehouse_015__Person_0002,48,48,Camera_10,20,Warehouse_015,Person,1,0.6388140161725068,0,8370,/pfs/data6/home/st/st_us-053000/st_st191959/DL-Lab/DataSet/MTMC_Tracking_2025_Preprocessed/val/Warehouse_015/crops/Person_0002/Camera_10/Person_0002_Camera_10_f000000_r009.jpg,None,54,Warehouse_015__Person_0002,1.0,False,False,0.065660805,0.21129209,0.06566077,0.2112919,-0.025598576
98,Person_0002,Warehouse_015__Person_0002,48,48,Camera_11,21,Warehouse_015,Person,1,0.5918367346938775,6360,8040,/pfs/data6/home/st/st_us-053000/st_st191959/DL-Lab/DataSet/MTMC_Tracking_2025_Preprocessed/val/Warehouse_015/crops/Person_0002/Camera_11/Person_0002_Camera_11_f006360_r001.jpg,None,-1,NOISE,0.0,True,False,0.24808082,0.20255055,0.24808078,0.20255013,0.068986885
571,Person_0002,Warehouse_015__Person_0002,48,48,Camera_12,22,Warehouse_015,Person,1,0.6164623467600701,30,8970,/pfs/data6/home/st/st_us-053000/st_st191959/DL-Lab/DataSet/MTMC_Tracking_2025_Preprocessed/val/Warehouse_015/crops/Person_0002/Camera_12/Person_0002_Camera_12_f000030_r010.jpg,None,-1,NOISE,0.0,True,False,0.1639805,0.17558052,0.16398044,0.17557956,0.024919368
183,Person_0003,Warehouse_015__Person_0003,49,49,Camera,0,Warehouse_015,Person,1,0.6666666666666666,180,2940,/pfs/data6/home/st/st_us-053000/st_st191959/DL-Lab/DataSet/MTMC_Tracking_2025_Preprocessed/val/Warehouse_015/crops/Person_0003/Camera/Person_0003_Camera_f000180_r009.jpg,None,-1,NOISE,0.0,True,False,0.12987617,-0.049536552,0.12987623,-0.049539614,0.031282764
671,Person_0003,Warehouse_015__Person_0003,49,49,Camera_01,11,Warehouse_015,Person,1,0.5991058122205664,0,8970,/pfs/data6/home/st/st_us-053000/st_st191959/DL-Lab/DataSet/MTMC_Tracking_2025_Preprocessed/val/Warehouse_015/crops/Person_0003/Camera_01/Person_0003_Camera_01_f000000_r016.jpg,None,55,Warehouse_015__Person_0003,1.0,False,False,0.19611333,0.010512127,0.19611338,0.010511067,0.014873105
165,Person_0003,Warehouse_015__Person_0003,49,49,Camera_02,12,Warehouse_015,Person,1,0.6666666666666666,4410,6120,/pfs/data6/home/st/st_us-053000/st_st191959/DL-Lab/DataSet/MTMC_Tracking_2025_Preprocessed/val/Warehouse_015/crops/Person_0003/Camera_02/Person_0003_Camera_02_f004410_r002.jpg,None,-1,NOISE,0.0,True,False,0.1984682,0.036339365,0.19846827,0.03633892,-0.0059028943
341,Person_0003,Warehouse_015__Person_0003,49,49,Camera_03,13,Warehouse_015,Person,1,0.6099706744868035,0,3990,/pfs/data6/home/st/st_us-053000/st_st191959/DL-Lab/DataSet/MTMC_Tracking_2025_Preprocessed/val/Warehouse_015/crops/Person_0003/Camera_03/Person_0003_Camera_03_f000000_r011.jpg,None,55,Warehouse_015__Person_0003,1.0,False,False,0.23981823,0.024406087,0.23981833,0.024405548,0.04449192
24,Person_0003,Warehouse_015__Person_0003,49,49,Camera_04,14,Warehouse_015,Person,1,0.6666666666666666,1620,1830,/pfs/data6/home/st/st_us-053000/st_st191959/DL-Lab/DataSet/MTMC_Tracking_2025_Preprocessed/val/Warehouse_015/crops/Person_0003/Camera_04/Person_0003_Camera_04_f001620_r005.jpg,None,-1,NOISE,0.0,True,False,-0.22381604,0.1636979,-0.22381593,0.163696,0.018390097
400,Person_0003,Warehouse_015__Person_0003,49,49,Camera_05,15,Warehouse_015,Person,1,0.665,3660,8970,/pfs/data6/home/st/st_us-053000/st_st191959/DL-Lab/DataSet/MTMC_Tracking_2025_Preprocessed/val/Warehouse_015/crops/Person_0003/Camera_05/Person_0003_Camera_05_f003660_r010.jpg,None,-1,NOISE,0.0,True,False,0.19456463,-0.06508818,0.19456469,-0.065089084,0.06639125
225,Person_0003,Warehouse_015__Person_0003,49,49,Camera_07,17,Warehouse_015,Person,1,0.6666666666666666,150,2850,/pfs/data6/home/st/st_us-053000/st_st191959/DL-Lab/DataSet/MTMC_Tracking_2025_Preprocessed/val/Warehouse_015/crops/Person_0003/Camera_07/Person_0003_Camera_07_f000150_r005.jpg,None,-1,NOISE,0.0,True,False,0.14513546,-0.01175323,0.14513552,-0.011754604,0.05030185
29,Person_0003,Warehouse_015__Person_0003,49,49,Camera_08,18,Warehouse_015,Person,1,0.6206896551724138,5340,6030,/pfs/data6/home/st/st_us-053000/st_st191959/DL-Lab/DataSet/MTMC_Tracking_2025_Preprocessed/val/Warehouse_015/crops/Person_0003/Camera_08/Person_0003_Camera_08_f005340_r013.jpg,None,-1,NOISE,0.0,True,False,-0.0604665,-0.039908394,-0.06046647,-0.03991035,-0.039717793
162,Person_0003,Warehouse_015__Person_0003,49,49,Camera_09,19,Warehouse_015,Person,1,0.6666666666666666,0,1590,/pfs/data6/home/st/st_us-053000/st_st191959/DL-Lab/DataSet/MTMC_Tracking_2025_Preprocessed/val/Warehouse_015/crops/Person_0003/Camera_09/Person_0003_Camera_09_f000000_r002.jpg,None,-1,NOISE,0.0,True,False,0.22144166,0.013465733,0.22144175,0.01346529,0.0532324
660,Person_0003,Warehouse_015__Person_0003,49,49,Camera_10,20,Warehouse_015,Person,1,0.6393939393939394,0,8970,/pfs/data6/home/st/st_us-053000/st_st191959/DL-Lab/DataSet/MTMC_Tracking_2025_Preprocessed/val/Warehouse_015/crops/Person_0003/Camera_10/Person_0003_Camera_10_f000000_r020.jpg,None,55,Warehouse_015__Person_0003,1.0,False,False,0.21143174,0.019106176,0.21143186,0.019105468,-0.024261871
183,Person_0003,Warehouse_015__Person_0003,49,49,Camera_11,21,Warehouse_015,Person,1,0.6666666666666666,6540,8970,/pfs/data6/home/st/st_us-053000/st_st191959/DL-Lab/DataSet/MTMC_Tracking_2025_Preprocessed/val/Warehouse_015/crops/Person_0003/Camera_11/Person_0003_Camera_11_f006540_r002.jpg,None,-1,NOISE,0.0,True,False,0.28479594,0.089313366,0.28479576,0.08931419,0.100336544
557,Person_0003,Warehouse_015__Person_0003,49,49,Camera_12,22,Warehouse_015,Person,1,0.5637342908438061,180,8970,/pfs/data6/home/st/st_us-053000/st_st191959/DL-Lab/DataSet/MTMC_Tracking_2025_Preprocessed/val/Warehouse_015/crops/Person_0003/Camera_12/Person_0003_Camera_12_f000180_r018.jpg,None,-1,NOISE,0.0,True,False,0.21611468,0.08190597,0.21611482,0.08190534,-0.021435471
483,Person_0004,Warehouse_015__Person_0004,50,50,Camera,0,Warehouse_015,Person,1,0.6666666666666666,0,4830,/pfs/data6/home/st/st_us-053000/st_st191959/DL-Lab/DataSet/MTMC_Tracking_2025_Preprocessed/val/Warehouse_015/crops/Person_0004/Camera/Person_0004_Camera_f000000_r015.jpg,None,56,Warehouse_015__Person_0179,0.6666666666666666,False,True,0.16645919,-0.121242695,0.16645926,-0.12124238,0.06188184
484,Person_0004,Warehouse_015__Person_0004,50,50,Camera_01,11,Warehouse_015,Person,1,0.6157024793388429,0,8970,/pfs/data6/home/st/st_us-053000/st_st191959/DL-Lab/DataSet/MTMC_Tracking_2025_Preprocessed/val/Warehouse_015/crops/Person_0004/Camera_01/Person_0004_Camera_01_f000000_r027.jpg,None,57,Warehouse_015__Person_0004,0.375,False,False,0.15407087,-0.096001916,0.15407088,-0.09600198,0.051215034
237,Person_0004,Warehouse_015__Person_0004,50,50,Camera_02,12,Warehouse_015,Person,1,0.6666666666666666,6030,8940,/pfs/data6/home/st/st_us-053000/st_st191959/DL-Lab/DataSet/MTMC_Tracking_2025_Preprocessed/val/Warehouse_015/crops/Person_0004/Camera_02/Person_0004_Camera_02_f006030_r006.jpg,None,-1,NOISE,0.0,True,False,0.1754667,-0.11087213,0.17546669,-0.110871226,0.027687818
376,Person_0004,Warehouse_015__Person_0004,50,50,Camera_03,13,Warehouse_015,Person,1,0.6648936170212766,0,5520,/pfs/data6/home/st/st_us-053000/st_st191959/DL-Lab/DataSet/MTMC_Tracking_2025_Preprocessed/val/Warehouse_015/crops/Person_0004/Camera_03/Person_0004_Camera_03_f000000_r019.jpg,None,-1,NOISE,0.0,True,False,0.2032325,-0.109301955,0.20323248,-0.10930164,0.103959635
339,Person_0004,Warehouse_015__Person_0004,50,50,Camera_04,14,Warehouse_015,Person,1,0.6666666666666666,240,3930,/pfs/data6/home/st/st_us-053000/st_st191959/DL-Lab/DataSet/MTMC_Tracking_2025_Preprocessed/val/Warehouse_015/crops/Person_0004/Camera_04/Person_0004_Camera_04_f000240_r008.jpg,None,-1,NOISE,0.0,True,False,0.09901651,-0.1562169,0.09901654,-0.15621716,0.024188887
224,Person_0004,Warehouse_015__Person_0004,50,50,Camera_05,15,Warehouse_015,Person,1,0.6517857142857143,4860,8970,/pfs/data6/home/st/st_us-053000/st_st191959/DL-Lab/DataSet/MTMC_Tracking_2025_Preprocessed/val/Warehouse_015/crops/Person_0004/Camera_05/Person_0004_Camera_05_f004860_r012.jpg,None,-1,NOISE,0.0,True,False,0.07740279,-0.16977918,0.07740289,-0.16977955,0.09537434
227,Person_0004,Warehouse_015__Person_0004,50,50,Camera_07,17,Warehouse_015,Person,1,0.6607929515418502,300,5160,/pfs/data6/home/st/st_us-053000/st_st191959/DL-Lab/DataSet/MTMC_Tracking_2025_Preprocessed/val/Warehouse_015/crops/Person_0004/Camera_07/Person_0004_Camera_07_f000300_r007.jpg,None,-1,NOISE,0.0,True,False,0.21876132,-0.09399552,0.21876134,-0.09399507,0.10289719
298,Person_0004,Warehouse_015__Person_0004,50,50,Camera_08,18,Warehouse_015,Person,1,0.5973154362416108,720,8490,/pfs/data6/home/st/st_us-053000/st_st191959/DL-Lab/DataSet/MTMC_Tracking_2025_Preprocessed/val/Warehouse_015/crops/Person_0004/Camera_08/Person_0004_Camera_08_f000720_r013.jpg,None,-1,NOISE,0.0,True,False,0.20239595,-0.06083387,0.20239595,-0.06083354,0.055455513
60,Person_0004,Warehouse_015__Person_0004,50,50,Camera_09,19,Warehouse_015,Person,1,0.6666666666666666,0,4260,/pfs/data6/home/st/st_us-053000/st_st191959/DL-Lab/DataSet/MTMC_Tracking_2025_Preprocessed/val/Warehouse_015/crops/Person_0004/Camera_09/Person_0004_Camera_09_f000000_r005.jpg,None,-1,NOISE,0.0,True,False,0.10155407,-0.09826315,0.10155417,-0.09826383,0.019948827
449,Person_0004,Warehouse_015__Person_0004,50,50,Camera_10,20,Warehouse_015,Person,1,0.534521158129176,0,8970,/pfs/data6/home/st/st_us-053000/st_st191959/DL-Lab/DataSet/MTMC_Tracking_2025_Preprocessed/val/Warehouse_015/crops/Person_0004/Camera_10/Person_0004_Camera_10_f000000_r034.jpg,None,57,Warehouse_015__Person_0004,0.375,False,False,0.15098807,-0.0752131,0.15098812,-0.07521266,-0.016937722
455,Person_0004,Warehouse_015__Person_0004,50,50,Camera_12,22,Warehouse_015,Person,1,0.5802197802197803,330,8970,/pfs/data6/home/st/st_us-053000/st_st191959/DL-Lab/DataSet/MTMC_Tracking_2025_Preprocessed/val/Warehouse_015/crops/Person_0004/Camera_12/Person_0004_Camera_12_f000330_r028.jpg,None,57,Warehouse_015__Person_0004,0.375,False,False,0.17697144,-0.095185325,0.17697147,-0.095184825,0.038936067
238,Person_0005,Warehouse_015__Person_0005,51,51,Camera,0,Warehouse_015,Person,1,0.6638655462184874,120,4650,/pfs/data6/home/st/st_us-053000/st_st191959/DL-Lab/DataSet/MTMC_Tracking_2025_Preprocessed/val/Warehouse_015/crops/Person_0005/Camera/Person_0005_Camera_f000120_r016.jpg,None,-1,NOISE,0.0,True,False,0.03261881,0.014046955,0.032618772,0.014047379,0.0716424
649,Person_0005,Warehouse_015__Person_0005,51,51,Camera_01,11,Warehouse_015,Person,1,0.5639445300462249,0,8970,/pfs/data6/home/st/st_us-053000/st_st191959/DL-Lab/DataSet/MTMC_Tracking_2025_Preprocessed/val/Warehouse_015/crops/Person_0005/Camera_01/Person_0005_Camera_01_f000000_r028.jpg,None,-1,NOISE,0.0,True,False,0.07606216,-0.018105906,0.07606214,-0.018105194,0.10532134
755,Person_0005,Warehouse_015__Person_0005,51,51,Camera_03,13,Warehouse_015,Person,1,0.633112582781457,0,8970,/pfs/data6/home/st/st_us-053000/st_st191959/DL-Lab/DataSet/MTMC_Tracking_2025_Preprocessed/val/Warehouse_015/crops/Person_0005/Camera_03/Person_0005_Camera_03_f000000_r020.jpg,None,-1,NOISE,0.0,True,False,0.062461983,-0.009158108,0.062461957,-0.009157604,0.09729309
33,Person_0005,Warehouse_015__Person_0005,51,51,Camera_04,14,Warehouse_015,Person,1,0.6666666666666666,2640,3030,/pfs/data6/home/st/st_us-053000/st_st191959/DL-Lab/DataSet/MTMC_Tracking_2025_Preprocessed/val/Warehouse_015/crops/Person_0005/Camera_04/Person_0005_Camera_04_f002640_r009.jpg,None,-1,NOISE,0.0,True,False,0.10298052,0.07283742,0.102980584,0.07283767,0.035612743
321,Person_0005,Warehouse_015__Person_0005,51,51,Camera_05,15,Warehouse_015,Person,1,0.6355140186915887,330,7200,/pfs/data6/home/st/st_us-053000/st_st191959/DL-Lab/DataSet/MTMC_Tracking_2025_Preprocessed/val/Warehouse_015/crops/Person_0005/Camera_05/Person_0005_Camera_05_f000330_r017.jpg,None,-1,NOISE,0.0,True,False,0.060550496,0.04570318,0.06055047,0.045702077,0.098202124
24,Person_0005,Warehouse_015__Person_0005,51,51,Camera_06,16,Warehouse_015,Person,1,0.6666666666666666,6240,6450,/pfs/data6/home/st/st_us-053000/st_st191959/DL-Lab/DataSet/MTMC_Tracking_2025_Preprocessed/val/Warehouse_015/crops/Person_0005/Camera_06/Person_0005_Camera_06_f006240_r001.jpg,None,-1,NOISE,0.0,True,False,-0.4575725,0.115531996,-0.45757255,0.115535155,0.18482123
435,Person_0005,Warehouse_015__Person_0005,51,51,Camera_07,17,Warehouse_015,Person,1,0.6666666666666666,0,5040,/pfs/data6/home/st/st_us-053000/st_st191959/DL-Lab/DataSet/MTMC_Tracking_2025_Preprocessed/val/Warehouse_015/crops/Person_0005/Camera_07/Person_0005_Camera_07_f000000_r009.jpg,None,-1,NOISE,0.0,True,False,0.025551764,-0.029998198,0.025551774,-0.029998023,0.084500134
18,Person_0005,Warehouse_015__Person_0005,51,51,Camera_08,18,Warehouse_015,Person,1,0.6666666666666666,8010,8220,/pfs/data6/home/st/st_us-053000/st_st191959/DL-Lab/DataSet/MTMC_Tracking_2025_Preprocessed/val/Warehouse_015/crops/Person_0005/Camera_08/Person_0005_Camera_08_f008010_r013.jpg,None,-1,NOISE,0.0,True,False,-0.054864395,0.08857398,-0.054864474,0.08857271,0.087304704
186,Person_0005,Warehouse_015__Person_0005,51,51,Camera_09,19,Warehouse_015,Person,1,0.6666666666666666,0,4620,/pfs/data6/home/st/st_us-053000/st_st191959/DL-Lab/DataSet/MTMC_Tracking_2025_Preprocessed/val/Warehouse_015/crops/Person_0005/Camera_09/Person_0005_Camera_09_f000000_r006.jpg,None,-1,NOISE,0.0,True,False,0.07900901,0.05907598,0.079009034,0.05907609,0.0021498278
620,Person_0005,Warehouse_015__Person_0005,51,51,Camera_10,20,Warehouse_015,Person,1,0.6193548387096774,60,8970,/pfs/data6/home/st/st_us-053000/st_st191959/DL-Lab/DataSet/MTMC_Tracking_2025_Preprocessed/val/Warehouse_015/crops/Person_0005/Camera_10/Person_0005_Camera_10_f000060_r034.jpg,None,-1,NOISE,0.0,True,False,0.115769,0.010764126,0.11576905,0.010765023,0.026050782
640,Person_0005,Warehouse_015__Person_0005,51,51,Camera_12,22,Warehouse_015,Person,1,0.665625,120,8970,/pfs/data6/home/st/st_us-053000/st_st191959/DL-Lab/DataSet/MTMC_Tracking_2025_Preprocessed/val/Warehouse_015/crops/Person_0005/Camera_12/Person_0005_Camera_12_f000120_r028.jpg,None,-1,NOISE,0.0,True,False,0.006960075,-0.012098361,0.0069600744,-0.012097486,0.08760793
96,Person_0006,Warehouse_015__Person_0006,52,52,Camera,0,Warehouse_015,Person,1,0.6666666666666666,0,6450,/pfs/data6/home/st/st_us-053000/st_st191959/DL-Lab/DataSet/MTMC_Tracking_2025_Preprocessed/val/Warehouse_015/crops/Person_0006/Camera/Person_0006_Camera_f000000_r008.jpg,None,-1,NOISE,0.0,True,False,-0.036678143,-0.3734732,-0.03667805,-0.37347138,0.15572672
686,Person_0006,Warehouse_015__Person_0006,52,52,Camera_01,11,Warehouse_015,Person,1,0.6588921282798834,0,8970,/pfs/data6/home/st/st_us-053000/st_st191959/DL-Lab/DataSet/MTMC_Tracking_2025_Preprocessed/val/Warehouse_015/crops/Person_0006/Camera_01/Person_0006_Camera_01_f000000_r011.jpg,None,58,Warehouse_015__Person_0006,1.0,False,False,0.056405522,-0.299488,0.056405567,-0.29948705,0.13688648
38,Person_0006,Warehouse_015__Person_0006,52,52,Camera_02,12,Warehouse_015,Person,1,0.631578947368421,7050,7470,/pfs/data6/home/st/st_us-053000/st_st191959/DL-Lab/DataSet/MTMC_Tracking_2025_Preprocessed/val/Warehouse_015/crops/Person_0006/Camera_02/Person_0006_Camera_02_f007050_r002.jpg,None,-1,NOISE,0.0,True,False,0.28827766,0.09999433,0.28827757,0.09999599,0.073487975
435,Person_0006,Warehouse_015__Person_0006,52,52,Camera_03,13,Warehouse_015,Person,1,0.6666666666666666,0,8970,/pfs/data6/home/st/st_us-053000/st_st191959/DL-Lab/DataSet/MTMC_Tracking_2025_Preprocessed/val/Warehouse_015/crops/Person_0006/Camera_03/Person_0006_Camera_03_f000000_r009.jpg,None,58,Warehouse_015__Person_0006,1.0,False,False,0.076683,-0.29665428,0.07668311,-0.2966536,0.11934154
711,Person_0006,Warehouse_015__Person_0006,52,52,Camera_05,15,Warehouse_015,Person,1,0.6666666666666666,600,8970,/pfs/data6/home/st/st_us-053000/st_st191959/DL-Lab/DataSet/MTMC_Tracking_2025_Preprocessed/val/Warehouse_015/crops/Person_0006/Camera_05/Person_0006_Camera_05_f000600_r007.jpg,None,58,Warehouse_015__Person_0006,1.0,False,False,0.07250601,-0.2921949,0.072506085,-0.29219398,0.13488007
387,Person_0006,Warehouse_015__Person_0006,52,52,Camera_06,16,Warehouse_015,Person,1,0.6666666666666666,2310,6930,/pfs/data6/home/st/st_us-053000/st_st191959/DL-Lab/DataSet/MTMC_Tracking_2025_Preprocessed/val/Warehouse_015/crops/Person_0006/Camera_06/Person_0006_Camera_06_f002310_r003.jpg,None,-1,NOISE,0.0,True,False,-0.002513164,-0.3704473,-0.0025129553,-0.37044546,0.097673774
174,Person_0006,Warehouse_015__Person_0006,52,52,Camera_07,17,Warehouse_015,Person,1,0.6666666666666666,0,6480,/pfs/data6/home/st/st_us-053000/st_st191959/DL-Lab/DataSet/MTMC_Tracking_2025_Preprocessed/val/Warehouse_015/crops/Person_0006/Camera_07/Person_0006_Camera_07_f000000_r003.jpg,None,-1,NOISE,0.0,True,False,-0.075477675,-0.38217452,-0.07547749,-0.3821742,0.14551425
6,Person_0006,Warehouse_015__Person_0006,52,52,Camera_09,19,Warehouse_015,Person,1,0.6666666666666666,0,30,/pfs/data6/home/st/st_us-053000/st_st191959/DL-Lab/DataSet/MTMC_Tracking_2025_Preprocessed/val/Warehouse_015/crops/Person_0006/Camera_09/Person_0006_Camera_09_f000000_r001.jpg,None,-1,NOISE,0.0,True,False,-0.34568936,-0.20567186,-0.34568933,-0.2056718,-0.029982494
864,Person_0006,Warehouse_015__Person_0006,52,52,Camera_10,20,Warehouse_015,Person,1,0.6620370370370371,0,8970,/pfs/data6/home/st/st_us-053000/st_st191959/DL-Lab/DataSet/MTMC_Tracking_2025_Preprocessed/val/Warehouse_015/crops/Person_0006/Camera_10/Person_0006_Camera_10_f000000_r015.jpg,None,-1,NOISE,0.0,True,False,-0.053935144,-0.37003213,-0.053935144,-0.3700311,0.09368243
327,Person_0006,Warehouse_015__Person_0006,52,52,Camera_11,21,Warehouse_015,Person,1,0.6666666666666666,2340,7050,/pfs/data6/home/st/st_us-053000/st_st191959/DL-Lab/DataSet/MTMC_Tracking_2025_Preprocessed/val/Warehouse_015/crops/Person_0006/Camera_11/Person_0006_Camera_11_f002340_r004.jpg,None,-1,NOISE,0.0,True,False,0.07636586,-0.22672449,0.07636596,-0.22672433,0.03959239
588,Person_0006,Warehouse_015__Person_0006,52,52,Camera_12,22,Warehouse_015,Person,1,0.6394557823129252,0,8970,/pfs/data6/home/st/st_us-053000/st_st191959/DL-Lab/DataSet/MTMC_Tracking_2025_Preprocessed/val/Warehouse_015/crops/Person_0006/Camera_12/Person_0006_Camera_12_f000000_r014.jpg,None,-1,NOISE,0.0,True,False,0.06318118,-0.31030113,0.06318126,-0.31029955,0.07926194
218,Person_0008,Warehouse_015__Person_0008,53,53,Camera,0,Warehouse_015,Person,1,0.6605504587155964,1590,5190,/pfs/data6/home/st/st_us-053000/st_st191959/DL-Lab/DataSet/MTMC_Tracking_2025_Preprocessed/val/Warehouse_015/crops/Person_0008/Camera/Person_0008_Camera_f001590_r017.jpg,None,-1,NOISE,0.0,True,False,-0.3941669,0.21832019,-0.39416713,0.21832737,-0.037401088
404,Person_0008,Warehouse_015__Person_0008,53,53,Camera_01,11,Warehouse_015,Person,1,0.5693069306930693,0,8670,/pfs/data6/home/st/st_us-053000/st_st191959/DL-Lab/DataSet/MTMC_Tracking_2025_Preprocessed/val/Warehouse_015/crops/Person_0008/Camera_01/Person_0008_Camera_01_f000000_r037.jpg,None,-1,NOISE,0.0,True,False,0.08534742,0.01681277,0.08534737,0.01681217,-0.035731122
165,Person_0008,Warehouse_015__Person_0008,53,53,Camera_02,12,Warehouse_015,Person,1,0.6545454545454545,5850,8550,/pfs/data6/home/st/st_us-053000/st_st191959/DL-Lab/DataSet/MTMC_Tracking_2025_Preprocessed/val/Warehouse_015/crops/Person_0008/Camera_02/Person_0008_Camera_02_f005850_r008.jpg,None,-1,NOISE,0.0,True,False,0.23851112,0.030762374,0.23851103,0.030763017,-0.028909061
300,Person_0008,Warehouse_015__Person_0008,53,53,Camera_03,13,Warehouse_015,Person,1,0.47333333333333333,390,6060,/pfs/data6/home/st/st_us-053000/st_st191959/DL-Lab/DataSet/MTMC_Tracking_2025_Preprocessed/val/Warehouse_015/crops/Person_0008/Camera_03/Person_0008_Camera_03_f000390_r033.jpg,None,-1,NOISE,0.0,True,False,0.19388713,0.036405355,0.19388708,0.036405295,0.012947165
370,Person_0008,Warehouse_015__Person_0008,53,53,Camera_05,15,Warehouse_015,Person,1,0.5513513513513514,0,8970,/pfs/data6/home/st/st_us-053000/st_st191959/DL-Lab/DataSet/MTMC_Tracking_2025_Preprocessed/val/Warehouse_015/crops/Person_0008/Camera_05/Person_0008_Camera_05_f000000_r020.jpg,None,-1,NOISE,0.0,True,False,0.10065212,-0.0113847405,0.10065211,-0.011386034,0.010757995
75,Person_0008,Warehouse_015__Person_0008,53,53,Camera_06,16,Warehouse_015,Person,1,0.64,0,8970,/pfs/data6/home/st/st_us-053000/st_st191959/DL-Lab/DataSet/MTMC_Tracking_2025_Preprocessed/val/Warehouse_015/crops/Person_0008/Camera_06/Person_0008_Camera_06_f000000_r009.jpg,None,-1,NOISE,0.0,True,False,0.04672595,0.01548604,0.046725877,0.01548549,-0.13551949
414,Person_0008,Warehouse_015__Person_0008,53,53,Camera_07,17,Warehouse_015,Person,1,0.6666666666666666,480,5220,/pfs/data6/home/st/st_us-053000/st_st191959/DL-Lab/DataSet/MTMC_Tracking_2025_Preprocessed/val/Warehouse_015/crops/Person_0008/Camera_07/Person_0008_Camera_07_f000480_r013.jpg,None,-1,NOISE,0.0,True,False,0.1580638,0.0063299094,0.15806378,0.006330658,-0.06326367
35,Person_0008,Warehouse_015__Person_0008,53,53,Camera_08,18,Warehouse_015,Person,1,0.5714285714285714,5850,6540,/pfs/data6/home/st/st_us-053000/st_st191959/DL-Lab/DataSet/MTMC_Tracking_2025_Preprocessed/val/Warehouse_015/crops/Person_0008/Camera_08/Person_0008_Camera_08_f005850_r021.jpg,None,-1,NOISE,0.0,True,False,0.03352263,-0.3288012,0.03352277,-0.32879946,0.06057481
238,Person_0008,Warehouse_015__Person_0008,53,53,Camera_09,19,Warehouse_015,Person,1,0.6554621848739496,2670,5100,/pfs/data6/home/st/st_us-053000/st_st191959/DL-Lab/DataSet/MTMC_Tracking_2025_Preprocessed/val/Warehouse_015/crops/Person_0008/Camera_09/Person_0008_Camera_09_f002670_r002.jpg,None,-1,NOISE,0.0,True,False,-0.28828487,0.15161623,-0.2882851,0.15161954,-0.054356687
557,Person_0008,Warehouse_015__Person_0008,53,53,Camera_10,20,Warehouse_015,Person,1,0.599640933572711,0,8970,/pfs/data6/home/st/st_us-053000/st_st191959/DL-Lab/DataSet/MTMC_Tracking_2025_Preprocessed/val/Warehouse_015/crops/Person_0008/Camera_10/Person_0008_Camera_10_f000000_r045.jpg,None,-1,NOISE,0.0,True,False,0.05512592,-0.006121299,0.05512584,-0.006120865,-0.14060093
124,Person_0008,Warehouse_015__Person_0008,53,53,Camera_11,21,Warehouse_015,Person,1,0.6612903225806451,0,8970,/pfs/data6/home/st/st_us-053000/st_st191959/DL-Lab/DataSet/MTMC_Tracking_2025_Preprocessed/val/Warehouse_015/crops/Person_0008/Camera_11/Person_0008_Camera_11_f000000_r010.jpg,None,-1,NOISE,0.0,True,False,0.21849024,0.040497776,0.2184901,0.040497437,0.02028367
488,Person_0008,Warehouse_015__Person_0008,53,53,Camera_12,22,Warehouse_015,Person,1,0.6024590163934426,1530,8880,/pfs/data6/home/st/st_us-053000/st_st191959/DL-Lab/DataSet/MTMC_Tracking_2025_Preprocessed/val/Warehouse_015/crops/Person_0008/Camera_12/Person_0008_Camera_12_f001530_r038.jpg,None,-1,NOISE,0.0,True,False,0.025436552,0.032932367,0.025436498,0.032932285,-0.19501342
452,Person_0009,Warehouse_015__Person_0009,54,54,Camera,0,Warehouse_015,Person,1,0.6504424778761062,3900,8970,/pfs/data6/home/st/st_us-053000/st_st191959/DL-Lab/DataSet/MTMC_Tracking_2025_Preprocessed/val/Warehouse_015/crops/Person_0009/Camera/Person_0009_Camera_f003900_r008.jpg,None,59,Warehouse_015__Person_0009,0.3,False,False,0.19253188,0.037561107,0.1925319,0.037561018,-0.10548114
361,Person_0009,Warehouse_015__Person_0009,54,54,Camera_01,11,Warehouse_015,Person,1,0.6426592797783933,90,8940,/pfs/data6/home/st/st_us-053000/st_st191959/DL-Lab/DataSet/MTMC_Tracking_2025_Preprocessed/val/Warehouse_015/crops/Person_0009/Camera_01/Person_0009_Camera_01_f000090_r009.jpg,None,59,Warehouse_015__Person_0009,0.3,False,False,0.06054229,-0.021512948,0.06054233,-0.021514505,-0.08124783
283,Person_0009,Warehouse_015__Person_0009,54,54,Camera_02,12,Warehouse_015,Person,1,0.6643109540636042,660,3600,/pfs/data6/home/st/st_us-053000/st_st191959/DL-Lab/DataSet/MTMC_Tracking_2025_Preprocessed/val/Warehouse_015/crops/Person_0009/Camera_02/Person_0009_Camera_02_f000660_r003.jpg,None,-1,NOISE,0.0,True,False,0.22619604,0.019594194,0.22619614,0.019594241,-0.07050603
142,Person_0009,Warehouse_015__Person_0009,54,54,Camera_03,13,Warehouse_015,Person,1,0.6197183098591549,3330,8970,/pfs/data6/home/st/st_us-053000/st_st191959/DL-Lab/DataSet/MTMC_Tracking_2025_Preprocessed/val/Warehouse_015/crops/Person_0009/Camera_03/Person_0009_Camera_03_f003330_r007.jpg,None,59,Warehouse_015__Person_0009,0.3,False,False,0.069253415,-0.021327259,0.06925348,-0.021329535,-0.067901716
466,Person_0009,Warehouse_015__Person_0009,54,54,Camera_04,14,Warehouse_015,Person,1,0.6652360515021459,3870,8970,/pfs/data6/home/st/st_us-053000/st_st191959/DL-Lab/DataSet/MTMC_Tracking_2025_Preprocessed/val/Warehouse_015/crops/Person_0009/Camera_04/Person_0009_Camera_04_f003870_r004.jpg,None,59,Warehouse_015__Person_0009,0.3,False,False,0.18702284,0.029009877,0.18702286,0.029010054,-0.121264316
168,Person_0009,Warehouse_015__Person_0009,54,54,Camera_05,15,Warehouse_015,Person,1,0.6666666666666666,0,2700,/pfs/data6/home/st/st_us-053000/st_st191959/DL-Lab/DataSet/MTMC_Tracking_2025_Preprocessed/val/Warehouse_015/crops/Person_0009/Camera_05/Person_0009_Camera_05_f000000_r004.jpg,None,-1,NOISE,0.0,True,False,-0.42276365,0.13861668,-0.4227637,0.13861942,0.003168353
42,Person_0009,Warehouse_015__Person_0009,54,54,Camera_06,16,Warehouse_015,Person,1,0.6666666666666666,0,390,/pfs/data6/home/st/st_us-053000/st_st191959/DL-Lab/DataSet/MTMC_Tracking_2025_Preprocessed/val/Warehouse_015/crops/Person_0009/Camera_06/Person_0009_Camera_06_f000000_r002.jpg,None,-1,NOISE,0.0,True,False,0.10067702,-0.018250646,0.10067711,-0.018252049,-0.015979515
599,Person_0009,Warehouse_015__Person_0009,54,54,Camera_08,18,Warehouse_015,Person,1,0.654424040066778,1560,8970,/pfs/data6/home/st/st_us-053000/st_st191959/DL-Lab/DataSet/MTMC_Tracking_2025_Preprocessed/val/Warehouse_015/crops/Person_0009/Camera_08/Person_0009_Camera_08_f001560_r006.jpg,None,-1,NOISE,0.0,True,False,0.093394235,0.02585858,0.09339422,0.025857773,-0.17582656
342,Person_0009,Warehouse_015__Person_0009,54,54,Camera_10,20,Warehouse_015,Person,1,0.4269005847953216,0,8970,/pfs/data6/home/st/st_us-053000/st_st191959/DL-Lab/DataSet/MTMC_Tracking_2025_Preprocessed/val/Warehouse_015/crops/Person_0009/Camera_10/Person_0009_Camera_10_f000000_r010.jpg,None,59,Warehouse_015__Person_0009,0.3,False,False,0.18086877,0.02097864,0.18086873,0.020979127,-0.10084787
39,Person_0009,Warehouse_015__Person_0009,54,54,Camera_11,21,Warehouse_015,Person,1,0.6666666666666666,0,360,/pfs/data6/home/st/st_us-053000/st_st191959/DL-Lab/DataSet/MTMC_Tracking_2025_Preprocessed/val/Warehouse_015/crops/Person_0009/Camera_11/Person_0009_Camera_11_f000000_r002.jpg,None,-1,NOISE,0.0,True,False,0.25201657,0.08320639,0.25201654,0.08320626,0.048387755
375,Person_0009,Warehouse_015__Person_0009,54,54,Camera_12,22,Warehouse_015,Person,1,0.576,360,8580,/pfs/data6/home/st/st_us-053000/st_st191959/DL-Lab/DataSet/MTMC_Tracking_2025_Preprocessed/val/Warehouse_015/crops/Person_0009/Camera_12/Person_0009_Camera_12_f000360_r010.jpg,None,59,Warehouse_015__Person_0009,0.3,False,False,0.209921,0.07733985,0.20992102,0.077340454,-0.050896626
424,Person_0010,Warehouse_015__Person_0010,55,55,Camera_01,11,Warehouse_015,Person,1,0.6415094339622641,270,8940,/pfs/data6/home/st/st_us-053000/st_st191959/DL-Lab/DataSet/MTMC_Tracking_2025_Preprocessed/val/Warehouse_015/crops/Person_0010/Camera_01/Person_0010_Camera_01_f000270_r022.jpg,None,60,Warehouse_015__Person_0010,1.0,False,False,0.15130073,0.16403633,0.15130067,0.16403586,0.13162687
219,Person_0010,Warehouse_015__Person_0010,55,55,Camera_02,12,Warehouse_015,Person,1,0.6666666666666666,480,8100,/pfs/data6/home/st/st_us-053000/st_st191959/DL-Lab/DataSet/MTMC_Tracking_2025_Preprocessed/val/Warehouse_015/crops/Person_0010/Camera_02/Person_0010_Camera_02_f000480_r005.jpg,None,-1,NOISE,0.0,True,False,-0.05944557,0.23179501,-0.05944564,0.23179433,0.1556559
344,Person_0010,Warehouse_015__Person_0010,55,55,Camera_03,13,Warehouse_015,Person,1,0.6627906976744186,3330,8940,/pfs/data6/home/st/st_us-053000/st_st191959/DL-Lab/DataSet/MTMC_Tracking_2025_Preprocessed/val/Warehouse_015/crops/Person_0010/Camera_03/Person_0010_Camera_03_f003330_r014.jpg,None,-1,NOISE,0.0,True,False,-0.061337706,0.16847561,-0.06133781,0.1684756,0.2139791
352,Person_0010,Warehouse_015__Person_0010,55,55,Camera_05,15,Warehouse_015,Person,1,0.6306818181818182,0,8970,/pfs/data6/home/st/st_us-053000/st_st191959/DL-Lab/DataSet/MTMC_Tracking_2025_Preprocessed/val/Warehouse_015/crops/Person_0010/Camera_05/Person_0010_Camera_05_f000000_r010.jpg,None,60,Warehouse_015__Person_0010,1.0,False,False,0.06311413,0.14679518,0.06311417,0.14679475,0.18296646
234,Person_0010,Warehouse_015__Person_0010,55,55,Camera_06,16,Warehouse_015,Person,1,0.6666666666666666,0,3000,/pfs/data6/home/st/st_us-053000/st_st191959/DL-Lab/DataSet/MTMC_Tracking_2025_Preprocessed/val/Warehouse_015/crops/Person_0010/Camera_06/Person_0010_Camera_06_f000000_r004.jpg,None,-1,NOISE,0.0,True,False,0.12738925,0.15230785,0.12738927,0.1523075,0.14558163
138,Person_0010,Warehouse_015__Person_0010,55,55,Camera_08,18,Warehouse_015,Person,1,0.6086956521739131,4770,7890,/pfs/data6/home/st/st_us-053000/st_st191959/DL-Lab/DataSet/MTMC_Tracking_2025_Preprocessed/val/Warehouse_015/crops/Person_0010/Camera_08/Person_0010_Camera_08_f004770_r012.jpg,None,-1,NOISE,0.0,True,False,-0.029014198,0.30086762,-0.029014233,0.3008663,0.1191542
637,Person_0010,Warehouse_015__Person_0010,55,55,Camera_10,20,Warehouse_015,Person,1,0.6185243328100472,150,8940,/pfs/data6/home/st/st_us-053000/st_st191959/DL-Lab/DataSet/MTMC_Tracking_2025_Preprocessed/val/Warehouse_015/crops/Person_0010/Camera_10/Person_0010_Camera_10_f000150_r021.jpg,None,-1,NOISE,0.0,True,False,0.05282458,0.21777265,0.052824523,0.21777299,0.088505134
273,Person_0010,Warehouse_015__Person_0010,55,55,Camera_11,21,Warehouse_015,Person,1,0.6666666666666666,0,2790,/pfs/data6/home/st/st_us-053000/st_st191959/DL-Lab/DataSet/MTMC_Tracking_2025_Preprocessed/val/Warehouse_015/crops/Person_0010/Camera_11/Person_0010_Camera_11_f000000_r004.jpg,None,60,Warehouse_015__Person_0010,1.0,False,False,0.13378021,0.15163295,0.1337803,0.15163329,0.1537524
446,Person_0010,Warehouse_015__Person_0010,55,55,Camera_12,22,Warehouse_015,Person,1,0.5022421524663677,210,8970,/pfs/data6/home/st/st_us-053000/st_st191959/DL-Lab/DataSet/MTMC_Tracking_2025_Preprocessed/val/Warehouse_015/crops/Person_0010/Camera_12/Person_0010_Camera_12_f000210_r021.jpg,None,-1,NOISE,0.0,True,False,0.14885497,0.15729801,0.14885493,0.15729791,0.05385303
217,Person_0011,Warehouse_015__Person_0011,56,56,Camera,0,Warehouse_015,Person,1,0.663594470046083,6360,8790,/pfs/data6/home/st/st_us-053000/st_st191959/DL-Lab/DataSet/MTMC_Tracking_2025_Preprocessed/val/Warehouse_015/crops/Person_0011/Camera/Person_0011_Camera_f006360_r015.jpg,None,-1,NOISE,0.0,True,False,0.10551165,0.10805223,0.10551169,0.10805114,-0.1188652
602,Person_0011,Warehouse_015__Person_0011,56,56,Camera_01,11,Warehouse_015,Person,1,0.6312292358803987,0,8970,/pfs/data6/home/st/st_us-053000/st_st191959/DL-Lab/DataSet/MTMC_Tracking_2025_Preprocessed/val/Warehouse_015/crops/Person_0011/Camera_01/Person_0011_Camera_01_f000000_r019.jpg,None,-1,NOISE,0.0,True,False,0.13968106,0.035674628,0.13968106,0.035673406,-0.07172143
156,Person_0011,Warehouse_015__Person_0011,56,56,Camera_02,12,Warehouse_015,Person,1,0.6666666666666666,1470,4890,/pfs/data6/home/st/st_us-053000/st_st191959/DL-Lab/DataSet/MTMC_Tracking_2025_Preprocessed/val/Warehouse_015/crops/Person_0011/Camera_02/Person_0011_Camera_02_f001470_r008.jpg,None,-1,NOISE,0.0,True,False,0.21580997,0.094748884,0.21581005,0.09474877,-0.10529869
305,Person_0011,Warehouse_015__Person_0011,56,56,Camera_03,13,Warehouse_015,Person,1,0.6491803278688525,5790,8970,/pfs/data6/home/st/st_us-053000/st_st191959/DL-Lab/DataSet/MTMC_Tracking_2025_Preprocessed/val/Warehouse_015/crops/Person_0011/Camera_03/Person_0011_Camera_03_f005790_r017.jpg,None,-1,NOISE,0.0,True,False,0.12775469,0.048674773,0.1277547,0.048673395,-0.098121196
463,Person_0011,Warehouse_015__Person_0011,56,56,Camera_05,15,Warehouse_015,Person,1,0.6652267818574514,0,6360,/pfs/data6/home/st/st_us-053000/st_st191959/DL-Lab/DataSet/MTMC_Tracking_2025_Preprocessed/val/Warehouse_015/crops/Person_0011/Camera_05/Person_0011_Camera_05_f000000_r011.jpg,None,61,Warehouse_015__Person_0011,1.0,False,False,0.14614008,0.023473853,0.14614016,0.023473298,-0.09432077
194,Person_0011,Warehouse_015__Person_0011,56,56,Camera_06,16,Warehouse_015,Person,1,0.6597938144329897,0,5040,/pfs/data6/home/st/st_us-053000/st_st191959/DL-Lab/DataSet/MTMC_Tracking_2025_Preprocessed/val/Warehouse_015/crops/Person_0011/Camera_06/Person_0011_Camera_06_f000000_r005.jpg,None,-1,NOISE,0.0,True,False,0.047349945,0.00076353044,0.047350023,0.0007626189,-0.13321254
174,Person_0011,Warehouse_015__Person_0011,56,56,Camera_07,17,Warehouse_015,Person,1,0.6666666666666666,6060,8460,/pfs/data6/home/st/st_us-053000/st_st191959/DL-Lab/DataSet/MTMC_Tracking_2025_Preprocessed/val/Warehouse_015/crops/Person_0011/Camera_07/Person_0011_Camera_07_f006060_r007.jpg,None,-1,NOISE,0.0,True,False,0.113401115,0.019407133,0.11340116,0.019406576,-0.042644855
39,Person_0011,Warehouse_015__Person_0011,56,56,Camera_08,18,Warehouse_015,Person,1,0.6666666666666666,1920,2310,/pfs/data6/home/st/st_us-053000/st_st191959/DL-Lab/DataSet/MTMC_Tracking_2025_Preprocessed/val/Warehouse_015/crops/Person_0011/Camera_08/Person_0011_Camera_08_f001920_r009.jpg,None,-1,NOISE,0.0,True,False,-0.16258231,0.05586591,-0.16258235,0.055865657,-0.25846243
647,Person_0011,Warehouse_015__Person_0011,56,56,Camera_10,20,Warehouse_015,Person,1,0.6491499227202473,0,8970,/pfs/data6/home/st/st_us-053000/st_st191959/DL-Lab/DataSet/MTMC_Tracking_2025_Preprocessed/val/Warehouse_015/crops/Person_0011/Camera_10/Person_0011_Camera_10_f000000_r025.jpg,None,-1,NOISE,0.0,True,False,0.14151484,0.06887052,0.1415149,0.068869896,-0.106677026
425,Person_0011,Warehouse_015__Person_0011,56,56,Camera_11,21,Warehouse_015,Person,1,0.6635294117647059,0,5430,/pfs/data6/home/st/st_us-053000/st_st191959/DL-Lab/DataSet/MTMC_Tracking_2025_Preprocessed/val/Warehouse_015/crops/Person_0011/Camera_11/Person_0011_Camera_11_f000000_r005.jpg,None,61,Warehouse_015__Person_0011,1.0,False,False,0.15971707,0.04724553,0.15971719,0.047245055,-0.07505655
750,Person_0011,Warehouse_015__Person_0011,56,56,Camera_12,22,Warehouse_015,Person,1,0.64,0,8970,/pfs/data6/home/st/st_us-053000/st_st191959/DL-Lab/DataSet/MTMC_Tracking_2025_Preprocessed/val/Warehouse_015/crops/Person_0011/Camera_12/Person_0011_Camera_12_f000000_r021.jpg,None,-1,NOISE,0.0,True,False,0.13366227,0.05482883,0.13366234,0.054829095,-0.15784267
535,Person_0012,Warehouse_015__Person_0012,57,57,Camera_01,11,Warehouse_015,Person,1,0.6542056074766355,330,8970,/pfs/data6/home/st/st_us-053000/st_st191959/DL-Lab/DataSet/MTMC_Tracking_2025_Preprocessed/val/Warehouse_015/crops/Person_0012/Camera_01/Person_0012_Camera_01_f000330_r034.jpg,None,62,Warehouse_015__Person_0012,0.5,False,False,0.04471165,-0.18511653,0.044711668,-0.18511592,0.19044247
408,Person_0012,Warehouse_015__Person_0012,57,57,Camera_02,12,Warehouse_015,Person,1,0.6519607843137255,3420,8970,/pfs/data6/home/st/st_us-053000/st_st191959/DL-Lab/DataSet/MTMC_Tracking_2025_Preprocessed/val/Warehouse_015/crops/Person_0012/Camera_02/Person_0012_Camera_02_f003420_r005.jpg,None,57,Warehouse_015__Person_0004,0.375,False,True,0.17252098,-0.119861186,0.17252105,-0.11985997,0.09072177
91,Person_0012,Warehouse_015__Person_0012,57,57,Camera_03,13,Warehouse_015,Person,1,0.6593406593406593,1320,2220,/pfs/data6/home/st/st_us-053000/st_st191959/DL-Lab/DataSet/MTMC_Tracking_2025_Preprocessed/val/Warehouse_015/crops/Person_0012/Camera_03/Person_0012_Camera_03_f001320_r023.jpg,None,-1,NOISE,0.0,True,False,0.11564363,-0.19039255,0.11564364,-0.1903916,0.23197973
569,Person_0012,Warehouse_015__Person_0012,57,57,Camera_05,15,Warehouse_015,Person,1,0.6537785588752196,270,8910,/pfs/data6/home/st/st_us-053000/st_st191959/DL-Lab/DataSet/MTMC_Tracking_2025_Preprocessed/val/Warehouse_015/crops/Person_0012/Camera_05/Person_0012_Camera_05_f000270_r015.jpg,None,62,Warehouse_015__Person_0012,0.5,False,False,0.10090147,-0.15476057,0.10090153,-0.1547597,0.16522682
229,Person_0012,Warehouse_015__Person_0012,57,57,Camera_06,16,Warehouse_015,Person,1,0.6637554585152838,0,8370,/pfs/data6/home/st/st_us-053000/st_st191959/DL-Lab/DataSet/MTMC_Tracking_2025_Preprocessed/val/Warehouse_015/crops/Person_0012/Camera_06/Person_0012_Camera_06_f000000_r008.jpg,None,57,Warehouse_015__Person_0004,0.375,False,True,0.119904175,-0.17982723,0.119904205,-0.17982566,0.0980019
94,Person_0012,Warehouse_015__Person_0012,57,57,Camera_08,18,Warehouse_015,Person,1,0.40425531914893614,4080,8940,/pfs/data6/home/st/st_us-053000/st_st191959/DL-Lab/DataSet/MTMC_Tracking_2025_Preprocessed/val/Warehouse_015/crops/Person_0012/Camera_08/Person_0012_Camera_08_f004080_r014.jpg,None,-1,NOISE,0.0,True,False,0.079969734,-0.07928298,0.07996975,-0.0792809,-0.029001862
498,Person_0012,Warehouse_015__Person_0012,57,57,Camera_10,20,Warehouse_015,Person,1,0.6626506024096386,300,8970,/pfs/data6/home/st/st_us-053000/st_st191959/DL-Lab/DataSet/MTMC_Tracking_2025_Preprocessed/val/Warehouse_015/crops/Person_0012/Camera_10/Person_0012_Camera_10_f000300_r035.jpg,None,62,Warehouse_015__Person_0012,0.5,False,False,0.024038259,-0.21628685,0.024038231,-0.21628554,0.15172367
337,Person_0012,Warehouse_015__Person_0012,57,57,Camera_11,21,Warehouse_015,Person,1,0.6646884272997032,0,8400,/pfs/data6/home/st/st_us-053000/st_st191959/DL-Lab/DataSet/MTMC_Tracking_2025_Preprocessed/val/Warehouse_015/crops/Person_0012/Camera_11/Person_0012_Camera_11_f000000_r007.jpg,None,-1,NOISE,0.0,True,False,0.13553078,-0.13797005,0.13553081,-0.13796908,0.15450735
610,Person_0012,Warehouse_015__Person_0012,57,57,Camera_12,22,Warehouse_015,Person,1,0.5836065573770491,270,8910,/pfs/data6/home/st/st_us-053000/st_st191959/DL-Lab/DataSet/MTMC_Tracking_2025_Preprocessed/val/Warehouse_015/crops/Person_0012/Camera_12/Person_0012_Camera_12_f000270_r028.jpg,None,57,Warehouse_015__Person_0004,0.375,False,True,0.14270952,-0.117960714,0.14270955,-0.11795935,0.03918521
559,Person_0013,Warehouse_015__Person_0013,58,58,Camera_01,11,Warehouse_015,Person,1,0.6511627906976745,0,8970,/pfs/data6/home/st/st_us-053000/st_st191959/DL-Lab/DataSet/MTMC_Tracking_2025_Preprocessed/val/Warehouse_015/crops/Person_0013/Camera_01/Person_0013_Camera_01_f000000_r025.jpg,None,62,Warehouse_015__Person_0012,0.5,False,True,0.11789517,-0.19695799,0.11789522,-0.19695698,0.15740505
378,Person_0013,Warehouse_015__Person_0013,58,58,Camera_02,12,Warehouse_015,Person,1,0.6666666666666666,1170,8970,/pfs/data6/home/st/st_us-053000/st_st191959/DL-Lab/DataSet/MTMC_Tracking_2025_Preprocessed/val/Warehouse_015/crops/Person_0013/Camera_02/Person_0013_Camera_02_f001170_r008.jpg,None,57,Warehouse_015__Person_0004,0.375,False,True,0.12930755,-0.13795394,0.1293076,-0.13795252,0.061528478
240,Person_0013,Warehouse_015__Person_0013,58,58,Camera_03,13,Warehouse_015,Person,1,0.6583333333333333,90,8160,/pfs/data6/home/st/st_us-053000/st_st191959/DL-Lab/DataSet/MTMC_Tracking_2025_Preprocessed/val/Warehouse_015/crops/Person_0013/Camera_03/Person_0013_Camera_03_f000090_r019.jpg,None,-1,NOISE,0.0,True,False,-0.014531585,0.023754915,-0.014531631,0.02375503,0.13933839
615,Person_0013,Warehouse_015__Person_0013,58,58,Camera_05,15,Warehouse_015,Person,1,0.6666666666666666,0,8610,/pfs/data6/home/st/st_us-053000/st_st191959/DL-Lab/DataSet/MTMC_Tracking_2025_Preprocessed/val/Warehouse_015/crops/Person_0013/Camera_05/Person_0013_Camera_05_f000000_r013.jpg,None,62,Warehouse_015__Person_0012,0.5,False,True,0.06878691,-0.21691942,0.068786986,-0.21691827,0.1499255
201,Person_0013,Warehouse_015__Person_0013,58,58,Camera_06,16,Warehouse_015,Person,1,0.6666666666666666,0,4800,/pfs/data6/home/st/st_us-053000/st_st191959/DL-Lab/DataSet/MTMC_Tracking_2025_Preprocessed/val/Warehouse_015/crops/Person_0013/Camera_06/Person_0013_Camera_06_f000000_r007.jpg,None,-1,NOISE,0.0,True,False,0.16695939,-0.14670046,0.16695939,-0.14669886,0.1336454
9,Person_0013,Warehouse_015__Person_0013,58,58,Camera_07,17,Warehouse_015,Person,1,0.6666666666666666,150,210,/pfs/data6/home/st/st_us-053000/st_st191959/DL-Lab/DataSet/MTMC_Tracking_2025_Preprocessed/val/Warehouse_015/crops/Person_0013/Camera_07/Person_0013_Camera_07_f000150_r009.jpg,None,-1,NOISE,0.0,True,False,-0.015421136,-0.17169675,-0.015421115,-0.17169783,0.06504077
197,Person_0013,Warehouse_015__Person_0013,58,58,Camera_08,18,Warehouse_015,Person,1,0.6091370558375635,6180,8940,/pfs/data6/home/st/st_us-053000/st_st191959/DL-Lab/DataSet/MTMC_Tracking_2025_Preprocessed/val/Warehouse_015/crops/Person_0013/Camera_08/Person_0013_Camera_08_f006180_r013.jpg,None,-1,NOISE,0.0,True,False,-0.0736151,-0.100834034,-0.07361504,-0.100835465,0.0026261646
808,Person_0013,Warehouse_015__Person_0013,58,58,Camera_10,20,Warehouse_015,Person,1,0.6633663366336634,0,8910,/pfs/data6/home/st/st_us-053000/st_st191959/DL-Lab/DataSet/MTMC_Tracking_2025_Preprocessed/val/Warehouse_015/crops/Person_0013/Camera_10/Person_0013_Camera_10_f000000_r031.jpg,None,62,Warehouse_015__Person_0012,0.5,False,True,0.05039474,-0.21172033,0.05039477,-0.21171926,0.077724285
186,Person_0013,Warehouse_015__Person_0013,58,58,Camera_11,21,Warehouse_015,Person,1,0.6666666666666666,3150,5070,/pfs/data6/home/st/st_us-053000/st_st191959/DL-Lab/DataSet/MTMC_Tracking_2025_Preprocessed/val/Warehouse_015/crops/Person_0013/Camera_11/Person_0013_Camera_11_f003150_r006.jpg,None,-1,NOISE,0.0,True,False,-0.15711665,-0.1582998,-0.15711659,-0.15829843,-0.10606661
581,Person_0013,Warehouse_015__Person_0013,58,58,Camera_12,22,Warehouse_015,Person,1,0.5266781411359724,0,8970,/pfs/data6/home/st/st_us-053000/st_st191959/DL-Lab/DataSet/MTMC_Tracking_2025_Preprocessed/val/Warehouse_015/crops/Person_0013/Camera_12/Person_0013_Camera_12_f000000_r028.jpg,None,-1,NOISE,0.0,True,False,0.24641407,-0.027350409,0.24641412,-0.027349183,0.029228102
296,Person_0014,Warehouse_015__Person_0014,59,59,Camera_01,11,Warehouse_015,Person,1,0.6621621621621622,660,8400,/pfs/data6/home/st/st_us-053000/st_st191959/DL-Lab/DataSet/MTMC_Tracking_2025_Preprocessed/val/Warehouse_015/crops/Person_0014/Camera_01/Person_0014_Camera_01_f000660_r048.jpg,None,-1,NOISE,0.0,True,False,-0.09528089,-0.14855398,-0.09528086,-0.14855316,-0.12871505
216,Person_0014,Warehouse_015__Person_0014,59,59,Camera_02,12,Warehouse_015,Person,1,0.6666666666666666,660,8970,/pfs/data6/home/st/st_us-053000/st_st191959/DL-Lab/DataSet/MTMC_Tracking_2025_Preprocessed/val/Warehouse_015/crops/Person_0014/Camera_02/Person_0014_Camera_02_f000660_r012.jpg,None,-1,NOISE,0.0,True,False,0.05904265,-0.087322764,0.059042644,-0.087320596,-0.16330272
24,Person_0014,Warehouse_015__Person_0014,59,59,Camera_03,13,Warehouse_015,Person,1,0.6666666666666666,7140,7350,/pfs/data6/home/st/st_us-053000/st_st191959/DL-Lab/DataSet/MTMC_Tracking_2025_Preprocessed/val/Warehouse_015/crops/Person_0014/Camera_03/Person_0014_Camera_03_f007140_r034.jpg,None,-1,NOISE,0.0,True,False,0.10692016,-0.061245702,0.106920145,-0.061245106,0.004513657
574,Person_0014,Warehouse_015__Person_0014,59,59,Camera_05,15,Warehouse_015,Person,1,0.662020905923345,150,8370,/pfs/data6/home/st/st_us-053000/st_st191959/DL-Lab/DataSet/MTMC_Tracking_2025_Preprocessed/val/Warehouse_015/crops/Person_0014/Camera_05/Person_0014_Camera_05_f000150_r025.jpg,None,-1,NOISE,0.0,True,False,-0.06861098,-0.14326163,-0.068610944,-0.14326096,-0.09617109
557,Person_0014,Warehouse_015__Person_0014,59,59,Camera_06,16,Warehouse_015,Person,1,0.6642728904847397,0,6900,/pfs/data6/home/st/st_us-053000/st_st191959/DL-Lab/DataSet/MTMC_Tracking_2025_Preprocessed/val/Warehouse_015/crops/Person_0014/Camera_06/Person_0014_Camera_06_f000000_r010.jpg,None,-1,NOISE,0.0,True,False,0.04995019,-0.086490534,0.04995019,-0.08648834,-0.16095647
82,Person_0014,Warehouse_015__Person_0014,59,59,Camera_08,18,Warehouse_015,Person,1,0.6585365853658537,7710,8970,/pfs/data6/home/st/st_us-053000/st_st191959/DL-Lab/DataSet/MTMC_Tracking_2025_Preprocessed/val/Warehouse_015/crops/Person_0014/Camera_08/Person_0014_Camera_08_f007710_r022.jpg,None,-1,NOISE,0.0,True,False,0.048316114,-0.041083004,0.048316047,-0.04108191,-0.17083615
618,Person_0014,Warehouse_015__Person_0014,59,59,Camera_10,20,Warehouse_015,Person,1,0.6601941747572816,180,8340,/pfs/data6/home/st/st_us-053000/st_st191959/DL-Lab/DataSet/MTMC_Tracking_2025_Preprocessed/val/Warehouse_015/crops/Person_0014/Camera_10/Person_0014_Camera_10_f000180_r050.jpg,None,-1,NOISE,0.0,True,False,-0.0040492397,-0.13458733,-0.004049206,-0.1345868,-0.1708401
619,Person_0014,Warehouse_015__Person_0014,59,59,Camera_11,21,Warehouse_015,Person,1,0.6655896607431341,0,6900,/pfs/data6/home/st/st_us-053000/st_st191959/DL-Lab/DataSet/MTMC_Tracking_2025_Preprocessed/val/Warehouse_015/crops/Person_0014/Camera_11/Person_0014_Camera_11_f000000_r012.jpg,None,-1,NOISE,0.0,True,False,0.1001582,-0.09510811,0.10015821,-0.09510643,-0.12363883
385,Person_0014,Warehouse_015__Person_0014,59,59,Camera_12,22,Warehouse_015,Person,1,0.638961038961039,600,8970,/pfs/data6/home/st/st_us-053000/st_st191959/DL-Lab/DataSet/MTMC_Tracking_2025_Preprocessed/val/Warehouse_015/crops/Person_0014/Camera_12/Person_0014_Camera_12_f000600_r054.jpg,None,-1,NOISE,0.0,True,False,0.017045313,-0.06297627,0.017045252,-0.06297417,-0.17746532
549,Person_0015,Warehouse_015__Person_0015,60,60,Camera,0,Warehouse_015,Person,1,0.6666666666666666,1650,8970,/pfs/data6/home/st/st_us-053000/st_st191959/DL-Lab/DataSet/MTMC_Tracking_2025_Preprocessed/val/Warehouse_015/crops/Person_0015/Camera/Person_0015_Camera_f001650_r008.jpg,None,63,Warehouse_015__Person_0015,1.0,False,False,0.04344609,-0.2519392,0.043446153,-0.25193945,0.15702383
708,Person_0015,Warehouse_015__Person_0015,60,60,Camera_01,11,Warehouse_015,Person,1,0.596045197740113,0,8970,/pfs/data6/home/st/st_us-053000/st_st191959/DL-Lab/DataSet/MTMC_Tracking_2025_Preprocessed/val/Warehouse_015/crops/Person_0015/Camera_01/Person_0015_Camera_01_f000000_r012.jpg,None,64,Warehouse_015__Person_0015,1.0,False,False,0.19418581,-0.116170965,0.19418582,-0.11616951,0.089876294
656,Person_0015,Warehouse_015__Person_0015,60,60,Camera_03,13,Warehouse_015,Person,1,0.6402439024390244,1260,8970,/pfs/data6/home/st/st_us-053000/st_st191959/DL-Lab/DataSet/MTMC_Tracking_2025_Preprocessed/val/Warehouse_015/crops/Person_0015/Camera_03/Person_0015_Camera_03_f001260_r010.jpg,None,64,Warehouse_015__Person_0015,1.0,False,False,0.17885189,-0.16428654,0.17885192,-0.16428564,0.14285788
159,Person_0015,Warehouse_015__Person_0015,60,60,Camera_04,14,Warehouse_015,Person,1,0.6540880503144654,3960,8700,/pfs/data6/home/st/st_us-053000/st_st191959/DL-Lab/DataSet/MTMC_Tracking_2025_Preprocessed/val/Warehouse_015/crops/Person_0015/Camera_04/Person_0015_Camera_04_f003960_r006.jpg,None,-1,NOISE,0.0,True,False,0.10395472,-0.21939299,0.10395477,-0.21939255,0.09679343
295,Person_0015,Warehouse_015__Person_0015,60,60,Camera_05,15,Warehouse_015,Person,1,0.6576271186440678,0,7110,/pfs/data6/home/st/st_us-053000/st_st191959/DL-Lab/DataSet/MTMC_Tracking_2025_Preprocessed/val/Warehouse_015/crops/Person_0015/Camera_05/Person_0015_Camera_05_f000000_r006.jpg,None,-1,NOISE,0.0,True,False,0.09457877,-0.23080264,0.09457883,-0.23080227,0.15508988
162,Person_0015,Warehouse_015__Person_0015,60,60,Camera_06,16,Warehouse_015,Person,1,0.6666666666666666,0,2430,/pfs/data6/home/st/st_us-053000/st_st191959/DL-Lab/DataSet/MTMC_Tracking_2025_Preprocessed/val/Warehouse_015/crops/Person_0015/Camera_06/Person_0015_Camera_06_f000000_r003.jpg,None,-1,NOISE,0.0,True,False,0.07197276,-0.27358052,0.07197283,-0.2735791,0.18498923
385,Person_0015,Warehouse_015__Person_0015,60,60,Camera_07,17,Warehouse_015,Person,1,0.6597402597402597,1350,8970,/pfs/data6/home/st/st_us-053000/st_st191959/DL-Lab/DataSet/MTMC_Tracking_2025_Preprocessed/val/Warehouse_015/crops/Person_0015/Camera_07/Person_0015_Camera_07_f001350_r002.jpg,None,-1,NOISE,0.0,True,False,0.13794088,-0.18859671,0.13794091,-0.18859623,0.19862598
72,Person_0015,Warehouse_015__Person_0015,60,60,Camera_08,18,Warehouse_015,Person,1,0.6666666666666666,7710,8520,/pfs/data6/home/st/st_us-053000/st_st191959/DL-Lab/DataSet/MTMC_Tracking_2025_Preprocessed/val/Warehouse_015/crops/Person_0015/Camera_08/Person_0015_Camera_08_f007710_r007.jpg,None,-1,NOISE,0.0,True,False,-0.16321598,-0.25538665,-0.16321586,-0.25538886,0.17035984
193,Person_0015,Warehouse_015__Person_0015,60,60,Camera_09,19,Warehouse_015,Person,1,0.6632124352331606,3720,7200,/pfs/data6/home/st/st_us-053000/st_st191959/DL-Lab/DataSet/MTMC_Tracking_2025_Preprocessed/val/Warehouse_015/crops/Person_0015/Camera_09/Person_0015_Camera_09_f003720_r000.jpg,None,-1,NOISE,0.0,True,False,0.04470873,-0.20202416,0.044708803,-0.20202458,0.0965692
819,Person_0015,Warehouse_015__Person_0015,60,60,Camera_10,20,Warehouse_015,Person,1,0.6446886446886447,0,8970,/pfs/data6/home/st/st_us-053000/st_st191959/DL-Lab/DataSet/MTMC_Tracking_2025_Preprocessed/val/Warehouse_015/crops/Person_0015/Camera_10/Person_0015_Camera_10_f000000_r016.jpg,None,-1,NOISE,0.0,True,False,0.085170075,-0.20266242,0.08517019,-0.20266214,0.002983005
106,Person_0015,Warehouse_015__Person_0015,60,60,Camera_11,21,Warehouse_015,Person,1,0.660377358490566,0,1530,/pfs/data6/home/st/st_us-053000/st_st191959/DL-Lab/DataSet/MTMC_Tracking_2025_Preprocessed/val/Warehouse_015/crops/Person_0015/Camera_11/Person_0015_Camera_11_f000000_r003.jpg,None,-1,NOISE,0.0,True,False,0.19771688,-0.19270831,0.19771689,-0.19270653,0.18699993
551,Person_0015,Warehouse_015__Person_0015,60,60,Camera_12,22,Warehouse_015,Person,1,0.6642468239564429,450,8970,/pfs/data6/home/st/st_us-053000/st_st191959/DL-Lab/DataSet/MTMC_Tracking_2025_Preprocessed/val/Warehouse_015/crops/Person_0015/Camera_12/Person_0015_Camera_12_f000450_r017.jpg,None,63,Warehouse_015__Person_0015,1.0,False,False,0.03813699,-0.26866007,0.038137056,-0.26866022,0.17287067
102,Person_0016,Warehouse_015__Person_0016,61,61,Camera,0,Warehouse_015,Person,1,0.6666666666666666,3780,4830,/pfs/data6/home/st/st_us-053000/st_st191959/DL-Lab/DataSet/MTMC_Tracking_2025_Preprocessed/val/Warehouse_015/crops/Person_0016/Camera/Person_0016_Camera_f003780_r012.jpg,None,-1,NOISE,0.0,True,False,-0.38953322,0.06893393,-0.3895333,0.06893723,0.07839173
424,Person_0016,Warehouse_015__Person_0016,61,61,Camera_01,11,Warehouse_015,Person,1,0.6179245283018868,0,7740,/pfs/data6/home/st/st_us-053000/st_st191959/DL-Lab/DataSet/MTMC_Tracking_2025_Preprocessed/val/Warehouse_015/crops/Person_0016/Camera_01/Person_0016_Camera_01_f000000_r024.jpg,None,-1,NOISE,0.0,True,False,0.037847523,-0.23156357,0.037847616,-0.23156409,0.22100885
78,Person_0016,Warehouse_015__Person_0016,61,61,Camera_02,12,Warehouse_015,Person,1,0.6666666666666666,1830,2580,/pfs/data6/home/st/st_us-053000/st_st191959/DL-Lab/DataSet/MTMC_Tracking_2025_Preprocessed/val/Warehouse_015/crops/Person_0016/Camera_02/Person_0016_Camera_02_f001830_r008.jpg,None,-1,NOISE,0.0,True,False,0.11725438,-0.013526793,0.11725446,-0.013527554,0.118078955
190,Person_0016,Warehouse_015__Person_0016,61,61,Camera_03,13,Warehouse_015,Person,1,0.6631578947368421,1440,5190,/pfs/data6/home/st/st_us-053000/st_st191959/DL-Lab/DataSet/MTMC_Tracking_2025_Preprocessed/val/Warehouse_015/crops/Person_0016/Camera_03/Person_0016_Camera_03_f001440_r018.jpg,None,-1,NOISE,0.0,True,False,0.060404163,-0.17784776,0.06040419,-0.17784856,0.17446862
744,Person_0016,Warehouse_015__Person_0016,61,61,Camera_05,15,Warehouse_015,Person,1,0.6451612903225806,0,8970,/pfs/data6/home/st/st_us-053000/st_st191959/DL-Lab/DataSet/MTMC_Tracking_2025_Preprocessed/val/Warehouse_015/crops/Person_0016/Camera_05/Person_0016_Camera_05_f000000_r012.jpg,None,-1,NOISE,0.0,True,False,0.10667166,-0.26372498,0.106671706,-0.26372465,0.16777006
516,Person_0016,Warehouse_015__Person_0016,61,61,Camera_06,16,Warehouse_015,Person,1,0.6627906976744186,0,8970,/pfs/data6/home/st/st_us-053000/st_st191959/DL-Lab/DataSet/MTMC_Tracking_2025_Preprocessed/val/Warehouse_015/crops/Person_0016/Camera_06/Person_0016_Camera_06_f000000_r006.jpg,None,65,Warehouse_015__Person_0016,1.0,False,False,0.12237187,-0.22532515,0.12237188,-0.22532544,0.13519937
114,Person_0016,Warehouse_015__Person_0016,61,61,Camera_07,17,Warehouse_015,Person,1,0.6666666666666666,3750,4890,/pfs/data6/home/st/st_us-053000/st_st191959/DL-Lab/DataSet/MTMC_Tracking_2025_Preprocessed/val/Warehouse_015/crops/Person_0016/Camera_07/Person_0016_Camera_07_f003750_r008.jpg,None,-1,NOISE,0.0,True,False,0.027950767,-0.26068422,0.02795084,-0.26068494,0.20440613
9,Person_0016,Warehouse_015__Person_0016,61,61,Camera_09,19,Warehouse_015,Person,1,0.6666666666666666,4140,4200,/pfs/data6/home/st/st_us-053000/st_st191959/DL-Lab/DataSet/MTMC_Tracking_2025_Preprocessed/val/Warehouse_015/crops/Person_0016/Camera_09/Person_0016_Camera_09_f004140_r003.jpg,None,-1,NOISE,0.0,True,False,0.0029169677,0.056245774,0.0029169684,0.056244925,0.04609715
740,Person_0016,Warehouse_015__Person_0016,61,61,Camera_10,20,Warehouse_015,Person,1,0.6621621621621622,0,8970,/pfs/data6/home/st/st_us-053000/st_st191959/DL-Lab/DataSet/MTMC_Tracking_2025_Preprocessed/val/Warehouse_015/crops/Person_0016/Camera_10/Person_0016_Camera_10_f000000_r030.jpg,None,-1,NOISE,0.0,True,False,-0.07928328,-0.28947854,-0.07928319,-0.28947937,0.06404172
595,Person_0016,Warehouse_015__Person_0016,61,61,Camera_11,21,Warehouse_015,Person,1,0.6588235294117647,0,8970,/pfs/data6/home/st/st_us-053000/st_st191959/DL-Lab/DataSet/MTMC_Tracking_2025_Preprocessed/val/Warehouse_015/crops/Person_0016/Camera_11/Person_0016_Camera_11_f000000_r006.jpg,None,65,Warehouse_015__Person_0016,1.0,False,False,0.12238279,-0.2068151,0.122382864,-0.20681505,0.13915588
389,Person_0016,Warehouse_015__Person_0016,61,61,Camera_12,22,Warehouse_015,Person,1,0.6323907455012854,0,6570,/pfs/data6/home/st/st_us-053000/st_st191959/DL-Lab/DataSet/MTMC_Tracking_2025_Preprocessed/val/Warehouse_015/crops/Person_0016/Camera_12/Person_0016_Camera_12_f000000_r027.jpg,None,-1,NOISE,0.0,True,False,0.033987097,-0.24478163,0.03398713,-0.2447817,0.02989725
295,Person_0017,Warehouse_015__Person_0017,62,62,Camera,0,Warehouse_015,Person,1,0.6576271186440678,3810,8970,/pfs/data6/home/st/st_us-053000/st_st191959/DL-Lab/DataSet/MTMC_Tracking_2025_Preprocessed/val/Warehouse_015/crops/Person_0017/Camera/Person_0017_Camera_f003810_r007.jpg,None,66,Warehouse_015__Person_0017,1.0,False,False,0.18714452,0.1384783,0.18714458,0.13847767,0.0412985
542,Person_0017,Warehouse_015__Person_0017,62,62,Camera_01,11,Warehouse_015,Person,1,0.6014760147601476,210,8490,/pfs/data6/home/st/st_us-053000/st_st191959/DL-Lab/DataSet/MTMC_Tracking_2025_Preprocessed/val/Warehouse_015/crops/Person_0017/Camera_01/Person_0017_Camera_01_f000210_r011.jpg,None,-1,NOISE,0.0,True,False,0.1673305,0.13064307,0.16733044,0.1306422,0.07783569
201,Person_0017,Warehouse_015__Person_0017,62,62,Camera_02,12,Warehouse_015,Person,1,0.6666666666666666,0,3300,/pfs/data6/home/st/st_us-053000/st_st191959/DL-Lab/DataSet/MTMC_Tracking_2025_Preprocessed/val/Warehouse_015/crops/Person_0017/Camera_02/Person_0017_Camera_02_f000000_r003.jpg,None,-1,NOISE,0.0,True,False,0.2544548,0.1971736,0.2544547,0.19717374,0.009538734
436,Person_0017,Warehouse_015__Person_0017,62,62,Camera_03,13,Warehouse_015,Person,1,0.6513761467889908,3300,8970,/pfs/data6/home/st/st_us-053000/st_st191959/DL-Lab/DataSet/MTMC_Tracking_2025_Preprocessed/val/Warehouse_015/crops/Person_0017/Camera_03/Person_0017_Camera_03_f003300_r007.jpg,None,-1,NOISE,0.0,True,False,0.10589131,0.120186314,0.105891354,0.12018578,0.027161723
172,Person_0017,Warehouse_015__Person_0017,62,62,Camera_04,14,Warehouse_015,Person,1,0.6627906976744186,6900,8940,/pfs/data6/home/st/st_us-053000/st_st191959/DL-Lab/DataSet/MTMC_Tracking_2025_Preprocessed/val/Warehouse_015/crops/Person_0017/Camera_04/Person_0017_Camera_04_f006900_r004.jpg,None,-1,NOISE,0.0,True,False,0.15137844,0.15407716,0.15137841,0.15407659,0.01870829
294,Person_0017,Warehouse_015__Person_0017,62,62,Camera_05,15,Warehouse_015,Person,1,0.6666666666666666,180,6240,/pfs/data6/home/st/st_us-053000/st_st191959/DL-Lab/DataSet/MTMC_Tracking_2025_Preprocessed/val/Warehouse_015/crops/Person_0017/Camera_05/Person_0017_Camera_05_f000180_r004.jpg,None,66,Warehouse_015__Person_0017,1.0,False,False,0.15293889,0.10848846,0.15293883,0.108487405,0.11441974
105,Person_0017,Warehouse_015__Person_0017,62,62,Camera_06,16,Warehouse_015,Person,1,0.6666666666666666,0,6000,/pfs/data6/home/st/st_us-053000/st_st191959/DL-Lab/DataSet/MTMC_Tracking_2025_Preprocessed/val/Warehouse_015/crops/Person_0017/Camera_06/Person_0017_Camera_06_f000000_r001.jpg,None,-1,NOISE,0.0,True,False,0.13211548,0.10978437,0.13211548,0.10978381,0.015399421
34,Person_0017,Warehouse_015__Person_0017,62,62,Camera_07,17,Warehouse_015,Person,1,0.6470588235294118,4020,8220,/pfs/data6/home/st/st_us-053000/st_st191959/DL-Lab/DataSet/MTMC_Tracking_2025_Preprocessed/val/Warehouse_015/crops/Person_0017/Camera_07/Person_0017_Camera_07_f004020_r005.jpg,None,-1,NOISE,0.0,True,False,-0.11050504,0.16890734,-0.11050508,0.16890457,0.037922
271,Person_0017,Warehouse_015__Person_0017,62,62,Camera_08,18,Warehouse_015,Person,1,0.5756457564575646,840,8970,/pfs/data6/home/st/st_us-053000/st_st191959/DL-Lab/DataSet/MTMC_Tracking_2025_Preprocessed/val/Warehouse_015/crops/Person_0017/Camera_08/Person_0017_Camera_08_f000840_r009.jpg,None,-1,NOISE,0.0,True,False,-0.06576499,0.17600755,-0.06576509,0.1760063,0.01699452
481,Person_0017,Warehouse_015__Person_0017,62,62,Camera_10,20,Warehouse_015,Person,1,0.6029106029106029,180,8940,/pfs/data6/home/st/st_us-053000/st_st191959/DL-Lab/DataSet/MTMC_Tracking_2025_Preprocessed/val/Warehouse_015/crops/Person_0017/Camera_10/Person_0017_Camera_10_f000180_r011.jpg,None,66,Warehouse_015__Person_0017,1.0,False,False,0.14828777,0.12176097,0.14828782,0.12176109,0.025688386
101,Person_0017,Warehouse_015__Person_0017,62,62,Camera_11,21,Warehouse_015,Person,1,0.6534653465346535,90,5970,/pfs/data6/home/st/st_us-053000/st_st191959/DL-Lab/DataSet/MTMC_Tracking_2025_Preprocessed/val/Warehouse_015/crops/Person_0017/Camera_11/Person_0017_Camera_11_f000090_r002.jpg,None,-1,NOISE,0.0,True,False,0.12303435,0.06680524,0.12303436,0.06680426,0.07342998
504,Person_0017,Warehouse_015__Person_0017,62,62,Camera_12,22,Warehouse_015,Person,1,0.5833333333333334,0,8970,/pfs/data6/home/st/st_us-053000/st_st191959/DL-Lab/DataSet/MTMC_Tracking_2025_Preprocessed/val/Warehouse_015/crops/Person_0017/Camera_12/Person_0017_Camera_12_f000000_r010.jpg,None,52,Warehouse_015__Person_0201,0.225,False,True,0.18814032,0.16197555,0.18814021,0.16197602,0.0066855187
859,Person_0166,Warehouse_015__Person_0166,63,63,Camera,0,Warehouse_015,Person,1,0.6519208381839348,0,8970,/pfs/data6/home/st/st_us-053000/st_st191959/DL-Lab/DataSet/MTMC_Tracking_2025_Preprocessed/val/Warehouse_015/crops/Person_0166/Camera/Person_0166_Camera_f000000_r018.jpg,None,67,Warehouse_015__Person_0166,1.0,False,False,0.27114376,0.118692234,0.2711439,0.1186929,-0.00021101821
297,Person_0166,Warehouse_015__Person_0166,63,63,Camera_01,11,Warehouse_015,Person,1,0.26936026936026936,0,8970,/pfs/data6/home/st/st_us-053000/st_st191959/DL-Lab/DataSet/MTMC_Tracking_2025_Preprocessed/val/Warehouse_015/crops/Person_0166/Camera_01/Person_0166_Camera_01_f000000_r047.jpg,None,68,Warehouse_015__Person_0166,1.0,False,False,0.21197699,0.10908793,0.211977,0.1090892,-0.03307355
510,Person_0166,Warehouse_015__Person_0166,63,63,Camera_03,13,Warehouse_015,Person,1,0.5843137254901961,0,8970,/pfs/data6/home/st/st_us-053000/st_st191959/DL-Lab/DataSet/MTMC_Tracking_2025_Preprocessed/val/Warehouse_015/crops/Person_0166/Camera_03/Person_0166_Camera_03_f000000_r035.jpg,None,-1,NOISE,0.0,True,False,0.24960169,0.097122945,0.24960165,0.09712361,0.052301846
726,Person_0166,Warehouse_015__Person_0166,63,63,Camera_04,14,Warehouse_015,Person,1,0.6666666666666666,0,8460,/pfs/data6/home/st/st_us-053000/st_st191959/DL-Lab/DataSet/MTMC_Tracking_2025_Preprocessed/val/Warehouse_015/crops/Person_0166/Camera_04/Person_0166_Camera_04_f000000_r011.jpg,None,67,Warehouse_015__Person_0166,1.0,False,False,0.25065738,0.12220839,0.25065744,0.12220831,0.016739545
69,Person_0166,Warehouse_015__Person_0166,63,63,Camera_07,17,Warehouse_015,Person,1,0.6666666666666666,7440,8970,/pfs/data6/home/st/st_us-053000/st_st191959/DL-Lab/DataSet/MTMC_Tracking_2025_Preprocessed/val/Warehouse_015/crops/Person_0166/Camera_07/Person_0166_Camera_07_f007440_r012.jpg,None,-1,NOISE,0.0,True,False,-0.34768856,0.19015081,-0.34768888,0.19015253,0.23815985
312,Person_0166,Warehouse_015__Person_0166,63,63,Camera_08,18,Warehouse_015,Person,1,0.6666666666666666,0,8490,/pfs/data6/home/st/st_us-053000/st_st191959/DL-Lab/DataSet/MTMC_Tracking_2025_Preprocessed/val/Warehouse_015/crops/Person_0166/Camera_08/Person_0166_Camera_08_f000000_r026.jpg,None,-1,NOISE,0.0,True,False,0.21781786,0.12927781,0.21781777,0.12927793,-0.010785789
60,Person_0166,Warehouse_015__Person_0166,63,63,Camera_09,19,Warehouse_015,Person,1,0.6666666666666666,6720,7320,/pfs/data6/home/st/st_us-053000/st_st191959/DL-Lab/DataSet/MTMC_Tracking_2025_Preprocessed/val/Warehouse_015/crops/Person_0166/Camera_09/Person_0166_Camera_09_f006720_r003.jpg,None,-1,NOISE,0.0,True,False,0.16986579,0.015425807,0.16986577,0.015427233,0.061690953
344,Person_0166,Warehouse_015__Person_0166,63,63,Camera_10,20,Warehouse_015,Person,1,0.29069767441860467,0,8970,/pfs/data6/home/st/st_us-053000/st_st191959/DL-Lab/DataSet/MTMC_Tracking_2025_Preprocessed/val/Warehouse_015/crops/Person_0166/Camera_10/Person_0166_Camera_10_f000000_r053.jpg,None,68,Warehouse_015__Person_0166,1.0,False,False,0.21213146,0.14936313,0.21213147,0.14936441,-0.03908761
51,Person_0166,Warehouse_015__Person_0166,63,63,Camera_12,22,Warehouse_015,Person,1,0.6666666666666666,8490,8970,/pfs/data6/home/st/st_us-053000/st_st191959/DL-Lab/DataSet/MTMC_Tracking_2025_Preprocessed/val/Warehouse_015/crops/Person_0166/Camera_12/Person_0166_Camera_12_f008490_r059.jpg,None,-1,NOISE,0.0,True,False,0.25513753,0.11802033,0.25513762,0.11802038,0.026501132
789,Person_0167,Warehouse_015__Person_0167,64,64,Camera,0,Warehouse_015,Person,1,0.6615969581749049,0,8820,/pfs/data6/home/st/st_us-053000/st_st191959/DL-Lab/DataSet/MTMC_Tracking_2025_Preprocessed/val/Warehouse_015/crops/Person_0167/Camera/Person_0167_Camera_f000000_r004.jpg,None,52,Warehouse_015__Person_0201,0.225,False,True,0.16180417,0.09724081,0.1618041,0.097241014,-0.047193788
290,Person_0167,Warehouse_015__Person_0167,64,64,Camera_01,11,Warehouse_015,Person,1,0.3310344827586207,0,8970,/pfs/data6/home/st/st_us-053000/st_st191959/DL-Lab/DataSet/MTMC_Tracking_2025_Preprocessed/val/Warehouse_015/crops/Person_0167/Camera_01/Person_0167_Camera_01_f000000_r005.jpg,None,52,Warehouse_015__Person_0201,0.225,False,True,0.18478407,0.14258234,0.18478411,0.14258312,-0.027613927
509,Person_0167,Warehouse_015__Person_0167,64,64,Camera_03,13,Warehouse_015,Person,1,0.550098231827112,0,8970,/pfs/data6/home/st/st_us-053000/st_st191959/DL-Lab/DataSet/MTMC_Tracking_2025_Preprocessed/val/Warehouse_015/crops/Person_0167/Camera_03/Person_0167_Camera_03_f000000_r004.jpg,None,52,Warehouse_015__Person_0201,0.225,False,True,0.15654163,0.11717117,0.15654176,0.11717089,-0.004125552
657,Person_0167,Warehouse_015__Person_0167,64,64,Camera_04,14,Warehouse_015,Person,1,0.6666666666666666,0,7560,/pfs/data6/home/st/st_us-053000/st_st191959/DL-Lab/DataSet/MTMC_Tracking_2025_Preprocessed/val/Warehouse_015/crops/Person_0167/Camera_04/Person_0167_Camera_04_f000000_r002.jpg,None,52,Warehouse_015__Person_0201,0.225,False,True,0.1312752,0.08973085,0.13127522,0.08973059,-0.031830046
50,Person_0167,Warehouse_015__Person_0167,64,64,Camera_05,15,Warehouse_015,Person,1,0.64,7950,8970,/pfs/data6/home/st/st_us-053000/st_st191959/DL-Lab/DataSet/MTMC_Tracking_2025_Preprocessed/val/Warehouse_015/crops/Person_0167/Camera_05/Person_0167_Camera_05_f007950_r003.jpg,None,-1,NOISE,0.0,True,False,0.110529736,0.07640131,0.11052963,0.07640234,0.030092824
198,Person_0167,Warehouse_015__Person_0167,64,64,Camera_07,17,Warehouse_015,Person,1,0.6666666666666666,1380,8970,/pfs/data6/home/st/st_us-053000/st_st191959/DL-Lab/DataSet/MTMC_Tracking_2025_Preprocessed/val/Warehouse_015/crops/Person_0167/Camera_07/Person_0167_Camera_07_f001380_r001.jpg,None,52,Warehouse_015__Person_0201,0.225,False,True,0.15448342,0.0940546,0.15448342,0.0940534,0.050230965
502,Person_0167,Warehouse_015__Person_0167,64,64,Camera_08,18,Warehouse_015,Person,1,0.6613545816733067,0,7140,/pfs/data6/home/st/st_us-053000/st_st191959/DL-Lab/DataSet/MTMC_Tracking_2025_Preprocessed/val/Warehouse_015/crops/Person_0167/Camera_08/Person_0167_Camera_08_f000000_r005.jpg,None,-1,NOISE,0.0,True,False,0.13809076,0.13572691,0.13809076,0.13572621,0.066964835
129,Person_0167,Warehouse_015__Person_0167,64,64,Camera_09,19,Warehouse_015,Person,1,0.6666666666666666,5250,8580,/pfs/data6/home/st/st_us-053000/st_st191959/DL-Lab/DataSet/MTMC_Tracking_2025_Preprocessed/val/Warehouse_015/crops/Person_0167/Camera_09/Person_0167_Camera_09_f005250_r001.jpg,None,-1,NOISE,0.0,True,False,0.24707568,0.19368254,0.2470756,0.19368371,0.015445112
355,Person_0167,Warehouse_015__Person_0167,64,64,Camera_10,20,Warehouse_015,Person,1,0.36056338028169016,0,8970,/pfs/data6/home/st/st_us-053000/st_st191959/DL-Lab/DataSet/MTMC_Tracking_2025_Preprocessed/val/Warehouse_015/crops/Person_0167/Camera_10/Person_0167_Camera_10_f000000_r007.jpg,None,52,Warehouse_015__Person_0201,0.225,False,True,0.1310049,0.115041435,0.13100487,0.11504229,-0.052125946
308,Person_0167,Warehouse_015__Person_0167,64,64,Camera_12,22,Warehouse_015,Person,1,0.6493506493506493,0,8970,/pfs/data6/home/st/st_us-053000/st_st191959/DL-Lab/DataSet/MTMC_Tracking_2025_Preprocessed/val/Warehouse_015/crops/Person_0167/Camera_12/Person_0167_Camera_12_f000000_r009.jpg,None,-1,NOISE,0.0,True,False,0.03801419,0.06008907,0.03801415,0.060087837,-0.028429301
314,Person_0168,Warehouse_015__Person_0168,65,65,Camera,0,Warehouse_015,Person,1,0.6369426751592356,0,8970,/pfs/data6/home/st/st_us-053000/st_st191959/DL-Lab/DataSet/MTMC_Tracking_2025_Preprocessed/val/Warehouse_015/crops/Person_0168/Camera/Person_0168_Camera_f000000_r019.jpg,None,69,Warehouse_015__Person_0168,0.7272727272727273,False,False,0.12933,0.07546579,0.12932998,0.075466014,0.020693596
405,Person_0168,Warehouse_015__Person_0168,65,65,Camera_01,11,Warehouse_015,Person,1,0.5333333333333333,0,8970,/pfs/data6/home/st/st_us-053000/st_st191959/DL-Lab/DataSet/MTMC_Tracking_2025_Preprocessed/val/Warehouse_015/crops/Person_0168/Camera_01/Person_0168_Camera_01_f000000_r048.jpg,None,69,Warehouse_015__Person_0168,0.7272727272727273,False,False,0.252678,0.06709339,0.25267795,0.06709365,0.07809419
48,Person_0168,Warehouse_015__Person_0168,65,65,Camera_02,12,Warehouse_015,Person,1,0.6666666666666666,2460,2910,/pfs/data6/home/st/st_us-053000/st_st191959/DL-Lab/DataSet/MTMC_Tracking_2025_Preprocessed/val/Warehouse_015/crops/Person_0168/Camera_02/Person_0168_Camera_02_f002460_r020.jpg,None,-1,NOISE,0.0,True,False,0.25053465,0.065715216,0.2505347,0.06571677,0.008481718
349,Person_0168,Warehouse_015__Person_0168,65,65,Camera_03,13,Warehouse_015,Person,1,0.5787965616045845,0,8970,/pfs/data6/home/st/st_us-053000/st_st191959/DL-Lab/DataSet/MTMC_Tracking_2025_Preprocessed/val/Warehouse_015/crops/Person_0168/Camera_03/Person_0168_Camera_03_f000000_r037.jpg,None,69,Warehouse_015__Person_0168,0.7272727272727273,False,False,0.22175032,0.07752978,0.22175033,0.077529974,0.09149666
214,Person_0168,Warehouse_015__Person_0168,65,65,Camera_04,14,Warehouse_015,Person,1,0.6448598130841121,0,7590,/pfs/data6/home/st/st_us-053000/st_st191959/DL-Lab/DataSet/MTMC_Tracking_2025_Preprocessed/val/Warehouse_015/crops/Person_0168/Camera_04/Person_0168_Camera_04_f000000_r012.jpg,None,69,Warehouse_015__Person_0168,0.7272727272727273,False,False,0.26655996,0.104772404,0.26656,0.104773104,0.04277046
280,Person_0168,Warehouse_015__Person_0168,65,65,Camera_05,15,Warehouse_015,Person,1,0.65,3210,6180,/pfs/data6/home/st/st_us-053000/st_st191959/DL-Lab/DataSet/MTMC_Tracking_2025_Preprocessed/val/Warehouse_015/crops/Person_0168/Camera_05/Person_0168_Camera_05_f003210_r033.jpg,None,69,Warehouse_015__Person_0168,0.7272727272727273,False,False,0.1881738,0.025419394,0.18817376,0.025419347,0.11015275
108,Person_0168,Warehouse_015__Person_0168,65,65,Camera_06,16,Warehouse_015,Person,1,0.6666666666666666,3660,5520,/pfs/data6/home/st/st_us-053000/st_st191959/DL-Lab/DataSet/MTMC_Tracking_2025_Preprocessed/val/Warehouse_015/crops/Person_0168/Camera_06/Person_0168_Camera_06_f003660_r007.jpg,None,-1,NOISE,0.0,True,False,0.1423,-0.016040796,0.14229997,-0.016041363,0.10153617
231,Person_0168,Warehouse_015__Person_0168,65,65,Camera_07,17,Warehouse_015,Person,1,0.6666666666666666,5760,8790,/pfs/data6/home/st/st_us-053000/st_st191959/DL-Lab/DataSet/MTMC_Tracking_2025_Preprocessed/val/Warehouse_015/crops/Person_0168/Camera_07/Person_0168_Camera_07_f005760_r010.jpg,None,-1,NOISE,0.0,True,False,0.21856248,0.06689893,0.21856245,0.066898294,0.14423572
264,Person_0168,Warehouse_015__Person_0168,65,65,Camera_08,18,Warehouse_015,Person,1,0.6666666666666666,60,2970,/pfs/data6/home/st/st_us-053000/st_st191959/DL-Lab/DataSet/MTMC_Tracking_2025_Preprocessed/val/Warehouse_015/crops/Person_0168/Camera_08/Person_0168_Camera_08_f000060_r026.jpg,None,69,Warehouse_015__Person_0168,0.7272727272727273,False,False,0.2646626,0.0945312,0.2646626,0.09453151,0.01592885
174,Person_0168,Warehouse_015__Person_0168,65,65,Camera_09,19,Warehouse_015,Person,1,0.6666666666666666,6240,8250,/pfs/data6/home/st/st_us-053000/st_st191959/DL-Lab/DataSet/MTMC_Tracking_2025_Preprocessed/val/Warehouse_015/crops/Person_0168/Camera_09/Person_0168_Camera_09_f006240_r004.jpg,None,-1,NOISE,0.0,True,False,0.21710505,0.1202821,0.21710496,0.120284215,0.029462378
597,Person_0168,Warehouse_015__Person_0168,65,65,Camera_10,20,Warehouse_015,Person,1,0.5896147403685092,0,8970,/pfs/data6/home/st/st_us-053000/st_st191959/DL-Lab/DataSet/MTMC_Tracking_2025_Preprocessed/val/Warehouse_015/crops/Person_0168/Camera_10/Person_0168_Camera_10_f000000_r055.jpg,None,69,Warehouse_015__Person_0168,0.7272727272727273,False,False,0.19536147,0.08071333,0.19536145,0.08071379,0.015336769
94,Person_0168,Warehouse_015__Person_0168,65,65,Camera_11,21,Warehouse_015,Person,1,0.6595744680851063,3600,5730,/pfs/data6/home/st/st_us-053000/st_st191959/DL-Lab/DataSet/MTMC_Tracking_2025_Preprocessed/val/Warehouse_015/crops/Person_0168/Camera_11/Person_0168_Camera_11_f003600_r010.jpg,None,-1,NOISE,0.0,True,False,0.25684428,0.060515665,0.25684422,0.060516104,0.08314415
407,Person_0168,Warehouse_015__Person_0168,65,65,Camera_12,22,Warehouse_015,Person,1,0.6093366093366094,1110,8970,/pfs/data6/home/st/st_us-053000/st_st191959/DL-Lab/DataSet/MTMC_Tracking_2025_Preprocessed/val/Warehouse_015/crops/Person_0168/Camera_12/Person_0168_Camera_12_f001110_r056.jpg,None,69,Warehouse_015__Person_0168,0.7272727272727273,False,False,0.19852868,0.06498575,0.19852869,0.06498621,0.011289122
219,Person_0169,Warehouse_015__Person_0169,66,66,Camera,0,Warehouse_015,Person,1,0.6666666666666666,0,8970,/pfs/data6/home/st/st_us-053000/st_st191959/DL-Lab/DataSet/MTMC_Tracking_2025_Preprocessed/val/Warehouse_015/crops/Person_0169/Camera/Person_0169_Camera_f000000_r003.jpg,None,-1,NOISE,0.0,True,False,0.057232935,-0.12919539,0.057233,-0.12919487,0.054456696
695,Person_0169,Warehouse_015__Person_0169,66,66,Camera_01,11,Warehouse_015,Person,1,0.6647482014388489,0,8580,/pfs/data6/home/st/st_us-053000/st_st191959/DL-Lab/DataSet/MTMC_Tracking_2025_Preprocessed/val/Warehouse_015/crops/Person_0169/Camera_01/Person_0169_Camera_01_f000000_r004.jpg,None,70,Warehouse_015__Person_0169,0.6666666666666666,False,False,0.07477573,-0.12936102,0.0747758,-0.1293618,0.11406899
57,Person_0169,Warehouse_015__Person_0169,66,66,Camera_02,12,Warehouse_015,Person,1,0.6666666666666666,1200,7560,/pfs/data6/home/st/st_us-053000/st_st191959/DL-Lab/DataSet/MTMC_Tracking_2025_Preprocessed/val/Warehouse_015/crops/Person_0169/Camera_02/Person_0169_Camera_02_f001200_r002.jpg,None,-1,NOISE,0.0,True,False,0.27209535,0.040143974,0.27209532,0.040144723,0.04194174
564,Person_0169,Warehouse_015__Person_0169,66,66,Camera_03,13,Warehouse_015,Person,1,0.6666666666666666,0,8130,/pfs/data6/home/st/st_us-053000/st_st191959/DL-Lab/DataSet/MTMC_Tracking_2025_Preprocessed/val/Warehouse_015/crops/Person_0169/Camera_03/Person_0169_Camera_03_f000000_r003.jpg,None,71,Warehouse_015__Person_0169,1.0,False,False,0.09534071,-0.1891589,0.095340766,-0.18915832,0.11310554
87,Person_0169,Warehouse_015__Person_0169,66,66,Camera_04,14,Warehouse_015,Person,1,0.6666666666666666,8130,8970,/pfs/data6/home/st/st_us-053000/st_st191959/DL-Lab/DataSet/MTMC_Tracking_2025_Preprocessed/val/Warehouse_015/crops/Person_0169/Camera_04/Person_0169_Camera_04_f008130_r002.jpg,None,-1,NOISE,0.0,True,False,0.11199227,-0.08533681,0.111992285,-0.08533711,0.0912212
412,Person_0169,Warehouse_015__Person_0169,66,66,Camera_05,15,Warehouse_015,Person,1,0.6650485436893204,480,5490,/pfs/data6/home/st/st_us-053000/st_st191959/DL-Lab/DataSet/MTMC_Tracking_2025_Preprocessed/val/Warehouse_015/crops/Person_0169/Camera_05/Person_0169_Camera_05_f000480_r003.jpg,None,-1,NOISE,0.0,True,False,0.016198015,-0.18816842,0.016198091,-0.18816818,0.17534739
169,Person_0169,Warehouse_015__Person_0169,66,66,Camera_06,16,Warehouse_015,Person,1,0.6627218934911243,1770,3450,/pfs/data6/home/st/st_us-053000/st_st191959/DL-Lab/DataSet/MTMC_Tracking_2025_Preprocessed/val/Warehouse_015/crops/Person_0169/Camera_06/Person_0169_Camera_06_f001770_r000.jpg,None,-1,NOISE,0.0,True,False,0.15587893,-0.15383908,0.15587907,-0.15383816,0.14495724
25,Person_0169,Warehouse_015__Person_0169,66,66,Camera_07,17,Warehouse_015,Person,1,0.64,5340,6420,/pfs/data6/home/st/st_us-053000/st_st191959/DL-Lab/DataSet/MTMC_Tracking_2025_Preprocessed/val/Warehouse_015/crops/Person_0169/Camera_07/Person_0169_Camera_07_f005340_r004.jpg,None,-1,NOISE,0.0,True,False,-0.10025327,-0.120476685,-0.1002532,-0.12047828,0.05698064
219,Person_0169,Warehouse_015__Person_0169,66,66,Camera_08,18,Warehouse_015,Person,1,0.6666666666666666,240,8970,/pfs/data6/home/st/st_us-053000/st_st191959/DL-Lab/DataSet/MTMC_Tracking_2025_Preprocessed/val/Warehouse_015/crops/Person_0169/Camera_08/Person_0169_Camera_08_f000240_r004.jpg,None,70,Warehouse_015__Person_0169,0.6666666666666666,False,False,0.07107839,-0.108421475,0.07107844,-0.10842129,0.070358135
809,Person_0169,Warehouse_015__Person_0169,66,66,Camera_10,20,Warehouse_015,Person,1,0.6378244746600742,0,8970,/pfs/data6/home/st/st_us-053000/st_st191959/DL-Lab/DataSet/MTMC_Tracking_2025_Preprocessed/val/Warehouse_015/crops/Person_0169/Camera_10/Person_0169_Camera_10_f000000_r006.jpg,None,-1,NOISE,0.0,True,False,0.06557427,-0.12297943,0.06557433,-0.12297834,-0.029271955
159,Person_0169,Warehouse_015__Person_0169,66,66,Camera_11,21,Warehouse_015,Person,1,0.6666666666666666,1740,3480,/pfs/data6/home/st/st_us-053000/st_st191959/DL-Lab/DataSet/MTMC_Tracking_2025_Preprocessed/val/Warehouse_015/crops/Person_0169/Camera_11/Person_0169_Camera_11_f001740_r001.jpg,None,-1,NOISE,0.0,True,False,0.0883035,-0.23213317,0.08830357,-0.23213194,0.17777233
611,Person_0169,Warehouse_015__Person_0169,66,66,Camera_12,22,Warehouse_015,Person,1,0.6546644844517185,0,8970,/pfs/data6/home/st/st_us-053000/st_st191959/DL-Lab/DataSet/MTMC_Tracking_2025_Preprocessed/val/Warehouse_015/crops/Person_0169/Camera_12/Person_0169_Camera_12_f000000_r007.jpg,None,71,Warehouse_015__Person_0169,1.0,False,False,0.14118646,-0.15294014,0.14118658,-0.15293962,0.056856215
486,Person_0170,Warehouse_015__Person_0170,67,67,Camera,0,Warehouse_015,Person,1,0.6625514403292181,0,8970,/pfs/data6/home/st/st_us-053000/st_st191959/DL-Lab/DataSet/MTMC_Tracking_2025_Preprocessed/val/Warehouse_015/crops/Person_0170/Camera/Person_0170_Camera_f000000_r002.jpg,None,-1,NOISE,0.0,True,False,0.1601203,-0.056778606,0.16012037,-0.05677684,0.13984314
526,Person_0170,Warehouse_015__Person_0170,67,67,Camera_01,11,Warehouse_015,Person,1,0.4828897338403042,210,8970,/pfs/data6/home/st/st_us-053000/st_st191959/DL-Lab/DataSet/MTMC_Tracking_2025_Preprocessed/val/Warehouse_015/crops/Person_0170/Camera_01/Person_0170_Camera_01_f000210_r006.jpg,None,72,Warehouse_015__Person_0217,0.4444444444444444,False,True,0.16738398,0.018106213,0.16738403,0.01810754,0.06506011
549,Person_0170,Warehouse_015__Person_0170,67,67,Camera_03,13,Warehouse_015,Person,1,0.5391621129326047,270,8970,/pfs/data6/home/st/st_us-053000/st_st191959/DL-Lab/DataSet/MTMC_Tracking_2025_Preprocessed/val/Warehouse_015/crops/Person_0170/Camera_03/Person_0170_Camera_03_f000270_r004.jpg,None,-1,NOISE,0.0,True,False,0.14402212,-0.049189065,0.14402217,-0.04918882,0.098834224
442,Person_0170,Warehouse_015__Person_0170,67,67,Camera_04,14,Warehouse_015,Person,1,0.665158371040724,0,8970,/pfs/data6/home/st/st_us-053000/st_st191959/DL-Lab/DataSet/MTMC_Tracking_2025_Preprocessed/val/Warehouse_015/crops/Person_0170/Camera_04/Person_0170_Camera_04_f000000_r001.jpg,None,-1,NOISE,0.0,True,False,0.051686607,-0.0850365,0.051686652,-0.08503448,0.10100142
1,Person_0170,Warehouse_015__Person_0170,67,67,Camera_05,15,Warehouse_015,Person,0,0.0,3900,3900,/pfs/data6/home/st/st_us-053000/st_st191959/DL-Lab/DataSet/MTMC_Tracking_2025_Preprocessed/val/Warehouse_015/crops/Person_0170/Camera_05/Person_0170_Camera_05_f003900_r003.jpg,None,-1,NOISE,0.0,True,False,0.28787616,0.10219045,0.28787613,0.102192774,0.025676126
363,Person_0170,Warehouse_015__Person_0170,67,67,Camera_07,17,Warehouse_015,Person,1,0.6611570247933884,480,8970,/pfs/data6/home/st/st_us-053000/st_st191959/DL-Lab/DataSet/MTMC_Tracking_2025_Preprocessed/val/Warehouse_015/crops/Person_0170/Camera_07/Person_0170_Camera_07_f000480_r002.jpg,None,-1,NOISE,0.0,True,False,-0.22333388,0.15168346,-0.22333395,0.15168269,0.12017518
210,Person_0170,Warehouse_015__Person_0170,67,67,Camera_08,18,Warehouse_015,Person,1,0.638095238095238,210,8880,/pfs/data6/home/st/st_us-053000/st_st191959/DL-Lab/DataSet/MTMC_Tracking_2025_Preprocessed/val/Warehouse_015/crops/Person_0170/Camera_08/Person_0170_Camera_08_f000210_r004.jpg,None,-1,NOISE,0.0,True,False,-0.27428612,0.026038002,-0.27428612,0.026037075,0.08849626
426,Person_0170,Warehouse_015__Person_0170,67,67,Camera_09,19,Warehouse_015,Person,1,0.6666666666666666,720,5190,/pfs/data6/home/st/st_us-053000/st_st191959/DL-Lab/DataSet/MTMC_Tracking_2025_Preprocessed/val/Warehouse_015/crops/Person_0170/Camera_09/Person_0170_Camera_09_f000720_r000.jpg,None,-1,NOISE,0.0,True,False,0.19995253,-0.040224116,0.1999525,-0.040222455,0.11542708
527,Person_0170,Warehouse_015__Person_0170,67,67,Camera_10,20,Warehouse_015,Person,1,0.4819734345351044,0,8970,/pfs/data6/home/st/st_us-053000/st_st191959/DL-Lab/DataSet/MTMC_Tracking_2025_Preprocessed/val/Warehouse_015/crops/Person_0170/Camera_10/Person_0170_Camera_10_f000000_r005.jpg,None,-1,NOISE,0.0,True,False,0.0525258,-0.03995202,0.052525826,-0.039951283,0.017599877
107,Person_0170,Warehouse_015__Person_0170,67,67,Camera_12,22,Warehouse_015,Person,1,0.6542056074766355,3600,8970,/pfs/data6/home/st/st_us-053000/st_st191959/DL-Lab/DataSet/MTMC_Tracking_2025_Preprocessed/val/Warehouse_015/crops/Person_0170/Camera_12/Person_0170_Camera_12_f003600_r007.jpg,None,-1,NOISE,0.0,True,False,0.20039818,0.036293928,0.20039818,0.03629485,0.06423734
327,Person_0171,Warehouse_015__Person_0171,68,68,Camera,0,Warehouse_015,Person,1,0.654434250764526,0,8970,/pfs/data6/home/st/st_us-053000/st_st191959/DL-Lab/DataSet/MTMC_Tracking_2025_Preprocessed/val/Warehouse_015/crops/Person_0171/Camera/Person_0171_Camera_f000000_r010.jpg,None,-1,NOISE,0.0,True,False,0.10962968,-0.084983386,0.10962973,-0.08498604,-0.08642608
766,Person_0171,Warehouse_015__Person_0171,68,68,Camera_01,11,Warehouse_015,Person,1,0.6109660574412533,0,8970,/pfs/data6/home/st/st_us-053000/st_st191959/DL-Lab/DataSet/MTMC_Tracking_2025_Preprocessed/val/Warehouse_015/crops/Person_0171/Camera_01/Person_0171_Camera_01_f000000_r018.jpg,None,59,Warehouse_015__Person_0009,0.3,False,True,0.15565895,-0.030292472,0.15565903,-0.03029369,-0.011498031
16,Person_0171,Warehouse_015__Person_0171,68,68,Camera_02,12,Warehouse_015,Person,1,0.375,3660,3960,/pfs/data6/home/st/st_us-053000/st_st191959/DL-Lab/DataSet/MTMC_Tracking_2025_Preprocessed/val/Warehouse_015/crops/Person_0171/Camera_02/Person_0171_Camera_02_f003660_r002.jpg,None,-1,NOISE,0.0,True,False,0.21971881,0.057597056,0.21971893,0.05759634,0.014528192
655,Person_0171,Warehouse_015__Person_0171,68,68,Camera_03,13,Warehouse_015,Person,1,0.665648854961832,0,8970,/pfs/data6/home/st/st_us-053000/st_st191959/DL-Lab/DataSet/MTMC_Tracking_2025_Preprocessed/val/Warehouse_015/crops/Person_0171/Camera_03/Person_0171_Camera_03_f000000_r013.jpg,None,59,Warehouse_015__Person_0009,0.3,False,True,0.15881777,-0.06596613,0.15881789,-0.06596767,-0.028387139
42,Person_0171,Warehouse_015__Person_0171,68,68,Camera_04,14,Warehouse_015,Person,1,0.6666666666666666,240,960,/pfs/data6/home/st/st_us-053000/st_st191959/DL-Lab/DataSet/MTMC_Tracking_2025_Preprocessed/val/Warehouse_015/crops/Person_0171/Camera_04/Person_0171_Camera_04_f000240_r005.jpg,None,-1,NOISE,0.0,True,False,0.07933304,-0.11339322,0.079333104,-0.1133944,-0.11443181
431,Person_0171,Warehouse_015__Person_0171,68,68,Camera_05,15,Warehouse_015,Person,1,0.654292343387471,3330,8970,/pfs/data6/home/st/st_us-053000/st_st191959/DL-Lab/DataSet/MTMC_Tracking_2025_Preprocessed/val/Warehouse_015/crops/Person_0171/Camera_05/Person_0171_Camera_05_f003330_r010.jpg,None,-1,NOISE,0.0,True,False,0.059363853,-0.124348715,0.05936398,-0.124350764,-0.038511787
108,Person_0171,Warehouse_015__Person_0171,68,68,Camera_06,16,Warehouse_015,Person,1,0.6666666666666666,4440,7530,/pfs/data6/home/st/st_us-053000/st_st191959/DL-Lab/DataSet/MTMC_Tracking_2025_Preprocessed/val/Warehouse_015/crops/Person_0171/Camera_06/Person_0171_Camera_06_f004440_r002.jpg,None,-1,NOISE,0.0,True,False,-0.06734347,-0.0023528284,-0.067343384,-0.0023568694,0.0014195428
316,Person_0171,Warehouse_015__Person_0171,68,68,Camera_07,17,Warehouse_015,Person,1,0.6582278481012658,0,8970,/pfs/data6/home/st/st_us-053000/st_st191959/DL-Lab/DataSet/MTMC_Tracking_2025_Preprocessed/val/Warehouse_015/crops/Person_0171/Camera_07/Person_0171_Camera_07_f000000_r005.jpg,None,-1,NOISE,0.0,True,False,0.12784226,-0.07392379,0.1278424,-0.073925085,-0.07667249
129,Person_0171,Warehouse_015__Person_0171,68,68,Camera_09,19,Warehouse_015,Person,1,0.6666666666666666,540,8850,/pfs/data6/home/st/st_us-053000/st_st191959/DL-Lab/DataSet/MTMC_Tracking_2025_Preprocessed/val/Warehouse_015/crops/Person_0171/Camera_09/Person_0171_Camera_09_f000540_r001.jpg,None,-1,NOISE,0.0,True,False,0.09595024,-0.049500678,0.095950335,-0.049502276,-0.13202827
824,Person_0171,Warehouse_015__Person_0171,68,68,Camera_10,20,Warehouse_015,Person,1,0.6480582524271845,0,8970,/pfs/data6/home/st/st_us-053000/st_st191959/DL-Lab/DataSet/MTMC_Tracking_2025_Preprocessed/val/Warehouse_015/crops/Person_0171/Camera_10/Person_0171_Camera_10_f000000_r024.jpg,None,-1,NOISE,0.0,True,False,0.09877014,-0.049921043,0.098770164,-0.049921867,-0.1520993
84,Person_0171,Warehouse_015__Person_0171,68,68,Camera_11,21,Warehouse_015,Person,1,0.6666666666666666,4530,6240,/pfs/data6/home/st/st_us-053000/st_st191959/DL-Lab/DataSet/MTMC_Tracking_2025_Preprocessed/val/Warehouse_015/crops/Person_0171/Camera_11/Person_0171_Camera_11_f004530_r002.jpg,None,-1,NOISE,0.0,True,False,0.09385129,-0.13102555,0.09385144,-0.13102661,-0.04856414
671,Person_0171,Warehouse_015__Person_0171,68,68,Camera_12,22,Warehouse_015,Person,1,0.6587183308494784,0,8970,/pfs/data6/home/st/st_us-053000/st_st191959/DL-Lab/DataSet/MTMC_Tracking_2025_Preprocessed/val/Warehouse_015/crops/Person_0171/Camera_12/Person_0171_Camera_12_f000000_r020.jpg,None,-1,NOISE,0.0,True,False,0.07079044,-0.10030863,0.07079054,-0.1003108,-0.13940968
396,Person_0172,Warehouse_015__Person_0172,69,69,Camera,0,Warehouse_015,Person,1,0.6565656565656566,0,8970,/pfs/data6/home/st/st_us-053000/st_st191959/DL-Lab/DataSet/MTMC_Tracking_2025_Preprocessed/val/Warehouse_015/crops/Person_0172/Camera/Person_0172_Camera_f000000_r017.jpg,None,73,Warehouse_015__Person_0172,1.0,False,False,0.032582115,0.062050473,0.03258208,0.06204976,-0.04768117
524,Person_0172,Warehouse_015__Person_0172,69,69,Camera_01,11,Warehouse_015,Person,1,0.6030534351145038,270,7710,/pfs/data6/home/st/st_us-053000/st_st191959/DL-Lab/DataSet/MTMC_Tracking_2025_Preprocessed/val/Warehouse_015/crops/Person_0172/Camera_01/Person_0172_Camera_01_f000270_r044.jpg,None,-1,NOISE,0.0,True,False,0.011683497,0.069807164,0.011683474,0.0698065,-0.051104616
48,Person_0172,Warehouse_015__Person_0172,69,69,Camera_02,12,Warehouse_015,Person,1,0.6666666666666666,4860,5460,/pfs/data6/home/st/st_us-053000/st_st191959/DL-Lab/DataSet/MTMC_Tracking_2025_Preprocessed/val/Warehouse_015/crops/Person_0172/Camera_02/Person_0172_Camera_02_f004860_r012.jpg,None,-1,NOISE,0.0,True,False,0.11425073,0.07411401,0.114250645,0.07411364,-0.033690184
390,Person_0172,Warehouse_015__Person_0172,69,69,Camera_03,13,Warehouse_015,Person,1,0.6461538461538462,900,7620,/pfs/data6/home/st/st_us-053000/st_st191959/DL-Lab/DataSet/MTMC_Tracking_2025_Preprocessed/val/Warehouse_015/crops/Person_0172/Camera_03/Person_0172_Camera_03_f000900_r034.jpg,None,-1,NOISE,0.0,True,False,-0.08152718,0.057168435,-0.08152726,0.057167772,-0.013760191
333,Person_0172,Warehouse_015__Person_0172,69,69,Camera_04,14,Warehouse_015,Person,1,0.6666666666666666,0,8970,/pfs/data6/home/st/st_us-053000/st_st191959/DL-Lab/DataSet/MTMC_Tracking_2025_Preprocessed/val/Warehouse_015/crops/Person_0172/Camera_04/Person_0172_Camera_04_f000000_r010.jpg,None,73,Warehouse_015__Person_0172,1.0,False,False,0.0016826196,0.049759656,0.0016826099,0.049758904,-0.09841709
190,Person_0172,Warehouse_015__Person_0172,69,69,Camera_05,15,Warehouse_015,Person,1,0.6631578947368421,2910,5550,/pfs/data6/home/st/st_us-053000/st_st191959/DL-Lab/DataSet/MTMC_Tracking_2025_Preprocessed/val/Warehouse_015/crops/Person_0172/Camera_05/Person_0172_Camera_05_f002910_r018.jpg,None,-1,NOISE,0.0,True,False,-0.101869464,0.063988455,-0.101869546,0.063988395,-0.042158708
33,Person_0172,Warehouse_015__Person_0172,69,69,Camera_07,17,Warehouse_015,Person,1,0.6666666666666666,2250,2550,/pfs/data6/home/st/st_us-053000/st_st191959/DL-Lab/DataSet/MTMC_Tracking_2025_Preprocessed/val/Warehouse_015/crops/Person_0172/Camera_07/Person_0172_Camera_07_f002250_r013.jpg,None,-1,NOISE,0.0,True,False,-0.33795384,0.16831145,-0.33795407,0.16831365,-0.0076959725
377,Person_0172,Warehouse_015__Person_0172,69,69,Camera_08,18,Warehouse_015,Person,1,0.6472148541114059,0,8970,/pfs/data6/home/st/st_us-053000/st_st191959/DL-Lab/DataSet/MTMC_Tracking_2025_Preprocessed/val/Warehouse_015/crops/Person_0172/Camera_08/Person_0172_Camera_08_f000000_r020.jpg,None,-1,NOISE,0.0,True,False,0.043513242,0.117506325,0.043513212,0.11750603,-0.0610542
18,Person_0172,Warehouse_015__Person_0172,69,69,Camera_09,19,Warehouse_015,Person,1,0.6666666666666666,1260,1410,/pfs/data6/home/st/st_us-053000/st_st191959/DL-Lab/DataSet/MTMC_Tracking_2025_Preprocessed/val/Warehouse_015/crops/Person_0172/Camera_09/Person_0172_Camera_09_f001260_r008.jpg,None,-1,NOISE,0.0,True,False,-0.23894718,0.21999139,-0.23894727,0.21999224,-0.09746538
487,Person_0172,Warehouse_015__Person_0172,69,69,Camera_10,20,Warehouse_015,Person,1,0.5051334702258727,0,8970,/pfs/data6/home/st/st_us-053000/st_st191959/DL-Lab/DataSet/MTMC_Tracking_2025_Preprocessed/val/Warehouse_015/crops/Person_0172/Camera_10/Person_0172_Camera_10_f000000_r046.jpg,None,74,Warehouse_015__Person_0172,1.0,False,False,0.11303053,0.064239174,0.1130305,0.06423915,-0.0561138
25,Person_0172,Warehouse_015__Person_0172,69,69,Camera_11,21,Warehouse_015,Person,1,0.64,4680,4920,/pfs/data6/home/st/st_us-053000/st_st191959/DL-Lab/DataSet/MTMC_Tracking_2025_Preprocessed/val/Warehouse_015/crops/Person_0172/Camera_11/Person_0172_Camera_11_f004680_r007.jpg,None,-1,NOISE,0.0,True,False,-0.15342423,0.06300558,-0.15342435,0.06300542,-0.050882164
387,Person_0172,Warehouse_015__Person_0172,69,69,Camera_12,22,Warehouse_015,Person,1,0.5633074935400517,2280,7530,/pfs/data6/home/st/st_us-053000/st_st191959/DL-Lab/DataSet/MTMC_Tracking_2025_Preprocessed/val/Warehouse_015/crops/Person_0172/Camera_12/Person_0172_Camera_12_f002280_r042.jpg,None,74,Warehouse_015__Person_0172,1.0,False,False,0.085825294,0.08772226,0.085825264,0.08772228,-0.028725415
436,Person_0173,Warehouse_015__Person_0173,70,70,Camera,0,Warehouse_015,Person,1,0.6651376146788991,0,6450,/pfs/data6/home/st/st_us-053000/st_st191959/DL-Lab/DataSet/MTMC_Tracking_2025_Preprocessed/val/Warehouse_015/crops/Person_0173/Camera/Person_0173_Camera_f000000_r009.jpg,None,75,Warehouse_015__Person_0173,1.0,False,False,0.13501656,0.032971535,0.13501662,0.032970082,-0.15554568
634,Person_0173,Warehouse_015__Person_0173,70,70,Camera_01,11,Warehouse_015,Person,1,0.5962145110410094,210,8940,/pfs/data6/home/st/st_us-053000/st_st191959/DL-Lab/DataSet/MTMC_Tracking_2025_Preprocessed/val/Warehouse_015/crops/Person_0173/Camera_01/Person_0173_Camera_01_f000210_r021.jpg,None,59,Warehouse_015__Person_0009,0.3,False,True,0.16337498,0.0076663806,0.163375,0.00766583,-0.06652495
12,Person_0173,Warehouse_015__Person_0173,70,70,Camera_02,12,Warehouse_015,Person,1,0.6666666666666666,8580,8670,/pfs/data6/home/st/st_us-053000/st_st191959/DL-Lab/DataSet/MTMC_Tracking_2025_Preprocessed/val/Warehouse_015/crops/Person_0173/Camera_02/Person_0173_Camera_02_f008580_r003.jpg,None,-1,NOISE,0.0,True,False,-0.099197425,0.08744885,-0.0991974,0.08744577,-0.07098192
788,Person_0173,Warehouse_015__Person_0173,70,70,Camera_03,13,Warehouse_015,Person,1,0.6522842639593909,180,8970,/pfs/data6/home/st/st_us-053000/st_st191959/DL-Lab/DataSet/MTMC_Tracking_2025_Preprocessed/val/Warehouse_015/crops/Person_0173/Camera_03/Person_0173_Camera_03_f000180_r013.jpg,None,59,Warehouse_015__Person_0009,0.3,False,True,0.12781593,-0.011123396,0.12781593,-0.011125,-0.048970163
223,Person_0173,Warehouse_015__Person_0173,70,70,Camera_04,14,Warehouse_015,Person,1,0.6636771300448431,0,6120,/pfs/data6/home/st/st_us-053000/st_st191959/DL-Lab/DataSet/MTMC_Tracking_2025_Preprocessed/val/Warehouse_015/crops/Person_0173/Camera_04/Person_0173_Camera_04_f000000_r005.jpg,None,75,Warehouse_015__Person_0173,1.0,False,False,0.13943408,0.033158574,0.13943408,0.033156984,-0.16037524
118,Person_0173,Warehouse_015__Person_0173,70,70,Camera_05,15,Warehouse_015,Person,1,0.6610169491525424,6720,7890,/pfs/data6/home/st/st_us-053000/st_st191959/DL-Lab/DataSet/MTMC_Tracking_2025_Preprocessed/val/Warehouse_015/crops/Person_0173/Camera_05/Person_0173_Camera_05_f006720_r009.jpg,None,-1,NOISE,0.0,True,False,0.13480419,-0.035885822,0.13480432,-0.03588717,-0.03692865
230,Person_0173,Warehouse_015__Person_0173,70,70,Camera_07,17,Warehouse_015,Person,1,0.6608695652173913,1920,6480,/pfs/data6/home/st/st_us-053000/st_st191959/DL-Lab/DataSet/MTMC_Tracking_2025_Preprocessed/val/Warehouse_015/crops/Person_0173/Camera_07/Person_0173_Camera_07_f001920_r004.jpg,None,75,Warehouse_015__Person_0173,1.0,False,False,0.109759,0.017582074,0.10975912,0.017579963,-0.11878879
215,Person_0173,Warehouse_015__Person_0173,70,70,Camera_08,18,Warehouse_015,Person,1,0.6511627906976745,0,8970,/pfs/data6/home/st/st_us-053000/st_st191959/DL-Lab/DataSet/MTMC_Tracking_2025_Preprocessed/val/Warehouse_015/crops/Person_0173/Camera_08/Person_0173_Camera_08_f000000_r009.jpg,None,75,Warehouse_015__Person_0173,1.0,False,False,0.105392896,0.0019397549,0.10539299,0.0019373348,-0.10297109
174,Person_0173,Warehouse_015__Person_0173,70,70,Camera_09,19,Warehouse_015,Person,1,0.6666666666666666,2160,4500,/pfs/data6/home/st/st_us-053000/st_st191959/DL-Lab/DataSet/MTMC_Tracking_2025_Preprocessed/val/Warehouse_015/crops/Person_0173/Camera_09/Person_0173_Camera_09_f002160_r001.jpg,None,-1,NOISE,0.0,True,False,0.1387367,0.060304422,0.13873674,0.060303174,-0.14325744
703,Person_0173,Warehouse_015__Person_0173,70,70,Camera_10,20,Warehouse_015,Person,1,0.5945945945945946,150,8970,/pfs/data6/home/st/st_us-053000/st_st191959/DL-Lab/DataSet/MTMC_Tracking_2025_Preprocessed/val/Warehouse_015/crops/Person_0173/Camera_10/Person_0173_Camera_10_f000150_r022.jpg,None,59,Warehouse_015__Person_0009,0.3,False,True,0.19124934,0.02064586,0.19124942,0.020645984,-0.09007415
601,Person_0173,Warehouse_015__Person_0173,70,70,Camera_12,22,Warehouse_015,Person,1,0.6622296173044925,210,8940,/pfs/data6/home/st/st_us-053000/st_st191959/DL-Lab/DataSet/MTMC_Tracking_2025_Preprocessed/val/Warehouse_015/crops/Person_0173/Camera_12/Person_0173_Camera_12_f000210_r022.jpg,None,-1,NOISE,0.0,True,False,0.12881102,-0.00983226,0.12881109,-0.009833259,-0.14160791
334,Person_0174,Warehouse_015__Person_0174,71,71,Camera,0,Warehouse_015,Person,1,0.6407185628742516,0,8220,/pfs/data6/home/st/st_us-053000/st_st191959/DL-Lab/DataSet/MTMC_Tracking_2025_Preprocessed/val/Warehouse_015/crops/Person_0174/Camera/Person_0174_Camera_f000000_r016.jpg,None,76,Warehouse_015__Person_0174,0.8333333333333334,False,False,0.13322735,0.005205165,0.13322748,0.0052028764,-0.003042925
586,Person_0174,Warehouse_015__Person_0174,71,71,Camera_01,11,Warehouse_015,Person,1,0.6075085324232082,360,8970,/pfs/data6/home/st/st_us-053000/st_st191959/DL-Lab/DataSet/MTMC_Tracking_2025_Preprocessed/val/Warehouse_015/crops/Person_0174/Camera_01/Person_0174_Camera_01_f000360_r042.jpg,None,76,Warehouse_015__Person_0174,0.8333333333333334,False,False,0.2054358,-0.02975749,0.20543584,-0.029758537,0.0548308
752,Person_0174,Warehouse_015__Person_0174,71,71,Camera_03,13,Warehouse_015,Person,1,0.6622340425531915,210,8970,/pfs/data6/home/st/st_us-053000/st_st191959/DL-Lab/DataSet/MTMC_Tracking_2025_Preprocessed/val/Warehouse_015/crops/Person_0174/Camera_03/Person_0174_Camera_03_f000210_r028.jpg,None,76,Warehouse_015__Person_0174,0.8333333333333334,False,False,0.17391218,-0.05178395,0.17391229,-0.051785387,0.026235325
189,Person_0174,Warehouse_015__Person_0174,71,71,Camera_04,14,Warehouse_015,Person,1,0.6666666666666666,0,8250,/pfs/data6/home/st/st_us-053000/st_st191959/DL-Lab/DataSet/MTMC_Tracking_2025_Preprocessed/val/Warehouse_015/crops/Person_0174/Camera_04/Person_0174_Camera_04_f000000_r009.jpg,None,-1,NOISE,0.0,True,False,0.1881924,-0.014034482,0.18819255,-0.014035311,9.625495e-06
271,Person_0174,Warehouse_015__Person_0174,71,71,Camera_05,15,Warehouse_015,Person,1,0.6642066420664207,3990,8970,/pfs/data6/home/st/st_us-053000/st_st191959/DL-Lab/DataSet/MTMC_Tracking_2025_Preprocessed/val/Warehouse_015/crops/Person_0174/Camera_05/Person_0174_Camera_05_f003990_r018.jpg,None,-1,NOISE,0.0,True,False,0.121042356,-0.060176916,0.12104244,-0.06017941,0.05407088
66,Person_0174,Warehouse_015__Person_0174,71,71,Camera_06,16,Warehouse_015,Person,1,0.6666666666666666,4440,6600,/pfs/data6/home/st/st_us-053000/st_st191959/DL-Lab/DataSet/MTMC_Tracking_2025_Preprocessed/val/Warehouse_015/crops/Person_0174/Camera_06/Person_0174_Camera_06_f004440_r005.jpg,None,-1,NOISE,0.0,True,False,0.15779316,-0.07129864,0.1577933,-0.07129985,0.079537794
90,Person_0174,Warehouse_015__Person_0174,71,71,Camera_07,17,Warehouse_015,Person,1,0.6666666666666666,2730,5220,/pfs/data6/home/st/st_us-053000/st_st191959/DL-Lab/DataSet/MTMC_Tracking_2025_Preprocessed/val/Warehouse_015/crops/Person_0174/Camera_07/Person_0174_Camera_07_f002730_r007.jpg,None,-1,NOISE,0.0,True,False,0.2325896,0.036062863,0.23258954,0.0360616,0.11322569
337,Person_0174,Warehouse_015__Person_0174,71,71,Camera_08,18,Warehouse_015,Person,1,0.6646884272997032,0,8490,/pfs/data6/home/st/st_us-053000/st_st191959/DL-Lab/DataSet/MTMC_Tracking_2025_Preprocessed/val/Warehouse_015/crops/Person_0174/Camera_08/Person_0174_Camera_08_f000000_r016.jpg,None,-1,NOISE,0.0,True,False,0.17873159,-0.03788765,0.17873172,-0.037888892,0.010751395
18,Person_0174,Warehouse_015__Person_0174,71,71,Camera_09,19,Warehouse_015,Person,1,0.6666666666666666,3180,3330,/pfs/data6/home/st/st_us-053000/st_st191959/DL-Lab/DataSet/MTMC_Tracking_2025_Preprocessed/val/Warehouse_015/crops/Person_0174/Camera_09/Person_0174_Camera_09_f003180_r003.jpg,None,-1,NOISE,0.0,True,False,-0.057817485,0.040169988,-0.05781745,0.040168893,-0.053288635
720,Person_0174,Warehouse_015__Person_0174,71,71,Camera_10,20,Warehouse_015,Person,1,0.5972222222222222,0,8970,/pfs/data6/home/st/st_us-053000/st_st191959/DL-Lab/DataSet/MTMC_Tracking_2025_Preprocessed/val/Warehouse_015/crops/Person_0174/Camera_10/Person_0174_Camera_10_f000000_r040.jpg,None,76,Warehouse_015__Person_0174,0.8333333333333334,False,False,0.21008581,-0.012511102,0.21008581,-0.012511831,-0.03742608
60,Person_0174,Warehouse_015__Person_0174,71,71,Camera_11,21,Warehouse_015,Person,1,0.6666666666666666,4380,6540,/pfs/data6/home/st/st_us-053000/st_st191959/DL-Lab/DataSet/MTMC_Tracking_2025_Preprocessed/val/Warehouse_015/crops/Person_0174/Camera_11/Person_0174_Camera_11_f004380_r006.jpg,None,-1,NOISE,0.0,True,False,0.031606875,-0.03908731,0.031606946,-0.03908971,0.035559095
697,Person_0174,Warehouse_015__Person_0174,71,71,Camera_12,22,Warehouse_015,Person,1,0.6513629842180775,210,8970,/pfs/data6/home/st/st_us-053000/st_st191959/DL-Lab/DataSet/MTMC_Tracking_2025_Preprocessed/val/Warehouse_015/crops/Person_0174/Camera_12/Person_0174_Camera_12_f000210_r035.jpg,None,76,Warehouse_015__Person_0174,0.8333333333333334,False,False,0.18549764,-0.040763587,0.18549775,-0.040764995,-0.014359677
48,Person_0175,Warehouse_015__Person_0175,72,72,Camera,0,Warehouse_015,Person,1,0.6666666666666666,5820,8970,/pfs/data6/home/st/st_us-053000/st_st191959/DL-Lab/DataSet/MTMC_Tracking_2025_Preprocessed/val/Warehouse_015/crops/Person_0175/Camera/Person_0175_Camera_f005820_r002.jpg,None,-1,NOISE,0.0,True,False,-0.30763593,0.09607892,-0.30763617,0.0960791,-0.12069026
614,Person_0175,Warehouse_015__Person_0175,72,72,Camera_01,11,Warehouse_015,Person,1,0.6644951140065146,330,8970,/pfs/data6/home/st/st_us-053000/st_st191959/DL-Lab/DataSet/MTMC_Tracking_2025_Preprocessed/val/Warehouse_015/crops/Person_0175/Camera_01/Person_0175_Camera_01_f000330_r005.jpg,None,-1,NOISE,0.0,True,False,0.12162251,0.0114168,0.12162248,0.011416799,-0.010594208
24,Person_0175,Warehouse_015__Person_0175,72,72,Camera_02,12,Warehouse_015,Person,1,0.6666666666666666,1650,1890,/pfs/data6/home/st/st_us-053000/st_st191959/DL-Lab/DataSet/MTMC_Tracking_2025_Preprocessed/val/Warehouse_015/crops/Person_0175/Camera_02/Person_0175_Camera_02_f001650_r000.jpg,None,-1,NOISE,0.0,True,False,-0.2741144,0.23613662,-0.27411464,0.23613799,-0.17406076
397,Person_0175,Warehouse_015__Person_0175,72,72,Camera_03,13,Warehouse_015,Person,1,0.6649874055415617,270,8970,/pfs/data6/home/st/st_us-053000/st_st191959/DL-Lab/DataSet/MTMC_Tracking_2025_Preprocessed/val/Warehouse_015/crops/Person_0175/Camera_03/Person_0175_Camera_03_f000270_r003.jpg,None,-1,NOISE,0.0,True,False,0.049050152,0.02629868,0.04905007,0.026297798,-0.094981015
42,Person_0175,Warehouse_015__Person_0175,72,72,Camera_04,14,Warehouse_015,Person,1,0.6666666666666666,0,900,/pfs/data6/home/st/st_us-053000/st_st191959/DL-Lab/DataSet/MTMC_Tracking_2025_Preprocessed/val/Warehouse_015/crops/Person_0175/Camera_04/Person_0175_Camera_04_f000000_r000.jpg,None,-1,NOISE,0.0,True,False,0.13722372,0.10627253,0.13722368,0.10627463,-0.10095888
459,Person_0175,Warehouse_015__Person_0175,72,72,Camera_05,15,Warehouse_015,Person,1,0.6623093681917211,2760,7920,/pfs/data6/home/st/st_us-053000/st_st191959/DL-Lab/DataSet/MTMC_Tracking_2025_Preprocessed/val/Warehouse_015/crops/Person_0175/Camera_05/Person_0175_Camera_05_f002760_r002.jpg,None,-1,NOISE,0.0,True,False,0.089249745,-0.023039605,0.089249745,-0.023040483,0.008370384
189,Person_0175,Warehouse_015__Person_0175,72,72,Camera_06,16,Warehouse_015,Person,1,0.6455026455026455,3180,7650,/pfs/data6/home/st/st_us-053000/st_st191959/DL-Lab/DataSet/MTMC_Tracking_2025_Preprocessed/val/Warehouse_015/crops/Person_0175/Camera_06/Person_0175_Camera_06_f003180_r001.jpg,None,-1,NOISE,0.0,True,False,0.13605356,0.041346796,0.13605347,0.041346956,-0.08363657
103,Person_0175,Warehouse_015__Person_0175,72,72,Camera_07,17,Warehouse_015,Person,1,0.6601941747572816,3990,8970,/pfs/data6/home/st/st_us-053000/st_st191959/DL-Lab/DataSet/MTMC_Tracking_2025_Preprocessed/val/Warehouse_015/crops/Person_0175/Camera_07/Person_0175_Camera_07_f003990_r002.jpg,None,-1,NOISE,0.0,True,False,0.18050936,0.011401021,0.18050933,0.011403051,0.0045113736
203,Person_0175,Warehouse_015__Person_0175,72,72,Camera_08,18,Warehouse_015,Person,1,0.6206896551724138,0,2400,/pfs/data6/home/st/st_us-053000/st_st191959/DL-Lab/DataSet/MTMC_Tracking_2025_Preprocessed/val/Warehouse_015/crops/Person_0175/Camera_08/Person_0175_Camera_08_f000000_r003.jpg,None,-1,NOISE,0.0,True,False,0.18703412,0.06840305,0.1870341,0.06840348,-0.06095314
812,Person_0175,Warehouse_015__Person_0175,72,72,Camera_10,20,Warehouse_015,Person,1,0.6527093596059114,0,8970,/pfs/data6/home/st/st_us-053000/st_st191959/DL-Lab/DataSet/MTMC_Tracking_2025_Preprocessed/val/Warehouse_015/crops/Person_0175/Camera_10/Person_0175_Camera_10_f000000_r004.jpg,None,77,Warehouse_015__Person_0175,1.0,False,False,0.11949204,0.044961944,0.11949201,0.044962343,-0.10820919
247,Person_0175,Warehouse_015__Person_0175,72,72,Camera_11,21,Warehouse_015,Person,1,0.6639676113360324,3150,7500,/pfs/data6/home/st/st_us-053000/st_st191959/DL-Lab/DataSet/MTMC_Tracking_2025_Preprocessed/val/Warehouse_015/crops/Person_0175/Camera_11/Person_0175_Camera_11_f003150_r001.jpg,None,-1,NOISE,0.0,True,False,0.087919,0.006551333,0.087918915,0.0065517635,-0.037914466
579,Person_0175,Warehouse_015__Person_0175,72,72,Camera_12,22,Warehouse_015,Person,1,0.6493955094991365,0,8970,/pfs/data6/home/st/st_us-053000/st_st191959/DL-Lab/DataSet/MTMC_Tracking_2025_Preprocessed/val/Warehouse_015/crops/Person_0175/Camera_12/Person_0175_Camera_12_f000000_r004.jpg,None,77,Warehouse_015__Person_0175,1.0,False,False,0.14654036,0.06933867,0.14654022,0.06934018,-0.10955254
544,Person_0176,Warehouse_015__Person_0176,73,73,Camera,0,Warehouse_015,Person,1,0.6654411764705882,0,8970,/pfs/data6/home/st/st_us-053000/st_st191959/DL-Lab/DataSet/MTMC_Tracking_2025_Preprocessed/val/Warehouse_015/crops/Person_0176/Camera/Person_0176_Camera_f000000_r012.jpg,None,-1,NOISE,0.0,True,False,-0.07202575,-0.11974182,-0.07202563,-0.119742535,0.03207547
455,Person_0176,Warehouse_015__Person_0176,73,73,Camera_01,11,Warehouse_015,Person,1,0.41318681318681316,0,8970,/pfs/data6/home/st/st_us-053000/st_st191959/DL-Lab/DataSet/MTMC_Tracking_2025_Preprocessed/val/Warehouse_015/crops/Person_0176/Camera_01/Person_0176_Camera_01_f000000_r023.jpg,None,78,Warehouse_015__Person_0176,1.0,False,False,0.033845402,-0.118681625,0.03384551,-0.1186809,-0.010609218
696,Person_0176,Warehouse_015__Person_0176,73,73,Camera_03,13,Warehouse_015,Person,1,0.5948275862068966,0,8730,/pfs/data6/home/st/st_us-053000/st_st191959/DL-Lab/DataSet/MTMC_Tracking_2025_Preprocessed/val/Warehouse_015/crops/Person_0176/Camera_03/Person_0176_Camera_03_f000000_r017.jpg,None,78,Warehouse_015__Person_0176,1.0,False,False,0.09384759,-0.07151253,0.093847714,-0.071512155,0.055539615
240,Person_0176,Warehouse_015__Person_0176,73,73,Camera_04,14,Warehouse_015,Person,1,0.6666666666666666,0,8970,/pfs/data6/home/st/st_us-053000/st_st191959/DL-Lab/DataSet/MTMC_Tracking_2025_Preprocessed/val/Warehouse_015/crops/Person_0176/Camera_04/Person_0176_Camera_04_f000000_r006.jpg,None,-1,NOISE,0.0,True,False,-0.0997019,-0.10814825,-0.09970173,-0.10814894,-0.013338352
96,Person_0176,Warehouse_015__Person_0176,73,73,Camera_05,15,Warehouse_015,Person,1,0.6458333333333334,3060,7140,/pfs/data6/home/st/st_us-053000/st_st191959/DL-Lab/DataSet/MTMC_Tracking_2025_Preprocessed/val/Warehouse_015/crops/Person_0176/Camera_05/Person_0176_Camera_05_f003060_r014.jpg,None,-1,NOISE,0.0,True,False,-0.10581362,-0.09899117,-0.10581357,-0.09899343,0.2176865
564,Person_0176,Warehouse_015__Person_0176,73,73,Camera_07,17,Warehouse_015,Person,1,0.6666666666666666,0,7950,/pfs/data6/home/st/st_us-053000/st_st191959/DL-Lab/DataSet/MTMC_Tracking_2025_Preprocessed/val/Warehouse_015/crops/Person_0176/Camera_07/Person_0176_Camera_07_f000000_r008.jpg,None,-1,NOISE,0.0,True,False,-0.03683996,-0.12222832,-0.036839895,-0.12222917,0.110625185
81,Person_0176,Warehouse_015__Person_0176,73,73,Camera_08,18,Warehouse_015,Person,1,0.5925925925925926,7980,8970,/pfs/data6/home/st/st_us-053000/st_st191959/DL-Lab/DataSet/MTMC_Tracking_2025_Preprocessed/val/Warehouse_015/crops/Person_0176/Camera_08/Person_0176_Camera_08_f007980_r010.jpg,None,-1,NOISE,0.0,True,False,-0.18168893,-0.12572381,-0.18168883,-0.12572561,0.0056368504
316,Person_0176,Warehouse_015__Person_0176,73,73,Camera_09,19,Warehouse_015,Person,1,0.6645569620253164,540,6600,/pfs/data6/home/st/st_us-053000/st_st191959/DL-Lab/DataSet/MTMC_Tracking_2025_Preprocessed/val/Warehouse_015/crops/Person_0176/Camera_09/Person_0176_Camera_09_f000540_r003.jpg,None,-1,NOISE,0.0,True,False,-0.07493234,-0.10563707,-0.074932165,-0.10563772,0.012092531
595,Person_0176,Warehouse_015__Person_0176,73,73,Camera_10,20,Warehouse_015,Person,1,0.5915966386554622,0,8970,/pfs/data6/home/st/st_us-053000/st_st191959/DL-Lab/DataSet/MTMC_Tracking_2025_Preprocessed/val/Warehouse_015/crops/Person_0176/Camera_10/Person_0176_Camera_10_f000000_r029.jpg,None,78,Warehouse_015__Person_0176,1.0,False,False,0.04516658,-0.07246933,0.045166638,-0.07246836,-0.006491684
487,Person_0176,Warehouse_015__Person_0176,73,73,Camera_12,22,Warehouse_015,Person,1,0.6652977412731006,0,8190,/pfs/data6/home/st/st_us-053000/st_st191959/DL-Lab/DataSet/MTMC_Tracking_2025_Preprocessed/val/Warehouse_015/crops/Person_0176/Camera_12/Person_0176_Camera_12_f000000_r026.jpg,None,-1,NOISE,0.0,True,False,0.019765915,-0.09298808,0.01976597,-0.09298817,0.06876947
66,Person_0177,Warehouse_015__Person_0177,74,74,Camera,0,Warehouse_015,Person,1,0.6666666666666666,0,810,/pfs/data6/home/st/st_us-053000/st_st191959/DL-Lab/DataSet/MTMC_Tracking_2025_Preprocessed/val/Warehouse_015/crops/Person_0177/Camera/Person_0177_Camera_f000000_r006.jpg,None,-1,NOISE,0.0,True,False,0.16295882,0.011668972,0.1629589,0.0116684735,-0.10821754
787,Person_0177,Warehouse_015__Person_0177,74,74,Camera_01,11,Warehouse_015,Person,1,0.650571791613723,0,8970,/pfs/data6/home/st/st_us-053000/st_st191959/DL-Lab/DataSet/MTMC_Tracking_2025_Preprocessed/val/Warehouse_015/crops/Person_0177/Camera_01/Person_0177_Camera_01_f000000_r008.jpg,None,59,Warehouse_015__Person_0009,0.3,False,True,0.199254,-0.013120038,0.19925413,-0.013120656,-0.023215342
280,Person_0177,Warehouse_015__Person_0177,74,74,Camera_03,13,Warehouse_015,Person,1,0.6642857142857143,0,8970,/pfs/data6/home/st/st_us-053000/st_st191959/DL-Lab/DataSet/MTMC_Tracking_2025_Preprocessed/val/Warehouse_015/crops/Person_0177/Camera_03/Person_0177_Camera_03_f000000_r006.jpg,None,59,Warehouse_015__Person_0009,0.3,False,True,0.15589319,-0.0012933442,0.15589331,-0.0012946785,-0.05262827
42,Person_0177,Warehouse_015__Person_0177,74,74,Camera_04,14,Warehouse_015,Person,1,0.6666666666666666,0,630,/pfs/data6/home/st/st_us-053000/st_st191959/DL-Lab/DataSet/MTMC_Tracking_2025_Preprocessed/val/Warehouse_015/crops/Person_0177/Camera_04/Person_0177_Camera_04_f000000_r004.jpg,None,-1,NOISE,0.0,True,False,0.21358556,0.0652775,0.21358566,0.065276965,-0.05542884
675,Person_0177,Warehouse_015__Person_0177,74,74,Camera_05,15,Warehouse_015,Person,1,0.6577777777777778,1260,8970,/pfs/data6/home/st/st_us-053000/st_st191959/DL-Lab/DataSet/MTMC_Tracking_2025_Preprocessed/val/Warehouse_015/crops/Person_0177/Camera_05/Person_0177_Camera_05_f001260_r005.jpg,None,-1,NOISE,0.0,True,False,0.22595915,0.062386382,0.22595926,0.062384788,-0.030204963
261,Person_0177,Warehouse_015__Person_0177,74,74,Camera_06,16,Warehouse_015,Person,1,0.6666666666666666,2280,5610,/pfs/data6/home/st/st_us-053000/st_st191959/DL-Lab/DataSet/MTMC_Tracking_2025_Preprocessed/val/Warehouse_015/crops/Person_0177/Camera_06/Person_0177_Camera_06_f002280_r002.jpg,None,59,Warehouse_015__Person_0009,0.3,False,True,0.08775215,-0.0033722043,0.087752186,-0.0033740473,-0.09726956
22,Person_0177,Warehouse_015__Person_0177,74,74,Camera_07,17,Warehouse_015,Person,1,0.6363636363636364,570,780,/pfs/data6/home/st/st_us-053000/st_st191959/DL-Lab/DataSet/MTMC_Tracking_2025_Preprocessed/val/Warehouse_015/crops/Person_0177/Camera_07/Person_0177_Camera_07_f000570_r003.jpg,None,-1,NOISE,0.0,True,False,-0.38573217,0.15386385,-0.38573226,0.1538615,-0.06326457
14,Person_0177,Warehouse_015__Person_0177,74,74,Camera_08,18,Warehouse_015,Person,1,0.5714285714285714,7230,7740,/pfs/data6/home/st/st_us-053000/st_st191959/DL-Lab/DataSet/MTMC_Tracking_2025_Preprocessed/val/Warehouse_015/crops/Person_0177/Camera_08/Person_0177_Camera_08_f007230_r004.jpg,None,-1,NOISE,0.0,True,False,-0.07290207,-0.14559028,-0.072902046,-0.14559211,-0.06527325
24,Person_0177,Warehouse_015__Person_0177,74,74,Camera_09,19,Warehouse_015,Person,1,0.6666666666666666,150,360,/pfs/data6/home/st/st_us-053000/st_st191959/DL-Lab/DataSet/MTMC_Tracking_2025_Preprocessed/val/Warehouse_015/crops/Person_0177/Camera_09/Person_0177_Camera_09_f000150_r000.jpg,None,59,Warehouse_015__Person_0009,0.3,False,True,0.1908688,0.099160776,0.19086884,0.09916084,-0.09051407
831,Person_0177,Warehouse_015__Person_0177,74,74,Camera_10,20,Warehouse_015,Person,1,0.6474127557160048,0,8970,/pfs/data6/home/st/st_us-053000/st_st191959/DL-Lab/DataSet/MTMC_Tracking_2025_Preprocessed/val/Warehouse_015/crops/Person_0177/Camera_10/Person_0177_Camera_10_f000000_r012.jpg,None,59,Warehouse_015__Person_0009,0.3,False,True,0.21401453,0.006964169,0.21401457,0.0069643846,-0.10162953
213,Person_0177,Warehouse_015__Person_0177,74,74,Camera_11,21,Warehouse_015,Person,1,0.6572769953051644,2280,6780,/pfs/data6/home/st/st_us-053000/st_st191959/DL-Lab/DataSet/MTMC_Tracking_2025_Preprocessed/val/Warehouse_015/crops/Person_0177/Camera_11/Person_0177_Camera_11_f002280_r003.jpg,None,-1,NOISE,0.0,True,False,0.20549642,0.031051187,0.20549645,0.031050887,-0.029363986
716,Person_0177,Warehouse_015__Person_0177,74,74,Camera_12,22,Warehouse_015,Person,1,0.6508379888268156,630,8970,/pfs/data6/home/st/st_us-053000/st_st191959/DL-Lab/DataSet/MTMC_Tracking_2025_Preprocessed/val/Warehouse_015/crops/Person_0177/Camera_12/Person_0177_Camera_12_f000630_r014.jpg,None,59,Warehouse_015__Person_0009,0.3,False,True,0.21106617,0.008897628,0.21106622,0.00889803,-0.090502314
882,Person_0178,Warehouse_015__Person_0178,75,75,Camera,0,Warehouse_015,Person,1,0.6598639455782312,0,8970,/pfs/data6/home/st/st_us-053000/st_st191959/DL-Lab/DataSet/MTMC_Tracking_2025_Preprocessed/val/Warehouse_015/crops/Person_0178/Camera/Person_0178_Camera_f000000_r005.jpg,None,-1,NOISE,0.0,True,False,0.059500836,-0.0065191155,0.059500888,-0.006520656,-0.044127036
95,Person_0178,Warehouse_015__Person_0178,75,75,Camera_01,11,Warehouse_015,Person,1,0.4842105263157895,0,8970,/pfs/data6/home/st/st_us-053000/st_st191959/DL-Lab/DataSet/MTMC_Tracking_2025_Preprocessed/val/Warehouse_015/crops/Person_0178/Camera_01/Person_0178_Camera_01_f000000_r006.jpg,None,-1,NOISE,0.0,True,False,0.06456615,0.0074192816,0.06456618,0.0074190306,-0.03976563
147,Person_0178,Warehouse_015__Person_0178,75,75,Camera_03,13,Warehouse_015,Person,1,0.6122448979591837,60,3330,/pfs/data6/home/st/st_us-053000/st_st191959/DL-Lab/DataSet/MTMC_Tracking_2025_Preprocessed/val/Warehouse_015/crops/Person_0178/Camera_03/Person_0178_Camera_03_f000060_r005.jpg,None,-1,NOISE,0.0,True,False,0.043743968,-0.009919168,0.043743998,-0.009921445,0.043112006
852,Person_0178,Warehouse_015__Person_0178,75,75,Camera_04,14,Warehouse_015,Person,1,0.6666666666666666,0,8970,/pfs/data6/home/st/st_us-053000/st_st191959/DL-Lab/DataSet/MTMC_Tracking_2025_Preprocessed/val/Warehouse_015/crops/Person_0178/Camera_04/Person_0178_Camera_04_f000000_r003.jpg,None,-1,NOISE,0.0,True,False,-0.044007245,-0.041747134,-0.044007156,-0.041749608,-0.06509365
22,Person_0178,Warehouse_015__Person_0178,75,75,Camera_07,17,Warehouse_015,Person,1,0.6363636363636364,150,360,/pfs/data6/home/st/st_us-053000/st_st191959/DL-Lab/DataSet/MTMC_Tracking_2025_Preprocessed/val/Warehouse_015/crops/Person_0178/Camera_07/Person_0178_Camera_07_f000150_r001.jpg,None,-1,NOISE,0.0,True,False,-0.40337545,0.28151906,-0.4033757,0.28152487,0.2105772
843,Person_0178,Warehouse_015__Person_0178,75,75,Camera_08,18,Warehouse_015,Person,1,0.6666666666666666,0,8970,/pfs/data6/home/st/st_us-053000/st_st191959/DL-Lab/DataSet/MTMC_Tracking_2025_Preprocessed/val/Warehouse_015/crops/Person_0178/Camera_08/Person_0178_Camera_08_f000000_r006.jpg,None,-1,NOISE,0.0,True,False,-0.36643478,0.11531854,-0.36643493,0.11532062,-0.03928683
180,Person_0178,Warehouse_015__Person_0178,75,75,Camera_10,20,Warehouse_015,Person,1,0.044444444444444446,0,8670,/pfs/data6/home/st/st_us-053000/st_st191959/DL-Lab/DataSet/MTMC_Tracking_2025_Preprocessed/val/Warehouse_015/crops/Person_0178/Camera_10/Person_0178_Camera_10_f000000_r008.jpg,None,-1,NOISE,0.0,True,False,0.03434081,0.032318663,0.034340844,0.0323187,-0.06981338
37,Person_0178,Warehouse_015__Person_0178,75,75,Camera_12,22,Warehouse_015,Person,1,0.6486486486486487,1770,2130,/pfs/data6/home/st/st_us-053000/st_st191959/DL-Lab/DataSet/MTMC_Tracking_2025_Preprocessed/val/Warehouse_015/crops/Person_0178/Camera_12/Person_0178_Camera_12_f001770_r009.jpg,None,-1,NOISE,0.0,True,False,-0.15941218,-0.11143102,-0.1594121,-0.1114323,-0.016021393
480,Person_0179,Warehouse_015__Person_0179,76,76,Camera,0,Warehouse_015,Person,1,0.6583333333333333,0,7680,/pfs/data6/home/st/st_us-053000/st_st191959/DL-Lab/DataSet/MTMC_Tracking_2025_Preprocessed/val/Warehouse_015/crops/Person_0179/Camera/Person_0179_Camera_f000000_r014.jpg,None,56,Warehouse_015__Person_0179,0.6666666666666666,False,False,0.15744422,-0.16663839,0.15744427,-0.16663758,0.0057939
379,Person_0179,Warehouse_015__Person_0179,76,76,Camera_01,11,Warehouse_015,Person,1,0.6279683377308707,330,8970,/pfs/data6/home/st/st_us-053000/st_st191959/DL-Lab/DataSet/MTMC_Tracking_2025_Preprocessed/val/Warehouse_015/crops/Person_0179/Camera_01/Person_0179_Camera_01_f000330_r032.jpg,None,-1,NOISE,0.0,True,False,0.05113797,-0.29843646,0.05113804,-0.29843587,0.09130013
21,Person_0179,Warehouse_015__Person_0179,76,76,Camera_02,12,Warehouse_015,Person,1,0.6666666666666666,5790,5970,/pfs/data6/home/st/st_us-053000/st_st191959/DL-Lab/DataSet/MTMC_Tracking_2025_Preprocessed/val/Warehouse_015/crops/Person_0179/Camera_02/Person_0179_Camera_02_f005790_r005.jpg,None,-1,NOISE,0.0,True,False,-0.36619118,-0.106791586,-0.36619115,-0.1067931,-0.12843895
538,Person_0179,Warehouse_015__Person_0179,76,76,Camera_03,13,Warehouse_015,Person,1,0.6654275092936803,330,8970,/pfs/data6/home/st/st_us-053000/st_st191959/DL-Lab/DataSet/MTMC_Tracking_2025_Preprocessed/val/Warehouse_015/crops/Person_0179/Camera_03/Person_0179_Camera_03_f000330_r022.jpg,None,-1,NOISE,0.0,True,False,0.08171182,-0.22657229,0.08171189,-0.22657263,0.11304565
494,Person_0179,Warehouse_015__Person_0179,76,76,Camera_04,14,Warehouse_015,Person,1,0.659919028340081,0,7680,/pfs/data6/home/st/st_us-053000/st_st191959/DL-Lab/DataSet/MTMC_Tracking_2025_Preprocessed/val/Warehouse_015/crops/Person_0179/Camera_04/Person_0179_Camera_04_f000000_r008.jpg,None,56,Warehouse_015__Person_0179,0.6666666666666666,False,False,0.15168992,-0.16526991,0.15169004,-0.16526936,0.02701834
21,Person_0179,Warehouse_015__Person_0179,76,76,Camera_07,17,Warehouse_015,Person,1,0.6666666666666666,1110,5010,/pfs/data6/home/st/st_us-053000/st_st191959/DL-Lab/DataSet/MTMC_Tracking_2025_Preprocessed/val/Warehouse_015/crops/Person_0179/Camera_07/Person_0179_Camera_07_f001110_r008.jpg,None,-1,NOISE,0.0,True,False,-0.3815496,-0.07170012,-0.38154963,-0.07170088,-0.026181493
820,Person_0179,Warehouse_015__Person_0179,76,76,Camera_08,18,Warehouse_015,Person,1,0.6658536585365854,0,8970,/pfs/data6/home/st/st_us-053000/st_st191959/DL-Lab/DataSet/MTMC_Tracking_2025_Preprocessed/val/Warehouse_015/crops/Person_0179/Camera_08/Person_0179_Camera_08_f000000_r014.jpg,None,-1,NOISE,0.0,True,False,0.11618123,-0.23379885,0.116181314,-0.23379783,0.047890175
460,Person_0179,Warehouse_015__Person_0179,76,76,Camera_10,20,Warehouse_015,Person,1,0.3826086956521739,0,8970,/pfs/data6/home/st/st_us-053000/st_st191959/DL-Lab/DataSet/MTMC_Tracking_2025_Preprocessed/val/Warehouse_015/crops/Person_0179/Camera_10/Person_0179_Camera_10_f000000_r033.jpg,None,-1,NOISE,0.0,True,False,0.20533544,-0.03320381,0.20533547,-0.03320283,-0.016830135
588,Person_0179,Warehouse_015__Person_0179,76,76,Camera_12,22,Warehouse_015,Person,1,0.6496598639455783,330,8970,/pfs/data6/home/st/st_us-053000/st_st191959/DL-Lab/DataSet/MTMC_Tracking_2025_Preprocessed/val/Warehouse_015/crops/Person_0179/Camera_12/Person_0179_Camera_12_f000330_r027.jpg,None,57,Warehouse_015__Person_0004,0.375,False,True,0.21027459,-0.07676878,0.21027456,-0.07676789,0.03308212
708,Person_0180,Warehouse_015__Person_0180,77,77,Camera,0,Warehouse_015,Person,1,0.6666666666666666,0,8970,/pfs/data6/home/st/st_us-053000/st_st191959/DL-Lab/DataSet/MTMC_Tracking_2025_Preprocessed/val/Warehouse_015/crops/Person_0180/Camera/Person_0180_Camera_f000000_r013.jpg,None,-1,NOISE,0.0,True,False,-0.106078304,-0.3537555,-0.10607814,-0.35375556,0.2089313
342,Person_0180,Warehouse_015__Person_0180,77,77,Camera_01,11,Warehouse_015,Person,1,0.3333333333333333,0,8970,/pfs/data6/home/st/st_us-053000/st_st191959/DL-Lab/DataSet/MTMC_Tracking_2025_Preprocessed/val/Warehouse_015/crops/Person_0180/Camera_01/Person_0180_Camera_01_f000000_r026.jpg,None,-1,NOISE,0.0,True,False,0.19655716,-0.123195186,0.19655721,-0.12319343,0.06629842
36,Person_0180,Warehouse_015__Person_0180,77,77,Camera_02,12,Warehouse_015,Person,1,0.6666666666666666,2970,3300,/pfs/data6/home/st/st_us-053000/st_st191959/DL-Lab/DataSet/MTMC_Tracking_2025_Preprocessed/val/Warehouse_015/crops/Person_0180/Camera_02/Person_0180_Camera_02_f002970_r005.jpg,None,-1,NOISE,0.0,True,False,-0.24162251,-0.3837941,-0.24162245,-0.3837948,0.17677774
758,Person_0180,Warehouse_015__Person_0180,77,77,Camera_03,13,Warehouse_015,Person,1,0.6569920844327177,0,8970,/pfs/data6/home/st/st_us-053000/st_st191959/DL-Lab/DataSet/MTMC_Tracking_2025_Preprocessed/val/Warehouse_015/crops/Person_0180/Camera_03/Person_0180_Camera_03_f000000_r018.jpg,None,-1,NOISE,0.0,True,False,0.05312089,-0.2925305,0.053121008,-0.29252952,0.14666218
283,Person_0180,Warehouse_015__Person_0180,77,77,Camera_04,14,Warehouse_015,Person,1,0.6643109540636042,0,4770,/pfs/data6/home/st/st_us-053000/st_st191959/DL-Lab/DataSet/MTMC_Tracking_2025_Preprocessed/val/Warehouse_015/crops/Person_0180/Camera_04/Person_0180_Camera_04_f000000_r007.jpg,None,-1,NOISE,0.0,True,False,-0.008712102,-0.29360276,-0.008712048,-0.2936023,0.16092254
544,Person_0180,Warehouse_015__Person_0180,77,77,Camera_07,17,Warehouse_015,Person,1,0.6654411764705882,330,8970,/pfs/data6/home/st/st_us-053000/st_st191959/DL-Lab/DataSet/MTMC_Tracking_2025_Preprocessed/val/Warehouse_015/crops/Person_0180/Camera_07/Person_0180_Camera_07_f000330_r007.jpg,None,-1,NOISE,0.0,True,False,-0.056456048,-0.36124533,-0.056455944,-0.36124474,0.1607269
287,Person_0180,Warehouse_015__Person_0180,77,77,Camera_08,18,Warehouse_015,Person,1,0.6550522648083623,1500,4740,/pfs/data6/home/st/st_us-053000/st_st191959/DL-Lab/DataSet/MTMC_Tracking_2025_Preprocessed/val/Warehouse_015/crops/Person_0180/Camera_08/Person_0180_Camera_08_f001500_r014.jpg,None,-1,NOISE,0.0,True,False,0.03381839,-0.29374614,0.033818506,-0.29374558,0.1466241
51,Person_0180,Warehouse_015__Person_0180,77,77,Camera_09,19,Warehouse_015,Person,1,0.6666666666666666,390,870,/pfs/data6/home/st/st_us-053000/st_st191959/DL-Lab/DataSet/MTMC_Tracking_2025_Preprocessed/val/Warehouse_015/crops/Person_0180/Camera_09/Person_0180_Camera_09_f000390_r002.jpg,None,-1,NOISE,0.0,True,False,-0.004746172,-0.28801218,-0.004746083,-0.28801128,0.12132709
631,Person_0180,Warehouse_015__Person_0180,77,77,Camera_10,20,Warehouse_015,Person,1,0.5356576862123613,0,8970,/pfs/data6/home/st/st_us-053000/st_st191959/DL-Lab/DataSet/MTMC_Tracking_2025_Preprocessed/val/Warehouse_015/crops/Person_0180/Camera_10/Person_0180_Camera_10_f000000_r032.jpg,None,-1,NOISE,0.0,True,False,0.20553966,-0.0661745,0.20553967,-0.066173136,0.07276715
673,Person_0180,Warehouse_015__Person_0180,77,77,Camera_12,22,Warehouse_015,Person,1,0.6537890044576523,390,8970,/pfs/data6/home/st/st_us-053000/st_st191959/DL-Lab/DataSet/MTMC_Tracking_2025_Preprocessed/val/Warehouse_015/crops/Person_0180/Camera_12/Person_0180_Camera_12_f000390_r031.jpg,None,-1,NOISE,0.0,True,False,-0.026482753,-0.32904208,-0.026482599,-0.3290421,0.19866782
199,Person_0181,Warehouse_015__Person_0181,78,78,Camera,0,Warehouse_015,Person,1,0.6633165829145728,0,3030,/pfs/data6/home/st/st_us-053000/st_st191959/DL-Lab/DataSet/MTMC_Tracking_2025_Preprocessed/val/Warehouse_015/crops/Person_0181/Camera/Person_0181_Camera_f000000_r007.jpg,None,-1,NOISE,0.0,True,False,0.0670413,-0.12441842,0.06704137,-0.12441847,-0.04741311
517,Person_0181,Warehouse_015__Person_0181,78,78,Camera_01,11,Warehouse_015,Person,1,0.6576402321083172,0,8970,/pfs/data6/home/st/st_us-053000/st_st191959/DL-Lab/DataSet/MTMC_Tracking_2025_Preprocessed/val/Warehouse_015/crops/Person_0181/Camera_01/Person_0181_Camera_01_f000000_r009.jpg,None,79,Warehouse_015__Person_0181,1.0,False,False,0.096023284,-0.08986558,0.0960233,-0.08986633,0.02525962
327,Person_0181,Warehouse_015__Person_0181,78,78,Camera_02,12,Warehouse_015,Person,1,0.6666666666666666,3660,8700,/pfs/data6/home/st/st_us-053000/st_st191959/DL-Lab/DataSet/MTMC_Tracking_2025_Preprocessed/val/Warehouse_015/crops/Person_0181/Camera_02/Person_0181_Camera_02_f003660_r001.jpg,None,-1,NOISE,0.0,True,False,0.07828287,-0.04711162,0.07828287,-0.047112115,-0.10372535
447,Person_0181,Warehouse_015__Person_0181,78,78,Camera_03,13,Warehouse_015,Person,1,0.6666666666666666,0,8310,/pfs/data6/home/st/st_us-053000/st_st191959/DL-Lab/DataSet/MTMC_Tracking_2025_Preprocessed/val/Warehouse_015/crops/Person_0181/Camera_03/Person_0181_Camera_03_f000000_r007.jpg,None,79,Warehouse_015__Person_0181,1.0,False,False,0.084667735,-0.12381055,0.08466777,-0.12381131,0.039424922
108,Person_0181,Warehouse_015__Person_0181,78,78,Camera_04,14,Warehouse_015,Person,1,0.6666666666666666,1110,2550,/pfs/data6/home/st/st_us-053000/st_st191959/DL-Lab/DataSet/MTMC_Tracking_2025_Preprocessed/val/Warehouse_015/crops/Person_0181/Camera_04/Person_0181_Camera_04_f001110_r002.jpg,None,-1,NOISE,0.0,True,False,0.12906164,-0.14005266,0.12906168,-0.1400528,-0.026125662
158,Person_0181,Warehouse_015__Person_0181,78,78,Camera_05,15,Warehouse_015,Person,1,0.6582278481012658,60,8970,/pfs/data6/home/st/st_us-053000/st_st191959/DL-Lab/DataSet/MTMC_Tracking_2025_Preprocessed/val/Warehouse_015/crops/Person_0181/Camera_05/Person_0181_Camera_05_f000060_r004.jpg,None,-1,NOISE,0.0,True,False,0.0326126,-0.14467855,0.032612663,-0.14467922,0.084776476
48,Person_0181,Warehouse_015__Person_0181,78,78,Camera_07,17,Warehouse_015,Person,1,0.6666666666666666,0,2730,/pfs/data6/home/st/st_us-053000/st_st191959/DL-Lab/DataSet/MTMC_Tracking_2025_Preprocessed/val/Warehouse_015/crops/Person_0181/Camera_07/Person_0181_Camera_07_f000000_r002.jpg,None,-1,NOISE,0.0,True,False,-0.109825425,-0.15941077,-0.10982538,-0.15941308,-0.022024745
563,Person_0181,Warehouse_015__Person_0181,78,78,Camera_08,18,Warehouse_015,Person,1,0.6607460035523979,900,8670,/pfs/data6/home/st/st_us-053000/st_st191959/DL-Lab/DataSet/MTMC_Tracking_2025_Preprocessed/val/Warehouse_015/crops/Person_0181/Camera_08/Person_0181_Camera_08_f000900_r009.jpg,None,-1,NOISE,0.0,True,False,0.13981324,-0.050920215,0.13981329,-0.05092081,-0.052121114
653,Person_0181,Warehouse_015__Person_0181,78,78,Camera_10,20,Warehouse_015,Person,1,0.6615620214395099,0,8970,/pfs/data6/home/st/st_us-053000/st_st191959/DL-Lab/DataSet/MTMC_Tracking_2025_Preprocessed/val/Warehouse_015/crops/Person_0181/Camera_10/Person_0181_Camera_10_f000000_r013.jpg,None,79,Warehouse_015__Person_0181,1.0,False,False,0.12654783,-0.068481885,0.12654789,-0.06848199,-0.06441006
730,Person_0181,Warehouse_015__Person_0181,78,78,Camera_12,22,Warehouse_015,Person,1,0.6328767123287671,0,8970,/pfs/data6/home/st/st_us-053000/st_st191959/DL-Lab/DataSet/MTMC_Tracking_2025_Preprocessed/val/Warehouse_015/crops/Person_0181/Camera_12/Person_0181_Camera_12_f000000_r012.jpg,None,79,Warehouse_015__Person_0181,1.0,False,False,0.1439218,-0.014583111,0.14392178,-0.014583289,-0.06489675
883,Person_0184,Warehouse_015__Person_0184,79,79,Camera_01,11,Warehouse_015,Person,1,0.665911664779162,120,8970,/pfs/data6/home/st/st_us-053000/st_st191959/DL-Lab/DataSet/MTMC_Tracking_2025_Preprocessed/val/Warehouse_015/crops/Person_0184/Camera_01/Person_0184_Camera_01_f000120_r032.jpg,None,-1,NOISE,0.0,True,False,0.24914628,0.13916662,0.24914624,0.13916747,0.07081936
9,Person_0184,Warehouse_015__Person_0184,79,79,Camera_02,12,Warehouse_015,Person,1,0.6666666666666666,480,540,/pfs/data6/home/st/st_us-053000/st_st191959/DL-Lab/DataSet/MTMC_Tracking_2025_Preprocessed/val/Warehouse_015/crops/Person_0184/Camera_02/Person_0184_Camera_02_f000480_r008.jpg,None,-1,NOISE,0.0,True,False,-0.23379016,0.17312358,-0.23379031,0.17312308,0.1915718
876,Person_0184,Warehouse_015__Person_0184,79,79,Camera_03,13,Warehouse_015,Person,1,0.6666666666666666,0,8970,/pfs/data6/home/st/st_us-053000/st_st191959/DL-Lab/DataSet/MTMC_Tracking_2025_Preprocessed/val/Warehouse_015/crops/Person_0184/Camera_03/Person_0184_Camera_03_f000000_r024.jpg,None,-1,NOISE,0.0,True,False,0.15602536,0.13912429,0.15602536,0.13912383,0.06531209
248,Person_0184,Warehouse_015__Person_0184,79,79,Camera_05,15,Warehouse_015,Person,1,0.008064516129032258,450,8970,/pfs/data6/home/st/st_us-053000/st_st191959/DL-Lab/DataSet/MTMC_Tracking_2025_Preprocessed/val/Warehouse_015/crops/Person_0184/Camera_05/Person_0184_Camera_05_f000450_r018.jpg,None,-1,NOISE,0.0,True,False,0.26889598,0.22132088,0.26889583,0.22132054,0.028407725
29,Person_0184,Warehouse_015__Person_0184,79,79,Camera_08,18,Warehouse_015,Person,1,0.6206896551724138,0,600,/pfs/data6/home/st/st_us-053000/st_st191959/DL-Lab/DataSet/MTMC_Tracking_2025_Preprocessed/val/Warehouse_015/crops/Person_0184/Camera_08/Person_0184_Camera_08_f000000_r015.jpg,None,-1,NOISE,0.0,True,False,0.11981106,0.15217268,0.11981105,0.1521715,0.0014767296
885,Person_0184,Warehouse_015__Person_0184,79,79,Camera_10,20,Warehouse_015,Person,1,0.6666666666666666,0,8970,/pfs/data6/home/st/st_us-053000/st_st191959/DL-Lab/DataSet/MTMC_Tracking_2025_Preprocessed/val/Warehouse_015/crops/Person_0184/Camera_10/Person_0184_Camera_10_f000000_r038.jpg,None,-1,NOISE,0.0,True,False,0.108358406,0.14578077,0.10835841,0.14578095,-0.027914738
829,Person_0184,Warehouse_015__Person_0184,79,79,Camera_12,22,Warehouse_015,Person,1,0.6393244873341375,0,8970,/pfs/data6/home/st/st_us-053000/st_st191959/DL-Lab/DataSet/MTMC_Tracking_2025_Preprocessed/val/Warehouse_015/crops/Person_0184/Camera_12/Person_0184_Camera_12_f000000_r032.jpg,None,-1,NOISE,0.0,True,False,0.29194358,0.15840013,0.2919435,0.15840106,0.036788072
270,Person_0185,Warehouse_015__Person_0185,80,80,Camera,0,Warehouse_015,Person,1,0.6666666666666666,180,2880,/pfs/data6/home/st/st_us-053000/st_st191959/DL-Lab/DataSet/MTMC_Tracking_2025_Preprocessed/val/Warehouse_015/crops/Person_0185/Camera/Person_0185_Camera_f000180_r018.jpg,None,80,Warehouse_015__Person_0185,1.0,False,False,0.07675473,-0.004355125,0.076754645,-0.004354374,0.08720342
473,Person_0185,Warehouse_015__Person_0185,80,80,Camera_01,11,Warehouse_015,Person,1,0.638477801268499,0,7920,/pfs/data6/home/st/st_us-053000/st_st191959/DL-Lab/DataSet/MTMC_Tracking_2025_Preprocessed/val/Warehouse_015/crops/Person_0185/Camera_01/Person_0185_Camera_01_f000000_r033.jpg,None,80,Warehouse_015__Person_0185,1.0,False,False,0.032806493,-0.038890142,0.03280642,-0.038889486,0.12939647
457,Person_0185,Warehouse_015__Person_0185,80,80,Camera_02,12,Warehouse_015,Person,1,0.6652078774617067,3600,8970,/pfs/data6/home/st/st_us-053000/st_st191959/DL-Lab/DataSet/MTMC_Tracking_2025_Preprocessed/val/Warehouse_015/crops/Person_0185/Camera_02/Person_0185_Camera_02_f003600_r006.jpg,None,80,Warehouse_015__Person_0185,1.0,False,False,0.09012879,0.0017480884,0.09012874,0.0017488756,0.074523464
341,Person_0185,Warehouse_015__Person_0185,80,80,Camera_03,13,Warehouse_015,Person,1,0.6627565982404692,0,3510,/pfs/data6/home/st/st_us-053000/st_st191959/DL-Lab/DataSet/MTMC_Tracking_2025_Preprocessed/val/Warehouse_015/crops/Person_0185/Camera_03/Person_0185_Camera_03_f000000_r026.jpg,None,80,Warehouse_015__Person_0185,1.0,False,False,-0.0032846252,-0.031556975,-0.0032847007,-0.031556528,0.10524372
189,Person_0185,Warehouse_015__Person_0185,80,80,Camera_04,14,Warehouse_015,Person,1,0.6666666666666666,270,2640,/pfs/data6/home/st/st_us-053000/st_st191959/DL-Lab/DataSet/MTMC_Tracking_2025_Preprocessed/val/Warehouse_015/crops/Person_0185/Camera_04/Person_0185_Camera_04_f000270_r008.jpg,None,80,Warehouse_015__Person_0185,1.0,False,False,-0.0050089345,-0.010645062,-0.005008996,-0.010644538,0.08176002
138,Person_0185,Warehouse_015__Person_0185,80,80,Camera_05,15,Warehouse_015,Person,1,0.6521739130434783,3540,7860,/pfs/data6/home/st/st_us-053000/st_st191959/DL-Lab/DataSet/MTMC_Tracking_2025_Preprocessed/val/Warehouse_015/crops/Person_0185/Camera_05/Person_0185_Camera_05_f003540_r022.jpg,None,-1,NOISE,0.0,True,False,-0.29746827,-0.027838867,-0.29746845,-0.027839083,0.18331881
48,Person_0185,Warehouse_015__Person_0185,80,80,Camera_07,17,Warehouse_015,Person,1,0.6666666666666666,870,1680,/pfs/data6/home/st/st_us-053000/st_st191959/DL-Lab/DataSet/MTMC_Tracking_2025_Preprocessed/val/Warehouse_015/crops/Person_0185/Camera_07/Person_0185_Camera_07_f000870_r012.jpg,None,-1,NOISE,0.0,True,False,-0.33692807,0.09426193,-0.3369284,0.09426278,0.14690794
398,Person_0185,Warehouse_015__Person_0185,80,80,Camera_08,18,Warehouse_015,Person,1,0.6080402010050251,270,8970,/pfs/data6/home/st/st_us-053000/st_st191959/DL-Lab/DataSet/MTMC_Tracking_2025_Preprocessed/val/Warehouse_015/crops/Person_0185/Camera_08/Person_0185_Camera_08_f000270_r013.jpg,None,-1,NOISE,0.0,True,False,0.0025477195,-0.010819439,0.0025476094,-0.010818128,0.07536617
378,Person_0185,Warehouse_015__Person_0185,80,80,Camera_10,20,Warehouse_015,Person,1,0.544973544973545,0,8610,/pfs/data6/home/st/st_us-053000/st_st191959/DL-Lab/DataSet/MTMC_Tracking_2025_Preprocessed/val/Warehouse_015/crops/Person_0185/Camera_10/Person_0185_Camera_10_f000000_r039.jpg,None,81,Warehouse_015__Person_0185,1.0,False,False,0.12553936,0.0115813855,0.1255393,0.011582289,0.03087074
48,Person_0185,Warehouse_015__Person_0185,80,80,Camera_11,21,Warehouse_015,Person,1,0.6666666666666666,4410,6030,/pfs/data6/home/st/st_us-053000/st_st191959/DL-Lab/DataSet/MTMC_Tracking_2025_Preprocessed/val/Warehouse_015/crops/Person_0185/Camera_11/Person_0185_Camera_11_f004410_r006.jpg,None,-1,NOISE,0.0,True,False,-0.12932797,0.07154554,-0.12932803,0.0715466,0.101661175
426,Person_0185,Warehouse_015__Person_0185,80,80,Camera_12,22,Warehouse_015,Person,1,0.4694835680751174,0,8970,/pfs/data6/home/st/st_us-053000/st_st191959/DL-Lab/DataSet/MTMC_Tracking_2025_Preprocessed/val/Warehouse_015/crops/Person_0185/Camera_12/Person_0185_Camera_12_f000000_r033.jpg,None,81,Warehouse_015__Person_0185,1.0,False,False,0.09998241,0.03326919,0.099982336,0.03327053,0.041044604
120,Person_0186,Warehouse_015__Person_0186,81,81,Camera,0,Warehouse_015,Person,1,0.6666666666666666,120,8760,/pfs/data6/home/st/st_us-053000/st_st191959/DL-Lab/DataSet/MTMC_Tracking_2025_Preprocessed/val/Warehouse_015/crops/Person_0186/Camera/Person_0186_Camera_f000120_r011.jpg,None,-1,NOISE,0.0,True,False,-0.15141799,-0.13819425,-0.15141797,-0.1381961,0.19775335
387,Person_0186,Warehouse_015__Person_0186,81,81,Camera_01,11,Warehouse_015,Person,1,0.661498708010336,0,8910,/pfs/data6/home/st/st_us-053000/st_st191959/DL-Lab/DataSet/MTMC_Tracking_2025_Preprocessed/val/Warehouse_015/crops/Person_0186/Camera_01/Person_0186_Camera_01_f000000_r020.jpg,None,-1,NOISE,0.0,True,False,0.052461043,-0.071041904,0.052461073,-0.07104331,0.15364881
198,Person_0186,Warehouse_015__Person_0186,81,81,Camera_02,12,Warehouse_015,Person,1,0.6666666666666666,1350,6810,/pfs/data6/home/st/st_us-053000/st_st191959/DL-Lab/DataSet/MTMC_Tracking_2025_Preprocessed/val/Warehouse_015/crops/Person_0186/Camera_02/Person_0186_Camera_02_f001350_r008.jpg,None,-1,NOISE,0.0,True,False,0.044585675,-0.01222412,0.04458569,-0.012224811,0.08413812
512,Person_0186,Warehouse_015__Person_0186,81,81,Camera_03,13,Warehouse_015,Person,1,0.6640625,0,8970,/pfs/data6/home/st/st_us-053000/st_st191959/DL-Lab/DataSet/MTMC_Tracking_2025_Preprocessed/val/Warehouse_015/crops/Person_0186/Camera_03/Person_0186_Camera_03_f000000_r014.jpg,None,-1,NOISE,0.0,True,False,-0.025307465,-0.08684977,-0.025307458,-0.08685079,0.16938551
129,Person_0186,Warehouse_015__Person_0186,81,81,Camera_04,14,Warehouse_015,Person,1,0.6511627906976745,3240,8640,/pfs/data6/home/st/st_us-053000/st_st191959/DL-Lab/DataSet/MTMC_Tracking_2025_Preprocessed/val/Warehouse_015/crops/Person_0186/Camera_04/Person_0186_Camera_04_f003240_r006.jpg,None,-1,NOISE,0.0,True,False,0.16414112,0.05708545,0.16414109,0.057083722,0.05791525
61,Person_0186,Warehouse_015__Person_0186,81,81,Camera_05,15,Warehouse_015,Person,1,0.6557377049180327,630,7830,/pfs/data6/home/st/st_us-053000/st_st191959/DL-Lab/DataSet/MTMC_Tracking_2025_Preprocessed/val/Warehouse_015/crops/Person_0186/Camera_05/Person_0186_Camera_05_f000630_r012.jpg,None,-1,NOISE,0.0,True,False,-0.10268745,-0.21732582,-0.102687374,-0.21732748,0.210652
6,Person_0186,Warehouse_015__Person_0186,81,81,Camera_07,17,Warehouse_015,Person,1,0.6666666666666666,8340,8370,/pfs/data6/home/st/st_us-053000/st_st191959/DL-Lab/DataSet/MTMC_Tracking_2025_Preprocessed/val/Warehouse_015/crops/Person_0186/Camera_07/Person_0186_Camera_07_f008340_r008.jpg,None,-1,NOISE,0.0,True,False,-0.49228117,0.13316864,-0.4922814,0.13317154,0.19069988
608,Person_0186,Warehouse_015__Person_0186,81,81,Camera_08,18,Warehouse_015,Person,1,0.6348684210526315,0,8970,/pfs/data6/home/st/st_us-053000/st_st191959/DL-Lab/DataSet/MTMC_Tracking_2025_Preprocessed/val/Warehouse_015/crops/Person_0186/Camera_08/Person_0186_Camera_08_f000000_r011.jpg,None,82,Warehouse_015__Person_0186,1.0,False,False,0.10673958,0.016998949,0.10673957,0.01699794,0.0774905
637,Person_0186,Warehouse_015__Person_0186,81,81,Camera_10,20,Warehouse_015,Person,1,0.5871271585557299,0,8970,/pfs/data6/home/st/st_us-053000/st_st191959/DL-Lab/DataSet/MTMC_Tracking_2025_Preprocessed/val/Warehouse_015/crops/Person_0186/Camera_10/Person_0186_Camera_10_f000000_r026.jpg,None,82,Warehouse_015__Person_0186,1.0,False,False,0.16193876,0.04144652,0.16193877,0.04144651,0.052351832
786,Person_0186,Warehouse_015__Person_0186,81,81,Camera_12,22,Warehouse_015,Person,1,0.6335877862595419,0,8970,/pfs/data6/home/st/st_us-053000/st_st191959/DL-Lab/DataSet/MTMC_Tracking_2025_Preprocessed/val/Warehouse_015/crops/Person_0186/Camera_12/Person_0186_Camera_12_f000000_r022.jpg,None,82,Warehouse_015__Person_0186,1.0,False,False,0.114255734,-0.007800136,0.11425579,-0.0078010582,0.08011379
33,Person_0187,Warehouse_015__Person_0187,82,82,Camera,0,Warehouse_015,Person,1,0.6666666666666666,540,840,/pfs/data6/home/st/st_us-053000/st_st191959/DL-Lab/DataSet/MTMC_Tracking_2025_Preprocessed/val/Warehouse_015/crops/Person_0187/Camera/Person_0187_Camera_f000540_r015.jpg,None,-1,NOISE,0.0,True,False,0.16457035,0.009516348,0.16457035,0.009516905,-0.037068054
807,Person_0187,Warehouse_015__Person_0187,82,82,Camera_01,11,Warehouse_015,Person,1,0.6617100371747212,0,8970,/pfs/data6/home/st/st_us-053000/st_st191959/DL-Lab/DataSet/MTMC_Tracking_2025_Preprocessed/val/Warehouse_015/crops/Person_0187/Camera_01/Person_0187_Camera_01_f000000_r043.jpg,None,-1,NOISE,0.0,True,False,-0.16415167,-0.05533758,-0.16415161,-0.055341464,-0.020521797
780,Person_0187,Warehouse_015__Person_0187,82,82,Camera_02,12,Warehouse_015,Person,1,0.6666666666666666,1170,8970,/pfs/data6/home/st/st_us-053000/st_st191959/DL-Lab/DataSet/MTMC_Tracking_2025_Preprocessed/val/Warehouse_015/crops/Person_0187/Camera_02/Person_0187_Camera_02_f001170_r014.jpg,None,-1,NOISE,0.0,True,False,0.06894318,-0.043446586,0.068943195,-0.04344619,-0.12323741
117,Person_0187,Warehouse_015__Person_0187,82,82,Camera_03,13,Warehouse_015,Person,1,0.6666666666666666,30,1170,/pfs/data6/home/st/st_us-053000/st_st191959/DL-Lab/DataSet/MTMC_Tracking_2025_Preprocessed/val/Warehouse_015/crops/Person_0187/Camera_03/Person_0187_Camera_03_f000030_r034.jpg,None,-1,NOISE,0.0,True,False,0.057488002,-0.048849925,0.057488043,-0.048851416,0.012774168
30,Person_0187,Warehouse_015__Person_0187,82,82,Camera_04,14,Warehouse_015,Person,1,0.6666666666666666,540,840,/pfs/data6/home/st/st_us-053000/st_st191959/DL-Lab/DataSet/MTMC_Tracking_2025_Preprocessed/val/Warehouse_015/crops/Person_0187/Camera_04/Person_0187_Camera_04_f000540_r008.jpg,None,-1,NOISE,0.0,True,False,-0.043865837,-0.08971033,-0.04386583,-0.089712664,-0.025536895
735,Person_0187,Warehouse_015__Person_0187,82,82,Camera_05,15,Warehouse_015,Person,1,0.6666666666666666,0,8970,/pfs/data6/home/st/st_us-053000/st_st191959/DL-Lab/DataSet/MTMC_Tracking_2025_Preprocessed/val/Warehouse_015/crops/Person_0187/Camera_05/Person_0187_Camera_05_f000000_r025.jpg,None,-1,NOISE,0.0,True,False,-0.3641177,0.23397288,-0.36411807,0.2339803,0.0795085
406,Person_0187,Warehouse_015__Person_0187,82,82,Camera_08,18,Warehouse_015,Person,1,0.33497536945812806,120,8970,/pfs/data6/home/st/st_us-053000/st_st191959/DL-Lab/DataSet/MTMC_Tracking_2025_Preprocessed/val/Warehouse_015/crops/Person_0187/Camera_08/Person_0187_Camera_08_f000120_r020.jpg,None,-1,NOISE,0.0,True,False,0.2741915,0.12962197,0.27419153,0.12962216,-0.019573517
871,Person_0187,Warehouse_015__Person_0187,82,82,Camera_10,20,Warehouse_015,Person,1,0.6567164179104478,0,8970,/pfs/data6/home/st/st_us-053000/st_st191959/DL-Lab/DataSet/MTMC_Tracking_2025_Preprocessed/val/Warehouse_015/crops/Person_0187/Camera_10/Person_0187_Camera_10_f000000_r050.jpg,None,-1,NOISE,0.0,True,False,0.10632325,-0.048012674,0.10632328,-0.04801432,-0.039965104
812,Person_0187,Warehouse_015__Person_0187,82,82,Camera_12,22,Warehouse_015,Person,1,0.6354679802955665,0,8970,/pfs/data6/home/st/st_us-053000/st_st191959/DL-Lab/DataSet/MTMC_Tracking_2025_Preprocessed/val/Warehouse_015/crops/Person_0187/Camera_12/Person_0187_Camera_12_f000000_r046.jpg,None,-1,NOISE,0.0,True,False,0.18733887,0.04211825,0.18733881,0.04211895,-0.038135324
849,Person_0188,Warehouse_015__Person_0188,83,83,Camera,0,Warehouse_015,Person,1,0.6666666666666666,390,8850,/pfs/data6/home/st/st_us-053000/st_st191959/DL-Lab/DataSet/MTMC_Tracking_2025_Preprocessed/val/Warehouse_015/crops/Person_0188/Camera/Person_0188_Camera_f000390_r001.jpg,None,-1,NOISE,0.0,True,False,0.019002102,0.18521026,0.019002061,0.18521048,-0.03660557
542,Person_0188,Warehouse_015__Person_0188,83,83,Camera_01,11,Warehouse_015,Person,1,0.47232472324723246,0,8970,/pfs/data6/home/st/st_us-053000/st_st191959/DL-Lab/DataSet/MTMC_Tracking_2025_Preprocessed/val/Warehouse_015/crops/Person_0188/Camera_01/Person_0188_Camera_01_f000000_r003.jpg,None,83,Warehouse_015__Person_0188,1.0,False,False,0.16801672,0.13167526,0.16801673,0.13167581,-0.034573916
851,Person_0188,Warehouse_015__Person_0188,83,83,Camera_03,13,Warehouse_015,Person,1,0.6627497062279671,0,8970,/pfs/data6/home/st/st_us-053000/st_st191959/DL-Lab/DataSet/MTMC_Tracking_2025_Preprocessed/val/Warehouse_015/crops/Person_0188/Camera_03/Person_0188_Camera_03_f000000_r002.jpg,None,-1,NOISE,0.0,True,False,0.22366168,0.11522676,0.22366163,0.11522786,0.03881126
552,Person_0188,Warehouse_015__Person_0188,83,83,Camera_04,14,Warehouse_015,Person,1,0.6666666666666666,1050,8760,/pfs/data6/home/st/st_us-053000/st_st191959/DL-Lab/DataSet/MTMC_Tracking_2025_Preprocessed/val/Warehouse_015/crops/Person_0188/Camera_04/Person_0188_Camera_04_f001050_r000.jpg,None,-1,NOISE,0.0,True,False,-0.14006244,0.22232385,-0.14006257,0.2223231,-0.012926806
4,Person_0188,Warehouse_015__Person_0188,83,83,Camera_05,15,Warehouse_015,Person,0,0.0,8880,8970,/pfs/data6/home/st/st_us-053000/st_st191959/DL-Lab/DataSet/MTMC_Tracking_2025_Preprocessed/val/Warehouse_015/crops/Person_0188/Camera_05/Person_0188_Camera_05_f008880_r002.jpg,None,-1,NOISE,0.0,True,False,0.27488548,0.06806661,0.27488542,0.06806893,0.027774872
471,Person_0188,Warehouse_015__Person_0188,83,83,Camera_07,17,Warehouse_015,Person,1,0.6666666666666666,450,8970,/pfs/data6/home/st/st_us-053000/st_st191959/DL-Lab/DataSet/MTMC_Tracking_2025_Preprocessed/val/Warehouse_015/crops/Person_0188/Camera_07/Person_0188_Camera_07_f000450_r001.jpg,None,-1,NOISE,0.0,True,False,0.17378958,0.24590312,0.17378953,0.245902,0.08014944
138,Person_0188,Warehouse_015__Person_0188,83,83,Camera_08,18,Warehouse_015,Person,1,0.6666666666666666,0,6870,/pfs/data6/home/st/st_us-053000/st_st191959/DL-Lab/DataSet/MTMC_Tracking_2025_Preprocessed/val/Warehouse_015/crops/Person_0188/Camera_08/Person_0188_Camera_08_f000000_r002.jpg,None,-1,NOISE,0.0,True,False,-0.08672094,0.19107343,-0.08672099,0.19107206,-0.010434322
39,Person_0188,Warehouse_015__Person_0188,83,83,Camera_09,19,Warehouse_015,Person,1,0.6666666666666666,3870,8850,/pfs/data6/home/st/st_us-053000/st_st191959/DL-Lab/DataSet/MTMC_Tracking_2025_Preprocessed/val/Warehouse_015/crops/Person_0188/Camera_09/Person_0188_Camera_09_f003870_r000.jpg,None,-1,NOISE,0.0,True,False,0.0037834062,0.19782177,0.0037833545,0.19782156,0.019322077
619,Person_0188,Warehouse_015__Person_0188,83,83,Camera_10,20,Warehouse_015,Person,1,0.5266558966074314,0,8940,/pfs/data6/home/st/st_us-053000/st_st191959/DL-Lab/DataSet/MTMC_Tracking_2025_Preprocessed/val/Warehouse_015/crops/Person_0188/Camera_10/Person_0188_Camera_10_f000000_r003.jpg,None,83,Warehouse_015__Person_0188,1.0,False,False,0.15634748,0.13406512,0.15634745,0.13406587,-0.029248128
348,Person_0188,Warehouse_015__Person_0188,83,83,Camera_12,22,Warehouse_015,Person,1,0.6666666666666666,0,8970,/pfs/data6/home/st/st_us-053000/st_st191959/DL-Lab/DataSet/MTMC_Tracking_2025_Preprocessed/val/Warehouse_015/crops/Person_0188/Camera_12/Person_0188_Camera_12_f000000_r003.jpg,None,-1,NOISE,0.0,True,False,0.016974526,0.17333513,0.016974526,0.17333545,0.0066695567
511,Person_0189,Warehouse_015__Person_0189,84,84,Camera_01,11,Warehouse_015,Person,1,0.6614481409001957,0,8970,/pfs/data6/home/st/st_us-053000/st_st191959/DL-Lab/DataSet/MTMC_Tracking_2025_Preprocessed/val/Warehouse_015/crops/Person_0189/Camera_01/Person_0189_Camera_01_f000000_r031.jpg,None,-1,NOISE,0.0,True,False,0.026088616,-0.040602196,0.026088621,-0.04060303,-0.010472242
474,Person_0189,Warehouse_015__Person_0189,84,84,Camera_02,12,Warehouse_015,Person,1,0.6666666666666666,1650,8550,/pfs/data6/home/st/st_us-053000/st_st191959/DL-Lab/DataSet/MTMC_Tracking_2025_Preprocessed/val/Warehouse_015/crops/Person_0189/Camera_02/Person_0189_Camera_02_f001650_r011.jpg,None,-1,NOISE,0.0,True,False,0.15533973,0.0033222921,0.15533978,0.0033226423,-0.041422892
338,Person_0189,Warehouse_015__Person_0189,84,84,Camera_03,13,Warehouse_015,Person,1,0.6627218934911243,0,8970,/pfs/data6/home/st/st_us-053000/st_st191959/DL-Lab/DataSet/MTMC_Tracking_2025_Preprocessed/val/Warehouse_015/crops/Person_0189/Camera_03/Person_0189_Camera_03_f000000_r023.jpg,None,-1,NOISE,0.0,True,False,0.07749789,-0.016542932,0.07749789,-0.01654281,0.04823318
172,Person_0189,Warehouse_015__Person_0189,84,84,Camera_05,15,Warehouse_015,Person,1,0.6627906976744186,0,8640,/pfs/data6/home/st/st_us-053000/st_st191959/DL-Lab/DataSet/MTMC_Tracking_2025_Preprocessed/val/Warehouse_015/crops/Person_0189/Camera_05/Person_0189_Camera_05_f000000_r015.jpg,None,-1,NOISE,0.0,True,False,-0.12880877,0.055853076,-0.12880889,0.055852026,0.0704189
15,Person_0189,Warehouse_015__Person_0189,84,84,Camera_06,16,Warehouse_015,Person,1,0.6666666666666666,120,240,/pfs/data6/home/st/st_us-053000/st_st191959/DL-Lab/DataSet/MTMC_Tracking_2025_Preprocessed/val/Warehouse_015/crops/Person_0189/Camera_06/Person_0189_Camera_06_f000120_r009.jpg,None,-1,NOISE,0.0,True,False,-0.32761723,0.24039996,-0.32761744,0.24040064,0.22558996
401,Person_0189,Warehouse_015__Person_0189,84,84,Camera_08,18,Warehouse_015,Person,1,0.5935162094763092,1620,8580,/pfs/data6/home/st/st_us-053000/st_st191959/DL-Lab/DataSet/MTMC_Tracking_2025_Preprocessed/val/Warehouse_015/crops/Person_0189/Camera_08/Person_0189_Camera_08_f001620_r019.jpg,None,-1,NOISE,0.0,True,False,0.13883528,0.092639714,0.13883525,0.092639126,-0.0030537033
652,Person_0189,Warehouse_015__Person_0189,84,84,Camera_10,20,Warehouse_015,Person,1,0.6625766871165644,0,8970,/pfs/data6/home/st/st_us-053000/st_st191959/DL-Lab/DataSet/MTMC_Tracking_2025_Preprocessed/val/Warehouse_015/crops/Person_0189/Camera_10/Person_0189_Camera_10_f000000_r037.jpg,None,-1,NOISE,0.0,True,False,0.13328068,0.06570309,0.13328077,0.06570405,-0.07033251
34,Person_0189,Warehouse_015__Person_0189,84,84,Camera_11,21,Warehouse_015,Person,1,0.6470588235294118,5670,6000,/pfs/data6/home/st/st_us-053000/st_st191959/DL-Lab/DataSet/MTMC_Tracking_2025_Preprocessed/val/Warehouse_015/crops/Person_0189/Camera_11/Person_0189_Camera_11_f005670_r005.jpg,None,-1,NOISE,0.0,True,False,0.12913473,-0.020407328,0.12913473,-0.020407721,0.048604403
668,Person_0189,Warehouse_015__Person_0189,84,84,Camera_12,22,Warehouse_015,Person,1,0.5718562874251497,0,8970,/pfs/data6/home/st/st_us-053000/st_st191959/DL-Lab/DataSet/MTMC_Tracking_2025_Preprocessed/val/Warehouse_015/crops/Person_0189/Camera_12/Person_0189_Camera_12_f000000_r031.jpg,None,52,Warehouse_015__Person_0201,0.225,False,True,0.1917045,0.11193738,0.19170456,0.11193761,-0.047176447
181,Person_0190,Warehouse_015__Person_0190,85,85,Camera,0,Warehouse_015,Person,1,0.6629834254143646,870,5370,/pfs/data6/home/st/st_us-053000/st_st191959/DL-Lab/DataSet/MTMC_Tracking_2025_Preprocessed/val/Warehouse_015/crops/Person_0190/Camera/Person_0190_Camera_f000870_r011.jpg,None,-1,NOISE,0.0,True,False,0.13919026,-0.0019744653,0.13919029,-0.0019756674,-0.07544346
550,Person_0190,Warehouse_015__Person_0190,85,85,Camera_01,11,Warehouse_015,Person,1,0.5418181818181819,0,8970,/pfs/data6/home/st/st_us-053000/st_st191959/DL-Lab/DataSet/MTMC_Tracking_2025_Preprocessed/val/Warehouse_015/crops/Person_0190/Camera_01/Person_0190_Camera_01_f000000_r032.jpg,None,84,Warehouse_015__Person_0190,1.0,False,False,0.21725357,0.02233746,0.21725357,0.022337962,-0.05037574
84,Person_0190,Warehouse_015__Person_0190,85,85,Camera_02,12,Warehouse_015,Person,1,0.6666666666666666,6810,7740,/pfs/data6/home/st/st_us-053000/st_st191959/DL-Lab/DataSet/MTMC_Tracking_2025_Preprocessed/val/Warehouse_015/crops/Person_0190/Camera_02/Person_0190_Camera_02_f006810_r007.jpg,None,-1,NOISE,0.0,True,False,0.23504974,0.010559618,0.23504978,0.010559648,-0.057259757
459,Person_0190,Warehouse_015__Person_0190,85,85,Camera_03,13,Warehouse_015,Person,1,0.5664488017429193,0,8340,/pfs/data6/home/st/st_us-053000/st_st191959/DL-Lab/DataSet/MTMC_Tracking_2025_Preprocessed/val/Warehouse_015/crops/Person_0190/Camera_03/Person_0190_Camera_03_f000000_r025.jpg,None,84,Warehouse_015__Person_0190,1.0,False,False,0.2532942,0.06765064,0.25329423,0.0676511,0.006037965
66,Person_0190,Warehouse_015__Person_0190,85,85,Camera_04,14,Warehouse_015,Person,1,0.6666666666666666,3120,5280,/pfs/data6/home/st/st_us-053000/st_st191959/DL-Lab/DataSet/MTMC_Tracking_2025_Preprocessed/val/Warehouse_015/crops/Person_0190/Camera_04/Person_0190_Camera_04_f003120_r009.jpg,None,-1,NOISE,0.0,True,False,-0.016857348,-0.031268146,-0.016857408,-0.031269297,-0.11458458
337,Person_0190,Warehouse_015__Person_0190,85,85,Camera_05,15,Warehouse_015,Person,1,0.6231454005934718,0,8970,/pfs/data6/home/st/st_us-053000/st_st191959/DL-Lab/DataSet/MTMC_Tracking_2025_Preprocessed/val/Warehouse_015/crops/Person_0190/Camera_05/Person_0190_Camera_05_f000000_r016.jpg,None,84,Warehouse_015__Person_0190,1.0,False,False,0.19946729,-0.023321958,0.19946739,-0.02332225,0.040319797
57,Person_0190,Warehouse_015__Person_0190,85,85,Camera_06,16,Warehouse_015,Person,1,0.6666666666666666,6000,8970,/pfs/data6/home/st/st_us-053000/st_st191959/DL-Lab/DataSet/MTMC_Tracking_2025_Preprocessed/val/Warehouse_015/crops/Person_0190/Camera_06/Person_0190_Camera_06_f006000_r003.jpg,None,-1,NOISE,0.0,True,False,0.13957475,-0.0367431,0.13957474,-0.036743183,-0.02185983
426,Person_0190,Warehouse_015__Person_0190,85,85,Camera_07,17,Warehouse_015,Person,1,0.6572769953051644,0,4950,/pfs/data6/home/st/st_us-053000/st_st191959/DL-Lab/DataSet/MTMC_Tracking_2025_Preprocessed/val/Warehouse_015/crops/Person_0190/Camera_07/Person_0190_Camera_07_f000000_r011.jpg,None,84,Warehouse_015__Person_0190,1.0,False,False,0.21403773,-0.002806285,0.21403778,-0.0028070833,-0.0070150783
52,Person_0190,Warehouse_015__Person_0190,85,85,Camera_08,18,Warehouse_015,Person,1,0.6153846153846154,4980,7740,/pfs/data6/home/st/st_us-053000/st_st191959/DL-Lab/DataSet/MTMC_Tracking_2025_Preprocessed/val/Warehouse_015/crops/Person_0190/Camera_08/Person_0190_Camera_08_f004980_r014.jpg,None,-1,NOISE,0.0,True,False,0.27420428,0.13888198,0.2742042,0.13888219,0.020712262
234,Person_0190,Warehouse_015__Person_0190,85,85,Camera_09,19,Warehouse_015,Person,1,0.6666666666666666,900,3900,/pfs/data6/home/st/st_us-053000/st_st191959/DL-Lab/DataSet/MTMC_Tracking_2025_Preprocessed/val/Warehouse_015/crops/Person_0190/Camera_09/Person_0190_Camera_09_f000900_r005.jpg,None,84,Warehouse_015__Person_0190,1.0,False,False,0.2564489,0.035254918,0.25644892,0.03525523,-0.04088868
574,Person_0190,Warehouse_015__Person_0190,85,85,Camera_10,20,Warehouse_015,Person,1,0.6445993031358885,300,8970,/pfs/data6/home/st/st_us-053000/st_st191959/DL-Lab/DataSet/MTMC_Tracking_2025_Preprocessed/val/Warehouse_015/crops/Person_0190/Camera_10/Person_0190_Camera_10_f000300_r040.jpg,None,84,Warehouse_015__Person_0190,1.0,False,False,0.16502324,0.0020843202,0.16502325,0.002084483,-0.06574969
54,Person_0190,Warehouse_015__Person_0190,85,85,Camera_11,21,Warehouse_015,Person,1,0.6666666666666666,0,8970,/pfs/data6/home/st/st_us-053000/st_st191959/DL-Lab/DataSet/MTMC_Tracking_2025_Preprocessed/val/Warehouse_015/crops/Person_0190/Camera_11/Person_0190_Camera_11_f000000_r008.jpg,None,-1,NOISE,0.0,True,False,0.17465685,-0.00651118,0.17465678,-0.0065107057,-0.025700092
498,Person_0190,Warehouse_015__Person_0190,85,85,Camera_12,22,Warehouse_015,Person,1,0.6265060240963856,360,8970,/pfs/data6/home/st/st_us-053000/st_st191959/DL-Lab/DataSet/MTMC_Tracking_2025_Preprocessed/val/Warehouse_015/crops/Person_0190/Camera_12/Person_0190_Camera_12_f000360_r036.jpg,None,84,Warehouse_015__Person_0190,1.0,False,False,0.21587338,0.011527602,0.21587339,0.011527862,-0.056305744
145,Person_0191,Warehouse_015__Person_0191,86,86,Camera,0,Warehouse_015,Person,1,0.6620689655172414,180,1920,/pfs/data6/home/st/st_us-053000/st_st191959/DL-Lab/DataSet/MTMC_Tracking_2025_Preprocessed/val/Warehouse_015/crops/Person_0191/Camera/Person_0191_Camera_f000180_r021.jpg,None,-1,NOISE,0.0,True,False,0.029127866,0.12132513,0.02912782,0.12132429,0.029209815
645,Person_0191,Warehouse_015__Person_0191,86,86,Camera_01,11,Warehouse_015,Person,1,0.6108527131782946,0,8970,/pfs/data6/home/st/st_us-053000/st_st191959/DL-Lab/DataSet/MTMC_Tracking_2025_Preprocessed/val/Warehouse_015/crops/Person_0191/Camera_01/Person_0191_Camera_01_f000000_r040.jpg,None,52,Warehouse_015__Person_0201,0.225,False,True,0.19743302,0.12956597,0.197433,0.12956548,0.0626043
184,Person_0191,Warehouse_015__Person_0191,86,86,Camera_02,12,Warehouse_015,Person,1,0.6630434782608695,3210,7950,/pfs/data6/home/st/st_us-053000/st_st191959/DL-Lab/DataSet/MTMC_Tracking_2025_Preprocessed/val/Warehouse_015/crops/Person_0191/Camera_02/Person_0191_Camera_02_f003210_r011.jpg,None,52,Warehouse_015__Person_0201,0.225,False,True,0.18691826,0.16433921,0.18691818,0.16433898,0.011172162
478,Person_0191,Warehouse_015__Person_0191,86,86,Camera_03,13,Warehouse_015,Person,1,0.6652719665271967,0,8130,/pfs/data6/home/st/st_us-053000/st_st191959/DL-Lab/DataSet/MTMC_Tracking_2025_Preprocessed/val/Warehouse_015/crops/Person_0191/Camera_03/Person_0191_Camera_03_f000000_r031.jpg,None,52,Warehouse_015__Person_0201,0.225,False,True,0.18325669,0.15707847,0.18325667,0.15707737,0.05147742
458,Person_0191,Warehouse_015__Person_0191,86,86,Camera_05,15,Warehouse_015,Person,1,0.6462882096069869,0,8970,/pfs/data6/home/st/st_us-053000/st_st191959/DL-Lab/DataSet/MTMC_Tracking_2025_Preprocessed/val/Warehouse_015/crops/Person_0191/Camera_05/Person_0191_Camera_05_f000000_r023.jpg,None,-1,NOISE,0.0,True,False,0.114935055,0.10476068,0.11493505,0.104759924,0.04976627
190,Person_0191,Warehouse_015__Person_0191,86,86,Camera_07,17,Warehouse_015,Person,1,0.6631578947368421,0,2640,/pfs/data6/home/st/st_us-053000/st_st191959/DL-Lab/DataSet/MTMC_Tracking_2025_Preprocessed/val/Warehouse_015/crops/Person_0191/Camera_07/Person_0191_Camera_07_f000000_r013.jpg,None,52,Warehouse_015__Person_0201,0.225,False,True,0.23085076,0.16870627,0.23085077,0.16870557,0.088897355
94,Person_0191,Warehouse_015__Person_0191,86,86,Camera_08,18,Warehouse_015,Person,1,0.48936170212765956,3240,8100,/pfs/data6/home/st/st_us-053000/st_st191959/DL-Lab/DataSet/MTMC_Tracking_2025_Preprocessed/val/Warehouse_015/crops/Person_0191/Camera_08/Person_0191_Camera_08_f003240_r019.jpg,None,-1,NOISE,0.0,True,False,0.14711922,0.10605943,0.14711921,0.1060595,-0.012846371
39,Person_0191,Warehouse_015__Person_0191,86,86,Camera_09,19,Warehouse_015,Person,1,0.6666666666666666,210,1320,/pfs/data6/home/st/st_us-053000/st_st191959/DL-Lab/DataSet/MTMC_Tracking_2025_Preprocessed/val/Warehouse_015/crops/Person_0191/Camera_09/Person_0191_Camera_09_f000210_r006.jpg,None,-1,NOISE,0.0,True,False,0.198105,0.07497871,0.19810514,0.07497735,0.005258813
633,Person_0191,Warehouse_015__Person_0191,86,86,Camera_10,20,Warehouse_015,Person,1,0.6161137440758294,30,8970,/pfs/data6/home/st/st_us-053000/st_st191959/DL-Lab/DataSet/MTMC_Tracking_2025_Preprocessed/val/Warehouse_015/crops/Person_0191/Camera_10/Person_0191_Camera_10_f000030_r049.jpg,None,52,Warehouse_015__Person_0201,0.225,False,True,0.1995578,0.15441893,0.19955778,0.1544187,0.01833442
4,Person_0191,Warehouse_015__Person_0191,86,86,Camera_11,21,Warehouse_015,Person,1,0.5,5760,5790,/pfs/data6/home/st/st_us-053000/st_st191959/DL-Lab/DataSet/MTMC_Tracking_2025_Preprocessed/val/Warehouse_015/crops/Person_0191/Camera_11/Person_0191_Camera_11_f005760_r008.jpg,None,-1,NOISE,0.0,True,False,-0.32243672,0.22642411,-0.32243705,0.22642949,0.17875361
714,Person_0191,Warehouse_015__Person_0191,86,86,Camera_12,22,Warehouse_015,Person,1,0.6134453781512605,0,8970,/pfs/data6/home/st/st_us-053000/st_st191959/DL-Lab/DataSet/MTMC_Tracking_2025_Preprocessed/val/Warehouse_015/crops/Person_0191/Camera_12/Person_0191_Camera_12_f000000_r042.jpg,None,52,Warehouse_015__Person_0201,0.225,False,True,0.20261274,0.14474632,0.2026127,0.14474614,0.016870433
291,Person_0192,Warehouse_015__Person_0192,87,87,Camera,0,Warehouse_015,Person,1,0.6666666666666666,1410,4590,/pfs/data6/home/st/st_us-053000/st_st191959/DL-Lab/DataSet/MTMC_Tracking_2025_Preprocessed/val/Warehouse_015/crops/Person_0192/Camera/Person_0192_Camera_f001410_r007.jpg,None,-1,NOISE,0.0,True,False,0.14030886,-0.09424694,0.14030887,-0.0942477,0.05357012
615,Person_0192,Warehouse_015__Person_0192,87,87,Camera_01,11,Warehouse_015,Person,1,0.6666666666666666,0,8970,/pfs/data6/home/st/st_us-053000/st_st191959/DL-Lab/DataSet/MTMC_Tracking_2025_Preprocessed/val/Warehouse_015/crops/Person_0192/Camera_01/Person_0192_Camera_01_f000000_r010.jpg,None,85,Warehouse_015__Person_0192,1.0,False,False,0.11264607,-0.08096133,0.112646095,-0.08096216,0.090782605
27,Person_0192,Warehouse_015__Person_0192,87,87,Camera_02,12,Warehouse_015,Person,1,0.6666666666666666,5760,6000,/pfs/data6/home/st/st_us-053000/st_st191959/DL-Lab/DataSet/MTMC_Tracking_2025_Preprocessed/val/Warehouse_015/crops/Person_0192/Camera_02/Person_0192_Camera_02_f005760_r003.jpg,None,-1,NOISE,0.0,True,False,0.051723167,-0.07142297,0.051723186,-0.07142371,0.11664379
725,Person_0192,Warehouse_015__Person_0192,87,87,Camera_03,13,Warehouse_015,Person,1,0.6648275862068965,0,8700,/pfs/data6/home/st/st_us-053000/st_st191959/DL-Lab/DataSet/MTMC_Tracking_2025_Preprocessed/val/Warehouse_015/crops/Person_0192/Camera_03/Person_0192_Camera_03_f000000_r008.jpg,None,86,Warehouse_015__Person_0192,1.0,False,False,0.028870424,-0.10680949,0.028870469,-0.10681079,0.15416111
246,Person_0192,Warehouse_015__Person_0192,87,87,Camera_04,14,Warehouse_015,Person,1,0.6666666666666666,1410,4620,/pfs/data6/home/st/st_us-053000/st_st191959/DL-Lab/DataSet/MTMC_Tracking_2025_Preprocessed/val/Warehouse_015/crops/Person_0192/Camera_04/Person_0192_Camera_04_f001410_r004.jpg,None,-1,NOISE,0.0,True,False,0.06077996,-0.06486081,0.060780007,-0.06486186,0.084348805
163,Person_0192,Warehouse_015__Person_0192,87,87,Camera_05,15,Warehouse_015,Person,1,0.6625766871165644,0,8970,/pfs/data6/home/st/st_us-053000/st_st191959/DL-Lab/DataSet/MTMC_Tracking_2025_Preprocessed/val/Warehouse_015/crops/Person_0192/Camera_05/Person_0192_Camera_05_f000000_r005.jpg,None,86,Warehouse_015__Person_0192,1.0,False,False,0.011879918,-0.0853188,0.011879966,-0.085320726,0.14558782
30,Person_0192,Warehouse_015__Person_0192,87,87,Camera_07,17,Warehouse_015,Person,1,0.6666666666666666,2130,2400,/pfs/data6/home/st/st_us-053000/st_st191959/DL-Lab/DataSet/MTMC_Tracking_2025_Preprocessed/val/Warehouse_015/crops/Person_0192/Camera_07/Person_0192_Camera_07_f002130_r002.jpg,None,-1,NOISE,0.0,True,False,-0.1293098,-0.100564055,-0.1293098,-0.10056662,0.17984389
417,Person_0192,Warehouse_015__Person_0192,87,87,Camera_08,18,Warehouse_015,Person,1,0.6666666666666666,720,7140,/pfs/data6/home/st/st_us-053000/st_st191959/DL-Lab/DataSet/MTMC_Tracking_2025_Preprocessed/val/Warehouse_015/crops/Person_0192/Camera_08/Person_0192_Camera_08_f000720_r008.jpg,None,-1,NOISE,0.0,True,False,0.07537058,-0.09989937,0.07537064,-0.09990007,0.08119017
787,Person_0192,Warehouse_015__Person_0192,87,87,Camera_10,20,Warehouse_015,Person,1,0.6200762388818297,0,8970,/pfs/data6/home/st/st_us-053000/st_st191959/DL-Lab/DataSet/MTMC_Tracking_2025_Preprocessed/val/Warehouse_015/crops/Person_0192/Camera_10/Person_0192_Camera_10_f000000_r014.jpg,None,85,Warehouse_015__Person_0192,1.0,False,False,0.2028118,-0.022308825,0.20281184,-0.02230892,0.0099106245
750,Person_0192,Warehouse_015__Person_0192,87,87,Camera_12,22,Warehouse_015,Person,1,0.6666666666666666,0,8970,/pfs/data6/home/st/st_us-053000/st_st191959/DL-Lab/DataSet/MTMC_Tracking_2025_Preprocessed/val/Warehouse_015/crops/Person_0192/Camera_12/Person_0192_Camera_12_f000000_r013.jpg,None,85,Warehouse_015__Person_0192,1.0,False,False,0.15796576,-0.06464226,0.15796585,-0.064643145,0.04013924
3,Person_0193,Warehouse_015__Person_0193,88,88,Camera,0,Warehouse_015,Person,1,0.6666666666666666,2460,2460,/pfs/data6/home/st/st_us-053000/st_st191959/DL-Lab/DataSet/MTMC_Tracking_2025_Preprocessed/val/Warehouse_015/crops/Person_0193/Camera/Person_0193_Camera_f002460_r024.jpg,None,-1,NOISE,0.0,True,False,-0.3566842,0.23414265,-0.35668436,0.23414832,0.12168293
627,Person_0193,Warehouse_015__Person_0193,88,88,Camera_01,11,Warehouse_015,Person,1,0.6475279106858054,0,8970,/pfs/data6/home/st/st_us-053000/st_st191959/DL-Lab/DataSet/MTMC_Tracking_2025_Preprocessed/val/Warehouse_015/crops/Person_0193/Camera_01/Person_0193_Camera_01_f000000_r042.jpg,None,52,Warehouse_015__Person_0201,0.225,False,True,0.22114718,0.12171558,0.22114702,0.121714704,0.09383975
21,Person_0193,Warehouse_015__Person_0193,88,88,Camera_02,12,Warehouse_015,Person,1,0.6666666666666666,3300,3480,/pfs/data6/home/st/st_us-053000/st_st191959/DL-Lab/DataSet/MTMC_Tracking_2025_Preprocessed/val/Warehouse_015/crops/Person_0193/Camera_02/Person_0193_Camera_02_f003300_r010.jpg,None,-1,NOISE,0.0,True,False,0.13547975,0.12898433,0.13547984,0.1289841,0.041014787
307,Person_0193,Warehouse_015__Person_0193,88,88,Camera_03,13,Warehouse_015,Person,1,0.6644951140065146,0,8970,/pfs/data6/home/st/st_us-053000/st_st191959/DL-Lab/DataSet/MTMC_Tracking_2025_Preprocessed/val/Warehouse_015/crops/Person_0193/Camera_03/Person_0193_Camera_03_f000000_r033.jpg,None,52,Warehouse_015__Person_0201,0.225,False,True,0.19284888,0.118014365,0.19284892,0.1180135,0.08233024
763,Person_0193,Warehouse_015__Person_0193,88,88,Camera_05,15,Warehouse_015,Person,1,0.6605504587155964,120,8970,/pfs/data6/home/st/st_us-053000/st_st191959/DL-Lab/DataSet/MTMC_Tracking_2025_Preprocessed/val/Warehouse_015/crops/Person_0193/Camera_05/Person_0193_Camera_05_f000120_r027.jpg,None,52,Warehouse_015__Person_0201,0.225,False,True,0.19661091,0.13374323,0.19661088,0.13374208,0.06936951
390,Person_0193,Warehouse_015__Person_0193,88,88,Camera_06,16,Warehouse_015,Person,1,0.6666666666666666,390,7770,/pfs/data6/home/st/st_us-053000/st_st191959/DL-Lab/DataSet/MTMC_Tracking_2025_Preprocessed/val/Warehouse_015/crops/Person_0193/Camera_06/Person_0193_Camera_06_f000390_r010.jpg,None,52,Warehouse_015__Person_0201,0.225,False,True,0.22673078,0.1625304,0.2267308,0.16253026,0.041223057
33,Person_0193,Warehouse_015__Person_0193,88,88,Camera_07,17,Warehouse_015,Person,1,0.6666666666666666,2160,2460,/pfs/data6/home/st/st_us-053000/st_st191959/DL-Lab/DataSet/MTMC_Tracking_2025_Preprocessed/val/Warehouse_015/crops/Person_0193/Camera_07/Person_0193_Camera_07_f002160_r013.jpg,None,-1,NOISE,0.0,True,False,0.2093523,0.1433748,0.20935233,0.14337353,0.05838346
23,Person_0193,Warehouse_015__Person_0193,88,88,Camera_08,18,Warehouse_015,Person,1,0.6086956521739131,2970,3480,/pfs/data6/home/st/st_us-053000/st_st191959/DL-Lab/DataSet/MTMC_Tracking_2025_Preprocessed/val/Warehouse_015/crops/Person_0193/Camera_08/Person_0193_Camera_08_f002970_r020.jpg,None,-1,NOISE,0.0,True,False,-0.050911747,0.059847783,-0.050911862,0.05984659,0.07195566
855,Person_0193,Warehouse_015__Person_0193,88,88,Camera_10,20,Warehouse_015,Person,1,0.6502923976608187,0,8970,/pfs/data6/home/st/st_us-053000/st_st191959/DL-Lab/DataSet/MTMC_Tracking_2025_Preprocessed/val/Warehouse_015/crops/Person_0193/Camera_10/Person_0193_Camera_10_f000000_r049.jpg,None,-1,NOISE,0.0,True,False,0.18846019,0.1321941,0.1884602,0.13219406,0.04467489
352,Person_0193,Warehouse_015__Person_0193,88,88,Camera_11,21,Warehouse_015,Person,1,0.6647727272727273,420,7740,/pfs/data6/home/st/st_us-053000/st_st191959/DL-Lab/DataSet/MTMC_Tracking_2025_Preprocessed/val/Warehouse_015/crops/Person_0193/Camera_11/Person_0193_Camera_11_f000420_r008.jpg,None,-1,NOISE,0.0,True,False,0.234529,0.16942038,0.23452893,0.16941984,0.052204262
711,Person_0193,Warehouse_015__Person_0193,88,88,Camera_12,22,Warehouse_015,Person,1,0.6357243319268636,0,8970,/pfs/data6/home/st/st_us-053000/st_st191959/DL-Lab/DataSet/MTMC_Tracking_2025_Preprocessed/val/Warehouse_015/crops/Person_0193/Camera_12/Person_0193_Camera_12_f000000_r044.jpg,None,52,Warehouse_015__Person_0201,0.225,False,True,0.18485694,0.17284481,0.18485695,0.1728444,-0.0026374236
501,Person_0194,Warehouse_015__Person_0194,89,89,Camera,0,Warehouse_015,Person,1,0.6586826347305389,1500,7920,/pfs/data6/home/st/st_us-053000/st_st191959/DL-Lab/DataSet/MTMC_Tracking_2025_Preprocessed/val/Warehouse_015/crops/Person_0194/Camera/Person_0194_Camera_f001500_r017.jpg,None,87,Warehouse_015__Person_0194,1.0,False,False,0.107571565,0.11395186,0.10757152,0.11395163,0.043640338
529,Person_0194,Warehouse_015__Person_0194,89,89,Camera_01,11,Warehouse_015,Person,1,0.5746691871455577,0,8970,/pfs/data6/home/st/st_us-053000/st_st191959/DL-Lab/DataSet/MTMC_Tracking_2025_Preprocessed/val/Warehouse_015/crops/Person_0194/Camera_01/Person_0194_Camera_01_f000000_r030.jpg,None,88,Warehouse_015__Person_0194,1.0,False,False,0.1581467,0.12044444,0.15814666,0.120445035,0.061552938
709,Person_0194,Warehouse_015__Person_0194,89,89,Camera_03,13,Warehouse_015,Person,1,0.6459802538787024,0,8970,/pfs/data6/home/st/st_us-053000/st_st191959/DL-Lab/DataSet/MTMC_Tracking_2025_Preprocessed/val/Warehouse_015/crops/Person_0194/Camera_03/Person_0194_Camera_03_f000000_r022.jpg,None,87,Warehouse_015__Person_0194,1.0,False,False,0.14139757,0.0795071,0.1413976,0.07950737,0.073630586
274,Person_0194,Warehouse_015__Person_0194,89,89,Camera_04,14,Warehouse_015,Person,1,0.6642335766423357,780,7620,/pfs/data6/home/st/st_us-053000/st_st191959/DL-Lab/DataSet/MTMC_Tracking_2025_Preprocessed/val/Warehouse_015/crops/Person_0194/Camera_04/Person_0194_Camera_04_f000780_r005.jpg,None,-1,NOISE,0.0,True,False,0.108099036,0.08779948,0.10809903,0.08779817,0.063331015
74,Person_0194,Warehouse_015__Person_0194,89,89,Camera_05,15,Warehouse_015,Person,1,0.5945945945945946,6150,8640,/pfs/data6/home/st/st_us-053000/st_st191959/DL-Lab/DataSet/MTMC_Tracking_2025_Preprocessed/val/Warehouse_015/crops/Person_0194/Camera_05/Person_0194_Camera_05_f006150_r018.jpg,None,-1,NOISE,0.0,True,False,0.1994381,0.1966806,0.19943802,0.19668135,0.10283653
330,Person_0194,Warehouse_015__Person_0194,89,89,Camera_07,17,Warehouse_015,Person,1,0.6666666666666666,2940,7920,/pfs/data6/home/st/st_us-053000/st_st191959/DL-Lab/DataSet/MTMC_Tracking_2025_Preprocessed/val/Warehouse_015/crops/Person_0194/Camera_07/Person_0194_Camera_07_f002940_r006.jpg,None,-1,NOISE,0.0,True,False,0.084252924,0.056379486,0.084252894,0.05637858,0.15073813
275,Person_0194,Warehouse_015__Person_0194,89,89,Camera_08,18,Warehouse_015,Person,1,0.6618181818181819,420,8910,/pfs/data6/home/st/st_us-053000/st_st191959/DL-Lab/DataSet/MTMC_Tracking_2025_Preprocessed/val/Warehouse_015/crops/Person_0194/Camera_08/Person_0194_Camera_08_f000420_r012.jpg,None,-1,NOISE,0.0,True,False,-0.01285062,0.07385842,-0.012850662,0.07385726,0.091347575
139,Person_0194,Warehouse_015__Person_0194,89,89,Camera_09,19,Warehouse_015,Person,1,0.6618705035971223,5070,7230,/pfs/data6/home/st/st_us-053000/st_st191959/DL-Lab/DataSet/MTMC_Tracking_2025_Preprocessed/val/Warehouse_015/crops/Person_0194/Camera_09/Person_0194_Camera_09_f005070_r004.jpg,None,-1,NOISE,0.0,True,False,0.23668706,0.18032867,0.23668705,0.18032864,0.04404669
671,Person_0194,Warehouse_015__Person_0194,89,89,Camera_10,20,Warehouse_015,Person,1,0.5842026825633383,0,8970,/pfs/data6/home/st/st_us-053000/st_st191959/DL-Lab/DataSet/MTMC_Tracking_2025_Preprocessed/val/Warehouse_015/crops/Person_0194/Camera_10/Person_0194_Camera_10_f000000_r036.jpg,None,88,Warehouse_015__Person_0194,1.0,False,False,0.1635268,0.14495945,0.16352682,0.14495988,-0.02525707
591,Person_0194,Warehouse_015__Person_0194,89,89,Camera_12,22,Warehouse_015,Person,1,0.6429780033840947,0,8970,/pfs/data6/home/st/st_us-053000/st_st191959/DL-Lab/DataSet/MTMC_Tracking_2025_Preprocessed/val/Warehouse_015/crops/Person_0194/Camera_12/Person_0194_Camera_12_f000000_r030.jpg,None,87,Warehouse_015__Person_0194,1.0,False,False,0.14918411,0.11185148,0.149184,0.11185129,0.07665302
505,Person_0195,Warehouse_015__Person_0195,90,90,Camera_01,11,Warehouse_015,Person,1,0.6613861386138614,0,8970,/pfs/data6/home/st/st_us-053000/st_st191959/DL-Lab/DataSet/MTMC_Tracking_2025_Preprocessed/val/Warehouse_015/crops/Person_0195/Camera_01/Person_0195_Camera_01_f000000_r036.jpg,None,-1,NOISE,0.0,True,False,0.08797726,-0.07088987,0.08797735,-0.07089163,0.12600558
667,Person_0195,Warehouse_015__Person_0195,90,90,Camera_02,12,Warehouse_015,Person,1,0.6656671664167916,840,8970,/pfs/data6/home/st/st_us-053000/st_st191959/DL-Lab/DataSet/MTMC_Tracking_2025_Preprocessed/val/Warehouse_015/crops/Person_0195/Camera_02/Person_0195_Camera_02_f000840_r010.jpg,None,-1,NOISE,0.0,True,False,0.24646915,-0.019865083,0.24646926,-0.01986523,0.06642265
114,Person_0195,Warehouse_015__Person_0195,90,90,Camera_03,13,Warehouse_015,Person,1,0.6666666666666666,0,7860,/pfs/data6/home/st/st_us-053000/st_st191959/DL-Lab/DataSet/MTMC_Tracking_2025_Preprocessed/val/Warehouse_015/crops/Person_0195/Camera_03/Person_0195_Camera_03_f000000_r029.jpg,None,-1,NOISE,0.0,True,False,0.22540739,-0.028708009,0.2254074,-0.028708039,0.12232096
398,Person_0195,Warehouse_015__Person_0195,90,90,Camera_05,15,Warehouse_015,Person,1,0.6582914572864321,0,8970,/pfs/data6/home/st/st_us-053000/st_st191959/DL-Lab/DataSet/MTMC_Tracking_2025_Preprocessed/val/Warehouse_015/crops/Person_0195/Camera_05/Person_0195_Camera_05_f000000_r019.jpg,None,-1,NOISE,0.0,True,False,-0.021887302,-0.06548434,-0.021887233,-0.06548667,0.10201029
273,Person_0195,Warehouse_015__Person_0195,90,90,Camera_08,18,Warehouse_015,Person,1,0.5201465201465202,240,5970,/pfs/data6/home/st/st_us-053000/st_st191959/DL-Lab/DataSet/MTMC_Tracking_2025_Preprocessed/val/Warehouse_015/crops/Person_0195/Camera_08/Person_0195_Camera_08_f000240_r014.jpg,None,89,Warehouse_015__Person_0195,0.5,False,False,0.17889825,0.019803412,0.17889825,0.019803876,-0.031847898
387,Person_0195,Warehouse_015__Person_0195,90,90,Camera_10,20,Warehouse_015,Person,1,0.6666666666666666,0,8970,/pfs/data6/home/st/st_us-053000/st_st191959/DL-Lab/DataSet/MTMC_Tracking_2025_Preprocessed/val/Warehouse_015/crops/Person_0195/Camera_10/Person_0195_Camera_10_f000000_r044.jpg,None,-1,NOISE,0.0,True,False,0.17243478,-0.048113175,0.1724348,-0.048113987,0.043925047
96,Person_0195,Warehouse_015__Person_0195,90,90,Camera_11,21,Warehouse_015,Person,1,0.6666666666666666,2970,8700,/pfs/data6/home/st/st_us-053000/st_st191959/DL-Lab/DataSet/MTMC_Tracking_2025_Preprocessed/val/Warehouse_015/crops/Person_0195/Camera_11/Person_0195_Camera_11_f002970_r007.jpg,None,-1,NOISE,0.0,True,False,0.20372587,0.085598506,0.20372598,0.085597485,0.06558524
663,Person_0195,Warehouse_015__Person_0195,90,90,Camera_12,22,Warehouse_015,Person,1,0.555052790346908,0,8970,/pfs/data6/home/st/st_us-053000/st_st191959/DL-Lab/DataSet/MTMC_Tracking_2025_Preprocessed/val/Warehouse_015/crops/Person_0195/Camera_12/Person_0195_Camera_12_f000000_r038.jpg,None,89,Warehouse_015__Person_0195,0.5,False,False,0.22329447,-0.0070542577,0.22329456,-0.0070537818,-0.0018123765
310,Person_0196,Warehouse_015__Person_0196,91,91,Camera,0,Warehouse_015,Person,1,0.6645161290322581,2970,8160,/pfs/data6/home/st/st_us-053000/st_st191959/DL-Lab/DataSet/MTMC_Tracking_2025_Preprocessed/val/Warehouse_015/crops/Person_0196/Camera/Person_0196_Camera_f002970_r008.jpg,None,-1,NOISE,0.0,True,False,-0.24737398,0.015182618,-0.24737409,0.015181629,0.038889404
781,Person_0196,Warehouse_015__Person_0196,91,91,Camera_01,11,Warehouse_015,Person,1,0.6222791293213829,0,8970,/pfs/data6/home/st/st_us-053000/st_st191959/DL-Lab/DataSet/MTMC_Tracking_2025_Preprocessed/val/Warehouse_015/crops/Person_0196/Camera_01/Person_0196_Camera_01_f000000_r013.jpg,None,-1,NOISE,0.0,True,False,0.2075513,-0.036954302,0.20755133,-0.036953382,0.09012385
707,Person_0196,Warehouse_015__Person_0196,91,91,Camera_03,13,Warehouse_015,Person,1,0.6534653465346535,0,8520,/pfs/data6/home/st/st_us-053000/st_st191959/DL-Lab/DataSet/MTMC_Tracking_2025_Preprocessed/val/Warehouse_015/crops/Person_0196/Camera_03/Person_0196_Camera_03_f000000_r010.jpg,None,-1,NOISE,0.0,True,False,0.16017309,-0.08621804,0.16017316,-0.086217,0.07111607
9,Person_0196,Warehouse_015__Person_0196,91,91,Camera_04,14,Warehouse_015,Person,1,0.6666666666666666,5130,5190,/pfs/data6/home/st/st_us-053000/st_st191959/DL-Lab/DataSet/MTMC_Tracking_2025_Preprocessed/val/Warehouse_015/crops/Person_0196/Camera_04/Person_0196_Camera_04_f005130_r004.jpg,None,-1,NOISE,0.0,True,False,-0.20132564,0.15377006,-0.20132573,0.15377039,0.06127391
455,Person_0196,Warehouse_015__Person_0196,91,91,Camera_05,15,Warehouse_015,Person,1,0.6285714285714286,0,8970,/pfs/data6/home/st/st_us-053000/st_st191959/DL-Lab/DataSet/MTMC_Tracking_2025_Preprocessed/val/Warehouse_015/crops/Person_0196/Camera_05/Person_0196_Camera_05_f000000_r007.jpg,None,90,Warehouse_015__Person_0196,1.0,False,False,0.084648214,-0.08913168,0.08464822,-0.08913177,0.12067959
113,Person_0196,Warehouse_015__Person_0196,91,91,Camera_06,16,Warehouse_015,Person,1,0.6548672566371682,120,8790,/pfs/data6/home/st/st_us-053000/st_st191959/DL-Lab/DataSet/MTMC_Tracking_2025_Preprocessed/val/Warehouse_015/crops/Person_0196/Camera_06/Person_0196_Camera_06_f000120_r004.jpg,None,-1,NOISE,0.0,True,False,-0.34844548,0.066799335,-0.34844565,0.066797964,0.11675859
423,Person_0196,Warehouse_015__Person_0196,91,91,Camera_07,17,Warehouse_015,Person,1,0.6666666666666666,0,7980,/pfs/data6/home/st/st_us-053000/st_st191959/DL-Lab/DataSet/MTMC_Tracking_2025_Preprocessed/val/Warehouse_015/crops/Person_0196/Camera_07/Person_0196_Camera_07_f000000_r004.jpg,None,90,Warehouse_015__Person_0196,1.0,False,False,0.08299454,-0.10395935,0.08299455,-0.10395902,0.15684624
64,Person_0196,Warehouse_015__Person_0196,91,91,Camera_09,19,Warehouse_015,Person,1,0.65625,3060,5250,/pfs/data6/home/st/st_us-053000/st_st191959/DL-Lab/DataSet/MTMC_Tracking_2025_Preprocessed/val/Warehouse_015/crops/Person_0196/Camera_09/Person_0196_Camera_09_f003060_r001.jpg,None,-1,NOISE,0.0,True,False,0.103501745,-0.0028345746,0.10350181,-0.0028346225,0.0319547
792,Person_0196,Warehouse_015__Person_0196,91,91,Camera_10,20,Warehouse_015,Person,1,0.6565656565656566,0,8970,/pfs/data6/home/st/st_us-053000/st_st191959/DL-Lab/DataSet/MTMC_Tracking_2025_Preprocessed/val/Warehouse_015/crops/Person_0196/Camera_10/Person_0196_Camera_10_f000000_r017.jpg,None,-1,NOISE,0.0,True,False,0.11616005,-0.016919753,0.11616004,-0.01691888,0.032338962
69,Person_0196,Warehouse_015__Person_0196,91,91,Camera_11,21,Warehouse_015,Person,1,0.6666666666666666,1620,8730,/pfs/data6/home/st/st_us-053000/st_st191959/DL-Lab/DataSet/MTMC_Tracking_2025_Preprocessed/val/Warehouse_015/crops/Person_0196/Camera_11/Person_0196_Camera_11_f001620_r001.jpg,None,-1,NOISE,0.0,True,False,0.02392379,-0.0987181,0.023923809,-0.098717704,0.10191836
749,Person_0196,Warehouse_015__Person_0196,91,91,Camera_12,22,Warehouse_015,Person,1,0.664886515353805,0,8970,/pfs/data6/home/st/st_us-053000/st_st191959/DL-Lab/DataSet/MTMC_Tracking_2025_Preprocessed/val/Warehouse_015/crops/Person_0196/Camera_12/Person_0196_Camera_12_f000000_r015.jpg,None,-1,NOISE,0.0,True,False,0.0505666,-0.011391842,0.050566576,-0.011390829,0.10689809
289,Person_0197,Warehouse_015__Person_0197,92,92,Camera,0,Warehouse_015,Person,1,0.6643598615916955,840,6180,/pfs/data6/home/st/st_us-053000/st_st191959/DL-Lab/DataSet/MTMC_Tracking_2025_Preprocessed/val/Warehouse_015/crops/Person_0197/Camera/Person_0197_Camera_f000840_r012.jpg,None,-1,NOISE,0.0,True,False,0.116035625,-0.13505805,0.11603577,-0.13506158,0.08692267
614,Person_0197,Warehouse_015__Person_0197,92,92,Camera_01,11,Warehouse_015,Person,1,0.6091205211726385,0,8880,/pfs/data6/home/st/st_us-053000/st_st191959/DL-Lab/DataSet/MTMC_Tracking_2025_Preprocessed/val/Warehouse_015/crops/Person_0197/Camera_01/Person_0197_Camera_01_f000000_r035.jpg,None,89,Warehouse_015__Person_0195,0.5,False,True,0.18161602,-0.03799001,0.18161613,-0.037990786,0.049974557
39,Person_0197,Warehouse_015__Person_0197,92,92,Camera_02,12,Warehouse_015,Person,1,0.6666666666666666,6840,8910,/pfs/data6/home/st/st_us-053000/st_st191959/DL-Lab/DataSet/MTMC_Tracking_2025_Preprocessed/val/Warehouse_015/crops/Person_0197/Camera_02/Person_0197_Camera_02_f006840_r008.jpg,None,-1,NOISE,0.0,True,False,-0.10325781,0.01935809,-0.10325777,0.019355215,0.0060369177
814,Person_0197,Warehouse_015__Person_0197,92,92,Camera_03,13,Warehouse_015,Person,1,0.6609336609336609,0,8970,/pfs/data6/home/st/st_us-053000/st_st191959/DL-Lab/DataSet/MTMC_Tracking_2025_Preprocessed/val/Warehouse_015/crops/Person_0197/Camera_03/Person_0197_Camera_03_f000000_r028.jpg,None,-1,NOISE,0.0,True,False,0.09310651,-0.15207785,0.09310661,-0.1520797,0.08799309
120,Person_0197,Warehouse_015__Person_0197,92,92,Camera_04,14,Warehouse_015,Person,1,0.6666666666666666,2370,6000,/pfs/data6/home/st/st_us-053000/st_st191959/DL-Lab/DataSet/MTMC_Tracking_2025_Preprocessed/val/Warehouse_015/crops/Person_0197/Camera_04/Person_0197_Camera_04_f002370_r012.jpg,None,-1,NOISE,0.0,True,False,0.091082186,-0.08630356,0.09108226,-0.086306,0.06608073
105,Person_0197,Warehouse_015__Person_0197,92,92,Camera_05,15,Warehouse_015,Person,1,0.6666666666666666,0,8790,/pfs/data6/home/st/st_us-053000/st_st191959/DL-Lab/DataSet/MTMC_Tracking_2025_Preprocessed/val/Warehouse_015/crops/Person_0197/Camera_05/Person_0197_Camera_05_f000000_r018.jpg,None,-1,NOISE,0.0,True,False,0.12908438,-0.1322287,0.12908454,-0.13223174,0.10310434
237,Person_0197,Warehouse_015__Person_0197,92,92,Camera_07,17,Warehouse_015,Person,1,0.6666666666666666,810,6090,/pfs/data6/home/st/st_us-053000/st_st191959/DL-Lab/DataSet/MTMC_Tracking_2025_Preprocessed/val/Warehouse_015/crops/Person_0197/Camera_07/Person_0197_Camera_07_f000810_r012.jpg,None,-1,NOISE,0.0,True,False,0.08664215,-0.14216413,0.08664233,-0.14216664,0.11588849
299,Person_0197,Warehouse_015__Person_0197,92,92,Camera_08,18,Warehouse_015,Person,1,0.6622073578595318,5220,8970,/pfs/data6/home/st/st_us-053000/st_st191959/DL-Lab/DataSet/MTMC_Tracking_2025_Preprocessed/val/Warehouse_015/crops/Person_0197/Camera_08/Person_0197_Camera_08_f005220_r019.jpg,None,-1,NOISE,0.0,True,False,0.10165002,0.021489773,0.101650074,0.021487052,0.027309205
70,Person_0197,Warehouse_015__Person_0197,92,92,Camera_09,19,Warehouse_015,Person,1,0.6571428571428571,1110,1800,/pfs/data6/home/st/st_us-053000/st_st191959/DL-Lab/DataSet/MTMC_Tracking_2025_Preprocessed/val/Warehouse_015/crops/Person_0197/Camera_09/Person_0197_Camera_09_f001110_r007.jpg,None,-1,NOISE,0.0,True,False,0.18409897,-0.040472735,0.18409899,-0.040474024,0.06235487
718,Person_0197,Warehouse_015__Person_0197,92,92,Camera_10,20,Warehouse_015,Person,1,0.6183844011142061,0,8970,/pfs/data6/home/st/st_us-053000/st_st191959/DL-Lab/DataSet/MTMC_Tracking_2025_Preprocessed/val/Warehouse_015/crops/Person_0197/Camera_10/Person_0197_Camera_10_f000000_r043.jpg,None,89,Warehouse_015__Person_0195,0.5,False,True,0.21560441,-0.030548397,0.21560442,-0.030547949,-0.011244178
736,Person_0197,Warehouse_015__Person_0197,92,92,Camera_12,22,Warehouse_015,Person,1,0.6603260869565217,0,8970,/pfs/data6/home/st/st_us-053000/st_st191959/DL-Lab/DataSet/MTMC_Tracking_2025_Preprocessed/val/Warehouse_015/crops/Person_0197/Camera_12/Person_0197_Camera_12_f000000_r036.jpg,None,-1,NOISE,0.0,True,False,0.157642,-0.054272182,0.15764208,-0.05427409,0.0035329373
159,Person_0198,Warehouse_015__Person_0198,93,93,Camera,0,Warehouse_015,Person,1,0.6666666666666666,1260,2820,/pfs/data6/home/st/st_us-053000/st_st191959/DL-Lab/DataSet/MTMC_Tracking_2025_Preprocessed/val/Warehouse_015/crops/Person_0198/Camera/Person_0198_Camera_f001260_r014.jpg,None,91,Warehouse_015__Person_0198,1.0,False,False,-0.1601257,-0.2546892,-0.16012558,-0.25468975,0.03563323
616,Person_0198,Warehouse_015__Person_0198,93,93,Camera_01,11,Warehouse_015,Person,1,0.5876623376623377,0,7920,/pfs/data6/home/st/st_us-053000/st_st191959/DL-Lab/DataSet/MTMC_Tracking_2025_Preprocessed/val/Warehouse_015/crops/Person_0198/Camera_01/Person_0198_Camera_01_f000000_r029.jpg,None,92,Warehouse_015__Person_0198,1.0,False,False,-0.034992866,-0.17348745,-0.034992773,-0.17348921,0.09977125
626,Person_0198,Warehouse_015__Person_0198,93,93,Camera_03,13,Warehouse_015,Person,1,0.6230031948881789,0,7650,/pfs/data6/home/st/st_us-053000/st_st191959/DL-Lab/DataSet/MTMC_Tracking_2025_Preprocessed/val/Warehouse_015/crops/Person_0198/Camera_03/Person_0198_Camera_03_f000000_r021.jpg,None,-1,NOISE,0.0,True,False,-0.056226708,-0.18690804,-0.056226637,-0.18690935,0.09006229
45,Person_0198,Warehouse_015__Person_0198,93,93,Camera_04,14,Warehouse_015,Person,1,0.6666666666666666,1350,2130,/pfs/data6/home/st/st_us-053000/st_st191959/DL-Lab/DataSet/MTMC_Tracking_2025_Preprocessed/val/Warehouse_015/crops/Person_0198/Camera_04/Person_0198_Camera_04_f001350_r008.jpg,None,-1,NOISE,0.0,True,False,0.12579976,-0.06398837,0.12579975,-0.063988924,0.015190932
580,Person_0198,Warehouse_015__Person_0198,93,93,Camera_05,15,Warehouse_015,Person,1,0.6620689655172414,0,8880,/pfs/data6/home/st/st_us-053000/st_st191959/DL-Lab/DataSet/MTMC_Tracking_2025_Preprocessed/val/Warehouse_015/crops/Person_0198/Camera_05/Person_0198_Camera_05_f000000_r014.jpg,None,92,Warehouse_015__Person_0198,1.0,False,False,-0.065540545,-0.17274594,-0.06554041,-0.17274855,0.13050264
162,Person_0198,Warehouse_015__Person_0198,93,93,Camera_06,16,Warehouse_015,Person,1,0.6666666666666666,5400,8970,/pfs/data6/home/st/st_us-053000/st_st191959/DL-Lab/DataSet/MTMC_Tracking_2025_Preprocessed/val/Warehouse_015/crops/Person_0198/Camera_06/Person_0198_Camera_06_f005400_r007.jpg,None,-1,NOISE,0.0,True,False,-0.13455251,-0.2681698,-0.13455239,-0.2681712,0.03988044
312,Person_0198,Warehouse_015__Person_0198,93,93,Camera_07,17,Warehouse_015,Person,1,0.6666666666666666,0,6510,/pfs/data6/home/st/st_us-053000/st_st191959/DL-Lab/DataSet/MTMC_Tracking_2025_Preprocessed/val/Warehouse_015/crops/Person_0198/Camera_07/Person_0198_Camera_07_f000000_r010.jpg,None,-1,NOISE,0.0,True,False,-0.047864344,-0.21337241,-0.04786426,-0.21337375,0.009556922
120,Person_0198,Warehouse_015__Person_0198,93,93,Camera_09,19,Warehouse_015,Person,1,0.6666666666666666,150,1320,/pfs/data6/home/st/st_us-053000/st_st191959/DL-Lab/DataSet/MTMC_Tracking_2025_Preprocessed/val/Warehouse_015/crops/Person_0198/Camera_09/Person_0198_Camera_09_f000150_r005.jpg,None,-1,NOISE,0.0,True,False,0.14379519,-0.13275495,0.14379518,-0.13275465,0.024194857
739,Person_0198,Warehouse_015__Person_0198,93,93,Camera_10,20,Warehouse_015,Person,1,0.6495263870094723,450,8820,/pfs/data6/home/st/st_us-053000/st_st191959/DL-Lab/DataSet/MTMC_Tracking_2025_Preprocessed/val/Warehouse_015/crops/Person_0198/Camera_10/Person_0198_Camera_10_f000450_r038.jpg,None,91,Warehouse_015__Person_0198,1.0,False,False,-0.13447638,-0.26405305,-0.1344764,-0.2640532,0.01427515
207,Person_0198,Warehouse_015__Person_0198,93,93,Camera_11,21,Warehouse_015,Person,1,0.6376811594202898,3150,8970,/pfs/data6/home/st/st_us-053000/st_st191959/DL-Lab/DataSet/MTMC_Tracking_2025_Preprocessed/val/Warehouse_015/crops/Person_0198/Camera_11/Person_0198_Camera_11_f003150_r008.jpg,None,-1,NOISE,0.0,True,False,0.032479282,-0.17805101,0.032479398,-0.17805205,0.09542702
364,Person_0198,Warehouse_015__Person_0198,93,93,Camera_12,22,Warehouse_015,Person,1,0.6648351648351648,0,7920,/pfs/data6/home/st/st_us-053000/st_st191959/DL-Lab/DataSet/MTMC_Tracking_2025_Preprocessed/val/Warehouse_015/crops/Person_0198/Camera_12/Person_0198_Camera_12_f000000_r029.jpg,None,-1,NOISE,0.0,True,False,-0.022522353,-0.21339914,-0.02252224,-0.21339983,0.01094998
463,Person_0199,Warehouse_015__Person_0199,94,94,Camera,0,Warehouse_015,Person,1,0.6652267818574514,3360,8970,/pfs/data6/home/st/st_us-053000/st_st191959/DL-Lab/DataSet/MTMC_Tracking_2025_Preprocessed/val/Warehouse_015/crops/Person_0199/Camera/Person_0199_Camera_f003360_r007.jpg,None,-1,NOISE,0.0,True,False,-0.114326894,-0.014916831,-0.11432691,-0.014916458,0.07435372
475,Person_0199,Warehouse_015__Person_0199,94,94,Camera_01,11,Warehouse_015,Person,1,0.5431578947368421,0,8970,/pfs/data6/home/st/st_us-053000/st_st191959/DL-Lab/DataSet/MTMC_Tracking_2025_Preprocessed/val/Warehouse_015/crops/Person_0199/Camera_01/Person_0199_Camera_01_f000000_r017.jpg,None,-1,NOISE,0.0,True,False,-0.094088115,-0.012360245,-0.09408819,-0.012359012,0.1432272
84,Person_0199,Warehouse_015__Person_0199,94,94,Camera_02,12,Warehouse_015,Person,1,0.6666666666666666,720,1950,/pfs/data6/home/st/st_us-053000/st_st191959/DL-Lab/DataSet/MTMC_Tracking_2025_Preprocessed/val/Warehouse_015/crops/Person_0199/Camera_02/Person_0199_Camera_02_f000720_r004.jpg,None,-1,NOISE,0.0,True,False,-0.26644388,-0.07420917,-0.26644397,-0.07420782,0.15440261
681,Person_0199,Warehouse_015__Person_0199,94,94,Camera_03,13,Warehouse_015,Person,1,0.6490455212922174,0,8970,/pfs/data6/home/st/st_us-053000/st_st191959/DL-Lab/DataSet/MTMC_Tracking_2025_Preprocessed/val/Warehouse_015/crops/Person_0199/Camera_03/Person_0199_Camera_03_f000000_r012.jpg,None,-1,NOISE,0.0,True,False,-0.18755093,-0.057527743,-0.187551,-0.057526235,0.14608717
45,Person_0199,Warehouse_015__Person_0199,94,94,Camera_04,14,Warehouse_015,Person,1,0.5777777777777777,3480,7500,/pfs/data6/home/st/st_us-053000/st_st191959/DL-Lab/DataSet/MTMC_Tracking_2025_Preprocessed/val/Warehouse_015/crops/Person_0199/Camera_04/Person_0199_Camera_04_f003480_r006.jpg,None,-1,NOISE,0.0,True,False,-0.2553407,-0.025918834,-0.2553408,-0.025918864,0.14359087
444,Person_0199,Warehouse_015__Person_0199,94,94,Camera_07,17,Warehouse_015,Person,1,0.6666666666666666,3450,8970,/pfs/data6/home/st/st_us-053000/st_st191959/DL-Lab/DataSet/MTMC_Tracking_2025_Preprocessed/val/Warehouse_015/crops/Person_0199/Camera_07/Person_0199_Camera_07_f003450_r004.jpg,None,-1,NOISE,0.0,True,False,-0.18828514,-0.025388852,-0.18828519,-0.025388122,0.16103782
234,Person_0199,Warehouse_015__Person_0199,94,94,Camera_08,18,Warehouse_015,Person,1,0.6581196581196581,0,2490,/pfs/data6/home/st/st_us-053000/st_st191959/DL-Lab/DataSet/MTMC_Tracking_2025_Preprocessed/val/Warehouse_015/crops/Person_0199/Camera_08/Person_0199_Camera_08_f000000_r010.jpg,None,-1,NOISE,0.0,True,False,-0.0401025,-0.046994284,-0.040102564,-0.046993613,0.08865261
372,Person_0199,Warehouse_015__Person_0199,94,94,Camera_09,19,Warehouse_015,Person,1,0.6666666666666666,3990,7740,/pfs/data6/home/st/st_us-053000/st_st191959/DL-Lab/DataSet/MTMC_Tracking_2025_Preprocessed/val/Warehouse_015/crops/Person_0199/Camera_09/Person_0199_Camera_09_f003990_r003.jpg,None,-1,NOISE,0.0,True,False,-0.19309933,-0.035898495,-0.19309932,-0.035897713,0.10072127
711,Person_0199,Warehouse_015__Person_0199,94,94,Camera_10,20,Warehouse_015,Person,1,0.630098452883263,0,8970,/pfs/data6/home/st/st_us-053000/st_st191959/DL-Lab/DataSet/MTMC_Tracking_2025_Preprocessed/val/Warehouse_015/crops/Person_0199/Camera_10/Person_0199_Camera_10_f000000_r023.jpg,None,-1,NOISE,0.0,True,False,0.043304197,0.033521153,0.04330414,0.033522453,0.053751353
497,Person_0199,Warehouse_015__Person_0199,94,94,Camera_12,22,Warehouse_015,Person,1,0.6398390342052314,0,8970,/pfs/data6/home/st/st_us-053000/st_st191959/DL-Lab/DataSet/MTMC_Tracking_2025_Preprocessed/val/Warehouse_015/crops/Person_0199/Camera_12/Person_0199_Camera_12_f000000_r019.jpg,None,-1,NOISE,0.0,True,False,-0.14998555,-0.06714677,-0.14998552,-0.067146204,0.13063785
874,Person_0200,Warehouse_015__Person_0200,95,95,Camera_01,11,Warehouse_015,Person,1,0.665903890160183,210,8970,/pfs/data6/home/st/st_us-053000/st_st191959/DL-Lab/DataSet/MTMC_Tracking_2025_Preprocessed/val/Warehouse_015/crops/Person_0200/Camera_01/Person_0200_Camera_01_f000210_r048.jpg,None,-1,NOISE,0.0,True,False,0.031766657,0.050045263,0.031766627,0.05004335,0.09784964
867,Person_0200,Warehouse_015__Person_0200,95,95,Camera_02,12,Warehouse_015,Person,1,0.6666666666666666,180,8970,/pfs/data6/home/st/st_us-053000/st_st191959/DL-Lab/DataSet/MTMC_Tracking_2025_Preprocessed/val/Warehouse_015/crops/Person_0200/Camera_02/Person_0200_Camera_02_f000180_r014.jpg,None,-1,NOISE,0.0,True,False,-0.059709784,-0.03750526,-0.05970968,-0.037507262,-0.04815934
709,Person_0200,Warehouse_015__Person_0200,95,95,Camera_03,13,Warehouse_015,Person,1,0.6600846262341326,0,8970,/pfs/data6/home/st/st_us-053000/st_st191959/DL-Lab/DataSet/MTMC_Tracking_2025_Preprocessed/val/Warehouse_015/crops/Person_0200/Camera_03/Person_0200_Camera_03_f000000_r036.jpg,None,-1,NOISE,0.0,True,False,-0.4307887,0.3089686,-0.43078893,0.30897263,0.35837942
829,Person_0200,Warehouse_015__Person_0200,95,95,Camera_08,18,Warehouse_015,Person,1,0.6537997587454765,0,8970,/pfs/data6/home/st/st_us-053000/st_st191959/DL-Lab/DataSet/MTMC_Tracking_2025_Preprocessed/val/Warehouse_015/crops/Person_0200/Camera_08/Person_0200_Camera_08_f000000_r027.jpg,None,-1,NOISE,0.0,True,False,0.24081595,0.03761919,0.24081594,0.0376199,0.015921338
710,Person_0200,Warehouse_015__Person_0200,95,95,Camera_10,20,Warehouse_015,Person,1,0.5830985915492958,0,8970,/pfs/data6/home/st/st_us-053000/st_st191959/DL-Lab/DataSet/MTMC_Tracking_2025_Preprocessed/val/Warehouse_015/crops/Person_0200/Camera_10/Person_0200_Camera_10_f000000_r054.jpg,None,-1,NOISE,0.0,True,False,0.30049664,0.17483266,0.30049667,0.17483373,0.009633957
817,Person_0200,Warehouse_015__Person_0200,95,95,Camera_12,22,Warehouse_015,Person,1,0.6340269277845777,0,8970,/pfs/data6/home/st/st_us-053000/st_st191959/DL-Lab/DataSet/MTMC_Tracking_2025_Preprocessed/val/Warehouse_015/crops/Person_0200/Camera_12/Person_0200_Camera_12_f000000_r050.jpg,None,69,Warehouse_015__Person_0168,0.7272727272727273,False,True,0.2764865,0.10686466,0.27648637,0.10686554,0.007004269
300,Person_0201,Warehouse_015__Person_0201,96,96,Camera,0,Warehouse_015,Person,1,0.6533333333333333,3030,6630,/pfs/data6/home/st/st_us-053000/st_st191959/DL-Lab/DataSet/MTMC_Tracking_2025_Preprocessed/val/Warehouse_015/crops/Person_0201/Camera/Person_0201_Camera_f003030_r014.jpg,None,52,Warehouse_015__Person_0201,0.225,False,False,0.19831538,0.1814512,0.1983154,0.18145084,0.019102443
500,Person_0201,Warehouse_015__Person_0201,96,96,Camera_01,11,Warehouse_015,Person,1,0.588,0,8850,/pfs/data6/home/st/st_us-053000/st_st191959/DL-Lab/DataSet/MTMC_Tracking_2025_Preprocessed/val/Warehouse_015/crops/Person_0201/Camera_01/Person_0201_Camera_01_f000000_r041.jpg,None,52,Warehouse_015__Person_0201,0.225,False,False,0.18723512,0.10775173,0.1872351,0.10775138,0.0677383
12,Person_0201,Warehouse_015__Person_0201,96,96,Camera_02,12,Warehouse_015,Person,1,0.6666666666666666,8340,8430,/pfs/data6/home/st/st_us-053000/st_st191959/DL-Lab/DataSet/MTMC_Tracking_2025_Preprocessed/val/Warehouse_015/crops/Person_0201/Camera_02/Person_0201_Camera_02_f008340_r010.jpg,None,-1,NOISE,0.0,True,False,0.017778939,-0.009822085,0.017778944,-0.009823371,0.06656005
397,Person_0201,Warehouse_015__Person_0201,96,96,Camera_03,13,Warehouse_015,Person,1,0.654911838790932,0,7950,/pfs/data6/home/st/st_us-053000/st_st191959/DL-Lab/DataSet/MTMC_Tracking_2025_Preprocessed/val/Warehouse_015/crops/Person_0201/Camera_03/Person_0201_Camera_03_f000000_r032.jpg,None,52,Warehouse_015__Person_0201,0.225,False,False,0.21255144,0.13743962,0.21255141,0.13743944,0.07336341
230,Person_0201,Warehouse_015__Person_0201,96,96,Camera_04,14,Warehouse_015,Person,1,0.6608695652173913,3300,6720,/pfs/data6/home/st/st_us-053000/st_st191959/DL-Lab/DataSet/MTMC_Tracking_2025_Preprocessed/val/Warehouse_015/crops/Person_0201/Camera_04/Person_0201_Camera_04_f003300_r010.jpg,None,52,Warehouse_015__Person_0201,0.225,False,False,0.20998998,0.15939166,0.20998998,0.15939257,0.021487406
354,Person_0201,Warehouse_015__Person_0201,96,96,Camera_05,15,Warehouse_015,Person,1,0.6271186440677966,0,8970,/pfs/data6/home/st/st_us-053000/st_st191959/DL-Lab/DataSet/MTMC_Tracking_2025_Preprocessed/val/Warehouse_015/crops/Person_0201/Camera_05/Person_0201_Camera_05_f000000_r024.jpg,None,52,Warehouse_015__Person_0201,0.225,False,False,0.17107263,0.08891478,0.1710725,0.08891404,0.07321098
171,Person_0201,Warehouse_015__Person_0201,96,96,Camera_06,16,Warehouse_015,Person,1,0.6666666666666666,660,8970,/pfs/data6/home/st/st_us-053000/st_st191959/DL-Lab/DataSet/MTMC_Tracking_2025_Preprocessed/val/Warehouse_015/crops/Person_0201/Camera_06/Person_0201_Camera_06_f000660_r005.jpg,None,52,Warehouse_015__Person_0201,0.225,False,False,0.20052822,0.12164698,0.20052812,0.12164677,0.0748961
102,Person_0201,Warehouse_015__Person_0201,96,96,Camera_07,17,Warehouse_015,Person,1,0.6666666666666666,0,4500,/pfs/data6/home/st/st_us-053000/st_st191959/DL-Lab/DataSet/MTMC_Tracking_2025_Preprocessed/val/Warehouse_015/crops/Person_0201/Camera_07/Person_0201_Camera_07_f000000_r014.jpg,None,-1,NOISE,0.0,True,False,0.19668922,0.1369854,0.19668919,0.13698614,0.12544334
284,Person_0201,Warehouse_015__Person_0201,96,96,Camera_08,18,Warehouse_015,Person,1,0.647887323943662,2550,7530,/pfs/data6/home/st/st_us-053000/st_st191959/DL-Lab/DataSet/MTMC_Tracking_2025_Preprocessed/val/Warehouse_015/crops/Person_0201/Camera_08/Person_0201_Camera_08_f002550_r017.jpg,None,52,Warehouse_015__Person_0201,0.225,False,False,0.18666779,0.15240401,0.18666777,0.15240408,0.027388558
547,Person_0201,Warehouse_015__Person_0201,96,96,Camera_10,20,Warehouse_015,Person,1,0.5411334552102377,390,8880,/pfs/data6/home/st/st_us-053000/st_st191959/DL-Lab/DataSet/MTMC_Tracking_2025_Preprocessed/val/Warehouse_015/crops/Person_0201/Camera_10/Person_0201_Camera_10_f000390_r052.jpg,None,52,Warehouse_015__Person_0201,0.225,False,False,0.1684568,0.10602997,0.16845678,0.10603007,0.01421672
153,Person_0201,Warehouse_015__Person_0201,96,96,Camera_11,21,Warehouse_015,Person,1,0.6666666666666666,780,8970,/pfs/data6/home/st/st_us-053000/st_st191959/DL-Lab/DataSet/MTMC_Tracking_2025_Preprocessed/val/Warehouse_015/crops/Person_0201/Camera_11/Person_0201_Camera_11_f000780_r009.jpg,None,-1,NOISE,0.0,True,False,0.14502753,0.046629548,0.1450275,0.04662926,0.10200539
511,Person_0201,Warehouse_015__Person_0201,96,96,Camera_12,22,Warehouse_015,Person,1,0.6418786692759295,420,8970,/pfs/data6/home/st/st_us-053000/st_st191959/DL-Lab/DataSet/MTMC_Tracking_2025_Preprocessed/val/Warehouse_015/crops/Person_0201/Camera_12/Person_0201_Camera_12_f000420_r053.jpg,None,52,Warehouse_015__Person_0201,0.225,False,False,0.17579518,0.14057823,0.1757951,0.14057851,0.01991623
78,Person_0202,Warehouse_015__Person_0202,97,97,Camera,0,Warehouse_015,Person,1,0.6666666666666666,330,1380,/pfs/data6/home/st/st_us-053000/st_st191959/DL-Lab/DataSet/MTMC_Tracking_2025_Preprocessed/val/Warehouse_015/crops/Person_0202/Camera/Person_0202_Camera_f000330_r017.jpg,None,-1,NOISE,0.0,True,False,-0.27785382,-0.18461457,-0.27785376,-0.18461345,-0.19640252
700,Person_0202,Warehouse_015__Person_0202,97,97,Camera_01,11,Warehouse_015,Person,1,0.6514285714285715,0,8970,/pfs/data6/home/st/st_us-053000/st_st191959/DL-Lab/DataSet/MTMC_Tracking_2025_Preprocessed/val/Warehouse_015/crops/Person_0202/Camera_01/Person_0202_Camera_01_f000000_r038.jpg,None,93,Warehouse_015__Person_0202,1.0,False,False,-0.06233691,-0.18399638,-0.06233688,-0.18399513,-0.13032007
295,Person_0202,Warehouse_015__Person_0202,97,97,Camera_02,12,Warehouse_015,Person,1,0.6644067796610169,4020,8970,/pfs/data6/home/st/st_us-053000/st_st191959/DL-Lab/DataSet/MTMC_Tracking_2025_Preprocessed/val/Warehouse_015/crops/Person_0202/Camera_02/Person_0202_Camera_02_f004020_r008.jpg,None,-1,NOISE,0.0,True,False,-0.02512914,-0.17364219,-0.025129158,-0.17364027,-0.16058739
257,Person_0202,Warehouse_015__Person_0202,97,97,Camera_03,13,Warehouse_015,Person,1,0.6536964980544747,0,2700,/pfs/data6/home/st/st_us-053000/st_st191959/DL-Lab/DataSet/MTMC_Tracking_2025_Preprocessed/val/Warehouse_015/crops/Person_0202/Camera_03/Person_0202_Camera_03_f000000_r030.jpg,None,-1,NOISE,0.0,True,False,0.022868557,-0.18698992,0.0228686,-0.18698785,-0.03717056
571,Person_0202,Warehouse_015__Person_0202,97,97,Camera_05,15,Warehouse_015,Person,1,0.6619964973730298,0,8970,/pfs/data6/home/st/st_us-053000/st_st191959/DL-Lab/DataSet/MTMC_Tracking_2025_Preprocessed/val/Warehouse_015/crops/Person_0202/Camera_05/Person_0202_Camera_05_f000000_r021.jpg,None,93,Warehouse_015__Person_0202,1.0,False,False,-0.106210776,-0.20890892,-0.10621074,-0.20890853,-0.08142781
70,Person_0202,Warehouse_015__Person_0202,97,97,Camera_06,16,Warehouse_015,Person,1,0.6285714285714286,2730,6810,/pfs/data6/home/st/st_us-053000/st_st191959/DL-Lab/DataSet/MTMC_Tracking_2025_Preprocessed/val/Warehouse_015/crops/Person_0202/Camera_06/Person_0202_Camera_06_f002730_r011.jpg,None,93,Warehouse_015__Person_0202,1.0,False,False,-0.01031294,-0.1564238,-0.010312901,-0.15642257,-0.12593196
114,Person_0202,Warehouse_015__Person_0202,97,97,Camera_07,17,Warehouse_015,Person,1,0.6666666666666666,0,1110,/pfs/data6/home/st/st_us-053000/st_st191959/DL-Lab/DataSet/MTMC_Tracking_2025_Preprocessed/val/Warehouse_015/crops/Person_0202/Camera_07/Person_0202_Camera_07_f000000_r012.jpg,None,-1,NOISE,0.0,True,False,0.042371243,-0.16912356,0.042371318,-0.169123,-0.027339153
106,Person_0202,Warehouse_015__Person_0202,97,97,Camera_08,18,Warehouse_015,Person,1,0.6037735849056604,4080,8970,/pfs/data6/home/st/st_us-053000/st_st191959/DL-Lab/DataSet/MTMC_Tracking_2025_Preprocessed/val/Warehouse_015/crops/Person_0202/Camera_08/Person_0202_Camera_08_f004080_r018.jpg,None,-1,NOISE,0.0,True,False,-0.0999749,-0.13900594,-0.09997482,-0.13900587,-0.12235882
6,Person_0202,Warehouse_015__Person_0202,97,97,Camera_09,19,Warehouse_015,Person,1,0.6666666666666666,390,420,/pfs/data6/home/st/st_us-053000/st_st191959/DL-Lab/DataSet/MTMC_Tracking_2025_Preprocessed/val/Warehouse_015/crops/Person_0202/Camera_09/Person_0202_Camera_09_f000390_r004.jpg,None,-1,NOISE,0.0,True,False,-0.32855907,0.19619177,-0.32855937,0.1961968,-0.068044394
657,Person_0202,Warehouse_015__Person_0202,97,97,Camera_10,20,Warehouse_015,Person,1,0.6605783866057838,330,8970,/pfs/data6/home/st/st_us-053000/st_st191959/DL-Lab/DataSet/MTMC_Tracking_2025_Preprocessed/val/Warehouse_015/crops/Person_0202/Camera_10/Person_0202_Camera_10_f000330_r054.jpg,None,93,Warehouse_015__Person_0202,1.0,False,False,-0.09207191,-0.19402088,-0.092071936,-0.19401915,-0.17078167
219,Person_0202,Warehouse_015__Person_0202,97,97,Camera_11,21,Warehouse_015,Person,1,0.6666666666666666,2760,7470,/pfs/data6/home/st/st_us-053000/st_st191959/DL-Lab/DataSet/MTMC_Tracking_2025_Preprocessed/val/Warehouse_015/crops/Person_0202/Camera_11/Person_0202_Camera_11_f002760_r011.jpg,None,-1,NOISE,0.0,True,False,-0.055124685,-0.1781825,-0.055124562,-0.17818144,-0.118343875
644,Person_0202,Warehouse_015__Person_0202,97,97,Camera_12,22,Warehouse_015,Person,1,0.5962732919254659,330,8970,/pfs/data6/home/st/st_us-053000/st_st191959/DL-Lab/DataSet/MTMC_Tracking_2025_Preprocessed/val/Warehouse_015/crops/Person_0202/Camera_12/Person_0202_Camera_12_f000330_r043.jpg,None,-1,NOISE,0.0,True,False,-0.022974458,-0.117152125,-0.022974463,-0.11715035,-0.17255338
138,Person_0215,Warehouse_015__Person_0215,98,98,Camera,0,Warehouse_015,Person,1,0.6666666666666666,7500,8850,/pfs/data6/home/st/st_us-053000/st_st191959/DL-Lab/DataSet/MTMC_Tracking_2025_Preprocessed/val/Warehouse_015/crops/Person_0215/Camera/Person_0215_Camera_f007500_r010.jpg,None,-1,NOISE,0.0,True,False,0.04351613,-0.06523292,0.04351621,-0.06523579,0.21264736
641,Person_0215,Warehouse_015__Person_0215,98,98,Camera_01,11,Warehouse_015,Person,1,0.6021840873634945,0,8970,/pfs/data6/home/st/st_us-053000/st_st191959/DL-Lab/DataSet/MTMC_Tracking_2025_Preprocessed/val/Warehouse_015/crops/Person_0215/Camera_01/Person_0215_Camera_01_f000000_r015.jpg,None,94,Warehouse_015__Person_0215,1.0,False,False,0.16120934,-0.030638717,0.16120942,-0.03063923,0.11274619
45,Person_0215,Warehouse_015__Person_0215,98,98,Camera_02,12,Warehouse_015,Person,1,0.5777777777777777,1380,1950,/pfs/data6/home/st/st_us-053000/st_st191959/DL-Lab/DataSet/MTMC_Tracking_2025_Preprocessed/val/Warehouse_015/crops/Person_0215/Camera_02/Person_0215_Camera_02_f001380_r006.jpg,None,-1,NOISE,0.0,True,False,-0.21476686,0.20770618,-0.21476702,0.2077049,0.019140972
603,Person_0215,Warehouse_015__Person_0215,98,98,Camera_03,13,Warehouse_015,Person,1,0.6533996683250415,120,8970,/pfs/data6/home/st/st_us-053000/st_st191959/DL-Lab/DataSet/MTMC_Tracking_2025_Preprocessed/val/Warehouse_015/crops/Person_0215/Camera_03/Person_0215_Camera_03_f000120_r011.jpg,None,94,Warehouse_015__Person_0215,1.0,False,False,0.17702642,-0.017186228,0.17702638,-0.017187271,0.18100709
36,Person_0215,Warehouse_015__Person_0215,98,98,Camera_04,14,Warehouse_015,Person,1,0.6666666666666666,8220,8550,/pfs/data6/home/st/st_us-053000/st_st191959/DL-Lab/DataSet/MTMC_Tracking_2025_Preprocessed/val/Warehouse_015/crops/Person_0215/Camera_04/Person_0215_Camera_04_f008220_r007.jpg,None,-1,NOISE,0.0,True,False,-0.326735,0.13668434,-0.32673517,0.13668755,0.12183643
423,Person_0215,Warehouse_015__Person_0215,98,98,Camera_05,15,Warehouse_015,Person,1,0.6524822695035462,0,7410,/pfs/data6/home/st/st_us-053000/st_st191959/DL-Lab/DataSet/MTMC_Tracking_2025_Preprocessed/val/Warehouse_015/crops/Person_0215/Camera_05/Person_0215_Camera_05_f000000_r009.jpg,None,94,Warehouse_015__Person_0215,1.0,False,False,0.14066307,-0.07336535,0.14066312,-0.07336665,0.15238091
165,Person_0215,Warehouse_015__Person_0215,98,98,Camera_06,16,Warehouse_015,Person,1,0.6666666666666666,1770,3450,/pfs/data6/home/st/st_us-053000/st_st191959/DL-Lab/DataSet/MTMC_Tracking_2025_Preprocessed/val/Warehouse_015/crops/Person_0215/Camera_06/Person_0215_Camera_06_f001770_r002.jpg,None,94,Warehouse_015__Person_0215,1.0,False,False,0.107534826,-0.02002015,0.10753492,-0.02002146,0.15098144
167,Person_0215,Warehouse_015__Person_0215,98,98,Camera_07,17,Warehouse_015,Person,1,0.6586826347305389,6450,8790,/pfs/data6/home/st/st_us-053000/st_st191959/DL-Lab/DataSet/MTMC_Tracking_2025_Preprocessed/val/Warehouse_015/crops/Person_0215/Camera_07/Person_0215_Camera_07_f006450_r007.jpg,None,94,Warehouse_015__Person_0215,1.0,False,False,0.18968636,-0.032774802,0.18968649,-0.032775823,0.16757259
57,Person_0215,Warehouse_015__Person_0215,98,98,Camera_08,18,Warehouse_015,Person,1,0.6666666666666666,3780,4680,/pfs/data6/home/st/st_us-053000/st_st191959/DL-Lab/DataSet/MTMC_Tracking_2025_Preprocessed/val/Warehouse_015/crops/Person_0215/Camera_08/Person_0215_Camera_08_f003780_r013.jpg,None,-1,NOISE,0.0,True,False,0.07138717,-0.11629295,0.07138724,-0.116293594,0.13546462
45,Person_0215,Warehouse_015__Person_0215,98,98,Camera_09,19,Warehouse_015,Person,1,0.6666666666666666,8010,8460,/pfs/data6/home/st/st_us-053000/st_st191959/DL-Lab/DataSet/MTMC_Tracking_2025_Preprocessed/val/Warehouse_015/crops/Person_0215/Camera_09/Person_0215_Camera_09_f008010_r002.jpg,None,-1,NOISE,0.0,True,False,0.20182799,0.091337286,0.20182796,0.091335915,0.03548701
723,Person_0215,Warehouse_015__Person_0215,98,98,Camera_10,20,Warehouse_015,Person,1,0.6334716459197787,0,8910,/pfs/data6/home/st/st_us-053000/st_st191959/DL-Lab/DataSet/MTMC_Tracking_2025_Preprocessed/val/Warehouse_015/crops/Person_0215/Camera_10/Person_0215_Camera_10_f000000_r019.jpg,None,94,Warehouse_015__Person_0215,1.0,False,False,0.1793941,0.009818207,0.17939414,0.009817537,0.040559065
147,Person_0215,Warehouse_015__Person_0215,98,98,Camera_11,21,Warehouse_015,Person,1,0.6666666666666666,1380,2970,/pfs/data6/home/st/st_us-053000/st_st191959/DL-Lab/DataSet/MTMC_Tracking_2025_Preprocessed/val/Warehouse_015/crops/Person_0215/Camera_11/Person_0215_Camera_11_f001380_r003.jpg,None,94,Warehouse_015__Person_0215,1.0,False,False,0.21901284,-0.014164924,0.2190128,-0.014165062,0.17305861
687,Person_0215,Warehouse_015__Person_0215,98,98,Camera_12,22,Warehouse_015,Person,1,0.6404657933042213,0,8970,/pfs/data6/home/st/st_us-053000/st_st191959/DL-Lab/DataSet/MTMC_Tracking_2025_Preprocessed/val/Warehouse_015/crops/Person_0215/Camera_12/Person_0215_Camera_12_f000000_r018.jpg,None,94,Warehouse_015__Person_0215,1.0,False,False,0.19449914,0.0057105115,0.19449912,0.0057095876,0.08889811
156,Person_0216,Warehouse_015__Person_0216,99,99,Camera,0,Warehouse_015,Person,1,0.6410256410256411,7290,8970,/pfs/data6/home/st/st_us-053000/st_st191959/DL-Lab/DataSet/MTMC_Tracking_2025_Preprocessed/val/Warehouse_015/crops/Person_0216/Camera/Person_0216_Camera_f007290_r019.jpg,None,95,Warehouse_015__Person_0216,1.0,False,False,0.18400913,-0.020794122,0.1840092,-0.020793509,0.088532105
334,Person_0216,Warehouse_015__Person_0216,99,99,Camera_01,11,Warehouse_015,Person,1,0.6467065868263473,0,8970,/pfs/data6/home/st/st_us-053000/st_st191959/DL-Lab/DataSet/MTMC_Tracking_2025_Preprocessed/val/Warehouse_015/crops/Person_0216/Camera_01/Person_0216_Camera_01_f000000_r046.jpg,None,-1,NOISE,0.0,True,False,0.12693822,-0.034942526,0.12693824,-0.03494294,0.07653968
630,Person_0216,Warehouse_015__Person_0216,99,99,Camera_02,12,Warehouse_015,Person,1,0.6666666666666666,0,6480,/pfs/data6/home/st/st_us-053000/st_st191959/DL-Lab/DataSet/MTMC_Tracking_2025_Preprocessed/val/Warehouse_015/crops/Person_0216/Camera_02/Person_0216_Camera_02_f000000_r015.jpg,None,-1,NOISE,0.0,True,False,0.21140786,-0.009122554,0.21140794,-0.00912196,0.03047237
101,Person_0216,Warehouse_015__Person_0216,99,99,Camera_03,13,Warehouse_015,Person,1,0.6336633663366337,6480,8970,/pfs/data6/home/st/st_us-053000/st_st191959/DL-Lab/DataSet/MTMC_Tracking_2025_Preprocessed/val/Warehouse_015/crops/Person_0216/Camera_03/Person_0216_Camera_03_f006480_r033.jpg,None,-1,NOISE,0.0,True,False,0.12833248,-0.028028918,0.12833253,-0.028030189,0.0901677
160,Person_0216,Warehouse_015__Person_0216,99,99,Camera_04,14,Warehouse_015,Person,1,0.6625,7230,8970,/pfs/data6/home/st/st_us-053000/st_st191959/DL-Lab/DataSet/MTMC_Tracking_2025_Preprocessed/val/Warehouse_015/crops/Person_0216/Camera_04/Person_0216_Camera_04_f007230_r009.jpg,None,-1,NOISE,0.0,True,False,0.13642506,-0.008665633,0.13642511,-0.008665298,0.011787893
255,Person_0216,Warehouse_015__Person_0216,99,99,Camera_05,15,Warehouse_015,Person,1,0.6666666666666666,0,2790,/pfs/data6/home/st/st_us-053000/st_st191959/DL-Lab/DataSet/MTMC_Tracking_2025_Preprocessed/val/Warehouse_015/crops/Person_0216/Camera_05/Person_0216_Camera_05_f000000_r027.jpg,None,-1,NOISE,0.0,True,False,-0.4522769,0.2839031,-0.4522772,0.2839087,0.23503746
12,Person_0216,Warehouse_015__Person_0216,99,99,Camera_07,17,Warehouse_015,Person,1,0.6666666666666666,8880,8970,/pfs/data6/home/st/st_us-053000/st_st191959/DL-Lab/DataSet/MTMC_Tracking_2025_Preprocessed/val/Warehouse_015/crops/Person_0216/Camera_07/Person_0216_Camera_07_f008880_r009.jpg,None,-1,NOISE,0.0,True,False,-0.3691371,0.32087296,-0.36913738,0.32087496,0.21141075
404,Person_0216,Warehouse_015__Person_0216,99,99,Camera_08,18,Warehouse_015,Person,1,0.5148514851485149,300,8850,/pfs/data6/home/st/st_us-053000/st_st191959/DL-Lab/DataSet/MTMC_Tracking_2025_Preprocessed/val/Warehouse_015/crops/Person_0216/Camera_08/Person_0216_Camera_08_f000300_r024.jpg,None,96,Warehouse_015__Person_0216,1.0,False,False,0.22691008,0.0264711,0.22691007,0.02647198,0.038037393
316,Person_0216,Warehouse_015__Person_0216,99,99,Camera_10,20,Warehouse_015,Person,1,0.4873417721518987,0,8970,/pfs/data6/home/st/st_us-053000/st_st191959/DL-Lab/DataSet/MTMC_Tracking_2025_Preprocessed/val/Warehouse_015/crops/Person_0216/Camera_10/Person_0216_Camera_10_f000000_r052.jpg,None,96,Warehouse_015__Person_0216,1.0,False,False,0.21788101,-0.0047950656,0.21788102,-0.0047938502,0.020376803
288,Person_0216,Warehouse_015__Person_0216,99,99,Camera_12,22,Warehouse_015,Person,1,0.3958333333333333,0,8250,/pfs/data6/home/st/st_us-053000/st_st191959/DL-Lab/DataSet/MTMC_Tracking_2025_Preprocessed/val/Warehouse_015/crops/Person_0216/Camera_12/Person_0216_Camera_12_f000000_r049.jpg,None,95,Warehouse_015__Person_0216,1.0,False,False,0.18128647,0.028664313,0.18128645,0.02866517,-0.00041539615
375,Person_0217,Warehouse_015__Person_0217,100,100,Camera,0,Warehouse_015,Person,1,0.6666666666666666,3990,8970,/pfs/data6/home/st/st_us-053000/st_st191959/DL-Lab/DataSet/MTMC_Tracking_2025_Preprocessed/val/Warehouse_015/crops/Person_0217/Camera/Person_0217_Camera_f003990_r002.jpg,None,-1,NOISE,0.0,True,False,-0.12563436,-0.116374135,-0.12563431,-0.1163732,0.14699748
604,Person_0217,Warehouse_015__Person_0217,100,100,Camera_01,11,Warehouse_015,Person,1,0.5761589403973509,210,8970,/pfs/data6/home/st/st_us-053000/st_st191959/DL-Lab/DataSet/MTMC_Tracking_2025_Preprocessed/val/Warehouse_015/crops/Person_0217/Camera_01/Person_0217_Camera_01_f000210_r005.jpg,None,72,Warehouse_015__Person_0217,0.4444444444444444,False,False,0.092873536,-0.057676807,0.09287358,-0.057675865,0.09842834
177,Person_0217,Warehouse_015__Person_0217,100,100,Camera_02,12,Warehouse_015,Person,1,0.632768361581921,0,2160,/pfs/data6/home/st/st_us-053000/st_st191959/DL-Lab/DataSet/MTMC_Tracking_2025_Preprocessed/val/Warehouse_015/crops/Person_0217/Camera_02/Person_0217_Camera_02_f000000_r001.jpg,None,-1,NOISE,0.0,True,False,0.18117529,-0.045049455,0.18117534,-0.04504866,0.12614049
598,Person_0217,Warehouse_015__Person_0217,100,100,Camera_03,13,Warehouse_015,Person,1,0.6421404682274248,2250,8970,/pfs/data6/home/st/st_us-053000/st_st191959/DL-Lab/DataSet/MTMC_Tracking_2025_Preprocessed/val/Warehouse_015/crops/Person_0217/Camera_03/Person_0217_Camera_03_f002250_r005.jpg,None,72,Warehouse_015__Person_0217,0.4444444444444444,False,False,0.11120893,-0.09062658,0.111208975,-0.09062534,0.14413187
46,Person_0217,Warehouse_015__Person_0217,100,100,Camera_04,14,Warehouse_015,Person,1,0.6521739130434783,5940,8970,/pfs/data6/home/st/st_us-053000/st_st191959/DL-Lab/DataSet/MTMC_Tracking_2025_Preprocessed/val/Warehouse_015/crops/Person_0217/Camera_04/Person_0217_Camera_04_f005940_r001.jpg,None,-1,NOISE,0.0,True,False,0.06462323,-0.080841556,0.06462329,-0.08084082,0.13403925
250,Person_0217,Warehouse_015__Person_0217,100,100,Camera_05,15,Warehouse_015,Person,1,0.648,0,6900,/pfs/data6/home/st/st_us-053000/st_st191959/DL-Lab/DataSet/MTMC_Tracking_2025_Preprocessed/val/Warehouse_015/crops/Person_0217/Camera_05/Person_0217_Camera_05_f000000_r003.jpg,None,-1,NOISE,0.0,True,False,-0.034189254,-0.15011261,-0.034189224,-0.15011254,0.1941357
6,Person_0217,Warehouse_015__Person_0217,100,100,Camera_06,16,Warehouse_015,Person,1,0.6666666666666666,3210,3240,/pfs/data6/home/st/st_us-053000/st_st191959/DL-Lab/DataSet/MTMC_Tracking_2025_Preprocessed/val/Warehouse_015/crops/Person_0217/Camera_06/Person_0217_Camera_06_f003210_r001.jpg,None,-1,NOISE,0.0,True,False,-0.2628604,0.14388022,-0.26286045,0.14388023,0.09484378
322,Person_0217,Warehouse_015__Person_0217,100,100,Camera_07,17,Warehouse_015,Person,1,0.6645962732919255,3990,8970,/pfs/data6/home/st/st_us-053000/st_st191959/DL-Lab/DataSet/MTMC_Tracking_2025_Preprocessed/val/Warehouse_015/crops/Person_0217/Camera_07/Person_0217_Camera_07_f003990_r003.jpg,None,-1,NOISE,0.0,True,False,0.049937647,-0.1272536,0.049937673,-0.12725201,0.15938342
73,Person_0217,Warehouse_015__Person_0217,100,100,Camera_08,18,Warehouse_015,Person,1,0.5205479452054794,840,1920,/pfs/data6/home/st/st_us-053000/st_st191959/DL-Lab/DataSet/MTMC_Tracking_2025_Preprocessed/val/Warehouse_015/crops/Person_0217/Camera_08/Person_0217_Camera_08_f000840_r004.jpg,None,72,Warehouse_015__Person_0217,0.4444444444444444,False,False,0.13223334,-0.016717969,0.13223334,-0.01671786,0.051540144
255,Person_0217,Warehouse_015__Person_0217,100,100,Camera_09,19,Warehouse_015,Person,1,0.6666666666666666,5130,8880,/pfs/data6/home/st/st_us-053000/st_st191959/DL-Lab/DataSet/MTMC_Tracking_2025_Preprocessed/val/Warehouse_015/crops/Person_0217/Camera_09/Person_0217_Camera_09_f005130_r000.jpg,None,-1,NOISE,0.0,True,False,0.042331014,-0.05940609,0.042331036,-0.059404306,0.11182529
705,Person_0217,Warehouse_015__Person_0217,100,100,Camera_10,20,Warehouse_015,Person,1,0.649645390070922,210,8970,/pfs/data6/home/st/st_us-053000/st_st191959/DL-Lab/DataSet/MTMC_Tracking_2025_Preprocessed/val/Warehouse_015/crops/Person_0217/Camera_10/Person_0217_Camera_10_f000210_r006.jpg,None,72,Warehouse_015__Person_0217,0.4444444444444444,False,False,0.086203046,-0.043476127,0.08620307,-0.04347466,0.03825519
45,Person_0217,Warehouse_015__Person_0217,100,100,Camera_11,21,Warehouse_015,Person,1,0.6666666666666666,0,750,/pfs/data6/home/st/st_us-053000/st_st191959/DL-Lab/DataSet/MTMC_Tracking_2025_Preprocessed/val/Warehouse_015/crops/Person_0217/Camera_11/Person_0217_Camera_11_f000000_r001.jpg,None,-1,NOISE,0.0,True,False,0.011419948,-0.122182176,0.011420038,-0.122181356,0.14541838
638,Person_0217,Warehouse_015__Person_0217,100,100,Camera_12,22,Warehouse_015,Person,1,0.6332288401253918,0,8970,/pfs/data6/home/st/st_us-053000/st_st191959/DL-Lab/DataSet/MTMC_Tracking_2025_Preprocessed/val/Warehouse_015/crops/Person_0217/Camera_12/Person_0217_Camera_12_f000000_r006.jpg,None,-1,NOISE,0.0,True,False,0.050878108,-0.11593721,0.050878137,-0.115936026,0.08809906
99,Person_0218,Warehouse_015__Person_0218,101,101,Camera,0,Warehouse_015,Person,1,0.6666666666666666,4080,5040,/pfs/data6/home/st/st_us-053000/st_st191959/DL-Lab/DataSet/MTMC_Tracking_2025_Preprocessed/val/Warehouse_015/crops/Person_0218/Camera/Person_0218_Camera_f004080_r019.jpg,None,-1,NOISE,0.0,True,False,0.06262568,0.0041304687,0.06262564,0.0041320315,0.115335636
491,Person_0218,Warehouse_015__Person_0218,101,101,Camera_01,11,Warehouse_015,Person,1,0.6639511201629328,0,8940,/pfs/data6/home/st/st_us-053000/st_st191959/DL-Lab/DataSet/MTMC_Tracking_2025_Preprocessed/val/Warehouse_015/crops/Person_0218/Camera_01/Person_0218_Camera_01_f000000_r034.jpg,None,97,Warehouse_015__Person_0218,1.0,False,False,0.037596725,-0.043982353,0.03759674,-0.043982945,0.19990845
279,Person_0218,Warehouse_015__Person_0218,101,101,Camera_02,12,Warehouse_015,Person,1,0.6666666666666666,570,6720,/pfs/data6/home/st/st_us-053000/st_st191959/DL-Lab/DataSet/MTMC_Tracking_2025_Preprocessed/val/Warehouse_015/crops/Person_0218/Camera_02/Person_0218_Camera_02_f000570_r007.jpg,None,98,Warehouse_015__Person_0218,1.0,False,False,0.18029946,-0.0050622723,0.18029946,-0.005061806,0.090798445
309,Person_0218,Warehouse_015__Person_0218,101,101,Camera_03,13,Warehouse_015,Person,1,0.6666666666666666,3480,8970,/pfs/data6/home/st/st_us-053000/st_st191959/DL-Lab/DataSet/MTMC_Tracking_2025_Preprocessed/val/Warehouse_015/crops/Person_0218/Camera_03/Person_0218_Camera_03_f003480_r030.jpg,None,-1,NOISE,0.0,True,False,-0.065969735,-0.08515501,-0.06596975,-0.08515533,0.27193484
102,Person_0218,Warehouse_015__Person_0218,101,101,Camera_04,14,Warehouse_015,Person,1,0.6666666666666666,4050,5040,/pfs/data6/home/st/st_us-053000/st_st191959/DL-Lab/DataSet/MTMC_Tracking_2025_Preprocessed/val/Warehouse_015/crops/Person_0218/Camera_04/Person_0218_Camera_04_f004050_r010.jpg,None,98,Warehouse_015__Person_0218,1.0,False,False,0.17109796,0.0051687383,0.171098,0.0051697753,0.12513973
187,Person_0218,Warehouse_015__Person_0218,101,101,Camera_05,15,Warehouse_015,Person,1,0.6310160427807486,0,7710,/pfs/data6/home/st/st_us-053000/st_st191959/DL-Lab/DataSet/MTMC_Tracking_2025_Preprocessed/val/Warehouse_015/crops/Person_0218/Camera_05/Person_0218_Camera_05_f000000_r017.jpg,None,97,Warehouse_015__Person_0218,1.0,False,False,0.053415395,-0.0577275,0.053415418,-0.057727292,0.20634864
366,Person_0218,Warehouse_015__Person_0218,101,101,Camera_08,18,Warehouse_015,Person,1,0.5846994535519126,1530,8910,/pfs/data6/home/st/st_us-053000/st_st191959/DL-Lab/DataSet/MTMC_Tracking_2025_Preprocessed/val/Warehouse_015/crops/Person_0218/Camera_08/Person_0218_Camera_08_f001530_r018.jpg,None,98,Warehouse_015__Person_0218,1.0,False,False,0.15231319,0.03329207,0.15231322,0.033292726,0.04855385
568,Person_0218,Warehouse_015__Person_0218,101,101,Camera_10,20,Warehouse_015,Person,1,0.6232394366197183,0,8970,/pfs/data6/home/st/st_us-053000/st_st191959/DL-Lab/DataSet/MTMC_Tracking_2025_Preprocessed/val/Warehouse_015/crops/Person_0218/Camera_10/Person_0218_Camera_10_f000000_r042.jpg,None,-1,NOISE,0.0,True,False,0.094128266,0.0029036081,0.09412825,0.0029040452,0.08238427
87,Person_0218,Warehouse_015__Person_0218,101,101,Camera_11,21,Warehouse_015,Person,1,0.6666666666666666,0,2220,/pfs/data6/home/st/st_us-053000/st_st191959/DL-Lab/DataSet/MTMC_Tracking_2025_Preprocessed/val/Warehouse_015/crops/Person_0218/Camera_11/Person_0218_Camera_11_f000000_r009.jpg,None,-1,NOISE,0.0,True,False,-0.043860085,-0.08750331,-0.043860078,-0.08750378,0.25206962
569,Person_0218,Warehouse_015__Person_0218,101,101,Camera_12,22,Warehouse_015,Person,1,0.5588752196836555,0,8970,/pfs/data6/home/st/st_us-053000/st_st191959/DL-Lab/DataSet/MTMC_Tracking_2025_Preprocessed/val/Warehouse_015/crops/Person_0218/Camera_12/Person_0218_Camera_12_f000000_r035.jpg,None,98,Warehouse_015__Person_0218,1.0,False,False,0.17308176,0.02025484,0.17308179,0.02025568,0.059531562
504,Person_0219,Warehouse_015__Person_0219,102,102,Camera_01,11,Warehouse_015,Person,1,0.6626984126984127,0,7920,/pfs/data6/home/st/st_us-053000/st_st191959/DL-Lab/DataSet/MTMC_Tracking_2025_Preprocessed/val/Warehouse_015/crops/Person_0219/Camera_01/Person_0219_Camera_01_f000000_r039.jpg,None,-1,NOISE,0.0,True,False,0.0715372,-0.13898374,0.07153716,-0.1389824,0.047527052
262,Person_0219,Warehouse_015__Person_0219,102,102,Camera_02,12,Warehouse_015,Person,1,0.6641221374045801,930,8070,/pfs/data6/home/st/st_us-053000/st_st191959/DL-Lab/DataSet/MTMC_Tracking_2025_Preprocessed/val/Warehouse_015/crops/Person_0219/Camera_02/Person_0219_Camera_02_f000930_r009.jpg,None,99,Warehouse_015__Person_0219,1.0,False,False,0.20960544,-0.043190755,0.20960543,-0.043188643,-0.019281441
628,Person_0219,Warehouse_015__Person_0219,102,102,Camera_05,15,Warehouse_015,Person,1,0.6624203821656051,0,8970,/pfs/data6/home/st/st_us-053000/st_st191959/DL-Lab/DataSet/MTMC_Tracking_2025_Preprocessed/val/Warehouse_015/crops/Person_0219/Camera_05/Person_0219_Camera_05_f000000_r022.jpg,None,-1,NOISE,0.0,True,False,0.112892695,-0.14374971,0.11289263,-0.14374903,0.0704754
295,Person_0219,Warehouse_015__Person_0219,102,102,Camera_06,16,Warehouse_015,Person,1,0.6644067796610169,30,8970,/pfs/data6/home/st/st_us-053000/st_st191959/DL-Lab/DataSet/MTMC_Tracking_2025_Preprocessed/val/Warehouse_015/crops/Person_0219/Camera_06/Person_0219_Camera_06_f000030_r009.jpg,None,-1,NOISE,0.0,True,False,0.22758915,-0.029452937,0.2275892,-0.029451858,0.01032003
33,Person_0219,Warehouse_015__Person_0219,102,102,Camera_08,18,Warehouse_015,Person,1,0.6666666666666666,7140,7440,/pfs/data6/home/st/st_us-053000/st_st191959/DL-Lab/DataSet/MTMC_Tracking_2025_Preprocessed/val/Warehouse_015/crops/Person_0219/Camera_08/Person_0219_Camera_08_f007140_r021.jpg,None,99,Warehouse_015__Person_0219,1.0,False,False,0.1623728,-0.063786164,0.16237278,-0.063784756,-0.025575383
624,Person_0219,Warehouse_015__Person_0219,102,102,Camera_10,20,Warehouse_015,Person,1,0.6666666666666666,0,8970,/pfs/data6/home/st/st_us-053000/st_st191959/DL-Lab/DataSet/MTMC_Tracking_2025_Preprocessed/val/Warehouse_015/crops/Person_0219/Camera_10/Person_0219_Camera_10_f000000_r048.jpg,None,-1,NOISE,0.0,True,False,-0.0075296327,-0.101822786,-0.007529685,-0.101819776,-0.02257616
615,Person_0219,Warehouse_015__Person_0219,102,102,Camera_11,21,Warehouse_015,Person,1,0.6666666666666666,0,8970,/pfs/data6/home/st/st_us-053000/st_st191959/DL-Lab/DataSet/MTMC_Tracking_2025_Preprocessed/val/Warehouse_015/crops/Person_0219/Camera_11/Person_0219_Camera_11_f000000_r011.jpg,None,-1,NOISE,0.0,True,False,0.02816357,-0.10615249,0.02816358,-0.10615109,-0.029900255
542,Person_0219,Warehouse_015__Person_0219,102,102,Camera_12,22,Warehouse_015,Person,1,0.6162361623616236,60,8160,/pfs/data6/home/st/st_us-053000/st_st191959/DL-Lab/DataSet/MTMC_Tracking_2025_Preprocessed/val/Warehouse_015/crops/Person_0219/Camera_12/Person_0219_Camera_12_f000060_r043.jpg,None,-1,NOISE,0.0,True,False,0.13397206,-0.04594146,0.1339721,-0.045939263,-0.07401303
879,Person_0220,Warehouse_015__Person_0220,103,103,Camera_01,11,Warehouse_015,Person,1,0.6666666666666666,0,8970,/pfs/data6/home/st/st_us-053000/st_st191959/DL-Lab/DataSet/MTMC_Tracking_2025_Preprocessed/val/Warehouse_015/crops/Person_0220/Camera_01/Person_0220_Camera_01_f000000_r014.jpg,None,-1,NOISE,0.0,True,False,-0.07508117,-0.3451317,-0.075081065,-0.34513134,0.094564706
81,Person_0220,Warehouse_015__Person_0220,103,103,Camera_02,12,Warehouse_015,Person,1,0.6666666666666666,210,2460,/pfs/data6/home/st/st_us-053000/st_st191959/DL-Lab/DataSet/MTMC_Tracking_2025_Preprocessed/val/Warehouse_015/crops/Person_0220/Camera_02/Person_0220_Camera_02_f000210_r006.jpg,None,-1,NOISE,0.0,True,False,-0.016855955,-0.2540557,-0.016855935,-0.25405452,0.033594932
719,Person_0220,Warehouse_015__Person_0220,103,103,Camera_03,13,Warehouse_015,Person,1,0.6648122392211405,1140,8970,/pfs/data6/home/st/st_us-053000/st_st191959/DL-Lab/DataSet/MTMC_Tracking_2025_Preprocessed/val/Warehouse_015/crops/Person_0220/Camera_03/Person_0220_Camera_03_f001140_r012.jpg,None,-1,NOISE,0.0,True,False,-0.09090868,-0.40554917,-0.09090865,-0.40554857,0.14893648
207,Person_0220,Warehouse_015__Person_0220,103,103,Camera_05,15,Warehouse_015,Person,1,0.6666666666666666,0,2040,/pfs/data6/home/st/st_us-053000/st_st191959/DL-Lab/DataSet/MTMC_Tracking_2025_Preprocessed/val/Warehouse_015/crops/Person_0220/Camera_05/Person_0220_Camera_05_f000000_r008.jpg,None,-1,NOISE,0.0,True,False,-0.107928865,-0.36961433,-0.10792882,-0.3696141,0.05997358
38,Person_0220,Warehouse_015__Person_0220,103,103,Camera_06,16,Warehouse_015,Person,1,0.631578947368421,870,1290,/pfs/data6/home/st/st_us-053000/st_st191959/DL-Lab/DataSet/MTMC_Tracking_2025_Preprocessed/val/Warehouse_015/crops/Person_0220/Camera_06/Person_0220_Camera_06_f000870_r004.jpg,None,-1,NOISE,0.0,True,False,-0.12969993,-0.3217082,-0.12969984,-0.32170856,0.14404564
9,Person_0220,Warehouse_015__Person_0220,103,103,Camera_07,17,Warehouse_015,Person,1,0.6666666666666666,1440,1500,/pfs/data6/home/st/st_us-053000/st_st191959/DL-Lab/DataSet/MTMC_Tracking_2025_Preprocessed/val/Warehouse_015/crops/Person_0220/Camera_07/Person_0220_Camera_07_f001440_r004.jpg,None,-1,NOISE,0.0,True,False,0.13087744,-0.20419095,0.1308774,-0.20418915,0.19897996
675,Person_0220,Warehouse_015__Person_0220,103,103,Camera_08,18,Warehouse_015,Person,1,0.6666666666666666,2220,8970,/pfs/data6/home/st/st_us-053000/st_st191959/DL-Lab/DataSet/MTMC_Tracking_2025_Preprocessed/val/Warehouse_015/crops/Person_0220/Camera_08/Person_0220_Camera_08_f002220_r007.jpg,None,-1,NOISE,0.0,True,False,-0.04833615,-0.38066638,-0.048336003,-0.3806651,0.04648619
845,Person_0220,Warehouse_015__Person_0220,103,103,Camera_10,20,Warehouse_015,Person,1,0.6650887573964497,0,8970,/pfs/data6/home/st/st_us-053000/st_st191959/DL-Lab/DataSet/MTMC_Tracking_2025_Preprocessed/val/Warehouse_015/crops/Person_0220/Camera_10/Person_0220_Camera_10_f000000_r018.jpg,None,-1,NOISE,0.0,True,False,0.11984284,-0.24815673,0.11984292,-0.24815439,0.08480447
82,Person_0220,Warehouse_015__Person_0220,103,103,Camera_11,21,Warehouse_015,Person,1,0.6585365853658537,270,1080,/pfs/data6/home/st/st_us-053000/st_st191959/DL-Lab/DataSet/MTMC_Tracking_2025_Preprocessed/val/Warehouse_015/crops/Person_0220/Camera_11/Person_0220_Camera_11_f000270_r004.jpg,None,-1,NOISE,0.0,True,False,0.022744741,-0.25711986,0.022744793,-0.2571196,0.1357298
873,Person_0220,Warehouse_015__Person_0220,103,103,Camera_12,22,Warehouse_015,Person,1,0.6575028636884307,0,8970,/pfs/data6/home/st/st_us-053000/st_st191959/DL-Lab/DataSet/MTMC_Tracking_2025_Preprocessed/val/Warehouse_015/crops/Person_0220/Camera_12/Person_0220_Camera_12_f000000_r017.jpg,None,-1,NOISE,0.0,True,False,0.12285677,-0.29142544,0.12285678,-0.29142305,0.05439024
227,Person_0221,Warehouse_015__Person_0221,104,104,Camera,0,Warehouse_015,Person,1,0.6607929515418502,4350,7200,/pfs/data6/home/st/st_us-053000/st_st191959/DL-Lab/DataSet/MTMC_Tracking_2025_Preprocessed/val/Warehouse_015/crops/Person_0221/Camera/Person_0221_Camera_f004350_r002.jpg,None,100,Warehouse_015__Person_0221,1.0,False,False,0.19031629,-0.04022575,0.19031633,-0.040224075,-0.06481761
460,Person_0221,Warehouse_015__Person_0221,104,104,Camera_01,11,Warehouse_015,Person,1,0.6565217391304348,30,8970,/pfs/data6/home/st/st_us-053000/st_st191959/DL-Lab/DataSet/MTMC_Tracking_2025_Preprocessed/val/Warehouse_015/crops/Person_0221/Camera_01/Person_0221_Camera_01_f000030_r004.jpg,None,101,Warehouse_015__Person_0221,1.0,False,False,0.17709683,-0.03540978,0.17709675,-0.03540834,-0.04946052
224,Person_0221,Warehouse_015__Person_0221,104,104,Camera_02,12,Warehouse_015,Person,1,0.6607142857142857,0,3990,/pfs/data6/home/st/st_us-053000/st_st191959/DL-Lab/DataSet/MTMC_Tracking_2025_Preprocessed/val/Warehouse_015/crops/Person_0221/Camera_02/Person_0221_Camera_02_f000000_r000.jpg,None,-1,NOISE,0.0,True,False,0.07271094,-0.11023324,0.07271094,-0.11023151,-0.14152412
471,Person_0221,Warehouse_015__Person_0221,104,104,Camera_03,13,Warehouse_015,Person,1,0.6666666666666666,720,8970,/pfs/data6/home/st/st_us-053000/st_st191959/DL-Lab/DataSet/MTMC_Tracking_2025_Preprocessed/val/Warehouse_015/crops/Person_0221/Camera_03/Person_0221_Camera_03_f000720_r004.jpg,None,-1,NOISE,0.0,True,False,0.21069017,-0.029000493,0.21069011,-0.028999355,-0.038354073
130,Person_0221,Warehouse_015__Person_0221,104,104,Camera_04,14,Warehouse_015,Person,1,0.6615384615384615,4290,6750,/pfs/data6/home/st/st_us-053000/st_st191959/DL-Lab/DataSet/MTMC_Tracking_2025_Preprocessed/val/Warehouse_015/crops/Person_0221/Camera_04/Person_0221_Camera_04_f004290_r000.jpg,None,-1,NOISE,0.0,True,False,0.13944009,-0.082073264,0.13944012,-0.082071446,-0.123553894
190,Person_0221,Warehouse_015__Person_0221,104,104,Camera_05,15,Warehouse_015,Person,1,0.6631578947368421,0,8970,/pfs/data6/home/st/st_us-053000/st_st191959/DL-Lab/DataSet/MTMC_Tracking_2025_Preprocessed/val/Warehouse_015/crops/Person_0221/Camera_05/Person_0221_Camera_05_f000000_r002.jpg,None,-1,NOISE,0.0,True,False,0.20981607,0.02572816,0.20981611,0.025729366,0.059565373
18,Person_0221,Warehouse_015__Person_0221,104,104,Camera_07,17,Warehouse_015,Person,1,0.6666666666666666,5160,6780,/pfs/data6/home/st/st_us-053000/st_st191959/DL-Lab/DataSet/MTMC_Tracking_2025_Preprocessed/val/Warehouse_015/crops/Person_0221/Camera_07/Person_0221_Camera_07_f005160_r003.jpg,None,-1,NOISE,0.0,True,False,-0.39055777,0.122726455,-0.39055812,0.1227292,0.012675769
501,Person_0221,Warehouse_015__Person_0221,104,104,Camera_08,18,Warehouse_015,Person,1,0.6187624750499002,90,7200,/pfs/data6/home/st/st_us-053000/st_st191959/DL-Lab/DataSet/MTMC_Tracking_2025_Preprocessed/val/Warehouse_015/crops/Person_0221/Camera_08/Person_0221_Camera_08_f000090_r004.jpg,None,101,Warehouse_015__Person_0221,1.0,False,False,0.18692115,0.030478852,0.18692112,0.030479267,-0.037721384
664,Person_0221,Warehouse_015__Person_0221,104,104,Camera_10,20,Warehouse_015,Person,1,0.6234939759036144,420,8970,/pfs/data6/home/st/st_us-053000/st_st191959/DL-Lab/DataSet/MTMC_Tracking_2025_Preprocessed/val/Warehouse_015/crops/Person_0221/Camera_10/Person_0221_Camera_10_f000420_r006.jpg,None,-1,NOISE,0.0,True,False,0.0441826,-0.09229433,0.044182528,-0.09229256,-0.19114025
3,Person_0221,Warehouse_015__Person_0221,104,104,Camera_11,21,Warehouse_015,Person,1,0.6666666666666666,0,0,/pfs/data6/home/st/st_us-053000/st_st191959/DL-Lab/DataSet/MTMC_Tracking_2025_Preprocessed/val/Warehouse_015/crops/Person_0221/Camera_11/Person_0221_Camera_11_f000000_r000.jpg,None,-1,NOISE,0.0,True,False,-0.3745814,-0.14752062,-0.37458155,-0.14752111,-0.14208697
704,Person_0221,Warehouse_015__Person_0221,104,104,Camera_12,22,Warehouse_015,Person,1,0.6107954545454546,0,8970,/pfs/data6/home/st/st_us-053000/st_st191959/DL-Lab/DataSet/MTMC_Tracking_2025_Preprocessed/val/Warehouse_015/crops/Person_0221/Camera_12/Person_0221_Camera_12_f000000_r005.jpg,None,100,Warehouse_015__Person_0221,1.0,False,False,0.20239918,-0.023297058,0.20239915,-0.023294901,-0.078124054
709,Person_0222,Warehouse_015__Person_0222,105,105,Camera_01,11,Warehouse_015,Person,1,0.6657263751763046,0,8970,/pfs/data6/home/st/st_us-053000/st_st191959/DL-Lab/DataSet/MTMC_Tracking_2025_Preprocessed/val/Warehouse_015/crops/Person_0222/Camera_01/Person_0222_Camera_01_f000000_r045.jpg,None,-1,NOISE,0.0,True,False,0.043963697,0.0151820835,0.043963753,0.0151807675,0.027913509
867,Person_0222,Warehouse_015__Person_0222,105,105,Camera_02,12,Warehouse_015,Person,1,0.6666666666666666,0,8970,/pfs/data6/home/st/st_us-053000/st_st191959/DL-Lab/DataSet/MTMC_Tracking_2025_Preprocessed/val/Warehouse_015/crops/Person_0222/Camera_02/Person_0222_Camera_02_f000000_r014.jpg,None,-1,NOISE,0.0,True,False,0.27088907,0.10032008,0.27088898,0.10032057,0.0768707
24,Person_0222,Warehouse_015__Person_0222,105,105,Camera_03,13,Warehouse_015,Person,1,0.6666666666666666,1830,2040,/pfs/data6/home/st/st_us-053000/st_st191959/DL-Lab/DataSet/MTMC_Tracking_2025_Preprocessed/val/Warehouse_015/crops/Person_0222/Camera_03/Person_0222_Camera_03_f001830_r036.jpg,None,-1,NOISE,0.0,True,False,-0.4158667,0.2988627,-0.41586694,0.29886433,0.3006651
52,Person_0222,Warehouse_015__Person_0222,105,105,Camera_05,15,Warehouse_015,Person,1,0.6153846153846154,0,2400,/pfs/data6/home/st/st_us-053000/st_st191959/DL-Lab/DataSet/MTMC_Tracking_2025_Preprocessed/val/Warehouse_015/crops/Person_0222/Camera_05/Person_0222_Camera_05_f000000_r026.jpg,None,-1,NOISE,0.0,True,False,-0.41802394,0.26962283,-0.41802415,0.26962537,0.35587716
219,Person_0222,Warehouse_015__Person_0222,105,105,Camera_08,18,Warehouse_015,Person,1,0.3926940639269406,0,8970,/pfs/data6/home/st/st_us-053000/st_st191959/DL-Lab/DataSet/MTMC_Tracking_2025_Preprocessed/val/Warehouse_015/crops/Person_0222/Camera_08/Person_0222_Camera_08_f000000_r025.jpg,None,69,Warehouse_015__Person_0168,0.7272727272727273,False,True,0.24898243,0.071998894,0.24898237,0.07200017,0.0037892954
750,Person_0222,Warehouse_015__Person_0222,105,105,Camera_10,20,Warehouse_015,Person,1,0.6666666666666666,0,8970,/pfs/data6/home/st/st_us-053000/st_st191959/DL-Lab/DataSet/MTMC_Tracking_2025_Preprocessed/val/Warehouse_015/crops/Person_0222/Camera_10/Person_0222_Camera_10_f000000_r051.jpg,None,-1,NOISE,0.0,True,False,0.15493438,0.0626683,0.15493447,0.06266945,0.03762315
318,Person_0222,Warehouse_015__Person_0222,105,105,Camera_12,22,Warehouse_015,Person,1,0.14465408805031446,0,8970,/pfs/data6/home/st/st_us-053000/st_st191959/DL-Lab/DataSet/MTMC_Tracking_2025_Preprocessed/val/Warehouse_015/crops/Person_0222/Camera_12/Person_0222_Camera_12_f000000_r048.jpg,None,69,Warehouse_015__Person_0168,0.7272727272727273,False,True,0.2580945,0.13126771,0.25809443,0.13126813,0.03658786
583,Person_0230,Warehouse_015__Person_0230,106,106,Camera_01,11,Warehouse_015,Person,1,0.6655231560891939,0,8970,/pfs/data6/home/st/st_us-053000/st_st191959/DL-Lab/DataSet/MTMC_Tracking_2025_Preprocessed/val/Warehouse_015/crops/Person_0230/Camera_01/Person_0230_Camera_01_f000000_r044.jpg,None,-1,NOISE,0.0,True,False,-0.09309391,-0.13807242,-0.09309383,-0.1380732,0.061851684
180,Person_0230,Warehouse_015__Person_0230,106,106,Camera_02,12,Warehouse_015,Person,1,0.6666666666666666,0,1800,/pfs/data6/home/st/st_us-053000/st_st191959/DL-Lab/DataSet/MTMC_Tracking_2025_Preprocessed/val/Warehouse_015/crops/Person_0230/Camera_02/Person_0230_Camera_02_f000000_r013.jpg,None,-1,NOISE,0.0,True,False,0.09545524,-0.12049243,0.09545523,-0.12049114,-0.10232414
588,Person_0230,Warehouse_015__Person_0230,106,106,Camera_03,13,Warehouse_015,Person,1,0.6666666666666666,3120,8970,/pfs/data6/home/st/st_us-053000/st_st191959/DL-Lab/DataSet/MTMC_Tracking_2025_Preprocessed/val/Warehouse_015/crops/Person_0230/Camera_03/Person_0230_Camera_03_f003120_r032.jpg,None,-1,NOISE,0.0,True,False,0.07310721,-0.23583324,0.073107295,-0.2358334,0.005648561
301,Person_0230,Warehouse_015__Person_0230,106,106,Camera_08,18,Warehouse_015,Person,1,0.6179401993355482,0,6450,/pfs/data6/home/st/st_us-053000/st_st191959/DL-Lab/DataSet/MTMC_Tracking_2025_Preprocessed/val/Warehouse_015/crops/Person_0230/Camera_08/Person_0230_Camera_08_f000000_r024.jpg,None,-1,NOISE,0.0,True,False,0.167616,0.005198823,0.16761602,0.005198922,-0.0031938818
683,Person_0230,Warehouse_015__Person_0230,106,106,Camera_10,20,Warehouse_015,Person,1,0.6500732064421669,1770,8970,/pfs/data6/home/st/st_us-053000/st_st191959/DL-Lab/DataSet/MTMC_Tracking_2025_Preprocessed/val/Warehouse_015/crops/Person_0230/Camera_10/Person_0230_Camera_10_f001770_r055.jpg,None,-1,NOISE,0.0,True,False,0.16734935,-0.023113133,0.16734932,-0.02311204,0.07453978
791,Person_0230,Warehouse_015__Person_0230,106,106,Camera_12,22,Warehouse_015,Person,1,0.6219974715549936,0,8970,/pfs/data6/home/st/st_us-053000/st_st191959/DL-Lab/DataSet/MTMC_Tracking_2025_Preprocessed/val/Warehouse_015/crops/Person_0230/Camera_12/Person_0230_Camera_12_f000000_r047.jpg,None,-1,NOISE,0.0,True,False,0.23660852,0.02991777,0.23660848,0.029919365,-0.031871594
291,Person_0231,Warehouse_015__Person_0231,107,107,Camera,0,Warehouse_015,Person,1,0.6666666666666666,5850,8760,/pfs/data6/home/st/st_us-053000/st_st191959/DL-Lab/DataSet/MTMC_Tracking_2025_Preprocessed/val/Warehouse_015/crops/Person_0231/Camera/Person_0231_Camera_f005850_r012.jpg,None,-1,NOISE,0.0,True,False,0.08673155,-0.24136664,0.08673157,-0.24136564,0.107659794
585,Person_0231,Warehouse_015__Person_0231,107,107,Camera_01,11,Warehouse_015,Person,1,0.6564102564102564,300,8970,/pfs/data6/home/st/st_us-053000/st_st191959/DL-Lab/DataSet/MTMC_Tracking_2025_Preprocessed/val/Warehouse_015/crops/Person_0231/Camera_01/Person_0231_Camera_01_f000300_r019.jpg,None,-1,NOISE,0.0,True,False,0.01966542,-0.25852105,0.019665407,-0.25852045,0.124678254
201,Person_0231,Warehouse_015__Person_0231,107,107,Camera_02,12,Warehouse_015,Person,1,0.6666666666666666,0,4230,/pfs/data6/home/st/st_us-053000/st_st191959/DL-Lab/DataSet/MTMC_Tracking_2025_Preprocessed/val/Warehouse_015/crops/Person_0231/Camera_02/Person_0231_Camera_02_f000000_r005.jpg,None,-1,NOISE,0.0,True,False,0.21008024,-0.14557567,0.21008025,-0.1455743,0.10353291
440,Person_0231,Warehouse_015__Person_0231,107,107,Camera_03,13,Warehouse_015,Person,1,0.6636363636363637,3660,8970,/pfs/data6/home/st/st_us-053000/st_st191959/DL-Lab/DataSet/MTMC_Tracking_2025_Preprocessed/val/Warehouse_015/crops/Person_0231/Camera_03/Person_0231_Camera_03_f003660_r011.jpg,None,-1,NOISE,0.0,True,False,0.039003503,-0.29873502,0.03900357,-0.29873455,0.13953766
135,Person_0231,Warehouse_015__Person_0231,107,107,Camera_04,14,Warehouse_015,Person,1,0.6666666666666666,5820,8280,/pfs/data6/home/st/st_us-053000/st_st191959/DL-Lab/DataSet/MTMC_Tracking_2025_Preprocessed/val/Warehouse_015/crops/Person_0231/Camera_04/Person_0231_Camera_04_f005820_r005.jpg,None,-1,NOISE,0.0,True,False,0.12808791,-0.1756175,0.12808795,-0.1756169,0.10883947
213,Person_0231,Warehouse_015__Person_0231,107,107,Camera_05,15,Warehouse_015,Person,1,0.6666666666666666,300,3210,/pfs/data6/home/st/st_us-053000/st_st191959/DL-Lab/DataSet/MTMC_Tracking_2025_Preprocessed/val/Warehouse_015/crops/Person_0231/Camera_05/Person_0231_Camera_05_f000300_r010.jpg,None,-1,NOISE,0.0,True,False,0.019853497,-0.2922394,0.019853571,-0.2922379,0.13106361
156,Person_0231,Warehouse_015__Person_0231,107,107,Camera_06,16,Warehouse_015,Person,1,0.6666666666666666,690,2220,/pfs/data6/home/st/st_us-053000/st_st191959/DL-Lab/DataSet/MTMC_Tracking_2025_Preprocessed/val/Warehouse_015/crops/Person_0231/Camera_06/Person_0231_Camera_06_f000690_r002.jpg,None,-1,NOISE,0.0,True,False,0.124481276,-0.16968876,0.12448133,-0.16968782,0.19606678
42,Person_0231,Warehouse_015__Person_0231,107,107,Camera_07,17,Warehouse_015,Person,1,0.6666666666666666,7410,8310,/pfs/data6/home/st/st_us-053000/st_st191959/DL-Lab/DataSet/MTMC_Tracking_2025_Preprocessed/val/Warehouse_015/crops/Person_0231/Camera_07/Person_0231_Camera_07_f007410_r004.jpg,None,-1,NOISE,0.0,True,False,-0.37922388,-0.108818494,-0.379224,-0.10882074,0.06578633
435,Person_0231,Warehouse_015__Person_0231,107,107,Camera_08,18,Warehouse_015,Person,1,0.6620689655172414,0,8670,/pfs/data6/home/st/st_us-053000/st_st191959/DL-Lab/DataSet/MTMC_Tracking_2025_Preprocessed/val/Warehouse_015/crops/Person_0231/Camera_08/Person_0231_Camera_08_f000000_r008.jpg,None,-1,NOISE,0.0,True,False,0.12539646,-0.06884838,0.12539649,-0.068848856,0.004859677
626,Person_0231,Warehouse_015__Person_0231,107,107,Camera_10,20,Warehouse_015,Person,1,0.6006389776357828,330,8970,/pfs/data6/home/st/st_us-053000/st_st191959/DL-Lab/DataSet/MTMC_Tracking_2025_Preprocessed/val/Warehouse_015/crops/Person_0231/Camera_10/Person_0231_Camera_10_f000330_r021.jpg,None,-1,NOISE,0.0,True,False,0.13380836,-0.14245935,0.13380842,-0.14245825,0.039579805
201,Person_0231,Warehouse_015__Person_0231,107,107,Camera_11,21,Warehouse_015,Person,1,0.6666666666666666,690,2670,/pfs/data6/home/st/st_us-053000/st_st191959/DL-Lab/DataSet/MTMC_Tracking_2025_Preprocessed/val/Warehouse_015/crops/Person_0231/Camera_11/Person_0231_Camera_11_f000690_r003.jpg,None,-1,NOISE,0.0,True,False,0.07467799,-0.28850013,0.07467802,-0.28849867,0.17139177
779,Person_0231,Warehouse_015__Person_0231,107,107,Camera_12,22,Warehouse_015,Person,1,0.6469833119383825,0,8970,/pfs/data6/home/st/st_us-053000/st_st191959/DL-Lab/DataSet/MTMC_Tracking_2025_Preprocessed/val/Warehouse_015/crops/Person_0231/Camera_12/Person_0231_Camera_12_f000000_r016.jpg,None,-1,NOISE,0.0,True,False,0.16652772,-0.1747728,0.16652773,-0.17477186,0.09629821
60,Person_0232,Warehouse_015__Person_0232,108,108,Camera,0,Warehouse_015,Person,1,0.6666666666666666,840,7530,/pfs/data6/home/st/st_us-053000/st_st191959/DL-Lab/DataSet/MTMC_Tracking_2025_Preprocessed/val/Warehouse_015/crops/Person_0232/Camera/Person_0232_Camera_f000840_r016.jpg,None,-1,NOISE,0.0,True,False,0.18272147,0.02881906,0.18272142,0.02881856,-0.02973555
439,Person_0232,Warehouse_015__Person_0232,108,108,Camera_01,11,Warehouse_015,Person,1,0.6378132118451025,1590,8400,/pfs/data6/home/st/st_us-053000/st_st191959/DL-Lab/DataSet/MTMC_Tracking_2025_Preprocessed/val/Warehouse_015/crops/Person_0232/Camera_01/Person_0232_Camera_01_f001590_r049.jpg,None,-1,NOISE,0.0,True,False,0.12711552,-0.1014327,0.12711559,-0.101432756,-0.005534255
192,Person_0232,Warehouse_015__Person_0232,108,108,Camera_02,12,Warehouse_015,Person,1,0.6666666666666666,0,8550,/pfs/data6/home/st/st_us-053000/st_st191959/DL-Lab/DataSet/MTMC_Tracking_2025_Preprocessed/val/Warehouse_015/crops/Person_0232/Camera_02/Person_0232_Camera_02_f000000_r012.jpg,None,-1,NOISE,0.0,True,False,-0.009456851,-0.13174616,-0.00945684,-0.13174625,-0.059814017
168,Person_0232,Warehouse_015__Person_0232,108,108,Camera_03,13,Warehouse_015,Person,1,0.6666666666666666,330,7830,/pfs/data6/home/st/st_us-053000/st_st191959/DL-Lab/DataSet/MTMC_Tracking_2025_Preprocessed/val/Warehouse_015/crops/Person_0232/Camera_03/Person_0232_Camera_03_f000330_r039.jpg,None,-1,NOISE,0.0,True,False,-0.15122999,-0.12483292,-0.15123004,-0.12483298,-0.0682329
27,Person_0232,Warehouse_015__Person_0232,108,108,Camera_04,14,Warehouse_015,Person,1,0.6666666666666666,810,1050,/pfs/data6/home/st/st_us-053000/st_st191959/DL-Lab/DataSet/MTMC_Tracking_2025_Preprocessed/val/Warehouse_015/crops/Person_0232/Camera_04/Person_0232_Camera_04_f000810_r008.jpg,None,-1,NOISE,0.0,True,False,-0.11922009,-0.04995135,-0.1192201,-0.04995214,-0.12312163
571,Person_0232,Warehouse_015__Person_0232,108,108,Camera_05,15,Warehouse_015,Person,1,0.6654991243432574,2160,8880,/pfs/data6/home/st/st_us-053000/st_st191959/DL-Lab/DataSet/MTMC_Tracking_2025_Preprocessed/val/Warehouse_015/crops/Person_0232/Camera_05/Person_0232_Camera_05_f002160_r024.jpg,None,-1,NOISE,0.0,True,False,-0.007633627,-0.15845613,-0.0076335655,-0.15845637,-0.040455587
442,Person_0232,Warehouse_015__Person_0232,108,108,Camera_06,16,Warehouse_015,Person,1,0.6606334841628959,2760,8970,/pfs/data6/home/st/st_us-053000/st_st191959/DL-Lab/DataSet/MTMC_Tracking_2025_Preprocessed/val/Warehouse_015/crops/Person_0232/Camera_06/Person_0232_Camera_06_f002760_r013.jpg,None,-1,NOISE,0.0,True,False,0.018988246,-0.13288245,0.018988334,-0.13288213,-0.061997965
184,Person_0232,Warehouse_015__Person_0232,108,108,Camera_08,18,Warehouse_015,Person,1,0.6086956521739131,0,2160,/pfs/data6/home/st/st_us-053000/st_st191959/DL-Lab/DataSet/MTMC_Tracking_2025_Preprocessed/val/Warehouse_015/crops/Person_0232/Camera_08/Person_0232_Camera_08_f000000_r023.jpg,None,102,Warehouse_015__Person_0232,1.0,False,False,-0.016552297,-0.100983605,-0.016552266,-0.100984365,-0.075458094
723,Person_0232,Warehouse_015__Person_0232,108,108,Camera_10,20,Warehouse_015,Person,1,0.636237897648686,150,8880,/pfs/data6/home/st/st_us-053000/st_st191959/DL-Lab/DataSet/MTMC_Tracking_2025_Preprocessed/val/Warehouse_015/crops/Person_0232/Camera_10/Person_0232_Camera_10_f000150_r049.jpg,None,-1,NOISE,0.0,True,False,-0.05355991,-0.1392595,-0.053559866,-0.13925992,-0.1071068
349,Person_0232,Warehouse_015__Person_0232,108,108,Camera_11,21,Warehouse_015,Person,1,0.664756446991404,3030,8970,/pfs/data6/home/st/st_us-053000/st_st191959/DL-Lab/DataSet/MTMC_Tracking_2025_Preprocessed/val/Warehouse_015/crops/Person_0232/Camera_11/Person_0232_Camera_11_f003030_r011.jpg,None,-1,NOISE,0.0,True,False,0.043664914,-0.097866386,0.043665007,-0.097867005,-0.055871163
583,Person_0232,Warehouse_015__Person_0232,108,108,Camera_12,22,Warehouse_015,Person,1,0.6380789022298456,0,8820,/pfs/data6/home/st/st_us-053000/st_st191959/DL-Lab/DataSet/MTMC_Tracking_2025_Preprocessed/val/Warehouse_015/crops/Person_0232/Camera_12/Person_0232_Camera_12_f000000_r045.jpg,None,102,Warehouse_015__Person_0232,1.0,False,False,0.0422101,-0.09562358,0.04221015,-0.09562378,-0.10248064
653,Person_0233,Warehouse_015__Person_0233,109,109,Camera_01,11,Warehouse_015,Person,1,0.664624808575804,540,8910,/pfs/data6/home/st/st_us-053000/st_st191959/DL-Lab/DataSet/MTMC_Tracking_2025_Preprocessed/val/Warehouse_015/crops/Person_0233/Camera_01/Person_0233_Camera_01_f000540_r012.jpg,None,-1,NOISE,0.0,True,False,-0.016255146,-0.07063379,-0.016255055,-0.07063663,-0.07712669
720,Person_0233,Warehouse_015__Person_0233,109,109,Camera_02,12,Warehouse_015,Person,1,0.6666666666666666,0,8970,/pfs/data6/home/st/st_us-053000/st_st191959/DL-Lab/DataSet/MTMC_Tracking_2025_Preprocessed/val/Warehouse_015/crops/Person_0233/Camera_02/Person_0233_Camera_02_f000000_r004.jpg,None,-1,NOISE,0.0,True,False,0.25818843,0.06966357,0.2581884,0.06966384,-0.031052757
7,Person_0233,Warehouse_015__Person_0233,109,109,Camera_03,13,Warehouse_015,Person,1,0.5714285714285714,8910,8970,/pfs/data6/home/st/st_us-053000/st_st191959/DL-Lab/DataSet/MTMC_Tracking_2025_Preprocessed/val/Warehouse_015/crops/Person_0233/Camera_03/Person_0233_Camera_03_f008910_r010.jpg,None,-1,NOISE,0.0,True,False,-0.38303888,0.164966,-0.38303894,0.1649693,0.061856244
361,Person_0233,Warehouse_015__Person_0233,109,109,Camera_05,15,Warehouse_015,Person,1,0.6648199445983379,690,7350,/pfs/data6/home/st/st_us-053000/st_st191959/DL-Lab/DataSet/MTMC_Tracking_2025_Preprocessed/val/Warehouse_015/crops/Person_0233/Camera_05/Person_0233_Camera_05_f000690_r005.jpg,None,-1,NOISE,0.0,True,False,-0.044161983,-0.05844073,-0.044161923,-0.05844337,-0.11417042
33,Person_0233,Warehouse_015__Person_0233,109,109,Camera_06,16,Warehouse_015,Person,1,0.6666666666666666,6270,6870,/pfs/data6/home/st/st_us-053000/st_st191959/DL-Lab/DataSet/MTMC_Tracking_2025_Preprocessed/val/Warehouse_015/crops/Person_0233/Camera_06/Person_0233_Camera_06_f006270_r000.jpg,None,-1,NOISE,0.0,True,False,0.11912053,0.09304804,0.11912053,0.093045466,-0.060916524
350,Person_0233,Warehouse_015__Person_0233,109,109,Camera_08,18,Warehouse_015,Person,1,0.4857142857142857,0,8970,/pfs/data6/home/st/st_us-053000/st_st191959/DL-Lab/DataSet/MTMC_Tracking_2025_Preprocessed/val/Warehouse_015/crops/Person_0233/Camera_08/Person_0233_Camera_08_f000000_r007.jpg,None,59,Warehouse_015__Person_0009,0.3,False,True,0.17082421,0.014509083,0.17082417,0.014509502,-0.07548178
416,Person_0233,Warehouse_015__Person_0233,109,109,Camera_10,20,Warehouse_015,Person,1,0.6634615384615384,0,8970,/pfs/data6/home/st/st_us-053000/st_st191959/DL-Lab/DataSet/MTMC_Tracking_2025_Preprocessed/val/Warehouse_015/crops/Person_0233/Camera_10/Person_0233_Camera_10_f000000_r011.jpg,None,59,Warehouse_015__Person_0009,0.3,False,True,0.16683118,0.021298649,0.16683117,0.021298882,-0.14390823
136,Person_0233,Warehouse_015__Person_0233,109,109,Camera_11,21,Warehouse_015,Person,1,0.6617647058823529,2220,7140,/pfs/data6/home/st/st_us-053000/st_st191959/DL-Lab/DataSet/MTMC_Tracking_2025_Preprocessed/val/Warehouse_015/crops/Person_0233/Camera_11/Person_0233_Camera_11_f002220_r002.jpg,None,-1,NOISE,0.0,True,False,0.24472502,0.07875587,0.24472512,0.07875605,-0.05495176
513,Person_0233,Warehouse_015__Person_0233,109,109,Camera_12,22,Warehouse_015,Person,1,0.46393762183235865,0,8970,/pfs/data6/home/st/st_us-053000/st_st191959/DL-Lab/DataSet/MTMC_Tracking_2025_Preprocessed/val/Warehouse_015/crops/Person_0233/Camera_12/Person_0233_Camera_12_f000000_r011.jpg,None,59,Warehouse_015__Person_0009,0.3,False,True,0.17604065,0.042169973,0.1760407,0.042170737,-0.09326108
169,Person_0234,Warehouse_015__Person_0234,110,110,Camera,0,Warehouse_015,Person,1,0.6627218934911243,4530,6630,/pfs/data6/home/st/st_us-053000/st_st191959/DL-Lab/DataSet/MTMC_Tracking_2025_Preprocessed/val/Warehouse_015/crops/Person_0234/Camera/Person_0234_Camera_f004530_r018.jpg,None,-1,NOISE,0.0,True,False,0.24400654,0.13076551,0.24400662,0.13076586,-0.06049452
651,Person_0234,Warehouse_015__Person_0234,110,110,Camera_01,11,Warehouse_015,Person,1,0.663594470046083,1500,8970,/pfs/data6/home/st/st_us-053000/st_st191959/DL-Lab/DataSet/MTMC_Tracking_2025_Preprocessed/val/Warehouse_015/crops/Person_0234/Camera_01/Person_0234_Camera_01_f001500_r042.jpg,None,103,Warehouse_015__Person_0234,1.0,False,False,0.14430606,0.047108084,0.14430606,0.04710802,-0.06359958
165,Person_0234,Warehouse_015__Person_0234,110,110,Camera_02,12,Warehouse_015,Person,1,0.6666666666666666,270,8130,/pfs/data6/home/st/st_us-053000/st_st191959/DL-Lab/DataSet/MTMC_Tracking_2025_Preprocessed/val/Warehouse_015/crops/Person_0234/Camera_02/Person_0234_Camera_02_f000270_r009.jpg,None,103,Warehouse_015__Person_0234,1.0,False,False,0.11658441,0.07476919,0.11658444,0.07476949,-0.11438768
473,Person_0234,Warehouse_015__Person_0234,110,110,Camera_03,13,Warehouse_015,Person,1,0.6638477801268499,180,8970,/pfs/data6/home/st/st_us-053000/st_st191959/DL-Lab/DataSet/MTMC_Tracking_2025_Preprocessed/val/Warehouse_015/crops/Person_0234/Camera_03/Person_0234_Camera_03_f000180_r032.jpg,None,103,Warehouse_015__Person_0234,1.0,False,False,0.14339462,0.06725181,0.1433946,0.06725133,-0.032569528
145,Person_0234,Warehouse_015__Person_0234,110,110,Camera_04,14,Warehouse_015,Person,1,0.6620689655172414,5130,7080,/pfs/data6/home/st/st_us-053000/st_st191959/DL-Lab/DataSet/MTMC_Tracking_2025_Preprocessed/val/Warehouse_015/crops/Person_0234/Camera_04/Person_0234_Camera_04_f005130_r010.jpg,None,-1,NOISE,0.0,True,False,0.07843999,0.14275861,0.07844001,0.14275815,-0.12042409
293,Person_0234,Warehouse_015__Person_0234,110,110,Camera_05,15,Warehouse_015,Person,1,0.6621160409556314,1530,8220,/pfs/data6/home/st/st_us-053000/st_st191959/DL-Lab/DataSet/MTMC_Tracking_2025_Preprocessed/val/Warehouse_015/crops/Person_0234/Camera_05/Person_0234_Camera_05_f001530_r019.jpg,None,-1,NOISE,0.0,True,False,0.1714945,0.050320268,0.17149457,0.050320093,-0.04502192
169,Person_0234,Warehouse_015__Person_0234,110,110,Camera_06,16,Warehouse_015,Person,1,0.6627218934911243,1860,3960,/pfs/data6/home/st/st_us-053000/st_st191959/DL-Lab/DataSet/MTMC_Tracking_2025_Preprocessed/val/Warehouse_015/crops/Person_0234/Camera_06/Person_0234_Camera_06_f001860_r006.jpg,None,-1,NOISE,0.0,True,False,0.01892341,0.06819927,0.018923469,0.06820023,-0.15326993
27,Person_0234,Warehouse_015__Person_0234,110,110,Camera_07,17,Warehouse_015,Person,1,0.6666666666666666,5100,5340,/pfs/data6/home/st/st_us-053000/st_st191959/DL-Lab/DataSet/MTMC_Tracking_2025_Preprocessed/val/Warehouse_015/crops/Person_0234/Camera_07/Person_0234_Camera_07_f005100_r017.jpg,None,-1,NOISE,0.0,True,False,-0.42762312,0.18148045,-0.4276235,0.18148635,0.066135906
354,Person_0234,Warehouse_015__Person_0234,110,110,Camera_08,18,Warehouse_015,Person,1,0.655367231638418,0,8160,/pfs/data6/home/st/st_us-053000/st_st191959/DL-Lab/DataSet/MTMC_Tracking_2025_Preprocessed/val/Warehouse_015/crops/Person_0234/Camera_08/Person_0234_Camera_08_f000000_r021.jpg,None,-1,NOISE,0.0,True,False,0.061433267,0.039973214,0.06143328,0.03997262,-0.15727817
759,Person_0234,Warehouse_015__Person_0234,110,110,Camera_10,20,Warehouse_015,Person,1,0.6350461133069829,0,8970,/pfs/data6/home/st/st_us-053000/st_st191959/DL-Lab/DataSet/MTMC_Tracking_2025_Preprocessed/val/Warehouse_015/crops/Person_0234/Camera_10/Person_0234_Camera_10_f000000_r047.jpg,None,103,Warehouse_015__Person_0234,1.0,False,False,0.18665995,0.11902787,0.18665993,0.1190286,-0.10140092
171,Person_0234,Warehouse_015__Person_0234,110,110,Camera_11,21,Warehouse_015,Person,1,0.6666666666666666,2250,3930,/pfs/data6/home/st/st_us-053000/st_st191959/DL-Lab/DataSet/MTMC_Tracking_2025_Preprocessed/val/Warehouse_015/crops/Person_0234/Camera_11/Person_0234_Camera_11_f002250_r008.jpg,None,-1,NOISE,0.0,True,False,0.15065144,0.07596242,0.1506515,0.07596245,-0.069876485
721,Person_0234,Warehouse_015__Person_0234,110,110,Camera_12,22,Warehouse_015,Person,1,0.6296809986130375,0,8970,/pfs/data6/home/st/st_us-053000/st_st191959/DL-Lab/DataSet/MTMC_Tracking_2025_Preprocessed/val/Warehouse_015/crops/Person_0234/Camera_12/Person_0234_Camera_12_f000000_r040.jpg,None,103,Warehouse_015__Person_0234,1.0,False,False,0.15835084,0.08691867,0.1583508,0.08691925,-0.097684346
436,Person_0235,Warehouse_015__Person_0235,111,111,Camera,0,Warehouse_015,Person,1,0.6605504587155964,990,8970,/pfs/data6/home/st/st_us-053000/st_st191959/DL-Lab/DataSet/MTMC_Tracking_2025_Preprocessed/val/Warehouse_015/crops/Person_0235/Camera/Person_0235_Camera_f000990_r013.jpg,None,-1,NOISE,0.0,True,False,0.18946566,-0.0709771,0.18946584,-0.07097814,0.07079351
727,Person_0235,Warehouse_015__Person_0235,111,111,Camera_01,11,Warehouse_015,Person,1,0.6437414030261348,90,8670,/pfs/data6/home/st/st_us-053000/st_st191959/DL-Lab/DataSet/MTMC_Tracking_2025_Preprocessed/val/Warehouse_015/crops/Person_0235/Camera_01/Person_0235_Camera_01_f000090_r036.jpg,None,104,Warehouse_015__Person_0235,1.0,False,False,0.11181781,-0.087879084,0.11181789,-0.08788118,0.022233726
36,Person_0235,Warehouse_015__Person_0235,111,111,Camera_02,12,Warehouse_015,Person,1,0.6666666666666666,0,360,/pfs/data6/home/st/st_us-053000/st_st191959/DL-Lab/DataSet/MTMC_Tracking_2025_Preprocessed/val/Warehouse_015/crops/Person_0235/Camera_02/Person_0235_Camera_02_f000000_r008.jpg,None,-1,NOISE,0.0,True,False,0.11201137,-0.043219753,0.11201149,-0.043221306,0.08364831
741,Person_0235,Warehouse_015__Person_0235,111,111,Camera_03,13,Warehouse_015,Person,1,0.6531713900134952,570,8640,/pfs/data6/home/st/st_us-053000/st_st191959/DL-Lab/DataSet/MTMC_Tracking_2025_Preprocessed/val/Warehouse_015/crops/Person_0235/Camera_03/Person_0235_Camera_03_f000570_r033.jpg,None,-1,NOISE,0.0,True,False,0.18831167,-0.101570345,0.18831182,-0.10157257,0.08999476
169,Person_0235,Warehouse_015__Person_0235,111,111,Camera_04,14,Warehouse_015,Person,1,0.6627218934911243,990,8970,/pfs/data6/home/st/st_us-053000/st_st191959/DL-Lab/DataSet/MTMC_Tracking_2025_Preprocessed/val/Warehouse_015/crops/Person_0235/Camera_04/Person_0235_Camera_04_f000990_r005.jpg,None,-1,NOISE,0.0,True,False,0.22067586,-0.015041962,0.22067592,-0.015042788,0.06019446
80,Person_0235,Warehouse_015__Person_0235,111,111,Camera_05,15,Warehouse_015,Person,1,0.625,120,6570,/pfs/data6/home/st/st_us-053000/st_st191959/DL-Lab/DataSet/MTMC_Tracking_2025_Preprocessed/val/Warehouse_015/crops/Person_0235/Camera_05/Person_0235_Camera_05_f000120_r020.jpg,None,-1,NOISE,0.0,True,False,0.14832984,-0.030953571,0.14832991,-0.030953886,0.16043858
193,Person_0235,Warehouse_015__Person_0235,111,111,Camera_07,17,Warehouse_015,Person,1,0.6632124352331606,1890,8160,/pfs/data6/home/st/st_us-053000/st_st191959/DL-Lab/DataSet/MTMC_Tracking_2025_Preprocessed/val/Warehouse_015/crops/Person_0235/Camera_07/Person_0235_Camera_07_f001890_r007.jpg,None,-1,NOISE,0.0,True,False,0.10502256,-0.101870984,0.10502265,-0.10187284,0.10152099
304,Person_0235,Warehouse_015__Person_0235,111,111,Camera_08,18,Warehouse_015,Person,1,0.6644736842105263,0,8970,/pfs/data6/home/st/st_us-053000/st_st191959/DL-Lab/DataSet/MTMC_Tracking_2025_Preprocessed/val/Warehouse_015/crops/Person_0235/Camera_08/Person_0235_Camera_08_f000000_r018.jpg,None,104,Warehouse_015__Person_0235,1.0,False,False,0.09660705,-0.086443655,0.096607186,-0.086445615,0.007119523
39,Person_0235,Warehouse_015__Person_0235,111,111,Camera_09,19,Warehouse_015,Person,1,0.6666666666666666,2280,2640,/pfs/data6/home/st/st_us-053000/st_st191959/DL-Lab/DataSet/MTMC_Tracking_2025_Preprocessed/val/Warehouse_015/crops/Person_0235/Camera_09/Person_0235_Camera_09_f002280_r004.jpg,None,-1,NOISE,0.0,True,False,0.14741056,-0.026313186,0.14741066,-0.026314571,0.046183556
765,Person_0235,Warehouse_015__Person_0235,111,111,Camera_10,20,Warehouse_015,Person,1,0.6196078431372549,120,8970,/pfs/data6/home/st/st_us-053000/st_st191959/DL-Lab/DataSet/MTMC_Tracking_2025_Preprocessed/val/Warehouse_015/crops/Person_0235/Camera_10/Person_0235_Camera_10_f000120_r043.jpg,None,-1,NOISE,0.0,True,False,0.13781717,-0.0685139,0.13781731,-0.06851456,-0.05142359
781,Person_0235,Warehouse_015__Person_0235,111,111,Camera_12,22,Warehouse_015,Person,1,0.6581306017925737,0,8400,/pfs/data6/home/st/st_us-053000/st_st191959/DL-Lab/DataSet/MTMC_Tracking_2025_Preprocessed/val/Warehouse_015/crops/Person_0235/Camera_12/Person_0235_Camera_12_f000000_r037.jpg,None,76,Warehouse_015__Person_0174,0.8333333333333334,False,True,0.1934664,-0.041576233,0.19346651,-0.041577473,0.038707368
451,Person_0236,Warehouse_015__Person_0236,112,112,Camera,0,Warehouse_015,Person,1,0.656319290465632,2190,6870,/pfs/data6/home/st/st_us-053000/st_st191959/DL-Lab/DataSet/MTMC_Tracking_2025_Preprocessed/val/Warehouse_015/crops/Person_0236/Camera/Person_0236_Camera_f002190_r018.jpg,None,105,Warehouse_015__Person_0236,1.0,False,False,-0.054116856,-0.15197022,-0.054116677,-0.15197133,0.10838558
456,Person_0236,Warehouse_015__Person_0236,112,112,Camera_01,11,Warehouse_015,Person,1,0.6008771929824561,510,8970,/pfs/data6/home/st/st_us-053000/st_st191959/DL-Lab/DataSet/MTMC_Tracking_2025_Preprocessed/val/Warehouse_015/crops/Person_0236/Camera_01/Person_0236_Camera_01_f000510_r038.jpg,None,106,Warehouse_015__Person_0236,1.0,False,False,0.008283442,-0.15165107,0.008283544,-0.15165128,0.10035255
7,Person_0236,Warehouse_015__Person_0236,112,112,Camera_02,12,Warehouse_015,Person,1,0.5714285714285714,7560,8460,/pfs/data6/home/st/st_us-053000/st_st191959/DL-Lab/DataSet/MTMC_Tracking_2025_Preprocessed/val/Warehouse_015/crops/Person_0236/Camera_02/Person_0236_Camera_02_f007560_r011.jpg,None,-1,NOISE,0.0,True,False,-0.27495903,-0.04876346,-0.27495897,-0.04876471,0.09392763
520,Person_0236,Warehouse_015__Person_0236,112,112,Camera_03,13,Warehouse_015,Person,1,0.6538461538461539,150,8970,/pfs/data6/home/st/st_us-053000/st_st191959/DL-Lab/DataSet/MTMC_Tracking_2025_Preprocessed/val/Warehouse_015/crops/Person_0236/Camera_03/Person_0236_Camera_03_f000150_r028.jpg,None,105,Warehouse_015__Person_0236,1.0,False,False,-0.061775357,-0.15672371,-0.061775252,-0.1567245,0.100937754
336,Person_0236,Warehouse_015__Person_0236,112,112,Camera_04,14,Warehouse_015,Person,1,0.6666666666666666,2280,6900,/pfs/data6/home/st/st_us-053000/st_st191959/DL-Lab/DataSet/MTMC_Tracking_2025_Preprocessed/val/Warehouse_015/crops/Person_0236/Camera_04/Person_0236_Camera_04_f002280_r011.jpg,None,-1,NOISE,0.0,True,False,0.04019773,-0.08117793,0.040197894,-0.08117922,0.09840917
90,Person_0236,Warehouse_015__Person_0236,112,112,Camera_05,15,Warehouse_015,Person,1,0.6444444444444445,870,3390,/pfs/data6/home/st/st_us-053000/st_st191959/DL-Lab/DataSet/MTMC_Tracking_2025_Preprocessed/val/Warehouse_015/crops/Person_0236/Camera_05/Person_0236_Camera_05_f000870_r013.jpg,None,-1,NOISE,0.0,True,False,-0.17939635,-0.23278636,-0.17939615,-0.23278677,0.24894153
153,Person_0236,Warehouse_015__Person_0236,112,112,Camera_07,17,Warehouse_015,Person,1,0.6666666666666666,2490,4530,/pfs/data6/home/st/st_us-053000/st_st191959/DL-Lab/DataSet/MTMC_Tracking_2025_Preprocessed/val/Warehouse_015/crops/Person_0236/Camera_07/Person_0236_Camera_07_f002490_r007.jpg,None,-1,NOISE,0.0,True,False,-0.17706326,-0.17970704,-0.17706312,-0.1797093,0.21880239
474,Person_0236,Warehouse_015__Person_0236,112,112,Camera_08,18,Warehouse_015,Person,1,0.6582278481012658,0,8550,/pfs/data6/home/st/st_us-053000/st_st191959/DL-Lab/DataSet/MTMC_Tracking_2025_Preprocessed/val/Warehouse_015/crops/Person_0236/Camera_08/Person_0236_Camera_08_f000000_r017.jpg,None,-1,NOISE,0.0,True,False,0.07677704,-0.12013697,0.076777175,-0.12013717,0.04606307
36,Person_0236,Warehouse_015__Person_0236,112,112,Camera_09,19,Warehouse_015,Person,1,0.6666666666666666,3420,3750,/pfs/data6/home/st/st_us-053000/st_st191959/DL-Lab/DataSet/MTMC_Tracking_2025_Preprocessed/val/Warehouse_015/crops/Person_0236/Camera_09/Person_0236_Camera_09_f003420_r004.jpg,None,-1,NOISE,0.0,True,False,-0.09219333,-0.15725262,-0.0921931,-0.15725324,0.09574852
665,Person_0236,Warehouse_015__Person_0236,112,112,Camera_10,20,Warehouse_015,Person,1,0.5804511278195489,0,8970,/pfs/data6/home/st/st_us-053000/st_st191959/DL-Lab/DataSet/MTMC_Tracking_2025_Preprocessed/val/Warehouse_015/crops/Person_0236/Camera_10/Person_0236_Camera_10_f000000_r041.jpg,None,106,Warehouse_015__Person_0236,1.0,False,False,0.064456485,-0.08287588,0.06445653,-0.08287555,0.02951063
537,Person_0236,Warehouse_015__Person_0236,112,112,Camera_12,22,Warehouse_015,Person,1,0.6182495344506518,0,8970,/pfs/data6/home/st/st_us-053000/st_st191959/DL-Lab/DataSet/MTMC_Tracking_2025_Preprocessed/val/Warehouse_015/crops/Person_0236/Camera_12/Person_0236_Camera_12_f000000_r034.jpg,None,106,Warehouse_015__Person_0236,1.0,False,False,0.02258428,-0.13043678,0.022584392,-0.13043718,0.040827893
421,Person_0237,Warehouse_015__Person_0237,113,113,Camera_01,11,Warehouse_015,Person,1,0.665083135391924,420,8970,/pfs/data6/home/st/st_us-053000/st_st191959/DL-Lab/DataSet/MTMC_Tracking_2025_Preprocessed/val/Warehouse_015/crops/Person_0237/Camera_01/Person_0237_Camera_01_f000420_r043.jpg,None,-1,NOISE,0.0,True,False,-0.12509112,-0.21268865,-0.12509114,-0.21268897,-0.080260284
622,Person_0237,Warehouse_015__Person_0237,113,113,Camera_02,12,Warehouse_015,Person,1,0.6559485530546624,0,7710,/pfs/data6/home/st/st_us-053000/st_st191959/DL-Lab/DataSet/MTMC_Tracking_2025_Preprocessed/val/Warehouse_015/crops/Person_0237/Camera_02/Person_0237_Camera_02_f000000_r009.jpg,None,-1,NOISE,0.0,True,False,0.032523468,-0.18258527,0.032523453,-0.1825849,-0.0745293
9,Person_0237,Warehouse_015__Person_0237,113,113,Camera_03,13,Warehouse_015,Person,1,0.6666666666666666,8910,8970,/pfs/data6/home/st/st_us-053000/st_st191959/DL-Lab/DataSet/MTMC_Tracking_2025_Preprocessed/val/Warehouse_015/crops/Person_0237/Camera_03/Person_0237_Camera_03_f008910_r033.jpg,None,-1,NOISE,0.0,True,False,-0.24717438,-0.18783349,-0.24717426,-0.18783505,-0.0446169
226,Person_0237,Warehouse_015__Person_0237,113,113,Camera_05,15,Warehouse_015,Person,1,0.6548672566371682,1740,8880,/pfs/data6/home/st/st_us-053000/st_st191959/DL-Lab/DataSet/MTMC_Tracking_2025_Preprocessed/val/Warehouse_015/crops/Person_0237/Camera_05/Person_0237_Camera_05_f001740_r017.jpg,None,-1,NOISE,0.0,True,False,-0.102798164,-0.25824246,-0.10279814,-0.258243,-0.02359504
76,Person_0237,Warehouse_015__Person_0237,113,113,Camera_06,16,Warehouse_015,Person,1,0.631578947368421,7710,8520,/pfs/data6/home/st/st_us-053000/st_st191959/DL-Lab/DataSet/MTMC_Tracking_2025_Preprocessed/val/Warehouse_015/crops/Person_0237/Camera_06/Person_0237_Camera_06_f007710_r002.jpg,None,-1,NOISE,0.0,True,False,-0.2732994,-0.08883903,-0.2732995,-0.08883742,-0.073131725
147,Person_0237,Warehouse_015__Person_0237,113,113,Camera_08,18,Warehouse_015,Person,1,0.3673469387755102,0,8970,/pfs/data6/home/st/st_us-053000/st_st191959/DL-Lab/DataSet/MTMC_Tracking_2025_Preprocessed/val/Warehouse_015/crops/Person_0237/Camera_08/Person_0237_Camera_08_f000000_r019.jpg,None,107,Warehouse_015__Person_0237,1.0,False,False,0.063731425,-0.12525462,0.06373138,-0.1252533,-0.053087905
330,Person_0237,Warehouse_015__Person_0237,113,113,Camera_10,20,Warehouse_015,Person,1,0.6606060606060606,960,8910,/pfs/data6/home/st/st_us-053000/st_st191959/DL-Lab/DataSet/MTMC_Tracking_2025_Preprocessed/val/Warehouse_015/crops/Person_0237/Camera_10/Person_0237_Camera_10_f000960_r050.jpg,None,-1,NOISE,0.0,True,False,-0.090799145,-0.24521375,-0.09079909,-0.24521348,-0.11100329
103,Person_0237,Warehouse_015__Person_0237,113,113,Camera_11,21,Warehouse_015,Person,1,0.6601941747572816,6600,8190,/pfs/data6/home/st/st_us-053000/st_st191959/DL-Lab/DataSet/MTMC_Tracking_2025_Preprocessed/val/Warehouse_015/crops/Person_0237/Camera_11/Person_0237_Camera_11_f006600_r005.jpg,None,-1,NOISE,0.0,True,False,-0.19071215,-0.2038474,-0.1907121,-0.2038484,-0.12232021
315,Person_0237,Warehouse_015__Person_0237,113,113,Camera_12,22,Warehouse_015,Person,1,0.39365079365079364,0,8970,/pfs/data6/home/st/st_us-053000/st_st191959/DL-Lab/DataSet/MTMC_Tracking_2025_Preprocessed/val/Warehouse_015/crops/Person_0237/Camera_12/Person_0237_Camera_12_f000000_r039.jpg,None,107,Warehouse_015__Person_0237,1.0,False,False,0.0402486,-0.15300806,0.0402486,-0.1530066,-0.08199121
165,Person_0238,Warehouse_015__Person_0238,114,114,Camera,0,Warehouse_015,Person,1,0.6666666666666666,2310,3930,/pfs/data6/home/st/st_us-053000/st_st191959/DL-Lab/DataSet/MTMC_Tracking_2025_Preprocessed/val/Warehouse_015/crops/Person_0238/Camera/Person_0238_Camera_f002310_r002.jpg,None,70,Warehouse_015__Person_0169,0.6666666666666666,False,True,0.08737269,-0.08509123,0.087372705,-0.08508983,0.039447132
511,Person_0238,Warehouse_015__Person_0238,114,114,Camera_01,11,Warehouse_015,Person,1,0.6575342465753424,1020,8970,/pfs/data6/home/st/st_us-053000/st_st191959/DL-Lab/DataSet/MTMC_Tracking_2025_Preprocessed/val/Warehouse_015/crops/Person_0238/Camera_01/Person_0238_Camera_01_f001020_r007.jpg,None,-1,NOISE,0.0,True,False,-0.0017477786,-0.0974641,-0.0017477096,-0.09746494,0.07432446
508,Person_0238,Warehouse_015__Person_0238,114,114,Camera_02,12,Warehouse_015,Person,1,0.6653543307086615,0,8970,/pfs/data6/home/st/st_us-053000/st_st191959/DL-Lab/DataSet/MTMC_Tracking_2025_Preprocessed/val/Warehouse_015/crops/Person_0238/Camera_02/Person_0238_Camera_02_f000000_r002.jpg,None,72,Warehouse_015__Person_0217,0.4444444444444444,False,True,0.18578127,-0.03670461,0.1857813,-0.036703143,0.041991968
216,Person_0238,Warehouse_015__Person_0238,114,114,Camera_03,13,Warehouse_015,Person,1,0.6666666666666666,1620,4830,/pfs/data6/home/st/st_us-053000/st_st191959/DL-Lab/DataSet/MTMC_Tracking_2025_Preprocessed/val/Warehouse_015/crops/Person_0238/Camera_03/Person_0238_Camera_03_f001620_r005.jpg,None,-1,NOISE,0.0,True,False,0.067892805,-0.07059079,0.06789285,-0.07059121,0.08556514
162,Person_0238,Warehouse_015__Person_0238,114,114,Camera_04,14,Warehouse_015,Person,1,0.6666666666666666,2370,3990,/pfs/data6/home/st/st_us-053000/st_st191959/DL-Lab/DataSet/MTMC_Tracking_2025_Preprocessed/val/Warehouse_015/crops/Person_0238/Camera_04/Person_0238_Camera_04_f002370_r002.jpg,None,-1,NOISE,0.0,True,False,0.10019692,-0.12817423,0.100196995,-0.1281724,0.034040462
181,Person_0238,Warehouse_015__Person_0238,114,114,Camera_05,15,Warehouse_015,Person,1,0.6629834254143646,1050,8970,/pfs/data6/home/st/st_us-053000/st_st191959/DL-Lab/DataSet/MTMC_Tracking_2025_Preprocessed/val/Warehouse_015/crops/Person_0238/Camera_05/Person_0238_Camera_05_f001050_r002.jpg,None,-1,NOISE,0.0,True,False,-0.10768575,-0.111948736,-0.10768573,-0.11194966,0.066727996
18,Person_0238,Warehouse_015__Person_0238,114,114,Camera_06,16,Warehouse_015,Person,1,0.6666666666666666,8580,8730,/pfs/data6/home/st/st_us-053000/st_st191959/DL-Lab/DataSet/MTMC_Tracking_2025_Preprocessed/val/Warehouse_015/crops/Person_0238/Camera_06/Person_0238_Camera_06_f008580_r000.jpg,None,-1,NOISE,0.0,True,False,0.015719479,-0.118031494,0.01571953,-0.11803132,0.037720237
502,Person_0238,Warehouse_015__Person_0238,114,114,Camera_08,18,Warehouse_015,Person,1,0.6334661354581673,0,7560,/pfs/data6/home/st/st_us-053000/st_st191959/DL-Lab/DataSet/MTMC_Tracking_2025_Preprocessed/val/Warehouse_015/crops/Person_0238/Camera_08/Person_0238_Camera_08_f000000_r004.jpg,None,72,Warehouse_015__Person_0217,0.4444444444444444,False,True,0.18970896,-0.03771371,0.18970898,-0.037712954,0.050699987
346,Person_0238,Warehouse_015__Person_0238,114,114,Camera_10,20,Warehouse_015,Person,1,0.5433526011560693,270,8970,/pfs/data6/home/st/st_us-053000/st_st191959/DL-Lab/DataSet/MTMC_Tracking_2025_Preprocessed/val/Warehouse_015/crops/Person_0238/Camera_10/Person_0238_Camera_10_f000270_r009.jpg,None,72,Warehouse_015__Person_0217,0.4444444444444444,False,True,0.15979609,-0.023812199,0.15979613,-0.023811536,0.037487276
117,Person_0238,Warehouse_015__Person_0238,114,114,Camera_11,21,Warehouse_015,Person,1,0.6666666666666666,1080,8970,/pfs/data6/home/st/st_us-053000/st_st191959/DL-Lab/DataSet/MTMC_Tracking_2025_Preprocessed/val/Warehouse_015/crops/Person_0238/Camera_11/Person_0238_Camera_11_f001080_r001.jpg,None,-1,NOISE,0.0,True,False,-0.07898265,-0.15959099,-0.07898257,-0.15959054,-0.043352637
596,Person_0238,Warehouse_015__Person_0238,114,114,Camera_12,22,Warehouse_015,Person,1,0.5503355704697986,0,8970,/pfs/data6/home/st/st_us-053000/st_st191959/DL-Lab/DataSet/MTMC_Tracking_2025_Preprocessed/val/Warehouse_015/crops/Person_0238/Camera_12/Person_0238_Camera_12_f000000_r008.jpg,None,72,Warehouse_015__Person_0217,0.4444444444444444,False,True,0.15488024,-0.016138798,0.15488032,-0.016137674,0.0045979787
174,Person_0239,Warehouse_015__Person_0239,115,115,Camera_01,11,Warehouse_015,Person,1,0.6206896551724138,6660,8970,/pfs/data6/home/st/st_us-053000/st_st191959/DL-Lab/DataSet/MTMC_Tracking_2025_Preprocessed/val/Warehouse_015/crops/Person_0239/Camera_01/Person_0239_Camera_01_f006660_r050.jpg,None,52,Warehouse_015__Person_0201,0.225,False,True,0.15943329,0.12019983,0.15943336,0.12019854,0.08249135
369,Person_0239,Warehouse_015__Person_0239,115,115,Camera_02,12,Warehouse_015,Person,1,0.6666666666666666,0,7620,/pfs/data6/home/st/st_us-053000/st_st191959/DL-Lab/DataSet/MTMC_Tracking_2025_Preprocessed/val/Warehouse_015/crops/Person_0239/Camera_02/Person_0239_Camera_02_f000000_r011.jpg,None,52,Warehouse_015__Person_0201,0.225,False,True,0.23156793,0.18474238,0.23156789,0.18474229,0.0019082942
79,Person_0239,Warehouse_015__Person_0239,115,115,Camera_03,13,Warehouse_015,Person,1,0.6075949367088608,2880,8730,/pfs/data6/home/st/st_us-053000/st_st191959/DL-Lab/DataSet/MTMC_Tracking_2025_Preprocessed/val/Warehouse_015/crops/Person_0239/Camera_03/Person_0239_Camera_03_f002880_r034.jpg,None,-1,NOISE,0.0,True,False,0.18654965,0.11164872,0.18654957,0.11164855,0.1278656
125,Person_0239,Warehouse_015__Person_0239,115,115,Camera_05,15,Warehouse_015,Person,1,0.608,7230,8970,/pfs/data6/home/st/st_us-053000/st_st191959/DL-Lab/DataSet/MTMC_Tracking_2025_Preprocessed/val/Warehouse_015/crops/Person_0239/Camera_05/Person_0239_Camera_05_f007230_r019.jpg,None,52,Warehouse_015__Person_0201,0.225,False,True,0.16206723,0.11572946,0.1620672,0.11572824,0.06809919
26,Person_0239,Warehouse_015__Person_0239,115,115,Camera_06,16,Warehouse_015,Person,1,0.6153846153846154,8040,8970,/pfs/data6/home/st/st_us-053000/st_st191959/DL-Lab/DataSet/MTMC_Tracking_2025_Preprocessed/val/Warehouse_015/crops/Person_0239/Camera_06/Person_0239_Camera_06_f008040_r005.jpg,None,-1,NOISE,0.0,True,False,-0.40647784,0.27374026,-0.40647826,0.27374628,0.13020915
39,Person_0239,Warehouse_015__Person_0239,115,115,Camera_07,17,Warehouse_015,Person,1,0.6666666666666666,8340,8700,/pfs/data6/home/st/st_us-053000/st_st191959/DL-Lab/DataSet/MTMC_Tracking_2025_Preprocessed/val/Warehouse_015/crops/Person_0239/Camera_07/Person_0239_Camera_07_f008340_r011.jpg,None,-1,NOISE,0.0,True,False,0.019512298,-0.0067628464,0.019512324,-0.006764359,0.10318492
392,Person_0239,Warehouse_015__Person_0239,115,115,Camera_08,18,Warehouse_015,Person,1,0.45408163265306123,0,7230,/pfs/data6/home/st/st_us-053000/st_st191959/DL-Lab/DataSet/MTMC_Tracking_2025_Preprocessed/val/Warehouse_015/crops/Person_0239/Camera_08/Person_0239_Camera_08_f000000_r022.jpg,None,52,Warehouse_015__Person_0201,0.225,False,True,0.20448284,0.20582195,0.20448284,0.20582232,0.0065005557
532,Person_0239,Warehouse_015__Person_0239,115,115,Camera_10,20,Warehouse_015,Person,1,0.6353383458646616,2610,8970,/pfs/data6/home/st/st_us-053000/st_st191959/DL-Lab/DataSet/MTMC_Tracking_2025_Preprocessed/val/Warehouse_015/crops/Person_0239/Camera_10/Person_0239_Camera_10_f002610_r051.jpg,None,-1,NOISE,0.0,True,False,0.12913635,0.15166675,0.12913632,0.1516672,-0.022347957
30,Person_0239,Warehouse_015__Person_0239,115,115,Camera_11,21,Warehouse_015,Person,1,0.6666666666666666,7770,8970,/pfs/data6/home/st/st_us-053000/st_st191959/DL-Lab/DataSet/MTMC_Tracking_2025_Preprocessed/val/Warehouse_015/crops/Person_0239/Camera_11/Person_0239_Camera_11_f007770_r005.jpg,None,-1,NOISE,0.0,True,False,0.12401941,-0.011031417,0.12401941,-0.011031015,0.07760297
359,Person_0239,Warehouse_015__Person_0239,115,115,Camera_12,22,Warehouse_015,Person,1,0.36768802228412256,0,8250,/pfs/data6/home/st/st_us-053000/st_st191959/DL-Lab/DataSet/MTMC_Tracking_2025_Preprocessed/val/Warehouse_015/crops/Person_0239/Camera_12/Person_0239_Camera_12_f000000_r043.jpg,None,52,Warehouse_015__Person_0201,0.225,False,True,0.19977403,0.16075158,0.19977407,0.16075206,-0.017088069
327,Person_0240,Warehouse_015__Person_0240,116,116,Camera_01,11,Warehouse_015,Person,1,0.654434250764526,1980,8970,/pfs/data6/home/st/st_us-053000/st_st191959/DL-Lab/DataSet/MTMC_Tracking_2025_Preprocessed/val/Warehouse_015/crops/Person_0240/Camera_01/Person_0240_Camera_01_f001980_r022.jpg,None,-1,NOISE,0.0,True,False,0.18522201,-0.0936384,0.18522204,-0.093637526,-0.014376814
475,Person_0240,Warehouse_015__Person_0240,116,116,Camera_02,12,Warehouse_015,Person,1,0.6610526315789473,0,6540,/pfs/data6/home/st/st_us-053000/st_st191959/DL-Lab/DataSet/MTMC_Tracking_2025_Preprocessed/val/Warehouse_015/crops/Person_0240/Camera_02/Person_0240_Camera_02_f000000_r007.jpg,None,-1,NOISE,0.0,True,False,0.24209505,0.012340447,0.24209508,0.012341628,-0.11716388
81,Person_0240,Warehouse_015__Person_0240,116,116,Camera_03,13,Warehouse_015,Person,1,0.6666666666666666,5430,7110,/pfs/data6/home/st/st_us-053000/st_st191959/DL-Lab/DataSet/MTMC_Tracking_2025_Preprocessed/val/Warehouse_015/crops/Person_0240/Camera_03/Person_0240_Camera_03_f005430_r021.jpg,None,-1,NOISE,0.0,True,False,-0.03322814,-0.1750637,-0.03322813,-0.17506409,-0.10309779
177,Person_0240,Warehouse_015__Person_0240,116,116,Camera_05,15,Warehouse_015,Person,1,0.655367231638418,6780,8970,/pfs/data6/home/st/st_us-053000/st_st191959/DL-Lab/DataSet/MTMC_Tracking_2025_Preprocessed/val/Warehouse_015/crops/Person_0240/Camera_05/Person_0240_Camera_05_f006780_r013.jpg,None,-1,NOISE,0.0,True,False,0.035764538,-0.12124932,0.035764497,-0.12124632,-0.1152448
12,Person_0240,Warehouse_015__Person_0240,116,116,Camera_06,16,Warehouse_015,Person,1,0.6666666666666666,8880,8970,/pfs/data6/home/st/st_us-053000/st_st191959/DL-Lab/DataSet/MTMC_Tracking_2025_Preprocessed/val/Warehouse_015/crops/Person_0240/Camera_06/Person_0240_Camera_06_f008880_r001.jpg,None,-1,NOISE,0.0,True,False,0.1101531,0.033631958,0.11015308,0.033631694,-0.04901158
216,Person_0240,Warehouse_015__Person_0240,116,116,Camera_08,18,Warehouse_015,Person,1,0.4166666666666667,0,6570,/pfs/data6/home/st/st_us-053000/st_st191959/DL-Lab/DataSet/MTMC_Tracking_2025_Preprocessed/val/Warehouse_015/crops/Person_0240/Camera_08/Person_0240_Camera_08_f000000_r013.jpg,None,-1,NOISE,0.0,True,False,0.1456065,-0.011146521,0.14560649,-0.01114573,-0.119318694
370,Person_0240,Warehouse_015__Person_0240,116,116,Camera_10,20,Warehouse_015,Person,1,0.6216216216216216,510,8970,/pfs/data6/home/st/st_us-053000/st_st191959/DL-Lab/DataSet/MTMC_Tracking_2025_Preprocessed/val/Warehouse_015/crops/Person_0240/Camera_10/Person_0240_Camera_10_f000510_r030.jpg,None,-1,NOISE,0.0,True,False,0.10537857,-0.07839027,0.10537863,-0.07838886,-0.12717949
9,Person_0240,Warehouse_015__Person_0240,116,116,Camera_11,21,Warehouse_015,Person,1,0.6666666666666666,8910,8970,/pfs/data6/home/st/st_us-053000/st_st191959/DL-Lab/DataSet/MTMC_Tracking_2025_Preprocessed/val/Warehouse_015/crops/Person_0240/Camera_11/Person_0240_Camera_11_f008910_r004.jpg,None,-1,NOISE,0.0,True,False,-0.18109682,-0.051533,-0.18109676,-0.05153626,-0.07155472
342,Person_0240,Warehouse_015__Person_0240,116,116,Camera_12,22,Warehouse_015,Person,1,0.34502923976608185,0,8940,/pfs/data6/home/st/st_us-053000/st_st191959/DL-Lab/DataSet/MTMC_Tracking_2025_Preprocessed/val/Warehouse_015/crops/Person_0240/Camera_12/Person_0240_Camera_12_f000000_r025.jpg,None,-1,NOISE,0.0,True,False,0.16865538,0.03508415,0.16865529,0.035086047,-0.14453454
520,Person_0241,Warehouse_015__Person_0241,117,117,Camera_01,11,Warehouse_015,Person,1,0.6653846153846154,2520,8970,/pfs/data6/home/st/st_us-053000/st_st191959/DL-Lab/DataSet/MTMC_Tracking_2025_Preprocessed/val/Warehouse_015/crops/Person_0241/Camera_01/Person_0241_Camera_01_f002520_r025.jpg,None,-1,NOISE,0.0,True,False,0.042725805,-0.14691873,0.042725895,-0.14691709,0.029783044
517,Person_0241,Warehouse_015__Person_0241,117,117,Camera_02,12,Warehouse_015,Person,1,0.6653771760154739,0,8970,/pfs/data6/home/st/st_us-053000/st_st191959/DL-Lab/DataSet/MTMC_Tracking_2025_Preprocessed/val/Warehouse_015/crops/Person_0241/Camera_02/Person_0241_Camera_02_f000000_r006.jpg,None,-1,NOISE,0.0,True,False,0.016923659,-0.18463056,0.016923733,-0.18462995,-0.009937161
486,Person_0241,Warehouse_015__Person_0241,117,117,Camera_05,15,Warehouse_015,Person,1,0.6625514403292181,3570,8970,/pfs/data6/home/st/st_us-053000/st_st191959/DL-Lab/DataSet/MTMC_Tracking_2025_Preprocessed/val/Warehouse_015/crops/Person_0241/Camera_05/Person_0241_Camera_05_f003570_r014.jpg,None,-1,NOISE,0.0,True,False,-0.18610087,-0.22496985,-0.18610081,-0.22496806,0.03183993
92,Person_0241,Warehouse_015__Person_0241,117,117,Camera_06,16,Warehouse_015,Person,1,0.5869565217391305,3930,5820,/pfs/data6/home/st/st_us-053000/st_st191959/DL-Lab/DataSet/MTMC_Tracking_2025_Preprocessed/val/Warehouse_015/crops/Person_0241/Camera_06/Person_0241_Camera_06_f003930_r003.jpg,None,-1,NOISE,0.0,True,False,0.13945557,-0.09306815,0.13945562,-0.09306639,-0.0037248249
105,Person_0241,Warehouse_015__Person_0241,117,117,Camera_08,18,Warehouse_015,Person,1,0.2857142857142857,0,3030,/pfs/data6/home/st/st_us-053000/st_st191959/DL-Lab/DataSet/MTMC_Tracking_2025_Preprocessed/val/Warehouse_015/crops/Person_0241/Camera_08/Person_0241_Camera_08_f000000_r012.jpg,None,108,Warehouse_015__Person_0241,1.0,False,False,0.12381681,-0.036336575,0.12381688,-0.03633517,-0.06634797
509,Person_0241,Warehouse_015__Person_0241,117,117,Camera_10,20,Warehouse_015,Person,1,0.6483300589390962,0,8970,/pfs/data6/home/st/st_us-053000/st_st191959/DL-Lab/DataSet/MTMC_Tracking_2025_Preprocessed/val/Warehouse_015/crops/Person_0241/Camera_10/Person_0241_Camera_10_f000000_r027.jpg,None,-1,NOISE,0.0,True,False,-0.019350598,-0.16704838,-0.01935052,-0.16704644,-0.024482338
273,Person_0241,Warehouse_015__Person_0241,117,117,Camera_11,21,Warehouse_015,Person,1,0.6666666666666666,3630,6420,/pfs/data6/home/st/st_us-053000/st_st191959/DL-Lab/DataSet/MTMC_Tracking_2025_Preprocessed/val/Warehouse_015/crops/Person_0241/Camera_11/Person_0241_Camera_11_f003630_r002.jpg,None,-1,NOISE,0.0,True,False,0.0046420656,-0.16496699,0.004642097,-0.16496515,-0.027327964
371,Person_0241,Warehouse_015__Person_0241,117,117,Camera_12,22,Warehouse_015,Person,1,0.3557951482479784,0,8970,/pfs/data6/home/st/st_us-053000/st_st191959/DL-Lab/DataSet/MTMC_Tracking_2025_Preprocessed/val/Warehouse_015/crops/Person_0241/Camera_12/Person_0241_Camera_12_f000000_r023.jpg,None,108,Warehouse_015__Person_0241,1.0,False,False,0.117572054,-0.08942223,0.11757205,-0.089420244,-0.07132462
264,Person_0242,Warehouse_015__Person_0242,118,118,Camera_01,11,Warehouse_015,Person,1,0.6666666666666666,570,3180,/pfs/data6/home/st/st_us-053000/st_st191959/DL-Lab/DataSet/MTMC_Tracking_2025_Preprocessed/val/Warehouse_015/crops/Person_0242/Camera_01/Person_0242_Camera_01_f000570_r046.jpg,None,-1,NOISE,0.0,True,False,-0.017484078,-0.18792357,-0.017484028,-0.18792297,-0.0100625595
33,Person_0242,Warehouse_015__Person_0242,118,118,Camera_02,12,Warehouse_015,Person,1,0.6666666666666666,0,330,/pfs/data6/home/st/st_us-053000/st_st191959/DL-Lab/DataSet/MTMC_Tracking_2025_Preprocessed/val/Warehouse_015/crops/Person_0242/Camera_02/Person_0242_Camera_02_f000000_r010.jpg,None,-1,NOISE,0.0,True,False,-0.09510017,-0.17449558,-0.09510019,-0.1744936,-0.123244815
21,Person_0242,Warehouse_015__Person_0242,118,118,Camera_03,13,Warehouse_015,Person,1,0.6666666666666666,1860,2790,/pfs/data6/home/st/st_us-053000/st_st191959/DL-Lab/DataSet/MTMC_Tracking_2025_Preprocessed/val/Warehouse_015/crops/Person_0242/Camera_03/Person_0242_Camera_03_f001860_r031.jpg,None,-1,NOISE,0.0,True,False,0.082596526,-0.00353723,0.08259655,-0.0035381303,0.06398868
853,Person_0242,Warehouse_015__Person_0242,118,118,Camera_05,15,Warehouse_015,Person,1,0.6635404454865181,390,8970,/pfs/data6/home/st/st_us-053000/st_st191959/DL-Lab/DataSet/MTMC_Tracking_2025_Preprocessed/val/Warehouse_015/crops/Person_0242/Camera_05/Person_0242_Camera_05_f000390_r022.jpg,None,-1,NOISE,0.0,True,False,-0.0700058,-0.12599564,-0.07000579,-0.12599437,-0.12424496
219,Person_0242,Warehouse_015__Person_0242,118,118,Camera_06,16,Warehouse_015,Person,1,0.6666666666666666,360,3150,/pfs/data6/home/st/st_us-053000/st_st191959/DL-Lab/DataSet/MTMC_Tracking_2025_Preprocessed/val/Warehouse_015/crops/Person_0242/Camera_06/Person_0242_Camera_06_f000360_r008.jpg,None,-1,NOISE,0.0,True,False,0.040693182,-0.1469001,0.040693264,-0.14689942,-0.044284306
833,Person_0242,Warehouse_015__Person_0242,118,118,Camera_10,20,Warehouse_015,Person,1,0.6650660264105642,510,8970,/pfs/data6/home/st/st_us-053000/st_st191959/DL-Lab/DataSet/MTMC_Tracking_2025_Preprocessed/val/Warehouse_015/crops/Person_0242/Camera_10/Person_0242_Camera_10_f000510_r054.jpg,None,-1,NOISE,0.0,True,False,-0.10698209,-0.14179942,-0.106982075,-0.14180054,-0.124616094
793,Person_0242,Warehouse_015__Person_0242,118,118,Camera_11,21,Warehouse_015,Person,1,0.6658259773013872,270,8970,/pfs/data6/home/st/st_us-053000/st_st191959/DL-Lab/DataSet/MTMC_Tracking_2025_Preprocessed/val/Warehouse_015/crops/Person_0242/Camera_11/Person_0242_Camera_11_f000270_r009.jpg,None,-1,NOISE,0.0,True,False,0.10873794,-0.105981,0.10873796,-0.10597885,-0.04348171
749,Person_0242,Warehouse_015__Person_0242,118,118,Camera_12,22,Warehouse_015,Person,1,0.6114819759679573,0,8970,/pfs/data6/home/st/st_us-053000/st_st191959/DL-Lab/DataSet/MTMC_Tracking_2025_Preprocessed/val/Warehouse_015/crops/Person_0242/Camera_12/Person_0242_Camera_12_f000000_r041.jpg,None,-1,NOISE,0.0,True,False,0.1765748,0.03068777,0.17657481,0.030688817,-0.07393046
33,Transporter_0007,Warehouse_015__Transporter_0007,119,119,Camera,0,Warehouse_015,Transporter,1,0.5454545454545454,5970,8970,/pfs/data6/home/st/st_us-053000/st_st191959/DL-Lab/DataSet/MTMC_Tracking_2025_Preprocessed/val/Warehouse_015/crops/Transporter_0007/Camera/Transporter_0007_Camera_f005970_r001.jpg,None,-1,NOISE,0.0,True,False,-0.33570766,0.23759857,-0.33570793,0.23759912,0.33080584
317,Transporter_0007,Warehouse_015__Transporter_0007,119,119,Camera_01,11,Warehouse_015,Transporter,1,0.5678233438485805,90,7770,/pfs/data6/home/st/st_us-053000/st_st191959/DL-Lab/DataSet/MTMC_Tracking_2025_Preprocessed/val/Warehouse_015/crops/Transporter_0007/Camera_01/Transporter_0007_Camera_01_f000090_r003.jpg,None,109,Warehouse_015__Transporter_0007,1.0,False,False,-0.30075556,0.24622461,-0.30075565,0.24622387,0.29534814
3,Transporter_0007,Warehouse_015__Transporter_0007,119,119,Camera_02,12,Warehouse_015,Transporter,0,0.0,1890,1950,/pfs/data6/home/st/st_us-053000/st_st191959/DL-Lab/DataSet/MTMC_Tracking_2025_Preprocessed/val/Warehouse_015/crops/Transporter_0007/Camera_02/Transporter_0007_Camera_02_f001890_r000.jpg,None,-1,NOISE,0.0,True,False,-0.27668804,0.14243881,-0.2766882,0.1424396,0.11296219
210,Transporter_0007,Warehouse_015__Transporter_0007,119,119,Camera_03,13,Warehouse_015,Transporter,1,0.4380952380952381,3810,8940,/pfs/data6/home/st/st_us-053000/st_st191959/DL-Lab/DataSet/MTMC_Tracking_2025_Preprocessed/val/Warehouse_015/crops/Transporter_0007/Camera_03/Transporter_0007_Camera_03_f003810_r002.jpg,None,109,Warehouse_015__Transporter_0007,1.0,False,False,-0.26226193,0.26634705,-0.26226208,0.2663455,0.2887745
372,Transporter_0007,Warehouse_015__Transporter_0007,119,119,Camera_05,15,Warehouse_015,Transporter,1,0.6021505376344086,0,7740,/pfs/data6/home/st/st_us-053000/st_st191959/DL-Lab/DataSet/MTMC_Tracking_2025_Preprocessed/val/Warehouse_015/crops/Transporter_0007/Camera_05/Transporter_0007_Camera_05_f000000_r001.jpg,None,109,Warehouse_015__Transporter_0007,1.0,False,False,-0.30724132,0.24559148,-0.30724153,0.2455904,0.34072694
305,Transporter_0007,Warehouse_015__Transporter_0007,119,119,Camera_06,16,Warehouse_015,Transporter,1,0.6622950819672131,0,3570,/pfs/data6/home/st/st_us-053000/st_st191959/DL-Lab/DataSet/MTMC_Tracking_2025_Preprocessed/val/Warehouse_015/crops/Transporter_0007/Camera_06/Transporter_0007_Camera_06_f000000_r000.jpg,None,109,Warehouse_015__Transporter_0007,1.0,False,False,-0.24087252,0.21250342,-0.2408727,0.21250162,0.3192462
359,Transporter_0007,Warehouse_015__Transporter_0007,119,119,Camera_07,17,Warehouse_015,Transporter,1,0.6629526462395543,5100,8970,/pfs/data6/home/st/st_us-053000/st_st191959/DL-Lab/DataSet/MTMC_Tracking_2025_Preprocessed/val/Warehouse_015/crops/Transporter_0007/Camera_07/Transporter_0007_Camera_07_f005100_r001.jpg,None,109,Warehouse_015__Transporter_0007,1.0,False,False,-0.24806167,0.1936207,-0.24806176,0.19361922,0.34432665
175,Transporter_0007,Warehouse_015__Transporter_0007,119,119,Camera_09,19,Warehouse_015,Transporter,1,0.6628571428571428,5940,8970,/pfs/data6/home/st/st_us-053000/st_st191959/DL-Lab/DataSet/MTMC_Tracking_2025_Preprocessed/val/Warehouse_015/crops/Transporter_0007/Camera_09/Transporter_0007_Camera_09_f005940_r000.jpg,None,-1,NOISE,0.0,True,False,-0.3187259,0.24719453,-0.3187261,0.24719457,0.33633643
433,Transporter_0007,Warehouse_015__Transporter_0007,119,119,Camera_10,20,Warehouse_015,Transporter,1,0.6374133949191686,0,7740,/pfs/data6/home/st/st_us-053000/st_st191959/DL-Lab/DataSet/MTMC_Tracking_2025_Preprocessed/val/Warehouse_015/crops/Transporter_0007/Camera_10/Transporter_0007_Camera_10_f000000_r002.jpg,None,-1,NOISE,0.0,True,False,-0.24089171,0.18909763,-0.24089181,0.18909632,0.24876598
326,Transporter_0007,Warehouse_015__Transporter_0007,119,119,Camera_11,21,Warehouse_015,Transporter,1,0.6625766871165644,30,4020,/pfs/data6/home/st/st_us-053000/st_st191959/DL-Lab/DataSet/MTMC_Tracking_2025_Preprocessed/val/Warehouse_015/crops/Transporter_0007/Camera_11/Transporter_0007_Camera_11_f000030_r000.jpg,None,-1,NOISE,0.0,True,False,-0.32869413,0.20527957,-0.32869422,0.20527951,0.36954838
306,Transporter_0007,Warehouse_015__Transporter_0007,119,119,Camera_12,22,Warehouse_015,Transporter,1,0.5882352941176471,480,7740,/pfs/data6/home/st/st_us-053000/st_st191959/DL-Lab/DataSet/MTMC_Tracking_2025_Preprocessed/val/Warehouse_015/crops/Transporter_0007/Camera_12/Transporter_0007_Camera_12_f000480_r003.jpg,None,-1,NOISE,0.0,True,False,-0.29256344,0.22276308,-0.29256356,0.2227623,0.27299798
755,FourierGR1T2_0352,Warehouse_016__FourierGR1T2_0352,120,120,Camera,0,Warehouse_016,FourierGR1T2,1,0.6569536423841059,0,8970,/pfs/data6/home/st/st_us-053000/st_st191959/DL-Lab/DataSet/MTMC_Tracking_2025_Preprocessed/val/Warehouse_016/crops/FourierGR1T2_0352/Camera/FourierGR1T2_0352_Camera_f000000_r002.jpg,None,-1,NOISE,0.0,True,False,-0.23447245,0.24730082,-0.23447232,0.24729848,-0.05556033
863,FourierGR1T2_0352,Warehouse_016__FourierGR1T2_0352,120,120,Camera_01,11,Warehouse_016,FourierGR1T2,1,0.6628041714947857,0,8970,/pfs/data6/home/st/st_us-053000/st_st191959/DL-Lab/DataSet/MTMC_Tracking_2025_Preprocessed/val/Warehouse_016/crops/FourierGR1T2_0352/Camera_01/FourierGR1T2_0352_Camera_01_f000000_r002.jpg,None,110,Warehouse_016__FourierGR1T2_0352,0.25,False,False,-0.10199242,0.25576627,-0.101992354,0.25576288,-0.07975266
606,FourierGR1T2_0352,Warehouse_016__FourierGR1T2_0352,120,120,Camera_02,12,Warehouse_016,FourierGR1T2,1,0.6600660066006601,0,8970,/pfs/data6/home/st/st_us-053000/st_st191959/DL-Lab/DataSet/MTMC_Tracking_2025_Preprocessed/val/Warehouse_016/crops/FourierGR1T2_0352/Camera_02/FourierGR1T2_0352_Camera_02_f000000_r002.jpg,None,-1,NOISE,0.0,True,False,-0.21196587,0.22098339,-0.21196583,0.22098054,-0.043541186
860,FourierGR1T2_0352,Warehouse_016__FourierGR1T2_0352,120,120,Camera_03,13,Warehouse_016,FourierGR1T2,1,0.6651162790697674,0,8880,/pfs/data6/home/st/st_us-053000/st_st191959/DL-Lab/DataSet/MTMC_Tracking_2025_Preprocessed/val/Warehouse_016/crops/FourierGR1T2_0352/Camera_03/FourierGR1T2_0352_Camera_03_f000000_r001.jpg,None,111,Warehouse_016__FourierGR1T2_0352,0.5,False,False,0.12903,0.19651966,0.12903012,0.19651714,-0.031807583
474,FourierGR1T2_0352,Warehouse_016__FourierGR1T2_0352,120,120,Camera_04,14,Warehouse_016,FourierGR1T2,1,0.6582278481012658,0,8970,/pfs/data6/home/st/st_us-053000/st_st191959/DL-Lab/DataSet/MTMC_Tracking_2025_Preprocessed/val/Warehouse_016/crops/FourierGR1T2_0352/Camera_04/FourierGR1T2_0352_Camera_04_f000000_r001.jpg,None,111,Warehouse_016__FourierGR1T2_0352,0.5,False,False,0.07132175,0.23512256,0.07132184,0.23511949,-0.010049227
429,FourierGR1T2_0352,Warehouse_016__FourierGR1T2_0352,120,120,Camera_05,15,Warehouse_016,FourierGR1T2,1,0.6666666666666666,30,8370,/pfs/data6/home/st/st_us-053000/st_st191959/DL-Lab/DataSet/MTMC_Tracking_2025_Preprocessed/val/Warehouse_016/crops/FourierGR1T2_0352/Camera_05/FourierGR1T2_0352_Camera_05_f000030_r000.jpg,None,-1,NOISE,0.0,True,False,0.0037831722,0.1852708,0.0037832607,0.18526724,-0.040663544
22,FourierGR1T2_0352,Warehouse_016__FourierGR1T2_0352,120,120,Camera_06,16,Warehouse_016,FourierGR1T2,1,0.6363636363636364,360,570,/pfs/data6/home/st/st_us-053000/st_st191959/DL-Lab/DataSet/MTMC_Tracking_2025_Preprocessed/val/Warehouse_016/crops/FourierGR1T2_0352/Camera_06/FourierGR1T2_0352_Camera_06_f000360_r000.jpg,None,-1,NOISE,0.0,True,False,-0.09628511,0.15076008,-0.09628513,0.15075749,0.022168614
560,FourierGR1T2_0352,Warehouse_016__FourierGR1T2_0352,120,120,Camera_07,17,Warehouse_016,FourierGR1T2,1,0.6464285714285715,60,8490,/pfs/data6/home/st/st_us-053000/st_st191959/DL-Lab/DataSet/MTMC_Tracking_2025_Preprocessed/val/Warehouse_016/crops/FourierGR1T2_0352/Camera_07/FourierGR1T2_0352_Camera_07_f000060_r002.jpg,None,112,Warehouse_016__FourierGR1T2_0352,0.25,False,False,0.13399439,0.19100825,0.13399449,0.19100621,0.04404523
168,FourierGR1T2_0352,Warehouse_016__FourierGR1T2_0352,120,120,Camera_08,18,Warehouse_016,FourierGR1T2,1,0.6666666666666666,780,2640,/pfs/data6/home/st/st_us-053000/st_st191959/DL-Lab/DataSet/MTMC_Tracking_2025_Preprocessed/val/Warehouse_016/crops/FourierGR1T2_0352/Camera_08/FourierGR1T2_0352_Camera_08_f000780_r000.jpg,None,-1,NOISE,0.0,True,False,-0.21484722,0.18507035,-0.21484713,0.18506792,0.064266965
155,FourierGR1T2_0352,Warehouse_016__FourierGR1T2_0352,120,120,Camera_09,19,Warehouse_016,FourierGR1T2,1,0.5935483870967742,0,8370,/pfs/data6/home/st/st_us-053000/st_st191959/DL-Lab/DataSet/MTMC_Tracking_2025_Preprocessed/val/Warehouse_016/crops/FourierGR1T2_0352/Camera_09/FourierGR1T2_0352_Camera_09_f000000_r000.jpg,None,-1,NOISE,0.0,True,False,-0.06564103,0.15317285,-0.06564119,0.15317209,0.17349584
429,FourierGR1T2_0352,Warehouse_016__FourierGR1T2_0352,120,120,Camera_10,20,Warehouse_016,FourierGR1T2,1,0.662004662004662,810,8340,/pfs/data6/home/st/st_us-053000/st_st191959/DL-Lab/DataSet/MTMC_Tracking_2025_Preprocessed/val/Warehouse_016/crops/FourierGR1T2_0352/Camera_10/FourierGR1T2_0352_Camera_10_f000810_r002.jpg,None,111,Warehouse_016__FourierGR1T2_0352,0.5,False,False,0.15057577,0.16942078,0.1505759,0.16941866,-0.024503684
105,FourierGR1T2_0352,Warehouse_016__FourierGR1T2_0352,120,120,Camera_11,21,Warehouse_016,FourierGR1T2,1,0.6666666666666666,1020,5640,/pfs/data6/home/st/st_us-053000/st_st191959/DL-Lab/DataSet/MTMC_Tracking_2025_Preprocessed/val/Warehouse_016/crops/FourierGR1T2_0352/Camera_11/FourierGR1T2_0352_Camera_11_f001020_r002.jpg,None,-1,NOISE,0.0,True,False,0.069908746,0.114352316,0.06990885,0.114348434,0.03973671
254,FourierGR1T2_0353,Warehouse_016__FourierGR1T2_0353,121,121,Camera,0,Warehouse_016,FourierGR1T2,1,0.6299212598425197,1920,8550,/pfs/data6/home/st/st_us-053000/st_st191959/DL-Lab/DataSet/MTMC_Tracking_2025_Preprocessed/val/Warehouse_016/crops/FourierGR1T2_0353/Camera/FourierGR1T2_0353_Camera_f001920_r002.jpg,None,-1,NOISE,0.0,True,False,-0.279083,0.22302984,-0.27908316,0.22302833,0.04329444
321,FourierGR1T2_0353,Warehouse_016__FourierGR1T2_0353,121,121,Camera_01,11,Warehouse_016,FourierGR1T2,1,0.6417445482866043,450,8970,/pfs/data6/home/st/st_us-053000/st_st191959/DL-Lab/DataSet/MTMC_Tracking_2025_Preprocessed/val/Warehouse_016/crops/FourierGR1T2_0353/Camera_01/FourierGR1T2_0353_Camera_01_f000450_r003.jpg,None,-1,NOISE,0.0,True,False,-0.270075,0.24449922,-0.27007502,0.24449536,0.052848905
33,FourierGR1T2_0353,Warehouse_016__FourierGR1T2_0353,121,121,Camera_02,12,Warehouse_016,FourierGR1T2,1,0.6666666666666666,1950,3600,/pfs/data6/home/st/st_us-053000/st_st191959/DL-Lab/DataSet/MTMC_Tracking_2025_Preprocessed/val/Warehouse_016/crops/FourierGR1T2_0353/Camera_02/FourierGR1T2_0353_Camera_02_f001950_r002.jpg,None,-1,NOISE,0.0,True,False,-0.11054991,0.21244727,-0.1105499,0.21244358,-0.017154925
654,FourierGR1T2_0353,Warehouse_016__FourierGR1T2_0353,121,121,Camera_03,13,Warehouse_016,FourierGR1T2,1,0.6636085626911316,540,8970,/pfs/data6/home/st/st_us-053000/st_st191959/DL-Lab/DataSet/MTMC_Tracking_2025_Preprocessed/val/Warehouse_016/crops/FourierGR1T2_0353/Camera_03/FourierGR1T2_0353_Camera_03_f000540_r003.jpg,None,111,Warehouse_016__FourierGR1T2_0352,0.5,False,True,0.092189625,0.17719986,0.09218976,0.17719695,-0.02437189
76,FourierGR1T2_0353,Warehouse_016__FourierGR1T2_0353,121,121,Camera_04,14,Warehouse_016,FourierGR1T2,1,0.6578947368421053,570,8520,/pfs/data6/home/st/st_us-053000/st_st191959/DL-Lab/DataSet/MTMC_Tracking_2025_Preprocessed/val/Warehouse_016/crops/FourierGR1T2_0353/Camera_04/FourierGR1T2_0353_Camera_04_f000570_r001.jpg,None,-1,NOISE,0.0,True,False,-0.099946566,0.117542624,-0.099946424,0.11753837,-0.005504566
866,FourierGR1T2_0353,Warehouse_016__FourierGR1T2_0353,121,121,Camera_05,15,Warehouse_016,FourierGR1T2,1,0.6651270207852193,0,8970,/pfs/data6/home/st/st_us-053000/st_st191959/DL-Lab/DataSet/MTMC_Tracking_2025_Preprocessed/val/Warehouse_016/crops/FourierGR1T2_0353/Camera_05/FourierGR1T2_0353_Camera_05_f000000_r000.jpg,None,-1,NOISE,0.0,True,False,0.0719986,0.16694237,0.07199876,0.16693918,-0.0076779486
757,FourierGR1T2_0353,Warehouse_016__FourierGR1T2_0353,121,121,Camera_07,17,Warehouse_016,FourierGR1T2,1,0.6235138705416117,0,8970,/pfs/data6/home/st/st_us-053000/st_st191959/DL-Lab/DataSet/MTMC_Tracking_2025_Preprocessed/val/Warehouse_016/crops/FourierGR1T2_0353/Camera_07/FourierGR1T2_0353_Camera_07_f000000_r002.jpg,None,-1,NOISE,0.0,True,False,0.049949363,0.1407458,0.049949374,0.1407434,0.067422286
514,FourierGR1T2_0353,Warehouse_016__FourierGR1T2_0353,121,121,Camera_08,18,Warehouse_016,FourierGR1T2,1,0.6536964980544747,0,8970,/pfs/data6/home/st/st_us-053000/st_st191959/DL-Lab/DataSet/MTMC_Tracking_2025_Preprocessed/val/Warehouse_016/crops/FourierGR1T2_0353/Camera_08/FourierGR1T2_0353_Camera_08_f000000_r000.jpg,None,-1,NOISE,0.0,True,False,-0.010514539,0.15092495,-0.010514532,0.15092163,0.10272711
506,FourierGR1T2_0353,Warehouse_016__FourierGR1T2_0353,121,121,Camera_09,19,Warehouse_016,FourierGR1T2,1,0.5731225296442688,0,8970,/pfs/data6/home/st/st_us-053000/st_st191959/DL-Lab/DataSet/MTMC_Tracking_2025_Preprocessed/val/Warehouse_016/crops/FourierGR1T2_0353/Camera_09/FourierGR1T2_0353_Camera_09_f000000_r001.jpg,None,-1,NOISE,0.0,True,False,-0.054666586,0.12677853,-0.054666683,0.12677701,0.16016123
746,FourierGR1T2_0353,Warehouse_016__FourierGR1T2_0353,121,121,Camera_10,20,Warehouse_016,FourierGR1T2,1,0.6568364611260054,0,8970,/pfs/data6/home/st/st_us-053000/st_st191959/DL-Lab/DataSet/MTMC_Tracking_2025_Preprocessed/val/Warehouse_016/crops/FourierGR1T2_0353/Camera_10/FourierGR1T2_0353_Camera_10_f000000_r001.jpg,None,112,Warehouse_016__FourierGR1T2_0352,0.25,False,True,0.12498669,0.21214847,0.1249868,0.21214594,0.049028307
613,FourierGR1T2_0353,Warehouse_016__FourierGR1T2_0353,121,121,Camera_11,21,Warehouse_016,FourierGR1T2,1,0.6590538336052202,1290,8970,/pfs/data6/home/st/st_us-053000/st_st191959/DL-Lab/DataSet/MTMC_Tracking_2025_Preprocessed/val/Warehouse_016/crops/FourierGR1T2_0353/Camera_11/FourierGR1T2_0353_Camera_11_f001290_r002.jpg,None,-1,NOISE,0.0,True,False,0.09344656,0.12756038,0.09344671,0.12755758,0.048431113
649,FourierGR1T2_0354,Warehouse_016__FourierGR1T2_0354,122,122,Camera,0,Warehouse_016,FourierGR1T2,1,0.6471494607087828,1950,8970,/pfs/data6/home/st/st_us-053000/st_st191959/DL-Lab/DataSet/MTMC_Tracking_2025_Preprocessed/val/Warehouse_016/crops/FourierGR1T2_0354/Camera/FourierGR1T2_0354_Camera_f001950_r003.jpg,None,110,Warehouse_016__FourierGR1T2_0352,0.25,False,True,-0.069618165,0.24596426,-0.06961814,0.2459602,-0.06923608
563,FourierGR1T2_0354,Warehouse_016__FourierGR1T2_0354,122,122,Camera_01,11,Warehouse_016,FourierGR1T2,1,0.6607460035523979,0,8970,/pfs/data6/home/st/st_us-053000/st_st191959/DL-Lab/DataSet/MTMC_Tracking_2025_Preprocessed/val/Warehouse_016/crops/FourierGR1T2_0354/Camera_01/FourierGR1T2_0354_Camera_01_f000000_r003.jpg,None,-1,NOISE,0.0,True,False,-0.26751465,0.25996923,-0.26751465,0.25996614,-0.0078069754
491,FourierGR1T2_0354,Warehouse_016__FourierGR1T2_0354,122,122,Camera_02,12,Warehouse_016,FourierGR1T2,1,0.6639511201629328,1980,8970,/pfs/data6/home/st/st_us-053000/st_st191959/DL-Lab/DataSet/MTMC_Tracking_2025_Preprocessed/val/Warehouse_016/crops/FourierGR1T2_0354/Camera_02/FourierGR1T2_0354_Camera_02_f001980_r003.jpg,None,-1,NOISE,0.0,True,False,-0.21905433,0.2097667,-0.21905449,0.20976399,-0.048444424
431,FourierGR1T2_0354,Warehouse_016__FourierGR1T2_0354,122,122,Camera_03,13,Warehouse_016,FourierGR1T2,1,0.6125290023201856,0,8970,/pfs/data6/home/st/st_us-053000/st_st191959/DL-Lab/DataSet/MTMC_Tracking_2025_Preprocessed/val/Warehouse_016/crops/FourierGR1T2_0354/Camera_03/FourierGR1T2_0354_Camera_03_f000000_r002.jpg,None,-1,NOISE,0.0,True,False,0.04702676,0.23366094,0.047026854,0.233658,-0.08366324
60,FourierGR1T2_0354,Warehouse_016__FourierGR1T2_0354,122,122,Camera_04,14,Warehouse_016,FourierGR1T2,1,0.6666666666666666,1740,2430,/pfs/data6/home/st/st_us-053000/st_st191959/DL-Lab/DataSet/MTMC_Tracking_2025_Preprocessed/val/Warehouse_016/crops/FourierGR1T2_0354/Camera_04/FourierGR1T2_0354_Camera_04_f001740_r001.jpg,None,-1,NOISE,0.0,True,False,-0.09680952,0.22167301,-0.09680948,0.22166803,0.021047443
202,FourierGR1T2_0354,Warehouse_016__FourierGR1T2_0354,122,122,Camera_05,15,Warehouse_016,FourierGR1T2,1,0.6138613861386139,0,2430,/pfs/data6/home/st/st_us-053000/st_st191959/DL-Lab/DataSet/MTMC_Tracking_2025_Preprocessed/val/Warehouse_016/crops/FourierGR1T2_0354/Camera_05/FourierGR1T2_0354_Camera_05_f000000_r001.jpg,None,111,Warehouse_016__FourierGR1T2_0352,0.5,False,True,0.09043149,0.18669017,0.09043165,0.18668701,-0.047305
742,FourierGR1T2_0354,Warehouse_016__FourierGR1T2_0354,122,122,Camera_07,17,Warehouse_016,FourierGR1T2,1,0.6388140161725068,0,8970,/pfs/data6/home/st/st_us-053000/st_st191959/DL-Lab/DataSet/MTMC_Tracking_2025_Preprocessed/val/Warehouse_016/crops/FourierGR1T2_0354/Camera_07/FourierGR1T2_0354_Camera_07_f000000_r003.jpg,None,112,Warehouse_016__FourierGR1T2_0352,0.25,False,True,0.12721188,0.20289055,0.12721191,0.20288825,0.010942798
192,FourierGR1T2_0354,Warehouse_016__FourierGR1T2_0354,122,122,Camera_08,18,Warehouse_016,FourierGR1T2,1,0.6666666666666666,0,1920,/pfs/data6/home/st/st_us-053000/st_st191959/DL-Lab/DataSet/MTMC_Tracking_2025_Preprocessed/val/Warehouse_016/crops/FourierGR1T2_0354/Camera_08/FourierGR1T2_0354_Camera_08_f000000_r001.jpg,None,-1,NOISE,0.0,True,False,-0.18559265,0.14305688,-0.18559265,0.14305286,0.033760957
63,FourierGR1T2_0354,Warehouse_016__FourierGR1T2_0354,122,122,Camera_09,19,Warehouse_016,FourierGR1T2,1,0.4444444444444444,0,2400,/pfs/data6/home/st/st_us-053000/st_st191959/DL-Lab/DataSet/MTMC_Tracking_2025_Preprocessed/val/Warehouse_016/crops/FourierGR1T2_0354/Camera_09/FourierGR1T2_0354_Camera_09_f000000_r002.jpg,None,-1,NOISE,0.0,True,False,-0.12591569,0.15506683,-0.12591581,0.1550655,0.21238734
603,FourierGR1T2_0354,Warehouse_016__FourierGR1T2_0354,122,122,Camera_10,20,Warehouse_016,FourierGR1T2,1,0.6633499170812603,0,8820,/pfs/data6/home/st/st_us-053000/st_st191959/DL-Lab/DataSet/MTMC_Tracking_2025_Preprocessed/val/Warehouse_016/crops/FourierGR1T2_0354/Camera_10/FourierGR1T2_0354_Camera_10_f000000_r002.jpg,None,111,Warehouse_016__FourierGR1T2_0352,0.5,False,True,0.07969793,0.17914893,0.07969809,0.17914633,-0.018440299
402,FourierGR1T2_0354,Warehouse_016__FourierGR1T2_0354,122,122,Camera_11,21,Warehouse_016,FourierGR1T2,1,0.6467661691542289,330,8970,/pfs/data6/home/st/st_us-053000/st_st191959/DL-Lab/DataSet/MTMC_Tracking_2025_Preprocessed/val/Warehouse_016/crops/FourierGR1T2_0354/Camera_11/FourierGR1T2_0354_Camera_11_f000330_r001.jpg,None,-1,NOISE,0.0,True,False,0.048689168,0.2302321,0.04868927,0.23022841,0.017423296
482,FourierGR1T2_0626,Warehouse_016__FourierGR1T2_0626,123,123,Camera,0,Warehouse_016,FourierGR1T2,1,0.6307053941908713,0,8970,/pfs/data6/home/st/st_us-053000/st_st191959/DL-Lab/DataSet/MTMC_Tracking_2025_Preprocessed/val/Warehouse_016/crops/FourierGR1T2_0626/Camera/FourierGR1T2_0626_Camera_f000000_r000.jpg,None,110,Warehouse_016__FourierGR1T2_0352,0.25,False,True,-0.09978129,0.23806544,-0.09978122,0.23806132,-0.038084295
286,FourierGR1T2_0626,Warehouse_016__FourierGR1T2_0626,123,123,Camera_01,11,Warehouse_016,FourierGR1T2,1,0.6573426573426573,0,8970,/pfs/data6/home/st/st_us-053000/st_st191959/DL-Lab/DataSet/MTMC_Tracking_2025_Preprocessed/val/Warehouse_016/crops/FourierGR1T2_0626/Camera_01/FourierGR1T2_0626_Camera_01_f000000_r000.jpg,None,-1,NOISE,0.0,True,False,-0.15087177,0.21931292,-0.15087172,0.21931012,-0.011043721
370,FourierGR1T2_0626,Warehouse_016__FourierGR1T2_0626,123,123,Camera_02,12,Warehouse_016,FourierGR1T2,1,0.6594594594594595,0,8970,/pfs/data6/home/st/st_us-053000/st_st191959/DL-Lab/DataSet/MTMC_Tracking_2025_Preprocessed/val/Warehouse_016/crops/FourierGR1T2_0626/Camera_02/FourierGR1T2_0626_Camera_02_f000000_r000.jpg,None,-1,NOISE,0.0,True,False,-0.29092,0.24521773,-0.2909199,0.24521583,-0.047270544
296,FourierGR1T2_0626,Warehouse_016__FourierGR1T2_0626,123,123,Camera_03,13,Warehouse_016,FourierGR1T2,1,0.6283783783783784,360,8970,/pfs/data6/home/st/st_us-053000/st_st191959/DL-Lab/DataSet/MTMC_Tracking_2025_Preprocessed/val/Warehouse_016/crops/FourierGR1T2_0626/Camera_03/FourierGR1T2_0626_Camera_03_f000360_r000.jpg,None,-1,NOISE,0.0,True,False,-0.09747461,0.2166599,-0.09747469,0.21665962,-0.06939155
82,FourierGR1T2_0626,Warehouse_016__FourierGR1T2_0626,123,123,Camera_04,14,Warehouse_016,FourierGR1T2,1,0.6585365853658537,4800,5610,/pfs/data6/home/st/st_us-053000/st_st191959/DL-Lab/DataSet/MTMC_Tracking_2025_Preprocessed/val/Warehouse_016/crops/FourierGR1T2_0626/Camera_04/FourierGR1T2_0626_Camera_04_f004800_r000.jpg,None,-1,NOISE,0.0,True,False,-0.025740469,0.2179497,-0.025740389,0.21794596,0.105531074
184,FourierGR1T2_0626,Warehouse_016__FourierGR1T2_0626,123,123,Camera_05,15,Warehouse_016,FourierGR1T2,1,0.6413043478260869,1020,6960,/pfs/data6/home/st/st_us-053000/st_st191959/DL-Lab/DataSet/MTMC_Tracking_2025_Preprocessed/val/Warehouse_016/crops/FourierGR1T2_0626/Camera_05/FourierGR1T2_0626_Camera_05_f001020_r000.jpg,None,-1,NOISE,0.0,True,False,-0.055878807,0.10417186,-0.055878714,0.10416811,0.05630912
1,FourierGR1T2_0626,Warehouse_016__FourierGR1T2_0626,123,123,Camera_06,16,Warehouse_016,FourierGR1T2,0,0.0,5370,5370,/pfs/data6/home/st/st_us-053000/st_st191959/DL-Lab/DataSet/MTMC_Tracking_2025_Preprocessed/val/Warehouse_016/crops/FourierGR1T2_0626/Camera_06/FourierGR1T2_0626_Camera_06_f005370_r000.jpg,None,-1,NOISE,0.0,True,False,-0.14988105,0.2818187,-0.14988118,0.28181988,-0.073997125
546,FourierGR1T2_0626,Warehouse_016__FourierGR1T2_0626,123,123,Camera_07,17,Warehouse_016,FourierGR1T2,1,0.5787545787545788,0,8970,/pfs/data6/home/st/st_us-053000/st_st191959/DL-Lab/DataSet/MTMC_Tracking_2025_Preprocessed/val/Warehouse_016/crops/FourierGR1T2_0626/Camera_07/FourierGR1T2_0626_Camera_07_f000000_r000.jpg,None,-1,NOISE,0.0,True,False,0.16945821,0.18131493,0.16945826,0.18131335,0.038775235
44,FourierGR1T2_0626,Warehouse_016__FourierGR1T2_0626,123,123,Camera_08,18,Warehouse_016,FourierGR1T2,1,0.5909090909090909,5640,6930,/pfs/data6/home/st/st_us-053000/st_st191959/DL-Lab/DataSet/MTMC_Tracking_2025_Preprocessed/val/Warehouse_016/crops/FourierGR1T2_0626/Camera_08/FourierGR1T2_0626_Camera_08_f005640_r000.jpg,None,-1,NOISE,0.0,True,False,0.01474832,0.14899543,0.014748292,0.1489923,0.10920849
83,FourierGR1T2_0626,Warehouse_016__FourierGR1T2_0626,123,123,Camera_09,19,Warehouse_016,FourierGR1T2,1,0.5542168674698795,5550,6960,/pfs/data6/home/st/st_us-053000/st_st191959/DL-Lab/DataSet/MTMC_Tracking_2025_Preprocessed/val/Warehouse_016/crops/FourierGR1T2_0626/Camera_09/FourierGR1T2_0626_Camera_09_f005550_r000.jpg,None,-1,NOISE,0.0,True,False,0.09536737,0.12627275,0.09536735,0.12627186,0.1657278
548,FourierGR1T2_0626,Warehouse_016__FourierGR1T2_0626,123,123,Camera_10,20,Warehouse_016,FourierGR1T2,1,0.6459854014598541,360,8970,/pfs/data6/home/st/st_us-053000/st_st191959/DL-Lab/DataSet/MTMC_Tracking_2025_Preprocessed/val/Warehouse_016/crops/FourierGR1T2_0626/Camera_10/FourierGR1T2_0626_Camera_10_f000360_r000.jpg,None,-1,NOISE,0.0,True,False,0.14622581,0.14124341,0.14622594,0.14124097,-0.022354554
684,FourierGR1T2_0626,Warehouse_016__FourierGR1T2_0626,123,123,Camera_11,21,Warehouse_016,FourierGR1T2,1,0.6578947368421053,0,8970,/pfs/data6/home/st/st_us-053000/st_st191959/DL-Lab/DataSet/MTMC_Tracking_2025_Preprocessed/val/Warehouse_016/crops/FourierGR1T2_0626/Camera_11/FourierGR1T2_0626_Camera_11_f000000_r000.jpg,None,-1,NOISE,0.0,True,False,0.11624579,0.16455741,0.11624595,0.16455491,0.0459078
858,FourierGR1T2_0627,Warehouse_016__FourierGR1T2_0627,124,124,Camera,0,Warehouse_016,FourierGR1T2,1,0.6666666666666666,0,8970,/pfs/data6/home/st/st_us-053000/st_st191959/DL-Lab/DataSet/MTMC_Tracking_2025_Preprocessed/val/Warehouse_016/crops/FourierGR1T2_0627/Camera/FourierGR1T2_0627_Camera_f000000_r001.jpg,None,110,Warehouse_016__FourierGR1T2_0352,0.25,False,True,-0.0677912,0.21302849,-0.06779118,0.21302484,-0.06667944
867,FourierGR1T2_0627,Warehouse_016__FourierGR1T2_0627,124,124,Camera_01,11,Warehouse_016,FourierGR1T2,1,0.6643598615916955,0,8970,/pfs/data6/home/st/st_us-053000/st_st191959/DL-Lab/DataSet/MTMC_Tracking_2025_Preprocessed/val/Warehouse_016/crops/FourierGR1T2_0627/Camera_01/FourierGR1T2_0627_Camera_01_f000000_r001.jpg,None,-1,NOISE,0.0,True,False,-0.30088332,0.28935552,-0.3008834,0.28935376,-0.011775924
764,FourierGR1T2_0627,Warehouse_016__FourierGR1T2_0627,124,124,Camera_02,12,Warehouse_016,FourierGR1T2,1,0.662303664921466,0,8970,/pfs/data6/home/st/st_us-053000/st_st191959/DL-Lab/DataSet/MTMC_Tracking_2025_Preprocessed/val/Warehouse_016/crops/FourierGR1T2_0627/Camera_02/FourierGR1T2_0627_Camera_02_f000000_r001.jpg,None,-1,NOISE,0.0,True,False,-0.24113524,0.2306786,-0.24113509,0.2306764,-0.039859958
614,FourierGR1T2_0627,Warehouse_016__FourierGR1T2_0627,124,124,Camera_03,13,Warehouse_016,FourierGR1T2,1,0.6254071661237784,0,8370,/pfs/data6/home/st/st_us-053000/st_st191959/DL-Lab/DataSet/MTMC_Tracking_2025_Preprocessed/val/Warehouse_016/crops/FourierGR1T2_0627/Camera_03/FourierGR1T2_0627_Camera_03_f000000_r000.jpg,None,-1,NOISE,0.0,True,False,0.07573785,0.22046609,0.075737976,0.22046494,-0.116745524
86,FourierGR1T2_0627,Warehouse_016__FourierGR1T2_0627,124,124,Camera_04,14,Warehouse_016,FourierGR1T2,1,0.6511627906976745,7740,8970,/pfs/data6/home/st/st_us-053000/st_st191959/DL-Lab/DataSet/MTMC_Tracking_2025_Preprocessed/val/Warehouse_016/crops/FourierGR1T2_0627/Camera_04/FourierGR1T2_0627_Camera_04_f007740_r000.jpg,None,112,Warehouse_016__FourierGR1T2_0352,0.25,False,True,0.100087136,0.211184,0.10008722,0.21118143,0.04139974
15,FourierGR1T2_0627,Warehouse_016__FourierGR1T2_0627,124,124,Camera_05,15,Warehouse_016,FourierGR1T2,1,0.6666666666666666,7680,7800,/pfs/data6/home/st/st_us-053000/st_st191959/DL-Lab/DataSet/MTMC_Tracking_2025_Preprocessed/val/Warehouse_016/crops/FourierGR1T2_0627/Camera_05/FourierGR1T2_0627_Camera_05_f007680_r000.jpg,None,-1,NOISE,0.0,True,False,-0.13299444,0.17489995,-0.13299432,0.1748966,-0.047829933
54,FourierGR1T2_0627,Warehouse_016__FourierGR1T2_0627,124,124,Camera_06,16,Warehouse_016,FourierGR1T2,1,0.6666666666666666,8460,8970,/pfs/data6/home/st/st_us-053000/st_st191959/DL-Lab/DataSet/MTMC_Tracking_2025_Preprocessed/val/Warehouse_016/crops/FourierGR1T2_0627/Camera_06/FourierGR1T2_0627_Camera_06_f008460_r000.jpg,None,-1,NOISE,0.0,True,False,0.024820572,0.12602928,0.024820665,0.12602657,-0.021736935
681,FourierGR1T2_0627,Warehouse_016__FourierGR1T2_0627,124,124,Camera_07,17,Warehouse_016,FourierGR1T2,1,0.6226138032305433,0,7800,/pfs/data6/home/st/st_us-053000/st_st191959/DL-Lab/DataSet/MTMC_Tracking_2025_Preprocessed/val/Warehouse_016/crops/FourierGR1T2_0627/Camera_07/FourierGR1T2_0627_Camera_07_f000000_r001.jpg,None,-1,NOISE,0.0,True,False,0.1023735,0.16155934,0.10237352,0.16155827,0.064931996
16,FourierGR1T2_0627,Warehouse_016__FourierGR1T2_0627,124,124,Camera_09,19,Warehouse_016,FourierGR1T2,1,0.625,7710,8880,/pfs/data6/home/st/st_us-053000/st_st191959/DL-Lab/DataSet/MTMC_Tracking_2025_Preprocessed/val/Warehouse_016/crops/FourierGR1T2_0627/Camera_09/FourierGR1T2_0627_Camera_09_f007710_r000.jpg,None,-1,NOISE,0.0,True,False,-0.096708365,0.18715614,-0.09670845,0.18715473,0.18324508
606,FourierGR1T2_0627,Warehouse_016__FourierGR1T2_0627,124,124,Camera_10,20,Warehouse_016,FourierGR1T2,1,0.6633663366336634,540,7710,/pfs/data6/home/st/st_us-053000/st_st191959/DL-Lab/DataSet/MTMC_Tracking_2025_Preprocessed/val/Warehouse_016/crops/FourierGR1T2_0627/Camera_10/FourierGR1T2_0627_Camera_10_f000540_r001.jpg,None,-1,NOISE,0.0,True,False,0.07034388,0.17136018,0.070344,0.17135726,-0.0688981
525,FourierGR1T2_0627,Warehouse_016__FourierGR1T2_0627,124,124,Camera_11,21,Warehouse_016,FourierGR1T2,1,0.659047619047619,600,6900,/pfs/data6/home/st/st_us-053000/st_st191959/DL-Lab/DataSet/MTMC_Tracking_2025_Preprocessed/val/Warehouse_016/crops/FourierGR1T2_0627/Camera_11/FourierGR1T2_0627_Camera_11_f000600_r001.jpg,None,-1,NOISE,0.0,True,False,0.024706353,0.19622815,0.024706371,0.19622496,-0.029894754
212,Person_0182,Warehouse_016__Person_0182,125,125,Camera,0,Warehouse_016,Person,1,0.6509433962264151,2520,8970,/pfs/data6/home/st/st_us-053000/st_st191959/DL-Lab/DataSet/MTMC_Tracking_2025_Preprocessed/val/Warehouse_016/crops/Person_0182/Camera/Person_0182_Camera_f002520_r005.jpg,None,-1,NOISE,0.0,True,False,-0.2157111,0.10365502,-0.21571101,0.103651196,-0.2253913
593,Person_0182,Warehouse_016__Person_0182,125,125,Camera_01,11,Warehouse_016,Person,1,0.6104553119730185,180,8970,/pfs/data6/home/st/st_us-053000/st_st191959/DL-Lab/DataSet/MTMC_Tracking_2025_Preprocessed/val/Warehouse_016/crops/Person_0182/Camera_01/Person_0182_Camera_01_f000180_r005.jpg,None,-1,NOISE,0.0,True,False,-0.08798641,0.25366625,-0.087986484,0.2536653,-0.22085704
284,Person_0182,Warehouse_016__Person_0182,125,125,Camera_02,12,Warehouse_016,Person,1,0.6549295774647887,0,8580,/pfs/data6/home/st/st_us-053000/st_st191959/DL-Lab/DataSet/MTMC_Tracking_2025_Preprocessed/val/Warehouse_016/crops/Person_0182/Camera_02/Person_0182_Camera_02_f000000_r004.jpg,None,-1,NOISE,0.0,True,False,-0.37980816,0.18014282,-0.3798083,0.18014102,-0.11421082
591,Person_0182,Warehouse_016__Person_0182,125,125,Camera_03,13,Warehouse_016,Person,1,0.6666666666666666,900,8970,/pfs/data6/home/st/st_us-053000/st_st191959/DL-Lab/DataSet/MTMC_Tracking_2025_Preprocessed/val/Warehouse_016/crops/Person_0182/Camera_03/Person_0182_Camera_03_f000900_r005.jpg,None,-1,NOISE,0.0,True,False,-0.11553344,0.05688303,-0.115533404,0.056880586,-0.2296741
531,Person_0182,Warehouse_016__Person_0182,125,125,Camera_04,14,Warehouse_016,Person,1,0.6516007532956686,180,6150,/pfs/data6/home/st/st_us-053000/st_st191959/DL-Lab/DataSet/MTMC_Tracking_2025_Preprocessed/val/Warehouse_016/crops/Person_0182/Camera_04/Person_0182_Camera_04_f000180_r004.jpg,None,-1,NOISE,0.0,True,False,0.106594935,0.01025347,0.10659498,0.010253388,-0.13580577
359,Person_0182,Warehouse_016__Person_0182,125,125,Camera_05,15,Warehouse_016,Person,1,0.6629526462395543,2010,7650,/pfs/data6/home/st/st_us-053000/st_st191959/DL-Lab/DataSet/MTMC_Tracking_2025_Preprocessed/val/Warehouse_016/crops/Person_0182/Camera_05/Person_0182_Camera_05_f002010_r004.jpg,None,-1,NOISE,0.0,True,False,-0.029380187,0.037758756,-0.029380148,0.037757326,-0.17046246
421,Person_0182,Warehouse_016__Person_0182,125,125,Camera_06,16,Warehouse_016,Person,1,0.6555819477434679,0,5220,/pfs/data6/home/st/st_us-053000/st_st191959/DL-Lab/DataSet/MTMC_Tracking_2025_Preprocessed/val/Warehouse_016/crops/Person_0182/Camera_06/Person_0182_Camera_06_f000000_r000.jpg,None,-1,NOISE,0.0,True,False,-0.07421899,0.08507329,-0.074219,0.085070424,-0.018917678
326,Person_0182,Warehouse_016__Person_0182,125,125,Camera_07,17,Warehouse_016,Person,1,0.6380368098159509,5280,8970,/pfs/data6/home/st/st_us-053000/st_st191959/DL-Lab/DataSet/MTMC_Tracking_2025_Preprocessed/val/Warehouse_016/crops/Person_0182/Camera_07/Person_0182_Camera_07_f005280_r005.jpg,None,-1,NOISE,0.0,True,False,0.03896021,0.047364704,0.038960256,0.047361806,-0.10407836
307,Person_0182,Warehouse_016__Person_0182,125,125,Camera_08,18,Warehouse_016,Person,1,0.6579804560260586,2040,7560,/pfs/data6/home/st/st_us-053000/st_st191959/DL-Lab/DataSet/MTMC_Tracking_2025_Preprocessed/val/Warehouse_016/crops/Person_0182/Camera_08/Person_0182_Camera_08_f002040_r001.jpg,None,-1,NOISE,0.0,True,False,-0.036644485,0.0025779607,-0.03664443,0.0025759747,-0.21088257
359,Person_0182,Warehouse_016__Person_0182,125,125,Camera_09,19,Warehouse_016,Person,1,0.6183844011142061,0,7620,/pfs/data6/home/st/st_us-053000/st_st191959/DL-Lab/DataSet/MTMC_Tracking_2025_Preprocessed/val/Warehouse_016/crops/Person_0182/Camera_09/Person_0182_Camera_09_f000000_r004.jpg,None,-1,NOISE,0.0,True,False,0.12094985,0.102493316,0.12094986,0.102492206,0.098416746
281,Person_0182,Warehouse_016__Person_0182,125,125,Camera_10,20,Warehouse_016,Person,1,0.6548042704626335,6090,8970,/pfs/data6/home/st/st_us-053000/st_st191959/DL-Lab/DataSet/MTMC_Tracking_2025_Preprocessed/val/Warehouse_016/crops/Person_0182/Camera_10/Person_0182_Camera_10_f006090_r005.jpg,None,-1,NOISE,0.0,True,False,0.057079934,0.05282849,0.057080016,0.05282761,-0.17085871
159,Person_0182,Warehouse_016__Person_0182,125,125,Camera_11,21,Warehouse_016,Person,1,0.6666666666666666,6420,8970,/pfs/data6/home/st/st_us-053000/st_st191959/DL-Lab/DataSet/MTMC_Tracking_2025_Preprocessed/val/Warehouse_016/crops/Person_0182/Camera_11/Person_0182_Camera_11_f006420_r003.jpg,None,-1,NOISE,0.0,True,False,-0.10731118,0.08964634,-0.10731108,0.08964278,-0.2072218
697,Person_0350,Warehouse_016__Person_0350,126,126,Camera,0,Warehouse_016,Person,1,0.6599713055954088,0,8970,/pfs/data6/home/st/st_us-053000/st_st191959/DL-Lab/DataSet/MTMC_Tracking_2025_Preprocessed/val/Warehouse_016/crops/Person_0350/Camera/Person_0350_Camera_f000000_r006.jpg,None,-1,NOISE,0.0,True,False,-0.37643522,-0.031047737,-0.37643516,-0.031049564,-0.16546313
625,Person_0350,Warehouse_016__Person_0350,126,126,Camera_01,11,Warehouse_016,Person,1,0.6624,210,8970,/pfs/data6/home/st/st_us-053000/st_st191959/DL-Lab/DataSet/MTMC_Tracking_2025_Preprocessed/val/Warehouse_016/crops/Person_0350/Camera_01/Person_0350_Camera_01_f000210_r008.jpg,None,-1,NOISE,0.0,True,False,-0.3360097,-0.08218272,-0.3360098,-0.08218406,-0.1196254
521,Person_0350,Warehouse_016__Person_0350,126,126,Camera_02,12,Warehouse_016,Person,1,0.6641074856046065,2040,8970,/pfs/data6/home/st/st_us-053000/st_st191959/DL-Lab/DataSet/MTMC_Tracking_2025_Preprocessed/val/Warehouse_016/crops/Person_0350/Camera_02/Person_0350_Camera_02_f002040_r005.jpg,None,-1,NOISE,0.0,True,False,-0.32937875,-0.08688727,-0.32937875,-0.08688861,-0.12434022
608,Person_0350,Warehouse_016__Person_0350,126,126,Camera_03,13,Warehouse_016,Person,1,0.6546052631578947,0,8970,/pfs/data6/home/st/st_us-053000/st_st191959/DL-Lab/DataSet/MTMC_Tracking_2025_Preprocessed/val/Warehouse_016/crops/Person_0350/Camera_03/Person_0350_Camera_03_f000000_r006.jpg,None,-1,NOISE,0.0,True,False,-0.04288664,0.02746002,-0.042886615,0.027458405,-0.100776754
273,Person_0350,Warehouse_016__Person_0350,126,126,Camera_04,14,Warehouse_016,Person,1,0.6666666666666666,6270,8970,/pfs/data6/home/st/st_us-053000/st_st191959/DL-Lab/DataSet/MTMC_Tracking_2025_Preprocessed/val/Warehouse_016/crops/Person_0350/Camera_04/Person_0350_Camera_04_f006270_r004.jpg,None,-1,NOISE,0.0,True,False,-0.17015055,-0.13819651,-0.1701505,-0.13819616,-0.087523356
249,Person_0350,Warehouse_016__Person_0350,126,126,Camera_05,15,Warehouse_016,Person,1,0.6666666666666666,0,4860,/pfs/data6/home/st/st_us-053000/st_st191959/DL-Lab/DataSet/MTMC_Tracking_2025_Preprocessed/val/Warehouse_016/crops/Person_0350/Camera_05/Person_0350_Camera_05_f000000_r004.jpg,None,-1,NOISE,0.0,True,False,-0.14246878,-0.17337853,-0.14246875,-0.17337981,-0.03943443
99,Person_0350,Warehouse_016__Person_0350,126,126,Camera_06,16,Warehouse_016,Person,1,0.6666666666666666,7140,8670,/pfs/data6/home/st/st_us-053000/st_st191959/DL-Lab/DataSet/MTMC_Tracking_2025_Preprocessed/val/Warehouse_016/crops/Person_0350/Camera_06/Person_0350_Camera_06_f007140_r001.jpg,None,-1,NOISE,0.0,True,False,-0.32065746,0.06330655,-0.32065752,0.06330426,-0.015283685
618,Person_0350,Warehouse_016__Person_0350,126,126,Camera_07,17,Warehouse_016,Person,1,0.627831715210356,0,7080,/pfs/data6/home/st/st_us-053000/st_st191959/DL-Lab/DataSet/MTMC_Tracking_2025_Preprocessed/val/Warehouse_016/crops/Person_0350/Camera_07/Person_0350_Camera_07_f000000_r006.jpg,None,-1,NOISE,0.0,True,False,-0.01868318,-0.036750123,-0.018683163,-0.036751125,-0.017412473
61,Person_0350,Warehouse_016__Person_0350,126,126,Camera_08,18,Warehouse_016,Person,1,0.6557377049180327,690,4140,/pfs/data6/home/st/st_us-053000/st_st191959/DL-Lab/DataSet/MTMC_Tracking_2025_Preprocessed/val/Warehouse_016/crops/Person_0350/Camera_08/Person_0350_Camera_08_f000690_r002.jpg,None,-1,NOISE,0.0,True,False,-0.14344846,-0.028573228,-0.14344844,-0.028576244,0.11064581
135,Person_0350,Warehouse_016__Person_0350,126,126,Camera_09,19,Warehouse_016,Person,1,0.6222222222222222,0,4830,/pfs/data6/home/st/st_us-053000/st_st191959/DL-Lab/DataSet/MTMC_Tracking_2025_Preprocessed/val/Warehouse_016/crops/Person_0350/Camera_09/Person_0350_Camera_09_f000000_r006.jpg,None,-1,NOISE,0.0,True,False,-0.0037052387,0.01267455,-0.0037052655,0.012672696,0.16605033
625,Person_0350,Warehouse_016__Person_0350,126,126,Camera_10,20,Warehouse_016,Person,1,0.6656,0,6240,/pfs/data6/home/st/st_us-053000/st_st191959/DL-Lab/DataSet/MTMC_Tracking_2025_Preprocessed/val/Warehouse_016/crops/Person_0350/Camera_10/Person_0350_Camera_10_f000000_r005.jpg,None,-1,NOISE,0.0,True,False,-0.16550733,-0.20870143,-0.16550732,-0.20870182,-0.13590302
529,Person_0350,Warehouse_016__Person_0350,126,126,Camera_11,21,Warehouse_016,Person,1,0.6616257088846881,0,6210,/pfs/data6/home/st/st_us-053000/st_st191959/DL-Lab/DataSet/MTMC_Tracking_2025_Preprocessed/val/Warehouse_016/crops/Person_0350/Camera_11/Person_0350_Camera_11_f000000_r003.jpg,None,-1,NOISE,0.0,True,False,-0.12219992,-0.17445663,-0.1221999,-0.17445673,-0.043886002
802,Person_0351,Warehouse_016__Person_0351,127,127,Camera,0,Warehouse_016,Person,1,0.6633416458852868,240,8970,/pfs/data6/home/st/st_us-053000/st_st191959/DL-Lab/DataSet/MTMC_Tracking_2025_Preprocessed/val/Warehouse_016/crops/Person_0351/Camera/Person_0351_Camera_f000240_r006.jpg,None,-1,NOISE,0.0,True,False,-0.29587942,-0.0013851653,-0.29587942,-0.001387355,0.015160252
523,Person_0351,Warehouse_016__Person_0351,127,127,Camera_01,11,Warehouse_016,Person,1,0.6577437858508605,240,8970,/pfs/data6/home/st/st_us-053000/st_st191959/DL-Lab/DataSet/MTMC_Tracking_2025_Preprocessed/val/Warehouse_016/crops/Person_0351/Camera_01/Person_0351_Camera_01_f000240_r008.jpg,None,-1,NOISE,0.0,True,False,-0.41959277,-0.040074848,-0.41959286,-0.04007565,0.011922329
418,Person_0351,Warehouse_016__Person_0351,127,127,Camera_02,12,Warehouse_016,Person,1,0.6650717703349283,660,8970,/pfs/data6/home/st/st_us-053000/st_st191959/DL-Lab/DataSet/MTMC_Tracking_2025_Preprocessed/val/Warehouse_016/crops/Person_0351/Camera_02/Person_0351_Camera_02_f000660_r005.jpg,None,-1,NOISE,0.0,True,False,-0.36822134,0.20947772,-0.36822173,0.20947818,-0.0068711606
526,Person_0351,Warehouse_016__Person_0351,127,127,Camera_03,13,Warehouse_016,Person,1,0.6387832699619772,180,8970,/pfs/data6/home/st/st_us-053000/st_st191959/DL-Lab/DataSet/MTMC_Tracking_2025_Preprocessed/val/Warehouse_016/crops/Person_0351/Camera_03/Person_0351_Camera_03_f000180_r006.jpg,None,-1,NOISE,0.0,True,False,-0.25454035,-0.043387454,-0.25454035,-0.043388065,-0.03831558
70,Person_0351,Warehouse_016__Person_0351,127,127,Camera_05,15,Warehouse_016,Person,1,0.6571428571428571,0,1140,/pfs/data6/home/st/st_us-053000/st_st191959/DL-Lab/DataSet/MTMC_Tracking_2025_Preprocessed/val/Warehouse_016/crops/Person_0351/Camera_05/Person_0351_Camera_05_f000000_r003.jpg,None,-1,NOISE,0.0,True,False,-0.16528563,-0.12482786,-0.16528569,-0.12482867,0.073959574
754,Person_0351,Warehouse_016__Person_0351,127,127,Camera_07,17,Warehouse_016,Person,1,0.6180371352785146,180,8970,/pfs/data6/home/st/st_us-053000/st_st191959/DL-Lab/DataSet/MTMC_Tracking_2025_Preprocessed/val/Warehouse_016/crops/Person_0351/Camera_07/Person_0351_Camera_07_f000180_r007.jpg,None,-1,NOISE,0.0,True,False,-0.06325138,-0.05975244,-0.06325147,-0.059752993,0.2091558
24,Person_0351,Warehouse_016__Person_0351,127,127,Camera_08,18,Warehouse_016,Person,1,0.6666666666666666,0,210,/pfs/data6/home/st/st_us-053000/st_st191959/DL-Lab/DataSet/MTMC_Tracking_2025_Preprocessed/val/Warehouse_016/crops/Person_0351/Camera_08/Person_0351_Camera_08_f000000_r002.jpg,None,-1,NOISE,0.0,True,False,-0.123420775,-0.061393835,-0.123420835,-0.061395455,0.23225544
31,Person_0351,Warehouse_016__Person_0351,127,127,Camera_09,19,Warehouse_016,Person,1,0.6451612903225806,0,300,/pfs/data6/home/st/st_us-053000/st_st191959/DL-Lab/DataSet/MTMC_Tracking_2025_Preprocessed/val/Warehouse_016/crops/Person_0351/Camera_09/Person_0351_Camera_09_f000000_r005.jpg,None,-1,NOISE,0.0,True,False,-0.20422259,-0.08668367,-0.20422266,-0.086686544,0.26832777
734,Person_0351,Warehouse_016__Person_0351,127,127,Camera_10,20,Warehouse_016,Person,1,0.662125340599455,0,8550,/pfs/data6/home/st/st_us-053000/st_st191959/DL-Lab/DataSet/MTMC_Tracking_2025_Preprocessed/val/Warehouse_016/crops/Person_0351/Camera_10/Person_0351_Camera_10_f000000_r004.jpg,None,-1,NOISE,0.0,True,False,-0.1224188,-0.18642847,-0.12241868,-0.18643017,0.11830454
708,Person_0351,Warehouse_016__Person_0351,127,127,Camera_11,21,Warehouse_016,Person,1,0.6638418079096046,0,8370,/pfs/data6/home/st/st_us-053000/st_st191959/DL-Lab/DataSet/MTMC_Tracking_2025_Preprocessed/val/Warehouse_016/crops/Person_0351/Camera_11/Person_0351_Camera_11_f000000_r002.jpg,None,-1,NOISE,0.0,True,False,-0.19887196,-0.14878866,-0.19887196,-0.14879026,0.18080895
532,Person_0625,Warehouse_016__Person_0625,128,128,Camera,0,Warehouse_016,Person,1,0.6578947368421053,0,6090,/pfs/data6/home/st/st_us-053000/st_st191959/DL-Lab/DataSet/MTMC_Tracking_2025_Preprocessed/val/Warehouse_016/crops/Person_0625/Camera/Person_0625_Camera_f000000_r004.jpg,None,-1,NOISE,0.0,True,False,-0.19382793,0.19189079,-0.19382796,0.19188957,0.033254176
507,Person_0625,Warehouse_016__Person_0625,128,128,Camera_01,11,Warehouse_016,Person,1,0.6469428007889546,240,8850,/pfs/data6/home/st/st_us-053000/st_st191959/DL-Lab/DataSet/MTMC_Tracking_2025_Preprocessed/val/Warehouse_016/crops/Person_0625/Camera_01/Person_0625_Camera_01_f000240_r005.jpg,None,-1,NOISE,0.0,True,False,-0.37796542,0.22704048,-0.37796572,0.22704172,0.06169557
428,Person_0625,Warehouse_016__Person_0625,128,128,Camera_02,12,Warehouse_016,Person,1,0.6448598130841121,240,8520,/pfs/data6/home/st/st_us-053000/st_st191959/DL-Lab/DataSet/MTMC_Tracking_2025_Preprocessed/val/Warehouse_016/crops/Person_0625/Camera_02/Person_0625_Camera_02_f000240_r004.jpg,None,-1,NOISE,0.0,True,False,-0.39442372,0.26549676,-0.39442414,0.26549983,0.026397916
451,Person_0625,Warehouse_016__Person_0625,128,128,Camera_03,13,Warehouse_016,Person,1,0.5986696230598669,270,8970,/pfs/data6/home/st/st_us-053000/st_st191959/DL-Lab/DataSet/MTMC_Tracking_2025_Preprocessed/val/Warehouse_016/crops/Person_0625/Camera_03/Person_0625_Camera_03_f000270_r004.jpg,None,-1,NOISE,0.0,True,False,-0.164276,0.14179905,-0.1642762,0.14179957,0.06621379
349,Person_0625,Warehouse_016__Person_0625,128,128,Camera_04,14,Warehouse_016,Person,1,0.664756446991404,5340,8970,/pfs/data6/home/st/st_us-053000/st_st191959/DL-Lab/DataSet/MTMC_Tracking_2025_Preprocessed/val/Warehouse_016/crops/Person_0625/Camera_04/Person_0625_Camera_04_f005340_r002.jpg,None,-1,NOISE,0.0,True,False,-0.05503246,0.21020521,-0.05503259,0.21020547,0.10597567
127,Person_0625,Warehouse_016__Person_0625,128,128,Camera_05,15,Warehouse_016,Person,1,0.6614173228346457,4950,7680,/pfs/data6/home/st/st_us-053000/st_st191959/DL-Lab/DataSet/MTMC_Tracking_2025_Preprocessed/val/Warehouse_016/crops/Person_0625/Camera_05/Person_0625_Camera_05_f004950_r003.jpg,None,-1,NOISE,0.0,True,False,-0.24555475,0.22258513,-0.24555503,0.222584,0.044621497
268,Person_0625,Warehouse_016__Person_0625,128,128,Camera_06,16,Warehouse_016,Person,1,0.664179104477612,6090,8970,/pfs/data6/home/st/st_us-053000/st_st191959/DL-Lab/DataSet/MTMC_Tracking_2025_Preprocessed/val/Warehouse_016/crops/Person_0625/Camera_06/Person_0625_Camera_06_f006090_r000.jpg,None,-1,NOISE,0.0,True,False,-0.1620218,0.2167715,-0.16202195,0.21677104,0.15774503
475,Person_0625,Warehouse_016__Person_0625,128,128,Camera_07,17,Warehouse_016,Person,1,0.6063157894736843,60,6030,/pfs/data6/home/st/st_us-053000/st_st191959/DL-Lab/DataSet/MTMC_Tracking_2025_Preprocessed/val/Warehouse_016/crops/Person_0625/Camera_07/Person_0625_Camera_07_f000060_r005.jpg,None,-1,NOISE,0.0,True,False,0.09857097,0.16298142,0.09857087,0.16298085,0.11762388
117,Person_0625,Warehouse_016__Person_0625,128,128,Camera_08,18,Warehouse_016,Person,1,0.6666666666666666,5280,8040,/pfs/data6/home/st/st_us-053000/st_st191959/DL-Lab/DataSet/MTMC_Tracking_2025_Preprocessed/val/Warehouse_016/crops/Person_0625/Camera_08/Person_0625_Camera_08_f005280_r000.jpg,None,-1,NOISE,0.0,True,False,-0.3319258,0.24079448,-0.331926,0.24079406,-0.04236373
230,Person_0625,Warehouse_016__Person_0625,128,128,Camera_09,19,Warehouse_016,Person,1,0.6434782608695652,5010,8820,/pfs/data6/home/st/st_us-053000/st_st191959/DL-Lab/DataSet/MTMC_Tracking_2025_Preprocessed/val/Warehouse_016/crops/Person_0625/Camera_09/Person_0625_Camera_09_f005010_r002.jpg,None,-1,NOISE,0.0,True,False,0.013593994,0.22334848,0.013593859,0.2233487,0.13306709
426,Person_0625,Warehouse_016__Person_0625,128,128,Camera_10,20,Warehouse_016,Person,1,0.6619718309859155,0,5790,/pfs/data6/home/st/st_us-053000/st_st191959/DL-Lab/DataSet/MTMC_Tracking_2025_Preprocessed/val/Warehouse_016/crops/Person_0625/Camera_10/Person_0625_Camera_10_f000000_r003.jpg,None,-1,NOISE,0.0,True,False,-0.14172702,0.15075287,-0.14172715,0.15075247,0.06030974
526,Person_0625,Warehouse_016__Person_0625,128,128,Camera_11,21,Warehouse_016,Person,1,0.6653992395437263,0,5280,/pfs/data6/home/st/st_us-053000/st_st191959/DL-Lab/DataSet/MTMC_Tracking_2025_Preprocessed/val/Warehouse_016/crops/Person_0625/Camera_11/Person_0625_Camera_11_f000000_r001.jpg,None,-1,NOISE,0.0,True,False,-0.1270146,0.14567941,-0.12701474,0.14567803,0.14059947
883,Person_0699,Warehouse_016__Person_0699,129,129,Camera,0,Warehouse_016,Person,1,0.665911664779162,0,8970,/pfs/data6/home/st/st_us-053000/st_st191959/DL-Lab/DataSet/MTMC_Tracking_2025_Preprocessed/val/Warehouse_016/crops/Person_0699/Camera/Person_0699_Camera_f000000_r005.jpg,None,-1,NOISE,0.0,True,False,-0.38622895,-0.07124766,-0.3862288,-0.07125089,0.17729305
711,Person_0699,Warehouse_016__Person_0699,129,129,Camera_01,11,Warehouse_016,Person,1,0.6638537271448663,0,8970,/pfs/data6/home/st/st_us-053000/st_st191959/DL-Lab/DataSet/MTMC_Tracking_2025_Preprocessed/val/Warehouse_016/crops/Person_0699/Camera_01/Person_0699_Camera_01_f000000_r006.jpg,None,-1,NOISE,0.0,True,False,-0.37965992,-0.09319168,-0.37965965,-0.09319428,0.20651847
624,Person_0699,Warehouse_016__Person_0699,129,129,Camera_02,12,Warehouse_016,Person,1,0.657051282051282,0,8970,/pfs/data6/home/st/st_us-053000/st_st191959/DL-Lab/DataSet/MTMC_Tracking_2025_Preprocessed/val/Warehouse_016/crops/Person_0699/Camera_02/Person_0699_Camera_02_f000000_r005.jpg,None,-1,NOISE,0.0,True,False,-0.40488732,-0.0066404506,-0.4048874,-0.0066411616,0.22959656
678,Person_0699,Warehouse_016__Person_0699,129,129,Camera_03,13,Warehouse_016,Person,1,0.6578171091445427,0,8970,/pfs/data6/home/st/st_us-053000/st_st191959/DL-Lab/DataSet/MTMC_Tracking_2025_Preprocessed/val/Warehouse_016/crops/Person_0699/Camera_03/Person_0699_Camera_03_f000000_r004.jpg,None,-1,NOISE,0.0,True,False,-0.24916622,-0.09524705,-0.24916624,-0.09524936,0.226189
239,Person_0699,Warehouse_016__Person_0699,129,129,Camera_04,14,Warehouse_016,Person,1,0.6276150627615062,0,8310,/pfs/data6/home/st/st_us-053000/st_st191959/DL-Lab/DataSet/MTMC_Tracking_2025_Preprocessed/val/Warehouse_016/crops/Person_0699/Camera_04/Person_0699_Camera_04_f000000_r005.jpg,None,-1,NOISE,0.0,True,False,-0.3276272,-0.12867764,-0.32762706,-0.12868069,0.24603455
233,Person_0699,Warehouse_016__Person_0699,129,129,Camera_05,15,Warehouse_016,Person,1,0.6609442060085837,4770,8970,/pfs/data6/home/st/st_us-053000/st_st191959/DL-Lab/DataSet/MTMC_Tracking_2025_Preprocessed/val/Warehouse_016/crops/Person_0699/Camera_05/Person_0699_Camera_05_f004770_r002.jpg,None,-1,NOISE,0.0,True,False,-0.33273557,-0.17749465,-0.33273542,-0.17749807,0.21422952
870,Person_0699,Warehouse_016__Person_0699,129,129,Camera_07,17,Warehouse_016,Person,1,0.6666666666666666,90,8970,/pfs/data6/home/st/st_us-053000/st_st191959/DL-Lab/DataSet/MTMC_Tracking_2025_Preprocessed/val/Warehouse_016/crops/Person_0699/Camera_07/Person_0699_Camera_07_f000090_r006.jpg,None,-1,NOISE,0.0,True,False,-0.20753798,-0.15276654,-0.20753784,-0.1527696,0.2231652
15,Person_0699,Warehouse_016__Person_0699,129,129,Camera_08,18,Warehouse_016,Person,1,0.6666666666666666,5490,5610,/pfs/data6/home/st/st_us-053000/st_st191959/DL-Lab/DataSet/MTMC_Tracking_2025_Preprocessed/val/Warehouse_016/crops/Person_0699/Camera_08/Person_0699_Camera_08_f005490_r002.jpg,None,-1,NOISE,0.0,True,False,0.10616303,0.09303816,0.106163025,0.09303685,0.17229655
154,Person_0699,Warehouse_016__Person_0699,129,129,Camera_09,19,Warehouse_016,Person,1,0.5454545454545454,4860,8970,/pfs/data6/home/st/st_us-053000/st_st191959/DL-Lab/DataSet/MTMC_Tracking_2025_Preprocessed/val/Warehouse_016/crops/Person_0699/Camera_09/Person_0699_Camera_09_f004860_r002.jpg,None,-1,NOISE,0.0,True,False,-0.0049623963,0.15045999,-0.0049624615,0.15045854,0.22568582
561,Person_0699,Warehouse_016__Person_0699,129,129,Camera_10,20,Warehouse_016,Person,1,0.6666666666666666,480,8970,/pfs/data6/home/st/st_us-053000/st_st191959/DL-Lab/DataSet/MTMC_Tracking_2025_Preprocessed/val/Warehouse_016/crops/Person_0699/Camera_10/Person_0699_Camera_10_f000480_r005.jpg,None,-1,NOISE,0.0,True,False,-0.30634066,-0.16272993,-0.30634052,-0.16273355,0.18014182
492,Person_0699,Warehouse_016__Person_0699,129,129,Camera_11,21,Warehouse_016,Person,1,0.6666666666666666,510,5610,/pfs/data6/home/st/st_us-053000/st_st191959/DL-Lab/DataSet/MTMC_Tracking_2025_Preprocessed/val/Warehouse_016/crops/Person_0699/Camera_11/Person_0699_Camera_11_f000510_r003.jpg,None,-1,NOISE,0.0,True,False,-0.31123453,-0.21002288,-0.3112344,-0.21002632,0.24308722
900,Transporter_0349,Warehouse_016__Transporter_0349,130,130,Camera,0,Warehouse_016,Transporter,1,0.6666666666666666,0,8970,/pfs/data6/home/st/st_us-053000/st_st191959/DL-Lab/DataSet/MTMC_Tracking_2025_Preprocessed/val/Warehouse_016/crops/Transporter_0349/Camera/Transporter_0349_Camera_f000000_r003.jpg,None,-1,NOISE,0.0,True,False,-0.37102452,0.21841478,-0.37102467,0.2184184,0.30895182
900,Transporter_0349,Warehouse_016__Transporter_0349,130,130,Camera_01,11,Warehouse_016,Transporter,1,0.6666666666666666,0,8970,/pfs/data6/home/st/st_us-053000/st_st191959/DL-Lab/DataSet/MTMC_Tracking_2025_Preprocessed/val/Warehouse_016/crops/Transporter_0349/Camera_01/Transporter_0349_Camera_01_f000000_r004.jpg,None,-1,NOISE,0.0,True,False,-0.41416022,0.14379132,-0.41416043,0.14379431,0.27088684
900,Transporter_0349,Warehouse_016__Transporter_0349,130,130,Camera_02,12,Warehouse_016,Transporter,1,0.6666666666666666,0,8970,/pfs/data6/home/st/st_us-053000/st_st191959/DL-Lab/DataSet/MTMC_Tracking_2025_Preprocessed/val/Warehouse_016/crops/Transporter_0349/Camera_02/Transporter_0349_Camera_02_f000000_r003.jpg,None,-1,NOISE,0.0,True,False,-0.27147272,0.21688856,-0.2714729,0.21689193,0.099592276
900,Transporter_0349,Warehouse_016__Transporter_0349,130,130,Camera_03,13,Warehouse_016,Transporter,1,0.6666666666666666,0,8970,/pfs/data6/home/st/st_us-053000/st_st191959/DL-Lab/DataSet/MTMC_Tracking_2025_Preprocessed/val/Warehouse_016/crops/Transporter_0349/Camera_03/Transporter_0349_Camera_03_f000000_r003.jpg,None,-1,NOISE,0.0,True,False,-0.38580167,0.17936115,-0.38580185,0.17936558,0.21028015
900,Transporter_0349,Warehouse_016__Transporter_0349,130,130,Camera_04,14,Warehouse_016,Transporter,1,0.6666666666666666,0,8970,/pfs/data6/home/st/st_us-053000/st_st191959/DL-Lab/DataSet/MTMC_Tracking_2025_Preprocessed/val/Warehouse_016/crops/Transporter_0349/Camera_04/Transporter_0349_Camera_04_f000000_r003.jpg,None,-1,NOISE,0.0,True,False,-0.47272283,0.219588,-0.4727233,0.21959282,0.27246267
900,Transporter_0349,Warehouse_016__Transporter_0349,130,130,Camera_05,15,Warehouse_016,Transporter,1,0.6666666666666666,0,8970,/pfs/data6/home/st/st_us-053000/st_st191959/DL-Lab/DataSet/MTMC_Tracking_2025_Preprocessed/val/Warehouse_016/crops/Transporter_0349/Camera_05/Transporter_0349_Camera_05_f000000_r002.jpg,None,-1,NOISE,0.0,True,False,-0.33619526,0.2168215,-0.33619547,0.21682313,0.20366852
900,Transporter_0349,Warehouse_016__Transporter_0349,130,130,Camera_09,19,Warehouse_016,Transporter,1,0.6666666666666666,0,8970,/pfs/data6/home/st/st_us-053000/st_st191959/DL-Lab/DataSet/MTMC_Tracking_2025_Preprocessed/val/Warehouse_016/crops/Transporter_0349/Camera_09/Transporter_0349_Camera_09_f000000_r003.jpg,None,-1,NOISE,0.0,True,False,-0.3146428,0.1389901,-0.31464306,0.13899086,0.16179395
